-- MySQL dump 10.13  Distrib 8.0.32, for Linux (x86_64)
--
-- Host: localhost    Database: dev.aposio.ru
-- ------------------------------------------------------
-- Server version	8.0.32-0ubuntu0.20.04.2

/*!40101 SET @OLD_CHARACTER_SET_CLIENT=@@CHARACTER_SET_CLIENT */;
/*!40101 SET @OLD_CHARACTER_SET_RESULTS=@@CHARACTER_SET_RESULTS */;
/*!40101 SET @OLD_COLLATION_CONNECTION=@@COLLATION_CONNECTION */;
/*!50503 SET NAMES utf8mb4 */;
/*!40103 SET @OLD_TIME_ZONE=@@TIME_ZONE */;
/*!40103 SET TIME_ZONE='+00:00' */;
/*!40014 SET @OLD_UNIQUE_CHECKS=@@UNIQUE_CHECKS, UNIQUE_CHECKS=0 */;
/*!40014 SET @OLD_FOREIGN_KEY_CHECKS=@@FOREIGN_KEY_CHECKS, FOREIGN_KEY_CHECKS=0 */;
/*!40101 SET @OLD_SQL_MODE=@@SQL_MODE, SQL_MODE='NO_AUTO_VALUE_ON_ZERO' */;
/*!40111 SET @OLD_SQL_NOTES=@@SQL_NOTES, SQL_NOTES=0 */;

--
-- Table structure for table `cms3_apiship_orders`
--

DROP TABLE IF EXISTS `cms3_apiship_orders`;
/*!40101 SET @saved_cs_client     = @@character_set_client */;
/*!50503 SET character_set_client = utf8mb4 */;
CREATE TABLE `cms3_apiship_orders` (
  `id` int unsigned NOT NULL AUTO_INCREMENT,
  `number` int unsigned NOT NULL,
  `umi_order_ref_number` int unsigned NOT NULL,
  `provider_order_ref_number` varchar(255) DEFAULT NULL,
  `status` enum('pending','delivered','delivering','deliveryCanceled','lost','notApplicable','onPointIn','onPointOut','onWay','partialReturn','problem','readyForRecipient','returned','returnedFromDelivery','returning','returnReady','unknown','uploaded','uploading','uploadingError') NOT NULL,
  PRIMARY KEY (`id`),
  KEY `number` (`number`),
  KEY `umi_order_ref_number` (`umi_order_ref_number`),
  KEY `provider_order_ref_number` (`provider_order_ref_number`),
  KEY `status` (`status`)
) ENGINE=InnoDB DEFAULT CHARSET=utf8mb3;
/*!40101 SET character_set_client = @saved_cs_client */;

--
-- Dumping data for table `cms3_apiship_orders`
--

LOCK TABLES `cms3_apiship_orders` WRITE;
/*!40000 ALTER TABLE `cms3_apiship_orders` DISABLE KEYS */;
/*!40000 ALTER TABLE `cms3_apiship_orders` ENABLE KEYS */;
UNLOCK TABLES;

--
-- Table structure for table `cms3_appointment_employee_schedule`
--

DROP TABLE IF EXISTS `cms3_appointment_employee_schedule`;
/*!40101 SET @saved_cs_client     = @@character_set_client */;
/*!50503 SET character_set_client = utf8mb4 */;
CREATE TABLE `cms3_appointment_employee_schedule` (
  `id` int NOT NULL AUTO_INCREMENT,
  `employee_id` int NOT NULL,
  `day` enum('0','1','2','3','4','5','6') NOT NULL,
  `time_start` time NOT NULL,
  `time_end` time NOT NULL,
  PRIMARY KEY (`id`),
  KEY `employee_id` (`employee_id`),
  CONSTRAINT `employee schedule to employees` FOREIGN KEY (`employee_id`) REFERENCES `cms3_appointment_employees` (`id`) ON DELETE CASCADE
) ENGINE=InnoDB AUTO_INCREMENT=11 DEFAULT CHARSET=utf8mb3;
/*!40101 SET character_set_client = @saved_cs_client */;

--
-- Dumping data for table `cms3_appointment_employee_schedule`
--

LOCK TABLES `cms3_appointment_employee_schedule` WRITE;
/*!40000 ALTER TABLE `cms3_appointment_employee_schedule` DISABLE KEYS */;
INSERT INTO `cms3_appointment_employee_schedule` VALUES (6,1,'0','09:00:00','18:00:00'),(7,1,'1','09:00:00','18:00:00'),(8,1,'2','09:00:00','18:00:00'),(9,1,'3','09:00:00','18:00:00'),(10,1,'4','09:00:00','18:00:00');
/*!40000 ALTER TABLE `cms3_appointment_employee_schedule` ENABLE KEYS */;
UNLOCK TABLES;

--
-- Table structure for table `cms3_appointment_employees`
--

DROP TABLE IF EXISTS `cms3_appointment_employees`;
/*!40101 SET @saved_cs_client     = @@character_set_client */;
/*!50503 SET character_set_client = utf8mb4 */;
CREATE TABLE `cms3_appointment_employees` (
  `id` int NOT NULL AUTO_INCREMENT,
  `name` varchar(255) NOT NULL,
  `photo` varchar(500) NOT NULL,
  `description` mediumtext NOT NULL,
  PRIMARY KEY (`id`)
) ENGINE=InnoDB AUTO_INCREMENT=2 DEFAULT CHARSET=utf8mb3;
/*!40101 SET character_set_client = @saved_cs_client */;

--
-- Dumping data for table `cms3_appointment_employees`
--

LOCK TABLES `cms3_appointment_employees` WRITE;
/*!40000 ALTER TABLE `cms3_appointment_employees` DISABLE KEYS */;
INSERT INTO `cms3_appointment_employees` VALUES (1,'Василий Зайцев','/images/cms/data/employee.jpg','Ремонтник со стажем.');
/*!40000 ALTER TABLE `cms3_appointment_employees` ENABLE KEYS */;
UNLOCK TABLES;

--
-- Table structure for table `cms3_appointment_employees_services`
--

DROP TABLE IF EXISTS `cms3_appointment_employees_services`;
/*!40101 SET @saved_cs_client     = @@character_set_client */;
/*!50503 SET character_set_client = utf8mb4 */;
CREATE TABLE `cms3_appointment_employees_services` (
  `id` int NOT NULL AUTO_INCREMENT,
  `employee_id` int NOT NULL,
  `service_id` int NOT NULL,
  PRIMARY KEY (`id`),
  KEY `employee_id and service_id` (`employee_id`,`service_id`),
  KEY `employees services to services` (`service_id`),
  CONSTRAINT `employees services to employees` FOREIGN KEY (`employee_id`) REFERENCES `cms3_appointment_employees` (`id`) ON DELETE CASCADE,
  CONSTRAINT `employees services to services` FOREIGN KEY (`service_id`) REFERENCES `cms3_appointment_services` (`id`) ON DELETE CASCADE
) ENGINE=InnoDB AUTO_INCREMENT=3 DEFAULT CHARSET=utf8mb3;
/*!40101 SET character_set_client = @saved_cs_client */;

--
-- Dumping data for table `cms3_appointment_employees_services`
--

LOCK TABLES `cms3_appointment_employees_services` WRITE;
/*!40000 ALTER TABLE `cms3_appointment_employees_services` DISABLE KEYS */;
INSERT INTO `cms3_appointment_employees_services` VALUES (2,1,1);
/*!40000 ALTER TABLE `cms3_appointment_employees_services` ENABLE KEYS */;
UNLOCK TABLES;

--
-- Table structure for table `cms3_appointment_orders`
--

DROP TABLE IF EXISTS `cms3_appointment_orders`;
/*!40101 SET @saved_cs_client     = @@character_set_client */;
/*!50503 SET character_set_client = utf8mb4 */;
CREATE TABLE `cms3_appointment_orders` (
  `id` int NOT NULL AUTO_INCREMENT,
  `service_id` int unsigned NOT NULL,
  `employee_id` int unsigned DEFAULT NULL,
  `create_date` int unsigned NOT NULL,
  `date` int unsigned NOT NULL,
  `time` time NOT NULL,
  `phone` varchar(255) DEFAULT NULL,
  `email` varchar(255) DEFAULT NULL,
  `name` varchar(255) DEFAULT NULL,
  `comment` mediumtext,
  `status_id` enum('1','2','3') NOT NULL,
  PRIMARY KEY (`id`),
  KEY `create_date` (`create_date`)
) ENGINE=InnoDB AUTO_INCREMENT=2 DEFAULT CHARSET=utf8mb3;
/*!40101 SET character_set_client = @saved_cs_client */;

--
-- Dumping data for table `cms3_appointment_orders`
--

LOCK TABLES `cms3_appointment_orders` WRITE;
/*!40000 ALTER TABLE `cms3_appointment_orders` DISABLE KEYS */;
INSERT INTO `cms3_appointment_orders` VALUES (1,1,1,1458489229,1311808219,'14:00:00','+7 899 434 43 34','tester@mail.ru','Василий Пупкин','На телефон отвечаю не позже 23:00','2');
/*!40000 ALTER TABLE `cms3_appointment_orders` ENABLE KEYS */;
UNLOCK TABLES;

--
-- Table structure for table `cms3_appointment_service_groups`
--

DROP TABLE IF EXISTS `cms3_appointment_service_groups`;
/*!40101 SET @saved_cs_client     = @@character_set_client */;
/*!50503 SET character_set_client = utf8mb4 */;
CREATE TABLE `cms3_appointment_service_groups` (
  `id` int NOT NULL AUTO_INCREMENT,
  `name` varchar(255) NOT NULL,
  PRIMARY KEY (`id`)
) ENGINE=InnoDB AUTO_INCREMENT=2 DEFAULT CHARSET=utf8mb3;
/*!40101 SET character_set_client = @saved_cs_client */;

--
-- Dumping data for table `cms3_appointment_service_groups`
--

LOCK TABLES `cms3_appointment_service_groups` WRITE;
/*!40000 ALTER TABLE `cms3_appointment_service_groups` DISABLE KEYS */;
INSERT INTO `cms3_appointment_service_groups` VALUES (1,'Услуги');
/*!40000 ALTER TABLE `cms3_appointment_service_groups` ENABLE KEYS */;
UNLOCK TABLES;

--
-- Table structure for table `cms3_appointment_services`
--

DROP TABLE IF EXISTS `cms3_appointment_services`;
/*!40101 SET @saved_cs_client     = @@character_set_client */;
/*!50503 SET character_set_client = utf8mb4 */;
CREATE TABLE `cms3_appointment_services` (
  `id` int NOT NULL AUTO_INCREMENT,
  `group_id` int NOT NULL,
  `name` varchar(255) NOT NULL,
  `time` time NOT NULL,
  `price` double NOT NULL,
  PRIMARY KEY (`id`),
  KEY `services to service_groups` (`group_id`),
  CONSTRAINT `services to service_groups` FOREIGN KEY (`group_id`) REFERENCES `cms3_appointment_service_groups` (`id`) ON DELETE CASCADE
) ENGINE=InnoDB AUTO_INCREMENT=2 DEFAULT CHARSET=utf8mb3;
/*!40101 SET character_set_client = @saved_cs_client */;

--
-- Dumping data for table `cms3_appointment_services`
--

LOCK TABLES `cms3_appointment_services` WRITE;
/*!40000 ALTER TABLE `cms3_appointment_services` DISABLE KEYS */;
INSERT INTO `cms3_appointment_services` VALUES (1,1,'Починка бытовой техники','03:00:00',100.5);
/*!40000 ALTER TABLE `cms3_appointment_services` ENABLE KEYS */;
UNLOCK TABLES;

--
-- Table structure for table `cms3_cluster_nodes`
--

DROP TABLE IF EXISTS `cms3_cluster_nodes`;
/*!40101 SET @saved_cs_client     = @@character_set_client */;
/*!50503 SET character_set_client = utf8mb4 */;
CREATE TABLE `cms3_cluster_nodes` (
  `id` int NOT NULL AUTO_INCREMENT,
  `node_ip` varchar(16) NOT NULL DEFAULT '',
  PRIMARY KEY (`id`),
  KEY `node_id` (`id`),
  KEY `node_ip` (`node_ip`)
) ENGINE=InnoDB DEFAULT CHARSET=utf8mb3;
/*!40101 SET character_set_client = @saved_cs_client */;

--
-- Dumping data for table `cms3_cluster_nodes`
--

LOCK TABLES `cms3_cluster_nodes` WRITE;
/*!40000 ALTER TABLE `cms3_cluster_nodes` DISABLE KEYS */;
/*!40000 ALTER TABLE `cms3_cluster_nodes` ENABLE KEYS */;
UNLOCK TABLES;

--
-- Table structure for table `cms3_cluster_nodes_cache_keys`
--

DROP TABLE IF EXISTS `cms3_cluster_nodes_cache_keys`;
/*!40101 SET @saved_cs_client     = @@character_set_client */;
/*!50503 SET character_set_client = utf8mb4 */;
CREATE TABLE `cms3_cluster_nodes_cache_keys` (
  `node_id` int DEFAULT NULL,
  `key` varchar(255) NOT NULL DEFAULT '',
  KEY `node_id` (`node_id`),
  KEY `key` (`key`)
) ENGINE=InnoDB DEFAULT CHARSET=utf8mb3;
/*!40101 SET character_set_client = @saved_cs_client */;

--
-- Dumping data for table `cms3_cluster_nodes_cache_keys`
--

LOCK TABLES `cms3_cluster_nodes_cache_keys` WRITE;
/*!40000 ALTER TABLE `cms3_cluster_nodes_cache_keys` DISABLE KEYS */;
/*!40000 ALTER TABLE `cms3_cluster_nodes_cache_keys` ENABLE KEYS */;
UNLOCK TABLES;

--
-- Table structure for table `cms3_data_cache`
--

DROP TABLE IF EXISTS `cms3_data_cache`;
/*!40101 SET @saved_cs_client     = @@character_set_client */;
/*!50503 SET character_set_client = utf8mb4 */;
CREATE TABLE `cms3_data_cache` (
  `key` varchar(255) NOT NULL,
  `value` mediumtext NOT NULL,
  `create_time` int NOT NULL,
  `expire_time` int NOT NULL,
  `entry_time` int NOT NULL,
  `entries_number` int NOT NULL,
  PRIMARY KEY (`key`),
  KEY `Life time` (`expire_time`)
) ENGINE=MyISAM DEFAULT CHARSET=utf8mb3;
/*!40101 SET character_set_client = @saved_cs_client */;

--
-- Dumping data for table `cms3_data_cache`
--

LOCK TABLES `cms3_data_cache` WRITE;
/*!40000 ALTER TABLE `cms3_data_cache` DISABLE KEYS */;
INSERT INTO `cms3_data_cache` VALUES ('7d54254077b6be949b1fea5a88f0d06e','s:205:\"{\"_browser_name\":\"Chrome\",\"_version\":\"111.0.0.0\",\"_platform\":\"Windows\",\"_os\":\"unknown\",\"_is_aol\":false,\"_is_mobile\":false,\"_is_tablet\":false,\"_is_robot\":false,\"_is_facebook\":false,\"_aol_version\":\"unknown\"}\";',1678971688,1742130088,0,0),('last-release-revision','i:91974;',1678971691,1679230891,0,0),('last-release-info','s:183:\"<?xml version=\"1.0\" encoding=\"utf-8\"?>\n<modules>\n  <system>\n    <version>22</version>\n    <revision>91974</revision>\n    <date>2022-10-12T09:13:38+03:00</date>\n  </system>\n</modules>\n\";',1678971691,1679230891,0,0),('last-release-version','i:22;',1678971691,1679230891,0,0),('support-end-time','i:1871617260;',1678971931,1679231131,0,0);
/*!40000 ALTER TABLE `cms3_data_cache` ENABLE KEYS */;
UNLOCK TABLES;

--
-- Table structure for table `cms3_domain_mirrows`
--

DROP TABLE IF EXISTS `cms3_domain_mirrows`;
/*!40101 SET @saved_cs_client     = @@character_set_client */;
/*!50503 SET character_set_client = utf8mb4 */;
CREATE TABLE `cms3_domain_mirrows` (
  `id` int unsigned NOT NULL AUTO_INCREMENT,
  `host` varchar(64) DEFAULT NULL,
  `rel` int unsigned DEFAULT NULL,
  PRIMARY KEY (`id`),
  UNIQUE KEY `host` (`host`),
  KEY `Domain to mirrows relation_FK` (`rel`),
  CONSTRAINT `FK_Domain to mirrows relation` FOREIGN KEY (`rel`) REFERENCES `cms3_domains` (`id`) ON DELETE CASCADE ON UPDATE CASCADE
) ENGINE=InnoDB DEFAULT CHARSET=utf8mb3;
/*!40101 SET character_set_client = @saved_cs_client */;

--
-- Dumping data for table `cms3_domain_mirrows`
--

LOCK TABLES `cms3_domain_mirrows` WRITE;
/*!40000 ALTER TABLE `cms3_domain_mirrows` DISABLE KEYS */;
/*!40000 ALTER TABLE `cms3_domain_mirrows` ENABLE KEYS */;
UNLOCK TABLES;

--
-- Table structure for table `cms3_domains`
--

DROP TABLE IF EXISTS `cms3_domains`;
/*!40101 SET @saved_cs_client     = @@character_set_client */;
/*!50503 SET character_set_client = utf8mb4 */;
CREATE TABLE `cms3_domains` (
  `id` int unsigned NOT NULL AUTO_INCREMENT,
  `host` varchar(64) NOT NULL,
  `is_default` tinyint(1) DEFAULT NULL,
  `default_lang_id` int unsigned DEFAULT NULL,
  `use_ssl` tinyint(1) DEFAULT NULL,
  `favicon` mediumtext,
  PRIMARY KEY (`id`),
  UNIQUE KEY `host` (`host`),
  KEY `Domain to default language relation_FK` (`default_lang_id`),
  CONSTRAINT `FK_Domain to default language relation` FOREIGN KEY (`default_lang_id`) REFERENCES `cms3_langs` (`id`) ON DELETE SET NULL ON UPDATE CASCADE
) ENGINE=InnoDB AUTO_INCREMENT=2 DEFAULT CHARSET=utf8mb3;
/*!40101 SET character_set_client = @saved_cs_client */;

--
-- Dumping data for table `cms3_domains`
--

LOCK TABLES `cms3_domains` WRITE;
/*!40000 ALTER TABLE `cms3_domains` DISABLE KEYS */;
INSERT INTO `cms3_domains` VALUES (1,'dev.aposio.ru:18880',1,1,0,NULL);
/*!40000 ALTER TABLE `cms3_domains` ENABLE KEYS */;
UNLOCK TABLES;

--
-- Table structure for table `cms3_emarket_top`
--

DROP TABLE IF EXISTS `cms3_emarket_top`;
/*!40101 SET @saved_cs_client     = @@character_set_client */;
/*!50503 SET character_set_client = utf8mb4 */;
CREATE TABLE `cms3_emarket_top` (
  `id` int NOT NULL,
  `date` bigint NOT NULL,
  `title` varchar(255) NOT NULL,
  `amount` int NOT NULL,
  `total_price` double NOT NULL
) ENGINE=InnoDB DEFAULT CHARSET=utf8mb3;
/*!40101 SET character_set_client = @saved_cs_client */;

--
-- Dumping data for table `cms3_emarket_top`
--

LOCK TABLES `cms3_emarket_top` WRITE;
/*!40000 ALTER TABLE `cms3_emarket_top` DISABLE KEYS */;
/*!40000 ALTER TABLE `cms3_emarket_top` ENABLE KEYS */;
UNLOCK TABLES;

--
-- Table structure for table `cms3_fields_controller`
--

DROP TABLE IF EXISTS `cms3_fields_controller`;
/*!40101 SET @saved_cs_client     = @@character_set_client */;
/*!50503 SET character_set_client = utf8mb4 */;
CREATE TABLE `cms3_fields_controller` (
  `ord` int DEFAULT NULL,
  `field_id` int unsigned DEFAULT NULL,
  `group_id` int unsigned DEFAULT NULL,
  KEY `rel to field_FK` (`field_id`),
  KEY `rel to field group_FK` (`group_id`),
  KEY `ord` (`ord`),
  CONSTRAINT `FK_rel to field` FOREIGN KEY (`field_id`) REFERENCES `cms3_object_fields` (`id`) ON DELETE CASCADE ON UPDATE CASCADE,
  CONSTRAINT `FK_rel to field group` FOREIGN KEY (`group_id`) REFERENCES `cms3_object_field_groups` (`id`) ON DELETE CASCADE ON UPDATE CASCADE
) ENGINE=InnoDB DEFAULT CHARSET=utf8mb3;
/*!40101 SET character_set_client = @saved_cs_client */;

--
-- Dumping data for table `cms3_fields_controller`
--

LOCK TABLES `cms3_fields_controller` WRITE;
/*!40000 ALTER TABLE `cms3_fields_controller` DISABLE KEYS */;
INSERT INTO `cms3_fields_controller` VALUES (5,1,1),(5,2,2),(10,3,2),(15,4,2),(20,5,2),(25,6,2),(30,7,2),(5,11,4),(10,12,4),(15,13,4),(20,14,4),(5,15,5),(10,16,5),(5,17,6),(10,18,6),(15,19,6),(20,20,6),(5,21,7),(10,22,7),(5,23,8),(5,2,9),(10,3,9),(15,6,9),(20,5,9),(25,7,9),(30,24,9),(5,11,11),(10,12,11),(15,13,11),(20,14,11),(5,15,12),(10,16,12),(5,17,13),(10,18,13),(15,19,13),(20,20,13),(5,21,14),(10,22,14),(5,25,15),(10,26,15),(15,27,15),(20,28,15),(5,29,16),(5,30,17),(5,31,18),(5,31,19),(5,32,20),(5,32,21),(5,35,24),(10,36,24),(15,37,24),(20,38,24),(25,39,24),(5,41,26),(5,42,27),(10,43,27),(15,44,27),(20,45,27),(5,46,28),(10,47,28),(15,48,28),(20,49,28),(25,50,28),(5,51,29),(5,34,30),(10,52,30),(5,53,31),(10,54,31),(15,55,31),(20,56,31),(5,57,32),(5,58,33),(10,59,33),(15,60,33),(20,61,33),(5,62,34),(5,63,35),(5,64,36),(5,65,37),(5,66,38),(10,67,38),(15,68,38),(20,69,38),(25,70,38),(30,71,38),(35,72,38),(5,73,39),(5,74,40),(10,75,40),(15,76,40),(20,77,40),(25,78,40),(5,79,41),(10,80,41),(15,81,41),(20,82,41),(25,83,41),(30,84,41),(35,85,41),(40,86,41),(45,87,41),(50,88,41),(55,89,41),(60,90,41),(65,91,41),(5,92,42),(5,40,43),(10,93,43),(5,94,44),(10,95,44),(15,96,44),(5,97,45),(5,40,46),(10,93,46),(5,98,47),(10,99,47),(15,100,47),(20,49,47),(25,101,47),(5,102,48),(10,103,48),(15,104,48),(5,105,49),(10,106,49),(15,107,49),(20,108,49),(25,109,49),(30,110,49),(35,111,49),(5,112,50),(10,113,50),(15,114,50),(5,115,51),(10,116,51),(15,117,51),(20,118,51),(5,40,52),(10,93,52),(5,119,53),(10,120,53),(15,121,53),(25,123,53),(30,124,53),(35,125,53),(40,126,53),(45,127,53),(50,128,53),(55,129,53),(60,130,53),(65,131,53),(70,132,53),(75,133,53),(5,141,55),(10,142,55),(15,143,55),(20,144,55),(25,145,55),(30,146,55),(35,147,55),(40,148,55),(5,149,56),(10,150,56),(15,151,56),(20,152,56),(25,153,56),(5,154,57),(10,155,57),(15,156,57),(20,157,57),(25,158,57),(30,159,57),(35,160,57),(40,161,57),(45,162,57),(50,163,57),(55,164,57),(60,165,57),(65,166,57),(70,167,57),(75,168,57),(80,169,57),(85,170,57),(5,171,58),(10,172,58),(5,173,59),(5,174,60),(5,175,61),(10,176,61),(15,177,61),(20,178,61),(25,179,61),(30,180,61),(35,181,61),(40,182,61),(45,183,61),(50,184,61),(55,185,61),(60,186,61),(5,187,62),(10,188,62),(15,189,62),(20,190,62),(25,191,62),(30,192,62),(35,193,62),(40,194,62),(45,195,62),(50,196,62),(55,197,62),(60,198,62),(65,199,62),(5,200,63),(10,201,63),(15,202,63),(20,203,63),(5,204,65),(10,205,65),(5,206,66),(10,207,66),(5,2,67),(10,3,67),(15,6,67),(20,5,67),(25,7,67),(30,208,67),(35,4,67),(5,209,68),(10,210,68),(15,211,68),(20,212,68),(25,213,68),(5,11,70),(10,12,70),(15,13,70),(20,14,70),(5,214,71),(10,215,71),(5,216,72),(5,15,73),(10,16,73),(5,17,74),(10,18,74),(15,19,74),(20,20,74),(5,21,75),(10,22,75),(5,2,76),(10,3,76),(15,6,76),(20,5,76),(25,7,76),(30,4,76),(5,11,78),(10,12,78),(15,13,78),(20,14,78),(5,15,79),(10,16,79),(5,17,80),(10,18,80),(15,19,80),(20,20,80),(5,21,81),(10,22,81),(5,217,82),(10,218,82),(15,219,82),(20,220,82),(25,221,82),(30,222,82),(35,223,82),(40,224,82),(5,2,83),(10,3,83),(15,225,83),(20,5,83),(25,6,83),(30,7,83),(35,226,83),(5,11,85),(10,12,85),(15,13,85),(20,14,85),(5,15,86),(10,16,86),(5,227,87),(10,228,87),(15,229,87),(20,230,87),(25,231,87),(5,4,88),(10,232,88),(15,211,88),(5,15,89),(10,16,89),(5,233,90),(5,2,91),(10,3,91),(15,4,91),(20,5,91),(25,6,91),(30,7,91),(35,211,91),(5,11,93),(10,12,93),(15,13,93),(20,14,93),(5,15,94),(10,16,94),(5,17,95),(10,18,95),(15,19,95),(20,20,95),(5,21,96),(10,22,96),(5,234,97),(5,233,98),(5,2,99),(10,3,99),(15,6,99),(20,5,99),(25,7,99),(30,235,99),(35,236,99),(40,237,99),(45,238,99),(5,11,101),(10,12,101),(15,13,101),(20,14,101),(5,15,102),(10,16,102),(5,17,103),(10,18,103),(15,19,103),(20,20,103),(5,21,104),(10,22,104),(5,2,105),(10,3,105),(15,6,105),(20,5,105),(25,7,105),(30,237,105),(35,238,105),(5,11,107),(10,12,107),(15,13,107),(20,14,107),(5,211,108),(10,232,108),(15,239,108),(5,15,109),(10,16,109),(5,17,110),(10,18,110),(15,19,110),(20,20,110),(5,21,111),(10,22,111),(5,2,112),(10,3,112),(15,6,112),(20,5,112),(25,7,112),(5,11,114),(10,12,114),(15,13,114),(20,14,114),(5,240,115),(10,232,115),(5,15,116),(10,16,116),(5,17,117),(10,18,117),(15,19,117),(20,20,117),(5,21,118),(10,22,118),(5,2,119),(10,3,119),(15,6,119),(20,5,119),(25,7,119),(5,11,121),(10,12,121),(15,13,121),(20,14,121),(5,240,122),(10,211,122),(15,232,122),(5,15,123),(10,16,123),(5,17,124),(10,18,124),(15,19,124),(20,20,124),(5,21,125),(10,22,125),(5,233,126),(5,241,127),(10,242,127),(5,2,128),(10,3,128),(15,6,128),(20,5,128),(25,7,128),(5,11,130),(10,12,130),(15,13,130),(20,14,130),(5,243,131),(10,244,131),(15,211,131),(20,245,131),(25,246,131),(5,15,132),(10,16,132),(5,17,133),(10,18,133),(15,19,133),(20,20,133),(5,21,134),(10,22,134),(5,2,135),(10,3,135),(15,4,135),(20,5,135),(25,6,135),(30,7,135),(5,11,137),(10,12,137),(15,13,137),(20,14,137),(5,15,138),(10,16,138),(5,17,139),(10,18,139),(15,19,139),(20,20,139),(5,21,140),(10,22,140),(5,247,141),(5,248,142),(10,249,142),(15,250,142),(20,251,142),(5,252,143),(10,253,143),(15,254,143),(20,255,143),(5,256,144),(10,257,144),(15,258,144),(20,259,144),(25,260,144),(5,261,145),(5,262,146),(5,263,147),(10,264,147),(15,265,147),(5,2,148),(10,3,148),(15,5,148),(20,6,148),(25,7,148),(5,11,150),(10,12,150),(15,13,150),(20,14,150),(5,235,151),(10,266,151),(15,267,151),(5,15,152),(10,16,152),(5,17,153),(10,18,153),(15,19,153),(20,20,153),(5,21,154),(10,22,154),(5,2,155),(10,3,155),(15,5,155),(20,6,155),(25,7,155),(5,11,157),(10,12,157),(15,13,157),(20,14,157),(5,268,158),(10,235,158),(15,266,158),(20,267,158),(5,15,159),(10,16,159),(5,17,160),(10,18,160),(15,19,160),(20,20,160),(5,21,161),(10,22,161),(5,2,162),(10,3,162),(15,4,162),(20,5,162),(25,6,162),(30,7,162),(5,11,164),(10,12,164),(15,13,164),(20,14,164),(5,15,165),(10,16,165),(5,17,166),(10,18,166),(15,19,166),(20,20,166),(5,21,167),(10,22,167),(5,2,168),(10,3,168),(15,4,168),(20,5,168),(25,6,168),(30,7,168),(5,11,170),(10,12,170),(15,13,170),(20,14,170),(5,15,171),(10,16,171),(5,17,172),(10,18,172),(15,19,172),(20,20,172),(5,21,173),(10,22,173),(5,2,174),(10,3,174),(15,5,174),(20,6,174),(25,7,174),(30,244,174),(35,269,174),(40,232,174),(45,211,174),(5,11,176),(10,12,176),(15,13,176),(20,14,176),(5,17,177),(10,18,177),(15,19,177),(20,20,177),(5,21,178),(10,22,178),(5,233,179),(5,270,180),(10,271,180),(15,272,180),(20,273,180),(25,274,180),(30,275,180),(5,276,181),(10,277,181),(5,278,182),(10,279,182),(15,280,182),(5,281,183),(10,282,183),(15,283,183),(5,284,184),(10,285,184),(15,286,184),(20,287,184),(5,288,185),(10,289,185),(15,290,185),(20,291,185),(25,292,185),(5,293,186),(10,294,186),(5,2,187),(10,3,187),(15,6,187),(20,5,187),(25,7,187),(5,11,189),(10,12,189),(15,13,189),(20,14,189),(5,235,190),(5,15,191),(10,16,191),(5,17,192),(10,18,192),(15,19,192),(20,20,192),(5,21,193),(10,22,193),(5,296,194),(10,297,194),(15,298,194),(20,299,194),(25,300,194),(5,301,195),(5,2,196),(10,3,196),(15,6,196),(20,5,196),(25,7,196),(30,302,196),(5,11,198),(10,14,198),(5,303,199),(10,304,199),(5,305,201),(10,306,201),(15,307,201),(5,15,202),(10,16,202),(5,17,203),(10,18,203),(15,19,203),(20,20,203),(5,21,204),(10,22,204),(5,47,205),(10,46,205),(15,48,205),(20,308,205),(25,309,205),(30,310,205),(35,311,205),(5,49,206),(10,50,206),(15,312,206),(5,313,207),(5,314,208),(5,315,209),(10,57,209),(5,57,210),(10,316,210),(5,62,211),(10,317,211),(5,62,212),(10,318,212),(15,319,212),(5,62,213),(10,320,213),(15,321,213),(5,62,214),(10,322,214),(15,323,214),(5,62,215),(10,324,215),(5,62,216),(10,325,216),(5,62,217),(10,326,217),(5,115,218),(10,116,218),(15,117,218),(20,118,218),(5,115,219),(10,116,219),(15,118,219),(5,327,220),(10,117,220),(5,115,221),(10,116,221),(15,118,221),(5,328,222),(5,115,223),(10,116,223),(15,118,223),(5,332,224),(10,333,224),(15,334,224),(20,335,224),(25,336,224),(30,337,224),(35,338,224),(40,339,224),(5,97,225),(5,340,226),(10,341,226),(15,342,226),(20,343,226),(25,344,226),(30,345,226),(5,97,227),(5,346,228),(10,347,228),(5,97,229),(5,97,230),(5,348,231),(10,349,231),(15,350,231),(20,351,231),(5,97,234),(5,354,235),(10,355,235),(15,356,235),(20,357,235),(25,358,235),(30,359,235),(35,360,235),(40,361,235),(45,344,235),(50,362,235),(5,97,236),(5,363,237),(10,364,237),(15,365,237),(20,366,237),(25,367,237),(30,368,237),(5,97,238),(5,369,239),(10,370,239),(15,371,239),(5,97,245),(5,351,246),(10,385,246),(15,386,246),(20,387,246),(5,388,247),(10,389,247),(15,390,247),(5,391,248),(10,392,248),(5,393,249),(10,394,249),(5,395,250),(10,396,250),(15,397,250),(20,398,250),(25,399,250),(30,400,250),(5,401,251),(10,402,251),(15,403,251),(5,404,252),(10,405,252),(15,406,252),(20,407,252),(25,408,252),(5,409,253),(10,410,253),(5,411,254),(5,391,255),(10,392,255),(5,412,256),(10,413,256),(15,414,256),(20,415,256),(5,393,257),(10,394,257),(5,395,258),(10,396,258),(15,397,258),(20,398,258),(25,399,258),(30,400,258),(5,401,259),(10,402,259),(15,403,259),(5,404,260),(10,405,260),(15,406,260),(20,407,260),(25,408,260),(5,409,261),(10,410,261),(5,411,262),(5,391,263),(10,392,263),(5,416,264),(10,413,264),(15,414,264),(20,417,264),(5,393,265),(10,394,265),(5,395,266),(10,396,266),(15,397,266),(20,398,266),(25,399,266),(30,400,266),(5,401,267),(10,402,267),(15,403,267),(5,404,268),(10,405,268),(15,406,268),(20,407,268),(25,408,268),(5,409,269),(10,410,269),(5,411,270),(5,391,271),(10,392,271),(5,418,272),(5,393,273),(10,394,273),(5,395,274),(10,396,274),(15,397,274),(20,398,274),(25,399,274),(30,400,274),(5,401,275),(10,402,275),(15,403,275),(5,404,276),(10,405,276),(15,406,276),(20,407,276),(25,408,276),(5,409,277),(10,410,277),(5,411,278),(5,419,279),(10,420,279),(5,421,280),(10,422,280),(15,423,280),(20,424,280),(25,425,280),(30,426,280),(5,427,281),(10,428,281),(15,429,281),(20,430,281),(5,431,282),(10,432,282),(15,433,282),(5,434,283),(10,435,283),(15,436,283),(5,431,285),(10,432,285),(15,433,285),(5,2,286),(10,3,286),(15,5,286),(20,6,286),(25,7,286),(30,4,286),(5,11,288),(10,12,288),(15,13,288),(20,14,288),(5,437,289),(10,438,289),(5,15,290),(10,16,290),(5,17,291),(10,18,291),(15,19,291),(20,20,291),(5,21,292),(10,22,292),(5,2,294),(10,3,294),(15,4,294),(20,5,294),(25,6,294),(30,7,294),(5,11,296),(10,12,296),(15,13,296),(20,14,296),(5,15,297),(10,16,297),(5,17,298),(10,18,298),(15,19,298),(20,20,298),(5,21,299),(10,22,299),(5,439,300),(10,440,300),(15,441,300),(20,442,300),(25,443,300),(30,444,300),(35,445,300),(40,446,300),(45,447,300),(50,448,300),(55,449,300),(40,450,38),(5,451,301),(70,452,62),(25,453,78),(15,454,199),(5,268,302),(10,455,302),(15,456,302),(20,457,302),(5,459,303),(10,460,303),(15,211,115),(5,248,373),(10,249,373),(15,250,373),(5,494,374),(10,495,374),(15,496,374),(5,497,293),(10,498,293),(5,497,376),(10,498,376),(5,499,377),(10,500,377),(15,501,377),(20,502,377),(25,503,377),(31,504,377),(30,506,377),(12,508,378),(22,511,378),(11,514,378),(5,2,379),(10,3,379),(15,6,379),(20,5,379),(25,7,379),(30,4,379),(5,11,381),(10,12,381),(15,13,381),(20,14,381),(25,453,381),(5,15,382),(10,16,382),(5,17,383),(10,18,383),(15,19,383),(20,20,383),(5,21,384),(10,22,384),(6,515,385),(12,516,385),(18,517,385),(24,518,385),(5,519,386),(5,97,387),(10,520,29),(25,384,231),(15,521,293),(15,521,376),(11,540,200),(5,2,497),(10,3,497),(15,6,497),(20,5,497),(25,7,497),(30,302,497),(5,11,499),(10,14,499),(5,303,500),(10,304,500),(15,454,500),(12,540,501),(5,305,502),(10,306,502),(15,307,502),(5,15,503),(10,16,503),(5,17,504),(10,18,504),(15,19,504),(20,20,504),(5,21,505),(10,22,505),(5,268,506),(10,455,506),(15,456,506),(20,457,506),(5,459,507),(10,460,507),(5,541,508),(10,542,508),(16,543,508),(21,544,508),(31,545,508),(32,546,508),(15,547,508),(5,2,509),(10,3,509),(15,6,509),(20,5,509),(25,7,509),(30,302,509),(5,11,511),(10,14,511),(5,303,512),(10,304,512),(15,454,512),(5,305,514),(10,306,514),(15,307,514),(5,15,515),(10,16,515),(5,17,516),(10,18,516),(15,19,516),(20,20,516),(5,21,517),(10,22,517),(5,268,518),(10,455,518),(15,456,518),(20,457,518),(5,459,519),(10,460,519),(8,548,520),(14,549,520),(19,550,520),(24,462,520),(5,2,521),(10,3,521),(15,6,521),(20,5,521),(25,7,521),(30,302,521),(5,11,523),(10,14,523),(5,303,524),(10,304,524),(15,454,524),(11,540,525),(5,305,526),(10,306,526),(15,307,526),(5,15,527),(10,16,527),(5,17,528),(10,18,528),(15,19,528),(20,20,528),(5,21,529),(10,22,529),(5,268,530),(10,455,530),(15,456,530),(20,457,530),(5,459,531),(10,460,531),(5,551,532),(10,552,532),(15,553,532),(20,554,532),(25,555,532),(5,2,533),(10,3,533),(15,6,533),(20,5,533),(25,7,533),(30,302,533),(5,11,535),(10,14,535),(5,303,536),(10,304,536),(15,454,536),(11,540,537),(5,305,538),(10,306,538),(15,307,538),(5,15,539),(10,16,539),(5,17,540),(10,18,540),(15,19,540),(20,20,540),(5,21,541),(10,22,541),(5,268,542),(10,455,542),(15,456,542),(20,457,542),(5,459,543),(10,460,543),(5,556,544),(10,557,544),(15,558,544),(20,559,544),(25,560,544),(5,561,520),(34,562,520),(39,563,520),(49,564,520),(11,565,770),(7,566,520),(60,567,520),(65,568,520),(5,2,545),(10,3,545),(15,6,545),(20,5,545),(25,7,545),(30,302,545),(5,11,547),(10,14,547),(5,303,548),(10,304,548),(15,454,548),(11,540,549),(5,305,550),(10,306,550),(15,307,550),(5,15,551),(10,16,551),(5,17,552),(10,18,552),(15,19,552),(20,20,552),(5,21,553),(10,22,553),(5,268,554),(10,455,554),(15,456,554),(20,457,554),(5,459,555),(10,460,555),(5,556,556),(10,569,556),(15,570,556),(20,571,556),(25,572,556),(30,573,556),(5,574,469),(37,574,508),(70,574,520),(30,574,532),(30,574,544),(35,574,556),(10,575,469),(42,575,508),(75,575,520),(35,575,532),(35,575,544),(40,575,556),(5,2,557),(10,3,557),(15,6,557),(20,5,557),(25,7,557),(30,302,557),(5,11,559),(10,14,559),(5,303,560),(10,304,560),(15,454,560),(11,540,561),(5,305,562),(10,306,562),(15,307,562),(5,15,563),(10,16,563),(5,17,564),(10,18,564),(15,19,564),(20,20,564),(5,21,565),(10,22,565),(5,268,566),(10,455,566),(15,456,566),(20,457,566),(5,459,567),(10,460,567),(5,574,568),(15,575,568),(16,576,568),(21,577,568),(26,578,568),(31,579,568),(36,580,568),(5,2,570),(10,3,570),(15,6,570),(20,5,570),(25,7,570),(30,302,570),(5,11,572),(10,14,572),(5,303,573),(10,304,573),(15,454,573),(5,305,575),(10,306,575),(15,307,575),(5,15,576),(10,16,576),(5,17,577),(10,18,577),(15,19,577),(20,20,577),(5,21,578),(10,22,578),(5,268,579),(10,455,579),(15,456,579),(20,457,579),(5,459,580),(10,460,580),(5,574,581),(10,575,581),(15,581,581),(21,582,581),(5,2,609),(10,3,609),(15,6,609),(20,5,609),(25,7,609),(30,302,609),(5,11,611),(10,14,611),(5,303,612),(10,304,612),(15,454,612),(11,540,613),(5,305,614),(10,306,614),(15,307,614),(5,15,615),(10,16,615),(5,17,616),(10,18,616),(15,19,616),(20,20,616),(5,21,617),(10,22,617),(5,268,618),(10,455,618),(15,456,618),(20,457,618),(5,459,619),(10,460,619),(5,574,620),(10,575,620),(15,585,620),(20,462,620),(25,586,620),(5,2,621),(10,3,621),(15,6,621),(20,5,621),(25,7,621),(30,302,621),(5,11,623),(10,14,623),(5,303,624),(10,304,624),(15,454,624),(11,540,625),(5,305,626),(10,306,626),(15,307,626),(5,15,627),(10,16,627),(5,17,628),(10,18,628),(15,19,628),(20,20,628),(5,21,629),(10,22,629),(6,268,630),(11,455,630),(16,456,630),(21,457,630),(5,459,631),(10,460,631),(6,574,632),(21,587,632),(5,588,632),(27,589,632),(28,590,632),(33,583,632),(5,2,633),(10,3,633),(15,6,633),(20,5,633),(25,7,633),(30,302,633),(5,11,635),(10,14,635),(5,303,636),(10,304,636),(15,454,636),(11,540,637),(5,305,638),(10,306,638),(15,307,638),(5,15,639),(10,16,639),(5,17,640),(10,18,640),(15,19,640),(20,20,640),(5,21,641),(10,22,641),(5,268,642),(10,455,642),(15,456,642),(20,457,642),(5,459,643),(10,460,643),(42,574,644),(16,591,644),(21,592,644),(26,593,644),(31,583,644),(36,594,644),(41,595,644),(5,596,644),(5,2,645),(10,3,645),(15,6,645),(20,5,645),(25,7,645),(30,302,645),(5,11,647),(10,14,647),(5,303,648),(10,304,648),(15,454,648),(11,540,649),(5,305,650),(10,306,650),(15,307,650),(5,15,651),(10,16,651),(5,17,652),(10,18,652),(15,19,652),(20,20,652),(5,21,653),(10,22,653),(5,268,654),(10,455,654),(15,456,654),(20,457,654),(5,459,655),(10,460,655),(5,574,656),(10,575,656),(15,597,656),(20,598,656),(25,599,656),(30,600,656),(5,2,657),(10,3,657),(15,6,657),(20,5,657),(25,7,657),(30,302,657),(5,11,659),(10,14,659),(5,303,660),(10,304,660),(15,454,660),(11,540,661),(5,305,662),(10,306,662),(15,307,662),(5,15,663),(10,16,663),(5,17,664),(10,18,664),(15,19,664),(20,20,664),(5,21,665),(10,22,665),(5,268,666),(10,455,666),(15,456,666),(20,457,666),(5,459,667),(10,460,667),(5,574,668),(10,575,668),(15,601,668),(20,602,668),(25,603,668),(30,600,668),(35,604,668),(5,2,669),(10,3,669),(15,6,669),(20,5,669),(25,7,669),(30,302,669),(5,11,671),(10,14,671),(5,303,672),(10,304,672),(15,454,672),(11,540,673),(5,305,674),(10,306,674),(15,307,674),(5,15,675),(10,16,675),(5,17,676),(10,18,676),(15,19,676),(20,20,676),(5,21,677),(10,22,677),(5,268,678),(10,455,678),(15,456,678),(20,457,678),(5,459,679),(10,460,679),(5,574,680),(10,575,680),(15,605,680),(20,594,680),(25,606,680),(30,607,680),(5,2,681),(10,3,681),(15,6,681),(20,5,681),(25,7,681),(30,302,681),(5,11,683),(10,14,683),(5,303,684),(10,304,684),(15,454,684),(11,540,685),(5,305,686),(10,306,686),(15,307,686),(5,15,687),(10,16,687),(5,17,688),(10,18,688),(15,19,688),(20,20,688),(5,21,689),(10,22,689),(5,268,690),(10,455,690),(15,456,690),(20,457,690),(5,459,691),(10,460,691),(5,574,692),(10,575,692),(15,608,692),(20,609,692),(5,2,717),(10,3,717),(15,6,717),(20,5,717),(25,7,717),(30,302,717),(5,11,719),(10,14,719),(5,303,720),(10,304,720),(15,454,720),(11,540,721),(5,305,722),(10,306,722),(15,307,722),(5,15,723),(10,16,723),(5,17,724),(10,18,724),(15,19,724),(20,20,724),(5,21,725),(10,22,725),(5,268,726),(10,455,726),(15,456,726),(20,457,726),(5,459,727),(10,460,727),(5,574,728),(10,575,728),(15,610,728),(20,611,728),(5,2,741),(10,3,741),(15,6,741),(20,5,741),(25,7,741),(30,302,741),(5,11,743),(10,14,743),(5,303,744),(10,304,744),(15,454,744),(11,540,745),(5,305,746),(10,306,746),(15,307,746),(5,15,747),(10,16,747),(5,17,748),(10,18,748),(15,19,748),(20,20,748),(5,21,749),(10,22,749),(5,268,750),(10,455,750),(15,456,750),(20,457,750),(5,459,751),(10,460,751),(5,574,752),(10,575,752),(15,612,752),(20,613,752),(25,614,752),(30,615,752),(35,616,752),(5,617,753),(10,618,753),(15,619,753),(20,620,753),(25,621,753),(30,622,753),(5,248,754),(10,249,754),(15,250,754),(20,251,754),(5,623,755),(10,624,755),(15,625,755),(70,627,41),(10,628,45),(15,629,45),(25,630,51),(30,631,51),(30,632,56),(90,633,57),(25,630,218),(30,631,218),(20,630,219),(25,631,219),(20,630,221),(25,631,221),(45,630,224),(50,631,224),(10,628,225),(15,629,225),(10,628,227),(15,629,227),(10,628,229),(15,629,229),(10,628,230),(15,629,230),(10,628,234),(15,629,234),(10,628,236),(15,629,236),(10,628,238),(15,629,238),(10,628,245),(15,629,245),(15,634,29),(20,635,29),(15,384,228),(20,636,228),(35,384,237),(5,97,759),(10,628,759),(15,629,759),(5,637,760),(10,638,760),(15,384,760),(20,636,760),(10,639,758),(15,640,758),(20,641,758),(15,642,190),(5,643,761),(10,644,761),(15,645,761),(25,646,29),(80,647,53),(75,648,62),(25,649,222),(5,650,762),(10,651,762),(15,652,762),(5,653,763),(10,654,763),(5,655,385),(11,656,385),(17,657,385),(23,658,385),(6,659,764),(29,660,764),(11,661,764),(23,662,764),(30,663,764),(28,664,764),(5,666,767),(30,667,29),(5,668,769),(10,669,769),(5,668,770),(11,669,770),(5,668,771),(11,669,771),(5,668,772),(11,669,772),(5,668,773),(10,669,773),(5,668,774),(13,669,774),(5,668,775),(10,669,775),(5,668,777),(10,669,777),(5,668,778),(14,669,778),(5,668,779),(14,669,779),(5,668,780),(13,669,780),(5,668,781),(13,669,781),(5,668,782),(10,669,782),(5,668,783),(10,669,783),(5,668,784),(10,669,784),(5,668,785),(10,669,785),(5,670,768),(10,671,768),(25,672,281),(11,673,774),(12,674,774),(10,674,778),(11,675,778),(10,674,779),(11,675,779),(12,676,779),(10,674,780),(11,675,780),(12,676,780),(10,674,781),(11,675,781),(12,676,781),(10,677,772),(10,677,771),(16,565,770),(10,678,770),(5,679,786),(10,520,786),(15,680,786),(20,681,786),(25,646,786),(5,682,787),(10,520,787),(15,680,787),(20,681,787),(25,646,787),(75,683,41),(80,684,41),(5,685,788),(35,686,51),(40,687,51),(20,688,199),(25,689,199),(35,686,218),(40,687,218),(30,686,219),(35,687,219),(30,686,221),(35,687,221),(20,686,223),(25,687,223),(19,690,778),(24,691,778),(5,43,789),(5,43,790),(27,692,378),(32,693,378),(15,694,186),(45,695,51),(45,695,218),(40,695,219),(40,695,221),(30,695,223),(85,696,53),(25,697,760),(5,698,791),(10,699,791),(26,700,224),(30,701,760),(5,702,792),(10,703,792),(5,702,793),(10,703,793),(5,704,794),(10,705,794),(15,706,794),(5,707,795),(10,708,795),(15,709,795),(20,710,795),(25,711,795),(30,712,795),(35,713,795),(40,714,795),(45,715,795),(50,716,795),(55,717,795),(60,718,795),(5,719,796),(10,720,796),(15,721,796),(20,722,796),(25,723,796),(30,724,796),(35,725,796),(40,726,796),(45,727,796),(50,728,796),(55,729,796),(60,730,796),(5,731,797),(10,732,797),(15,733,797),(20,734,797),(25,735,797),(30,736,797),(35,737,797),(40,738,797),(45,739,797),(50,740,797),(55,741,797),(60,742,797),(5,743,798),(10,744,798),(15,745,798),(20,746,798),(25,747,798),(30,748,798),(35,749,798),(40,750,798),(45,751,798),(50,752,798),(55,753,798),(60,754,798),(5,421,799),(10,422,799),(15,423,799),(20,424,799),(25,425,799),(5,755,800),(10,756,800),(15,757,800),(20,758,800),(5,759,801),(10,760,801),(15,761,801),(20,762,801),(5,763,802),(10,764,802),(15,765,802),(20,766,802),(20,688,512),(25,689,512),(20,688,500),(25,689,500),(20,688,524),(25,689,524),(20,688,536),(25,689,536),(20,688,548),(25,689,548),(20,688,560),(25,689,560),(20,688,573),(25,689,573),(20,688,612),(25,689,612),(20,688,624),(25,689,624),(20,688,636),(25,689,636),(20,688,648),(25,689,648),(20,688,660),(25,689,660),(20,688,672),(25,689,672),(20,688,684),(25,689,684),(20,688,720),(25,689,720),(20,688,744),(25,689,744),(65,767,61),(70,768,61),(55,769,224),(30,636,231),(40,636,237),(20,636,239),(25,636,246),(35,770,29),(30,771,786),(30,771,787),(25,384,239),(15,772,66),(20,773,66),(85,774,41),(5,775,804),(10,62,804),(75,776,61),(20,777,45),(20,777,225),(20,777,227),(20,777,229),(20,777,230),(20,777,234),(20,777,236),(20,777,238),(20,777,245),(20,777,759),(5,21,805),(10,22,805),(5,21,806),(10,22,806);
/*!40000 ALTER TABLE `cms3_fields_controller` ENABLE KEYS */;
UNLOCK TABLES;

--
-- Table structure for table `cms3_filter_index_52_pages_4`
--

DROP TABLE IF EXISTS `cms3_filter_index_52_pages_4`;
/*!40101 SET @saved_cs_client     = @@character_set_client */;
/*!50503 SET character_set_client = utf8mb4 */;
CREATE TABLE `cms3_filter_index_52_pages_4` (
  `id` int unsigned NOT NULL,
  `obj_id` int unsigned NOT NULL,
  `parent_id` int unsigned NOT NULL,
  `type_id` int unsigned NOT NULL,
  `lang_id` int unsigned NOT NULL,
  `domain_id` int unsigned NOT NULL,
  `price` double DEFAULT '0',
  `cvet` varchar(255) DEFAULT NULL,
  `tip_mehanizma` varchar(255) DEFAULT NULL,
  `novoe_pole` varchar(255) DEFAULT NULL,
  `material_korpusa` varchar(255) DEFAULT NULL,
  `steklo` varchar(255) DEFAULT NULL,
  `cvet_korpusa` varchar(255) DEFAULT NULL,
  `nalichie_budilnika` tinyint(1) DEFAULT '0',
  `vid` varchar(255) DEFAULT NULL,
  `naznachenie` varchar(255) DEFAULT NULL,
  `tip` varchar(255) DEFAULT NULL,
  `vozrast` varchar(255) DEFAULT NULL,
  `razmer_pitomca` varchar(255) DEFAULT NULL,
  `ves_upakovki` double DEFAULT NULL,
  `ves` double DEFAULT NULL,
  `sostav_napolnitelya` varchar(255) DEFAULT NULL,
  `obem_upakovki` double DEFAULT NULL,
  `ves_velosipeda` double DEFAULT NULL,
  `razmer_ramy_dyujmy` double DEFAULT NULL,
  `vysota` double DEFAULT NULL,
  `vmestimost` bigint DEFAULT NULL,
  `razmer` varchar(255) DEFAULT NULL,
  `sezon` varchar(255) DEFAULT NULL,
  `zastezhka` varchar(255) DEFAULT NULL,
  `proizvoditel` varchar(255) DEFAULT NULL,
  `brend` varchar(255) DEFAULT NULL,
  PRIMARY KEY (`id`),
  KEY `obj_id` (`obj_id`),
  KEY `parent_id` (`parent_id`),
  KEY `type_id` (`type_id`),
  KEY `lang_id` (`lang_id`),
  KEY `domain_id` (`domain_id`),
  KEY `price` (`price`),
  KEY `cvet` (`cvet`),
  KEY `tip_mehanizma` (`tip_mehanizma`),
  KEY `novoe_pole` (`novoe_pole`),
  KEY `material_korpusa` (`material_korpusa`),
  KEY `steklo` (`steklo`),
  KEY `cvet_korpusa` (`cvet_korpusa`),
  KEY `vid` (`vid`),
  KEY `naznachenie` (`naznachenie`),
  KEY `tip` (`tip`),
  KEY `vozrast` (`vozrast`),
  KEY `razmer_pitomca` (`razmer_pitomca`),
  KEY `ves_upakovki` (`ves_upakovki`),
  KEY `ves` (`ves`),
  KEY `sostav_napolnitelya` (`sostav_napolnitelya`),
  KEY `obem_upakovki` (`obem_upakovki`),
  KEY `ves_velosipeda` (`ves_velosipeda`),
  KEY `razmer_ramy_dyujmy` (`razmer_ramy_dyujmy`),
  KEY `vysota` (`vysota`),
  KEY `vmestimost` (`vmestimost`),
  KEY `razmer` (`razmer`),
  KEY `sezon` (`sezon`),
  KEY `zastezhka` (`zastezhka`),
  KEY `proizvoditel` (`proizvoditel`),
  KEY `brend` (`brend`)
) ENGINE=InnoDB DEFAULT CHARSET=utf8mb3;
/*!40101 SET character_set_client = @saved_cs_client */;

--
-- Dumping data for table `cms3_filter_index_52_pages_4`
--

LOCK TABLES `cms3_filter_index_52_pages_4` WRITE;
/*!40000 ALTER TABLE `cms3_filter_index_52_pages_4` DISABLE KEYS */;
INSERT INTO `cms3_filter_index_52_pages_4` VALUES (309,1823,264,177,1,1,14990,'Черный',NULL,NULL,NULL,NULL,NULL,0,'Хардтейл','Мужской','Городской',NULL,NULL,NULL,NULL,NULL,NULL,11,18,NULL,NULL,NULL,NULL,NULL,NULL,NULL),(314,1833,264,177,1,1,39900,'Зеленый',NULL,NULL,NULL,NULL,NULL,0,'Хардтейл','Мужской','Дорожный',NULL,NULL,NULL,NULL,NULL,NULL,12,19,NULL,NULL,NULL,NULL,NULL,NULL,NULL),(327,1849,264,177,1,1,13990,'Бирюзовый',NULL,NULL,NULL,NULL,NULL,0,'Хардтейл','Женский','Дорожный',NULL,NULL,NULL,NULL,NULL,NULL,13,18,NULL,NULL,NULL,NULL,NULL,NULL,NULL),(328,1852,264,177,1,1,32900,'Серый',NULL,NULL,NULL,NULL,NULL,0,'Двухподвес','Женский','Дорожный',NULL,NULL,NULL,NULL,NULL,NULL,9,21,NULL,NULL,NULL,NULL,NULL,NULL,NULL),(329,1855,264,177,1,1,69900,'Зеленый',NULL,NULL,NULL,NULL,NULL,0,'Хардтейл','Мужской','Горный',NULL,NULL,NULL,NULL,NULL,NULL,13,20,NULL,NULL,NULL,NULL,NULL,NULL,NULL),(330,1858,264,177,1,1,24900,'Черный',NULL,NULL,NULL,NULL,NULL,0,'Дорожный','Женский','Дорожный',NULL,NULL,NULL,NULL,NULL,NULL,12,21,NULL,NULL,NULL,NULL,NULL,NULL,NULL),(331,1859,264,177,1,1,17990,'Красный',NULL,NULL,NULL,NULL,NULL,0,'Двухподвес','Унисекс','Дорожный',NULL,NULL,NULL,NULL,NULL,NULL,11,20,NULL,NULL,NULL,NULL,NULL,NULL,NULL),(332,1860,268,177,1,1,9900,'Красный',NULL,NULL,NULL,NULL,NULL,0,'Хардтейл','Женский','Городской',NULL,NULL,NULL,NULL,NULL,NULL,5,9,NULL,NULL,NULL,NULL,NULL,NULL,NULL),(335,1865,334,184,1,1,1310,NULL,NULL,NULL,NULL,NULL,NULL,0,NULL,NULL,NULL,NULL,NULL,NULL,1.9,NULL,NULL,NULL,NULL,105,2,NULL,NULL,NULL,NULL,NULL),(336,1866,268,177,1,1,8900,'Красный',NULL,NULL,NULL,NULL,NULL,0,'Хардтейл','Унисекс','Городской',NULL,NULL,NULL,NULL,NULL,NULL,4,10,NULL,NULL,NULL,NULL,NULL,NULL,NULL),(337,1868,268,177,1,1,5900,'Красный',NULL,NULL,NULL,NULL,NULL,0,'Хардтейл','Унисекс','Городской',NULL,NULL,NULL,NULL,NULL,NULL,6,8,NULL,NULL,NULL,NULL,NULL,NULL,NULL),(338,1869,334,184,1,1,2390,NULL,NULL,NULL,NULL,NULL,NULL,0,NULL,NULL,NULL,NULL,NULL,NULL,3.14,NULL,NULL,NULL,NULL,86,1,NULL,NULL,NULL,NULL,NULL),(339,1871,334,184,1,1,2950,NULL,NULL,NULL,NULL,NULL,NULL,0,NULL,NULL,NULL,NULL,NULL,NULL,3.12,NULL,NULL,NULL,NULL,137,1,NULL,NULL,NULL,NULL,NULL),(340,1872,334,184,1,1,2940,NULL,NULL,NULL,NULL,NULL,NULL,0,NULL,NULL,NULL,NULL,NULL,NULL,2.9,NULL,NULL,NULL,NULL,110,2,NULL,NULL,NULL,NULL,NULL),(345,1879,343,82,1,1,29200,NULL,NULL,NULL,NULL,NULL,NULL,0,NULL,NULL,NULL,NULL,NULL,NULL,NULL,NULL,NULL,NULL,NULL,NULL,NULL,NULL,NULL,NULL,NULL,NULL),(348,1891,343,170,1,1,13900,NULL,'Китай','Jacques Lemans','Нержавеющая сталь','Минеральное','Серый',0,NULL,NULL,NULL,NULL,NULL,NULL,NULL,NULL,NULL,NULL,NULL,NULL,NULL,NULL,NULL,NULL,NULL,NULL),(349,1898,344,170,1,1,70550,NULL,'Швейцария','Epos','Нержавеющая сталь + PVD покрытие','Сапфировое','Золотой',0,NULL,NULL,NULL,NULL,NULL,NULL,NULL,NULL,NULL,NULL,NULL,NULL,NULL,NULL,NULL,NULL,NULL,NULL),(350,1901,343,170,1,1,49800,NULL,'Швейцария','Hublot','Титан','Сапфировое',NULL,0,NULL,NULL,NULL,NULL,NULL,NULL,NULL,NULL,NULL,NULL,NULL,NULL,NULL,NULL,NULL,NULL,NULL,NULL),(351,1906,343,170,1,1,14690,NULL,'Финляндия','Suunto','Нержавеющая сталь','Минеральное','Черный',0,NULL,NULL,NULL,NULL,NULL,NULL,NULL,NULL,NULL,NULL,NULL,NULL,NULL,NULL,NULL,NULL,NULL,NULL),(352,1912,343,170,1,1,8120,NULL,'США','Timex','Пластик','Пластик','Синий',0,NULL,NULL,NULL,NULL,NULL,NULL,NULL,NULL,NULL,NULL,NULL,NULL,NULL,NULL,NULL,NULL,NULL,NULL),(353,1915,344,170,1,1,34700,NULL,'США','Victorinox Swiss Army','Нержавеющая сталь + PVD покрытие','Сапфировое','Белый',1,NULL,NULL,NULL,NULL,NULL,NULL,NULL,NULL,NULL,NULL,NULL,NULL,NULL,NULL,NULL,NULL,NULL,NULL),(354,1918,344,170,1,1,22900,NULL,'Япония','Seiko','Нержавеющая сталь','Сапфировое','Белый',0,NULL,NULL,NULL,NULL,NULL,NULL,NULL,NULL,NULL,NULL,NULL,NULL,NULL,NULL,NULL,NULL,NULL,NULL),(355,1921,344,170,1,1,19900,NULL,'Швейцария','Candino','Керамика','Сапфировое','Черный',0,NULL,NULL,NULL,NULL,NULL,NULL,NULL,NULL,NULL,NULL,NULL,NULL,NULL,NULL,NULL,NULL,NULL,NULL),(356,1923,344,170,1,1,11500,NULL,'Китай','Michael Kors','Нержавеющая сталь','Минеральное','Золотой',0,NULL,NULL,NULL,NULL,NULL,NULL,NULL,NULL,NULL,NULL,NULL,NULL,NULL,NULL,NULL,NULL,NULL,NULL),(357,1924,344,170,1,1,3790,NULL,'Япония','Posio','Пластик','Пластик','Черный',1,NULL,NULL,NULL,NULL,NULL,NULL,NULL,NULL,NULL,NULL,NULL,NULL,NULL,NULL,NULL,NULL,NULL,NULL),(358,1929,283,180,1,1,154,NULL,NULL,NULL,NULL,NULL,NULL,0,NULL,NULL,NULL,NULL,NULL,NULL,3,'Древесина',4.5,NULL,NULL,NULL,NULL,NULL,NULL,NULL,NULL,NULL),(359,1933,283,180,1,1,119,NULL,NULL,NULL,NULL,NULL,NULL,0,NULL,NULL,NULL,NULL,NULL,NULL,2.31,'Древесина',4.54,NULL,NULL,NULL,NULL,NULL,NULL,NULL,NULL,NULL),(360,1935,283,180,1,1,480,NULL,NULL,NULL,NULL,NULL,NULL,0,NULL,NULL,NULL,NULL,NULL,NULL,0.96,'Хлопок',10,NULL,NULL,NULL,NULL,NULL,NULL,NULL,NULL,NULL),(361,1937,283,180,1,1,1790,NULL,NULL,NULL,NULL,NULL,NULL,0,NULL,NULL,NULL,NULL,NULL,NULL,15.87,'Глина + мин. добавки',16,NULL,NULL,NULL,NULL,NULL,NULL,NULL,NULL,NULL),(362,1938,273,82,1,1,780,NULL,NULL,NULL,NULL,NULL,NULL,0,NULL,NULL,NULL,NULL,NULL,NULL,NULL,NULL,NULL,NULL,NULL,NULL,NULL,NULL,NULL,NULL,NULL,NULL),(363,1939,273,82,1,1,410,NULL,NULL,NULL,NULL,NULL,NULL,0,NULL,NULL,NULL,NULL,NULL,NULL,NULL,NULL,NULL,NULL,NULL,NULL,NULL,NULL,NULL,NULL,NULL,NULL),(364,1940,273,82,1,1,2200,NULL,NULL,NULL,NULL,NULL,NULL,0,NULL,NULL,NULL,NULL,NULL,NULL,NULL,NULL,NULL,NULL,NULL,NULL,NULL,NULL,NULL,NULL,NULL,NULL),(366,1942,365,82,1,1,740,NULL,NULL,NULL,NULL,NULL,NULL,0,NULL,NULL,NULL,NULL,NULL,NULL,NULL,NULL,NULL,NULL,NULL,NULL,NULL,NULL,NULL,NULL,NULL,NULL),(367,1943,365,82,1,1,1200,NULL,NULL,NULL,NULL,NULL,NULL,0,NULL,NULL,NULL,NULL,NULL,NULL,NULL,NULL,NULL,NULL,NULL,NULL,NULL,NULL,NULL,NULL,NULL,NULL),(368,1944,365,82,1,1,2100,NULL,NULL,NULL,NULL,NULL,NULL,0,NULL,NULL,NULL,NULL,NULL,NULL,NULL,NULL,NULL,NULL,NULL,NULL,NULL,NULL,NULL,NULL,NULL,NULL),(369,1945,365,82,1,1,2700,NULL,NULL,NULL,NULL,NULL,NULL,0,NULL,NULL,NULL,NULL,NULL,NULL,NULL,NULL,NULL,NULL,NULL,NULL,NULL,NULL,NULL,NULL,NULL,NULL),(370,1946,365,82,1,1,3300,NULL,NULL,NULL,NULL,NULL,NULL,0,NULL,NULL,NULL,NULL,NULL,NULL,NULL,NULL,NULL,NULL,NULL,NULL,NULL,NULL,NULL,NULL,NULL,NULL),(371,1952,284,178,1,1,950,NULL,NULL,NULL,NULL,NULL,NULL,0,NULL,NULL,NULL,'Взрослые','Любой размер',1500,NULL,NULL,NULL,NULL,NULL,NULL,NULL,NULL,NULL,NULL,NULL,NULL),(372,1954,284,178,1,1,900,NULL,NULL,NULL,NULL,NULL,NULL,0,NULL,NULL,NULL,'Взрослые',NULL,3200,NULL,NULL,NULL,NULL,NULL,NULL,NULL,NULL,NULL,NULL,NULL,NULL),(373,1956,284,178,1,1,1100,NULL,NULL,NULL,NULL,NULL,NULL,0,NULL,NULL,NULL,'Взрослые',NULL,2000,NULL,NULL,NULL,NULL,NULL,NULL,NULL,NULL,NULL,NULL,NULL,NULL),(374,1959,284,178,1,1,1210,NULL,NULL,NULL,NULL,NULL,NULL,0,NULL,NULL,NULL,'Взрослые',NULL,2720,NULL,NULL,NULL,NULL,NULL,NULL,NULL,NULL,NULL,NULL,NULL,NULL),(375,1962,284,178,1,1,2280,NULL,NULL,NULL,NULL,NULL,NULL,0,NULL,NULL,NULL,'Любой',NULL,3630,NULL,NULL,NULL,NULL,NULL,NULL,NULL,NULL,NULL,NULL,NULL,NULL),(376,1965,285,178,1,1,810,NULL,NULL,NULL,NULL,NULL,NULL,0,NULL,NULL,NULL,'Взрослые',NULL,1020,NULL,NULL,NULL,NULL,NULL,NULL,NULL,NULL,NULL,NULL,NULL,NULL),(377,1967,285,178,1,1,1190,NULL,NULL,NULL,NULL,NULL,NULL,0,NULL,NULL,NULL,'Взрослые',NULL,2400,NULL,NULL,NULL,NULL,NULL,NULL,NULL,NULL,NULL,NULL,NULL,NULL),(378,1968,285,178,1,1,1320,NULL,NULL,NULL,NULL,NULL,NULL,0,NULL,NULL,NULL,'Любой',NULL,2040,NULL,NULL,NULL,NULL,NULL,NULL,NULL,NULL,NULL,NULL,NULL,NULL),(379,1972,285,178,1,1,1500,NULL,NULL,NULL,NULL,NULL,NULL,0,NULL,NULL,NULL,'Взрослые',NULL,1190,NULL,NULL,NULL,NULL,NULL,NULL,NULL,NULL,NULL,NULL,NULL,NULL),(380,1973,285,178,1,1,4100,NULL,NULL,NULL,NULL,NULL,NULL,0,NULL,NULL,NULL,'Взрослые',NULL,3840,NULL,NULL,NULL,NULL,NULL,NULL,NULL,NULL,NULL,NULL,NULL,NULL),(381,1974,287,82,1,1,1210,NULL,NULL,NULL,NULL,NULL,NULL,0,NULL,NULL,NULL,NULL,NULL,NULL,NULL,NULL,NULL,NULL,NULL,NULL,NULL,NULL,NULL,NULL,NULL,NULL),(382,1976,287,82,1,1,1750,NULL,NULL,NULL,NULL,NULL,NULL,0,NULL,NULL,NULL,NULL,NULL,NULL,NULL,NULL,NULL,NULL,NULL,NULL,NULL,NULL,NULL,NULL,NULL,NULL),(383,1977,287,82,1,1,2610,NULL,NULL,NULL,NULL,NULL,NULL,0,NULL,NULL,NULL,NULL,NULL,NULL,NULL,NULL,NULL,NULL,NULL,NULL,NULL,NULL,NULL,NULL,NULL,NULL),(384,1980,289,178,1,1,190,NULL,NULL,NULL,NULL,NULL,NULL,0,NULL,NULL,NULL,NULL,NULL,60,NULL,NULL,NULL,NULL,NULL,NULL,NULL,NULL,NULL,NULL,NULL,NULL),(385,1982,289,178,1,1,389,NULL,NULL,NULL,NULL,NULL,NULL,0,NULL,NULL,NULL,NULL,NULL,700,NULL,NULL,NULL,NULL,NULL,NULL,NULL,NULL,NULL,NULL,NULL,NULL),(394,1991,264,177,1,1,79900,'Зеленый',NULL,NULL,NULL,NULL,NULL,0,'Хардтейл','Мужской','Дорожный',NULL,NULL,NULL,NULL,NULL,NULL,12,19,NULL,NULL,NULL,NULL,NULL,NULL,NULL),(395,1992,264,177,1,1,49900,'Зеленый',NULL,NULL,NULL,NULL,NULL,0,'Хардтейл','Мужской','Горный',NULL,NULL,NULL,NULL,NULL,NULL,13,20,NULL,NULL,NULL,NULL,NULL,NULL,NULL),(396,1993,264,177,1,1,38900,'Серый',NULL,NULL,NULL,NULL,NULL,0,'Двухподвес','Женский','Дорожный',NULL,NULL,NULL,NULL,NULL,NULL,9,21,NULL,NULL,NULL,NULL,NULL,NULL,NULL),(397,1994,264,177,1,1,18990,'Красный',NULL,NULL,NULL,NULL,NULL,0,'Двухподвес','Унисекс','Дорожный',NULL,NULL,NULL,NULL,NULL,NULL,11,20,NULL,NULL,NULL,NULL,NULL,NULL,NULL),(398,1995,264,177,1,1,32900,'Зеленый',NULL,NULL,NULL,NULL,NULL,0,'Хардтейл','Мужской','Дорожный',NULL,NULL,NULL,NULL,NULL,NULL,12,19,NULL,NULL,NULL,NULL,NULL,NULL,NULL),(399,1996,264,177,1,1,19990,'Бирюзовый',NULL,NULL,NULL,NULL,NULL,0,'Хардтейл','Женский','Дорожный',NULL,NULL,NULL,NULL,NULL,NULL,13,18,NULL,NULL,NULL,NULL,NULL,NULL,NULL),(400,1997,264,177,1,1,56900,'Зеленый',NULL,NULL,NULL,NULL,NULL,0,'Хардтейл','Мужской','Горный',NULL,NULL,NULL,NULL,NULL,NULL,13,20,NULL,NULL,NULL,NULL,NULL,NULL,NULL),(401,1998,264,177,1,1,22900,'Черный',NULL,NULL,NULL,NULL,NULL,0,'Дорожный','Женский','Дорожный',NULL,NULL,NULL,NULL,NULL,NULL,12,21,NULL,NULL,NULL,NULL,NULL,NULL,NULL),(402,1999,268,177,1,1,8900,'Красный',NULL,NULL,NULL,NULL,NULL,0,'Хардтейл','Женский','Городской',NULL,NULL,NULL,NULL,NULL,NULL,5,9,NULL,NULL,NULL,NULL,NULL,NULL,NULL),(403,2000,268,177,1,1,11900,'Красный',NULL,NULL,NULL,NULL,NULL,0,'Хардтейл','Унисекс','Городской',NULL,NULL,NULL,NULL,NULL,NULL,4,10,NULL,NULL,NULL,NULL,NULL,NULL,NULL),(404,2001,268,177,1,1,5500,'Красный',NULL,NULL,NULL,NULL,NULL,0,'Хардтейл','Унисекс','Городской',NULL,NULL,NULL,NULL,NULL,NULL,6,8,NULL,NULL,NULL,NULL,NULL,NULL,NULL),(405,2002,268,177,1,1,9400,'Красный',NULL,NULL,NULL,NULL,NULL,0,'Хардтейл','Женский','Городской',NULL,NULL,NULL,NULL,NULL,NULL,5,9,NULL,NULL,NULL,NULL,NULL,NULL,NULL),(406,2003,268,177,1,1,8900,'Красный',NULL,NULL,NULL,NULL,NULL,0,'Хардтейл','Унисекс','Городской',NULL,NULL,NULL,NULL,NULL,NULL,4,10,NULL,NULL,NULL,NULL,NULL,NULL,NULL),(407,2004,268,177,1,1,13000,'Красный',NULL,NULL,NULL,NULL,NULL,0,'Хардтейл','Унисекс','Городской',NULL,NULL,NULL,NULL,NULL,NULL,4,10,NULL,NULL,NULL,NULL,NULL,NULL,NULL),(408,2005,268,177,1,1,12000,'Красный',NULL,NULL,NULL,NULL,NULL,0,'Хардтейл','Женский','Городской',NULL,NULL,NULL,NULL,NULL,NULL,5,9,NULL,NULL,NULL,NULL,NULL,NULL,NULL),(409,2006,268,177,1,1,12900,'Красный',NULL,NULL,NULL,NULL,NULL,0,'Хардтейл','Унисекс','Городской',NULL,NULL,NULL,NULL,NULL,NULL,4,10,NULL,NULL,NULL,NULL,NULL,NULL,NULL),(410,2007,343,82,1,1,47900,NULL,NULL,NULL,NULL,NULL,NULL,0,NULL,NULL,NULL,NULL,NULL,NULL,NULL,NULL,NULL,NULL,NULL,NULL,NULL,NULL,NULL,NULL,NULL,NULL),(411,2008,343,82,1,1,18000,NULL,NULL,NULL,NULL,NULL,NULL,0,NULL,NULL,NULL,NULL,NULL,NULL,NULL,NULL,NULL,NULL,NULL,NULL,NULL,NULL,NULL,NULL,NULL,NULL),(412,2009,344,170,1,1,13400,NULL,'Китай','Jacques Lemans','Нержавеющая сталь','Минеральное','Серый',0,NULL,NULL,NULL,NULL,NULL,NULL,NULL,NULL,NULL,NULL,NULL,NULL,NULL,NULL,NULL,NULL,NULL,NULL),(413,2010,343,170,1,1,58055,NULL,'Швейцария','Epos','Нержавеющая сталь + PVD покрытие','Сапфировое','Золотой',0,NULL,NULL,NULL,NULL,NULL,NULL,NULL,NULL,NULL,NULL,NULL,NULL,NULL,NULL,NULL,NULL,NULL,NULL),(414,2011,343,170,1,1,40500,NULL,'Швейцария','Hublot','Титан','Сапфировое',NULL,0,NULL,NULL,NULL,NULL,NULL,NULL,NULL,NULL,NULL,NULL,NULL,NULL,NULL,NULL,NULL,NULL,NULL,NULL),(415,2012,343,170,1,1,11690,NULL,'Финляндия','Suunto','Нержавеющая сталь','Минеральное','Черный',0,NULL,NULL,NULL,NULL,NULL,NULL,NULL,NULL,NULL,NULL,NULL,NULL,NULL,NULL,NULL,NULL,NULL,NULL),(416,2013,343,170,1,1,6190,NULL,'США','Timex','Пластик','Пластик','Синий',0,NULL,NULL,NULL,NULL,NULL,NULL,NULL,NULL,NULL,NULL,NULL,NULL,NULL,NULL,NULL,NULL,NULL,NULL),(417,2014,343,82,1,1,17900,NULL,NULL,NULL,NULL,NULL,NULL,0,NULL,NULL,NULL,NULL,NULL,NULL,NULL,NULL,NULL,NULL,NULL,NULL,NULL,NULL,NULL,NULL,NULL,NULL),(419,2016,343,170,1,1,15000,NULL,'Китай','Jacques Lemans','Нержавеющая сталь','Минеральное','Серый',0,NULL,NULL,NULL,NULL,NULL,NULL,NULL,NULL,NULL,NULL,NULL,NULL,NULL,NULL,NULL,NULL,NULL,NULL),(420,2017,343,170,1,1,78550,NULL,'Швейцария','Epos','Нержавеющая сталь + PVD покрытие','Сапфировое','Золотой',0,NULL,NULL,NULL,NULL,NULL,NULL,NULL,NULL,NULL,NULL,NULL,NULL,NULL,NULL,NULL,NULL,NULL,NULL),(421,2018,344,82,1,1,18000,NULL,NULL,NULL,NULL,NULL,NULL,0,NULL,NULL,NULL,NULL,NULL,NULL,NULL,NULL,NULL,NULL,NULL,NULL,NULL,NULL,NULL,NULL,NULL,NULL),(423,2020,343,170,1,1,70550,NULL,'Швейцария','Epos','Нержавеющая сталь + PVD покрытие','Сапфировое','Золотой',0,NULL,NULL,NULL,NULL,NULL,NULL,NULL,NULL,NULL,NULL,NULL,NULL,NULL,NULL,NULL,NULL,NULL,NULL),(424,2029,391,185,1,1,11900,'Черный',NULL,NULL,NULL,NULL,NULL,0,NULL,NULL,NULL,NULL,NULL,NULL,NULL,NULL,NULL,NULL,NULL,NULL,NULL,'52-54','Демисезон','Молния+пуговицы',NULL,'MitLex'),(425,2035,391,185,1,1,9900,'Бежевый',NULL,NULL,NULL,NULL,NULL,0,NULL,NULL,NULL,NULL,NULL,NULL,NULL,NULL,NULL,NULL,NULL,NULL,NULL,'50-52','Демисезон','Пуговицы',NULL,'Mango Man'),(427,2041,391,185,1,1,8900,'Черный',NULL,NULL,NULL,NULL,NULL,0,NULL,NULL,NULL,NULL,NULL,NULL,NULL,NULL,NULL,NULL,NULL,NULL,NULL,'50-52','Демисезон','Пуговицы',NULL,'Burton Menswear London'),(428,2043,389,185,1,1,3990,'Синий',NULL,NULL,NULL,NULL,NULL,0,NULL,NULL,NULL,NULL,NULL,NULL,NULL,NULL,NULL,NULL,NULL,NULL,NULL,'52-54','Демисезон',NULL,NULL,'BRUNO BANANI'),(429,2046,391,185,1,1,10399,'Серый',NULL,NULL,NULL,NULL,NULL,0,NULL,NULL,NULL,NULL,NULL,NULL,NULL,NULL,NULL,NULL,NULL,NULL,NULL,'48-50','Демисезон','Пуговицы',NULL,'Roosevelt'),(430,2051,389,185,1,1,5499,'Синий',NULL,NULL,NULL,NULL,NULL,0,NULL,NULL,NULL,NULL,NULL,NULL,NULL,NULL,NULL,NULL,NULL,NULL,NULL,'50-52','Демисезон',NULL,NULL,NULL),(431,2052,391,185,1,1,8900,'Черный',NULL,NULL,NULL,NULL,NULL,0,NULL,NULL,NULL,NULL,NULL,NULL,NULL,NULL,NULL,NULL,NULL,NULL,NULL,'52-54','Зима','Пуговицы',NULL,'United Colors of Benetton'),(432,2069,389,185,1,1,2350,'Синий',NULL,NULL,NULL,NULL,NULL,0,NULL,NULL,NULL,NULL,NULL,NULL,NULL,NULL,NULL,NULL,NULL,NULL,NULL,'52-54','Демисезон',NULL,NULL,'RHODE ISLAND'),(433,2070,391,185,1,1,6500,'Черный',NULL,NULL,NULL,NULL,NULL,0,NULL,NULL,NULL,NULL,NULL,NULL,NULL,NULL,NULL,NULL,NULL,NULL,NULL,'54-56','Зима','Пуговицы',NULL,'Only & Sons'),(434,2071,389,185,1,1,3450,'Серый',NULL,NULL,NULL,NULL,NULL,0,NULL,NULL,NULL,NULL,NULL,NULL,NULL,NULL,NULL,NULL,NULL,NULL,NULL,'54-56','Демисезон','Молния+пуговицы',NULL,'BRUNO BANANI'),(435,2073,389,185,1,1,6590,'Черный',NULL,NULL,NULL,NULL,NULL,0,NULL,NULL,NULL,NULL,NULL,NULL,NULL,NULL,NULL,NULL,NULL,NULL,NULL,'54-56','Демисезон',NULL,NULL,NULL),(436,2074,391,185,1,1,10999,'Черный',NULL,NULL,NULL,NULL,NULL,0,NULL,NULL,NULL,NULL,NULL,NULL,NULL,NULL,NULL,NULL,NULL,NULL,NULL,'54-56','Демисезон','Пуговицы',NULL,'Jack & Jones'),(437,2077,389,185,1,1,8950,'Серый',NULL,NULL,NULL,NULL,NULL,0,NULL,NULL,NULL,NULL,NULL,NULL,NULL,NULL,NULL,NULL,NULL,NULL,NULL,'54-56','Демисезон','Молния+пуговицы',NULL,'Kekker style'),(438,2078,389,185,1,1,8950,'Синий',NULL,NULL,NULL,NULL,NULL,0,NULL,NULL,NULL,NULL,NULL,NULL,NULL,NULL,NULL,NULL,NULL,NULL,NULL,'54-56','Демисезон','Молния+пуговицы',NULL,'Kekker style'),(439,2080,391,185,1,1,52900,'Черный',NULL,NULL,NULL,NULL,NULL,0,NULL,NULL,NULL,NULL,NULL,NULL,NULL,NULL,NULL,NULL,NULL,NULL,NULL,'54-56','Демисезон',NULL,NULL,'Windsor'),(440,2084,391,185,1,1,26900,'Синий',NULL,NULL,NULL,NULL,NULL,0,NULL,NULL,NULL,NULL,NULL,NULL,NULL,NULL,NULL,NULL,NULL,NULL,NULL,'52-54','Демисезон','Молния',NULL,'Trussardi Jeans'),(442,2090,391,185,1,1,12400,'Коричневый',NULL,NULL,NULL,NULL,NULL,0,NULL,NULL,NULL,NULL,NULL,NULL,NULL,NULL,NULL,NULL,NULL,NULL,NULL,'54-56','Демисезон, зима','Пуговицы',NULL,'Berkytt'),(443,2092,391,185,1,1,7399,'Серый',NULL,NULL,NULL,NULL,NULL,0,NULL,NULL,NULL,NULL,NULL,NULL,NULL,NULL,NULL,NULL,NULL,NULL,NULL,'52-54','Демисезон','Пуговицы',NULL,'Piazza Italia'),(444,2093,389,185,1,1,6790,'Синий',NULL,NULL,NULL,NULL,NULL,0,NULL,NULL,NULL,NULL,NULL,NULL,NULL,NULL,NULL,NULL,NULL,NULL,NULL,'54-56','Демисезон','Молния+пуговицы',NULL,NULL),(445,2095,392,185,1,1,5499,'Черный',NULL,NULL,NULL,NULL,NULL,0,NULL,NULL,NULL,NULL,NULL,NULL,NULL,NULL,NULL,NULL,NULL,NULL,NULL,'54-56','Демисезон, зима','Молния',NULL,'Atributika & Club'),(446,2096,389,185,1,1,2350,'Синий',NULL,NULL,NULL,NULL,NULL,0,NULL,NULL,NULL,NULL,NULL,NULL,NULL,NULL,NULL,NULL,NULL,NULL,NULL,'54-56','Демисезон, зима','Молния+пуговицы',NULL,'Kekker style'),(447,2099,392,185,1,1,18999,'Хакки',NULL,NULL,NULL,NULL,NULL,0,NULL,NULL,NULL,NULL,NULL,NULL,NULL,NULL,NULL,NULL,NULL,NULL,NULL,'50-52','Демисезон, зима','Молния',NULL,'Trespass'),(448,2100,389,185,1,1,4590,'Серый',NULL,NULL,NULL,NULL,NULL,0,NULL,NULL,NULL,NULL,NULL,NULL,NULL,NULL,NULL,NULL,NULL,NULL,NULL,'54-56','Демисезон, зима','Молния+пуговицы',NULL,'Kekker style'),(449,2103,389,185,1,1,5690,'Серый',NULL,NULL,NULL,NULL,NULL,0,NULL,NULL,NULL,NULL,NULL,NULL,NULL,NULL,NULL,NULL,NULL,NULL,NULL,'52-54','Демисезон, зима','Молния+пуговицы',NULL,'JOHN DEVIN'),(450,2104,392,185,1,1,22899,'Синий',NULL,NULL,NULL,NULL,NULL,0,NULL,NULL,NULL,NULL,NULL,NULL,NULL,NULL,NULL,NULL,NULL,NULL,NULL,'54-56','Демисезон, зима','Молния',NULL,'EA7'),(451,2106,392,185,1,1,14690,'Серый',NULL,NULL,NULL,NULL,NULL,0,NULL,NULL,NULL,NULL,NULL,NULL,NULL,NULL,NULL,NULL,NULL,NULL,NULL,'48-50','Демисезон','Молния',NULL,'Reebok'),(452,2107,389,185,1,1,4590,'Синий',NULL,NULL,NULL,NULL,NULL,0,NULL,NULL,NULL,NULL,NULL,NULL,NULL,NULL,NULL,NULL,NULL,NULL,NULL,'54-56','Демисезон, зима','Молния+пуговицы',NULL,NULL),(453,2109,392,185,1,1,22889,'Черный',NULL,NULL,NULL,NULL,NULL,0,NULL,NULL,NULL,NULL,NULL,NULL,NULL,NULL,NULL,NULL,NULL,NULL,NULL,'54-56','Зима','Молния',NULL,NULL),(454,2110,392,185,1,1,27999,'Черный',NULL,NULL,NULL,NULL,NULL,0,NULL,NULL,NULL,NULL,NULL,NULL,NULL,NULL,NULL,NULL,NULL,NULL,NULL,'54-56','Зима','Молния',NULL,'Bergans of Norway'),(455,2113,392,185,1,1,7999,'Желтый',NULL,NULL,NULL,NULL,NULL,0,NULL,NULL,NULL,NULL,NULL,NULL,NULL,NULL,NULL,NULL,NULL,NULL,NULL,'52-54','Демисезон, зима','Молния',NULL,'Springfield'),(456,2115,392,185,1,1,23999,'Красный',NULL,NULL,NULL,NULL,NULL,0,NULL,NULL,NULL,NULL,NULL,NULL,NULL,NULL,NULL,NULL,NULL,NULL,NULL,'54-56','Демисезон, зима','Молния+пуговицы',NULL,'Columbia'),(457,2116,392,185,1,1,12999,'Синий',NULL,NULL,NULL,NULL,NULL,0,NULL,NULL,NULL,NULL,NULL,NULL,NULL,NULL,NULL,NULL,NULL,NULL,NULL,'50-52','Демисезон, зима','Молния',NULL,'Columbia'),(458,2118,392,185,1,1,12699,'Синий',NULL,NULL,NULL,NULL,NULL,0,NULL,NULL,NULL,NULL,NULL,NULL,NULL,NULL,NULL,NULL,NULL,NULL,NULL,'50-52','Демисезон, зима','Молния',NULL,'Baon'),(459,2121,392,185,1,1,17690,'Черный',NULL,NULL,NULL,NULL,NULL,0,NULL,NULL,NULL,NULL,NULL,NULL,NULL,NULL,NULL,NULL,NULL,NULL,NULL,'50-52','Демисезон, зима','Молния+пуговицы',NULL,'Quiksilver'),(460,2124,392,185,1,1,9999,'Черный',NULL,NULL,NULL,NULL,NULL,0,NULL,NULL,NULL,NULL,NULL,NULL,NULL,NULL,NULL,NULL,NULL,NULL,NULL,'54-56','Демисезон, зима','Молния',NULL,'Columbia'),(462,2130,461,191,1,1,2300,NULL,NULL,NULL,NULL,NULL,NULL,0,NULL,NULL,NULL,NULL,NULL,NULL,NULL,NULL,NULL,NULL,NULL,NULL,NULL,NULL,NULL,NULL,NULL,'Bell'),(463,2131,461,191,1,1,149,NULL,NULL,NULL,NULL,NULL,NULL,0,NULL,NULL,NULL,NULL,NULL,NULL,NULL,NULL,NULL,NULL,NULL,NULL,NULL,NULL,NULL,NULL,NULL,'Bell'),(465,2133,461,191,1,1,310,NULL,NULL,NULL,NULL,NULL,NULL,0,NULL,NULL,NULL,NULL,NULL,NULL,NULL,NULL,NULL,NULL,NULL,NULL,NULL,NULL,NULL,NULL,NULL,'Bell'),(466,2134,461,191,1,1,440,NULL,NULL,NULL,NULL,NULL,NULL,0,NULL,NULL,NULL,NULL,NULL,NULL,NULL,NULL,NULL,NULL,NULL,NULL,NULL,NULL,NULL,NULL,NULL,'L`Oreal'),(467,2135,461,191,1,1,430,NULL,NULL,NULL,NULL,NULL,NULL,0,NULL,NULL,NULL,NULL,NULL,NULL,NULL,NULL,NULL,NULL,NULL,NULL,NULL,NULL,NULL,NULL,NULL,'L`Oreal'),(468,2138,461,191,1,1,220,NULL,NULL,NULL,NULL,NULL,NULL,0,NULL,NULL,NULL,NULL,NULL,NULL,NULL,NULL,NULL,NULL,NULL,NULL,NULL,NULL,NULL,NULL,NULL,'Maybelline New York'),(469,2141,461,191,1,1,300,NULL,NULL,NULL,NULL,NULL,NULL,0,NULL,NULL,NULL,NULL,NULL,NULL,NULL,NULL,NULL,NULL,NULL,NULL,NULL,NULL,NULL,NULL,NULL,'Rimmel'),(470,2143,461,191,1,1,390,NULL,NULL,NULL,NULL,NULL,NULL,0,NULL,NULL,NULL,NULL,NULL,NULL,NULL,NULL,NULL,NULL,NULL,NULL,NULL,NULL,NULL,NULL,NULL,'Rimmel'),(471,2146,461,191,1,1,1099,NULL,NULL,NULL,NULL,NULL,NULL,0,NULL,NULL,NULL,NULL,NULL,NULL,NULL,NULL,NULL,NULL,NULL,NULL,NULL,NULL,NULL,NULL,NULL,'NOUBA'),(472,2148,461,191,1,1,350,NULL,NULL,NULL,NULL,NULL,NULL,0,NULL,NULL,NULL,NULL,NULL,NULL,NULL,NULL,NULL,NULL,NULL,NULL,NULL,NULL,NULL,NULL,NULL,'MAX FACTOR'),(473,2150,461,191,1,1,390,NULL,NULL,NULL,NULL,NULL,NULL,0,NULL,NULL,NULL,NULL,NULL,NULL,NULL,NULL,NULL,NULL,NULL,NULL,NULL,NULL,NULL,NULL,NULL,'Revlon'),(474,2151,461,191,1,1,210,NULL,NULL,NULL,NULL,NULL,NULL,0,NULL,NULL,NULL,NULL,NULL,NULL,NULL,NULL,NULL,NULL,NULL,NULL,NULL,NULL,NULL,NULL,NULL,'Bell'),(475,2156,461,191,1,1,280,NULL,NULL,NULL,NULL,NULL,NULL,0,NULL,NULL,NULL,NULL,NULL,NULL,NULL,NULL,NULL,NULL,NULL,NULL,NULL,NULL,NULL,NULL,NULL,'LUXVISAGE'),(481,2162,480,200,1,1,2750,'Зеленый',NULL,NULL,NULL,NULL,NULL,0,NULL,NULL,NULL,NULL,NULL,NULL,NULL,NULL,NULL,NULL,NULL,NULL,NULL,NULL,NULL,NULL,NULL,NULL),(482,2163,480,200,1,1,3400,'Зеленый',NULL,NULL,NULL,NULL,NULL,0,NULL,NULL,NULL,NULL,NULL,NULL,NULL,NULL,NULL,NULL,NULL,NULL,NULL,NULL,NULL,NULL,NULL,NULL),(483,2164,480,200,1,1,2600,'Синий',NULL,NULL,NULL,NULL,NULL,0,NULL,NULL,NULL,NULL,NULL,NULL,NULL,NULL,NULL,NULL,NULL,NULL,NULL,NULL,NULL,NULL,NULL,NULL),(484,2165,480,200,1,1,6700,'Серый',NULL,NULL,NULL,NULL,NULL,0,NULL,NULL,NULL,NULL,NULL,NULL,NULL,NULL,NULL,NULL,NULL,NULL,NULL,NULL,NULL,NULL,NULL,NULL),(485,2166,480,200,1,1,6875,'Красный',NULL,NULL,NULL,NULL,NULL,0,NULL,NULL,NULL,NULL,NULL,NULL,NULL,NULL,NULL,NULL,NULL,NULL,NULL,NULL,NULL,NULL,NULL,NULL),(486,2168,289,178,1,1,410,NULL,NULL,NULL,NULL,NULL,NULL,0,NULL,NULL,NULL,'Любой','Малый и средний',700,NULL,NULL,NULL,NULL,NULL,NULL,NULL,NULL,NULL,NULL,NULL,NULL),(488,2170,289,178,1,1,99,NULL,NULL,NULL,NULL,NULL,NULL,0,NULL,NULL,NULL,'Любой','Любой размер',30,NULL,NULL,NULL,NULL,NULL,NULL,NULL,NULL,NULL,NULL,NULL,NULL),(489,2172,289,178,1,1,80,NULL,NULL,NULL,NULL,NULL,NULL,0,NULL,NULL,NULL,'Взрослые','Любой размер',400,NULL,NULL,NULL,NULL,NULL,NULL,NULL,NULL,NULL,NULL,NULL,NULL),(492,2177,490,202,1,1,18990,'Черный',NULL,NULL,NULL,NULL,NULL,0,NULL,NULL,'Механическое',NULL,NULL,NULL,NULL,NULL,NULL,NULL,NULL,NULL,NULL,NULL,NULL,NULL,'RICCI',NULL),(493,2179,490,202,1,1,16900,'Серый',NULL,NULL,NULL,NULL,NULL,0,NULL,NULL,'Механическое',NULL,NULL,NULL,NULL,NULL,NULL,NULL,NULL,NULL,NULL,NULL,NULL,NULL,'Hansa',NULL),(494,2180,490,202,1,1,12900,'Черный',NULL,NULL,NULL,NULL,NULL,0,NULL,NULL,'Механическое',NULL,NULL,NULL,NULL,NULL,NULL,NULL,NULL,NULL,NULL,NULL,NULL,NULL,'Hansa',NULL),(495,2183,490,202,1,1,25900,'Серый',NULL,NULL,NULL,NULL,NULL,0,NULL,NULL,'Электронный',NULL,NULL,NULL,NULL,NULL,NULL,NULL,NULL,NULL,NULL,NULL,NULL,NULL,'Bosch',NULL),(496,2185,490,202,1,1,27900,'Серый',NULL,NULL,NULL,NULL,NULL,0,NULL,NULL,'Электронный',NULL,NULL,NULL,NULL,NULL,NULL,NULL,NULL,NULL,NULL,NULL,NULL,NULL,'Samsung',NULL),(498,2187,497,204,1,1,24900,NULL,NULL,NULL,NULL,NULL,NULL,0,NULL,NULL,NULL,NULL,NULL,NULL,NULL,NULL,NULL,NULL,NULL,NULL,NULL,NULL,NULL,NULL,NULL,'LG'),(499,2190,497,204,1,1,22000,NULL,NULL,NULL,NULL,NULL,NULL,0,NULL,NULL,NULL,NULL,NULL,NULL,NULL,NULL,NULL,NULL,NULL,NULL,NULL,NULL,NULL,NULL,NULL,'Bosch'),(500,2192,497,204,1,1,15499,NULL,NULL,NULL,NULL,NULL,NULL,0,NULL,NULL,NULL,NULL,NULL,NULL,61,NULL,NULL,NULL,NULL,NULL,NULL,NULL,NULL,NULL,NULL,'Indesit'),(501,2199,497,204,1,1,29999,NULL,NULL,NULL,NULL,NULL,NULL,0,NULL,NULL,NULL,NULL,NULL,NULL,NULL,NULL,NULL,NULL,NULL,NULL,NULL,NULL,NULL,NULL,NULL,'Bosch'),(502,2201,497,204,1,1,27999,NULL,NULL,NULL,NULL,NULL,NULL,0,NULL,NULL,NULL,NULL,NULL,NULL,NULL,NULL,NULL,NULL,NULL,NULL,NULL,NULL,NULL,NULL,NULL,'SAMSUNG'),(503,2203,497,204,1,1,12499,NULL,NULL,NULL,NULL,NULL,NULL,0,NULL,NULL,NULL,NULL,NULL,NULL,NULL,NULL,NULL,NULL,NULL,NULL,NULL,NULL,NULL,NULL,NULL,'BEKO'),(504,2205,497,204,1,1,25999,NULL,NULL,NULL,NULL,NULL,NULL,0,NULL,NULL,NULL,NULL,NULL,NULL,NULL,NULL,NULL,NULL,NULL,NULL,NULL,NULL,NULL,NULL,NULL,'ZANUSSI'),(505,2207,497,204,1,1,184999,NULL,NULL,NULL,NULL,NULL,NULL,0,NULL,NULL,NULL,NULL,NULL,NULL,NULL,NULL,NULL,NULL,NULL,NULL,NULL,NULL,NULL,NULL,NULL,'SHARP'),(507,2209,506,206,1,1,6999,NULL,NULL,NULL,NULL,NULL,NULL,0,NULL,NULL,NULL,NULL,NULL,NULL,NULL,NULL,NULL,NULL,NULL,NULL,NULL,NULL,NULL,NULL,NULL,NULL),(508,2210,506,206,1,1,2799,NULL,NULL,NULL,NULL,NULL,NULL,0,NULL,NULL,NULL,NULL,NULL,NULL,NULL,NULL,NULL,NULL,NULL,NULL,NULL,NULL,NULL,NULL,NULL,NULL),(509,2211,506,206,1,1,19990,NULL,NULL,NULL,NULL,NULL,NULL,0,NULL,NULL,NULL,NULL,NULL,NULL,NULL,NULL,NULL,NULL,NULL,NULL,NULL,NULL,NULL,NULL,NULL,NULL),(510,2212,506,206,1,1,3499,NULL,NULL,NULL,NULL,NULL,NULL,0,NULL,NULL,NULL,NULL,NULL,NULL,NULL,NULL,NULL,NULL,NULL,NULL,NULL,NULL,NULL,NULL,NULL,NULL),(511,2213,506,206,1,1,4999,NULL,NULL,NULL,NULL,NULL,NULL,0,NULL,NULL,NULL,NULL,NULL,NULL,NULL,NULL,NULL,NULL,NULL,NULL,NULL,NULL,NULL,NULL,NULL,NULL),(512,2214,506,206,1,1,14999,NULL,NULL,NULL,NULL,NULL,NULL,0,NULL,NULL,NULL,NULL,NULL,NULL,NULL,NULL,NULL,NULL,NULL,NULL,NULL,NULL,NULL,NULL,NULL,NULL),(513,2215,506,206,1,1,8299,NULL,NULL,NULL,NULL,NULL,NULL,0,NULL,NULL,NULL,NULL,NULL,NULL,NULL,NULL,NULL,NULL,NULL,NULL,NULL,NULL,NULL,NULL,NULL,NULL),(514,2216,506,206,1,1,4999,NULL,NULL,NULL,NULL,NULL,NULL,0,NULL,NULL,NULL,NULL,NULL,NULL,NULL,NULL,NULL,NULL,NULL,NULL,NULL,NULL,NULL,NULL,NULL,NULL),(516,2219,515,208,1,1,17999,NULL,NULL,'Двухкамерный',NULL,NULL,NULL,0,NULL,NULL,NULL,NULL,NULL,NULL,NULL,NULL,NULL,NULL,NULL,NULL,NULL,NULL,NULL,NULL,NULL,NULL),(517,2220,515,208,1,1,37999,NULL,NULL,'Двухкамерный',NULL,NULL,NULL,0,NULL,NULL,NULL,NULL,NULL,NULL,NULL,NULL,NULL,NULL,NULL,NULL,NULL,NULL,NULL,NULL,NULL,NULL),(518,2221,515,208,1,1,45699,NULL,NULL,'Двухкамерный',NULL,NULL,NULL,0,NULL,NULL,NULL,NULL,NULL,NULL,NULL,NULL,NULL,NULL,NULL,NULL,NULL,NULL,NULL,NULL,NULL,NULL),(519,2223,515,208,1,1,89959,NULL,NULL,'Трехкамерный',NULL,NULL,NULL,0,NULL,NULL,NULL,NULL,NULL,NULL,NULL,NULL,NULL,NULL,NULL,NULL,NULL,NULL,NULL,NULL,NULL,NULL),(520,2224,515,208,1,1,36999,NULL,NULL,'Двухкамерный',NULL,NULL,NULL,0,NULL,NULL,NULL,NULL,NULL,NULL,NULL,NULL,NULL,NULL,NULL,NULL,NULL,NULL,NULL,NULL,NULL,NULL),(521,2225,515,208,1,1,32899,NULL,NULL,'Двухкамерный',NULL,NULL,NULL,0,NULL,NULL,NULL,NULL,NULL,NULL,NULL,NULL,NULL,NULL,NULL,NULL,NULL,NULL,NULL,NULL,NULL,NULL),(522,2226,515,208,1,1,76999,NULL,NULL,'Двухкамерный',NULL,NULL,NULL,0,NULL,NULL,NULL,NULL,NULL,NULL,NULL,NULL,NULL,NULL,NULL,NULL,NULL,NULL,NULL,NULL,NULL,NULL),(523,2227,515,208,1,1,24299,NULL,NULL,'Двухкамерный',NULL,NULL,NULL,0,NULL,NULL,NULL,NULL,NULL,NULL,NULL,NULL,NULL,NULL,NULL,NULL,NULL,NULL,NULL,NULL,NULL,NULL),(524,2228,322,185,1,1,6999,'Синий',NULL,NULL,NULL,NULL,NULL,0,NULL,NULL,NULL,NULL,NULL,NULL,NULL,NULL,NULL,NULL,NULL,NULL,NULL,'54-56','Зима','Молния+пуговицы',NULL,NULL),(525,2229,322,185,1,1,6499,'Зеленый',NULL,NULL,NULL,NULL,NULL,0,NULL,NULL,NULL,NULL,NULL,NULL,NULL,NULL,NULL,NULL,NULL,NULL,NULL,'54-56','Зима','Молния+пуговицы',NULL,NULL),(526,2231,322,185,1,1,5499,'Голубая',NULL,NULL,NULL,NULL,NULL,0,NULL,NULL,NULL,NULL,NULL,NULL,NULL,NULL,NULL,NULL,NULL,NULL,NULL,'54-56','Зима','Молния+пуговицы',NULL,NULL),(527,2232,322,185,1,1,8499,'Синий',NULL,NULL,NULL,NULL,NULL,0,NULL,NULL,NULL,NULL,NULL,NULL,NULL,NULL,NULL,NULL,NULL,NULL,NULL,'54-56','Зима','Молния',NULL,NULL),(528,2233,322,185,1,1,5799,'Синий',NULL,NULL,NULL,NULL,NULL,0,NULL,NULL,NULL,NULL,NULL,NULL,NULL,NULL,NULL,NULL,NULL,NULL,NULL,'54-56','Зима','Молния',NULL,NULL),(529,2234,322,185,1,1,2499,'Синий',NULL,NULL,NULL,NULL,NULL,0,NULL,NULL,NULL,NULL,NULL,NULL,NULL,NULL,NULL,NULL,NULL,NULL,NULL,'54-56','Зима','Молния',NULL,NULL),(530,2235,322,185,1,1,2499,'Серый',NULL,NULL,NULL,NULL,NULL,0,NULL,NULL,NULL,NULL,NULL,NULL,NULL,NULL,NULL,NULL,NULL,NULL,NULL,'54-56','Зима','Молния',NULL,NULL),(531,2236,322,185,1,1,2699,'Синий',NULL,NULL,NULL,NULL,NULL,0,NULL,NULL,NULL,NULL,NULL,NULL,NULL,NULL,NULL,NULL,NULL,NULL,NULL,'54-56','Зима','Молния',NULL,NULL),(532,2238,321,185,1,1,3040,'Синий',NULL,NULL,NULL,NULL,NULL,0,NULL,NULL,NULL,NULL,NULL,NULL,NULL,NULL,NULL,NULL,NULL,NULL,NULL,'52-54','Лето','Молния',NULL,NULL),(533,2239,321,185,1,1,2999,'Черный',NULL,NULL,NULL,NULL,NULL,0,NULL,NULL,NULL,NULL,NULL,NULL,NULL,NULL,NULL,NULL,NULL,NULL,NULL,'54-56','Лето','Молния',NULL,NULL),(534,2240,321,185,1,1,3999,'Розовый',NULL,NULL,NULL,NULL,NULL,0,NULL,NULL,NULL,NULL,NULL,NULL,NULL,NULL,NULL,NULL,NULL,NULL,NULL,'54-56','Лето','Молния',NULL,NULL),(535,2241,321,185,1,1,3370,'Голубая',NULL,NULL,NULL,NULL,NULL,0,NULL,NULL,NULL,NULL,NULL,NULL,NULL,NULL,NULL,NULL,NULL,NULL,NULL,'52-54','Лето','Молния',NULL,NULL),(536,2242,321,185,1,1,3445,'Коричневый',NULL,NULL,NULL,NULL,NULL,0,NULL,NULL,NULL,NULL,NULL,NULL,NULL,NULL,NULL,NULL,NULL,NULL,NULL,'54-56','Лето','Молния',NULL,NULL),(537,2244,321,185,1,1,2970,'Мультиколор',NULL,NULL,NULL,NULL,NULL,0,NULL,NULL,NULL,NULL,NULL,NULL,NULL,NULL,NULL,NULL,NULL,NULL,NULL,'52-54','Лето','Молния',NULL,NULL),(538,2245,321,185,1,1,3445,'Красный',NULL,NULL,NULL,NULL,NULL,0,NULL,NULL,NULL,NULL,NULL,NULL,NULL,NULL,NULL,NULL,NULL,NULL,NULL,'48-50','Лето','Молния+пуговицы',NULL,NULL),(539,2246,321,185,1,1,827,'Желтый',NULL,NULL,NULL,NULL,NULL,0,NULL,NULL,NULL,NULL,NULL,NULL,NULL,NULL,NULL,NULL,NULL,NULL,NULL,'52-54','Лето','Молния',NULL,NULL),(540,2247,326,209,1,1,2970,NULL,NULL,NULL,NULL,NULL,NULL,0,NULL,NULL,NULL,NULL,NULL,NULL,NULL,NULL,NULL,NULL,NULL,NULL,NULL,NULL,NULL,NULL,NULL,NULL),(541,2248,326,209,1,1,2399,NULL,NULL,NULL,NULL,NULL,NULL,0,NULL,NULL,NULL,NULL,NULL,NULL,NULL,NULL,NULL,NULL,NULL,NULL,NULL,NULL,NULL,NULL,NULL,NULL),(542,2249,326,209,1,1,3599,NULL,NULL,NULL,NULL,NULL,NULL,0,NULL,NULL,NULL,NULL,NULL,NULL,NULL,NULL,NULL,NULL,NULL,NULL,NULL,NULL,NULL,NULL,NULL,NULL),(543,2250,326,209,1,1,2999,NULL,NULL,NULL,NULL,NULL,NULL,0,NULL,NULL,NULL,NULL,NULL,NULL,NULL,NULL,NULL,NULL,NULL,NULL,NULL,NULL,NULL,NULL,NULL,NULL),(544,2251,326,209,1,1,2999,NULL,NULL,NULL,NULL,NULL,NULL,0,NULL,NULL,NULL,NULL,NULL,NULL,NULL,NULL,NULL,NULL,NULL,NULL,NULL,NULL,NULL,NULL,NULL,NULL),(545,2252,326,209,1,1,3999,NULL,NULL,NULL,NULL,NULL,NULL,0,NULL,NULL,NULL,NULL,NULL,NULL,NULL,NULL,NULL,NULL,NULL,NULL,NULL,NULL,NULL,NULL,NULL,NULL),(546,2253,326,209,1,1,1999,NULL,NULL,NULL,NULL,NULL,NULL,0,NULL,NULL,NULL,NULL,NULL,NULL,NULL,NULL,NULL,NULL,NULL,NULL,NULL,NULL,NULL,NULL,NULL,NULL),(547,2254,326,209,1,1,3337,NULL,NULL,NULL,NULL,NULL,NULL,0,NULL,NULL,NULL,NULL,NULL,NULL,NULL,NULL,NULL,NULL,NULL,NULL,NULL,NULL,NULL,NULL,NULL,NULL),(548,2255,387,185,1,1,5033,'Коричневый',NULL,NULL,NULL,NULL,NULL,0,NULL,NULL,NULL,NULL,NULL,NULL,NULL,NULL,NULL,NULL,NULL,NULL,NULL,'54-56','Лето','Молния',NULL,NULL),(549,2256,387,185,1,1,7860,'Серый',NULL,NULL,NULL,NULL,NULL,0,NULL,NULL,NULL,NULL,NULL,NULL,NULL,NULL,NULL,NULL,NULL,NULL,NULL,'54-56','Лето','Молния',NULL,NULL),(550,2258,387,185,1,1,5190,'Темно-синий, малиновый',NULL,NULL,NULL,NULL,NULL,0,NULL,NULL,NULL,NULL,NULL,NULL,NULL,NULL,NULL,NULL,NULL,NULL,NULL,'54-56','Демисезон','Молния',NULL,NULL),(551,2259,387,185,1,1,4999,'Голубая',NULL,NULL,NULL,NULL,NULL,0,NULL,NULL,NULL,NULL,NULL,NULL,NULL,NULL,NULL,NULL,NULL,NULL,NULL,'54-56','Лето','Молния',NULL,NULL),(552,2260,387,185,1,1,5390,'Черный',NULL,NULL,NULL,NULL,NULL,0,NULL,NULL,NULL,NULL,NULL,NULL,NULL,NULL,NULL,NULL,NULL,NULL,NULL,'54-56','Лето','Молния',NULL,NULL),(553,2261,387,185,1,1,3458,'Синий',NULL,NULL,NULL,NULL,NULL,0,NULL,NULL,NULL,NULL,NULL,NULL,NULL,NULL,NULL,NULL,NULL,NULL,NULL,'52-54','Лето','Молния',NULL,NULL),(554,2262,387,185,1,1,3467,'Серый',NULL,NULL,NULL,NULL,NULL,0,NULL,NULL,NULL,NULL,NULL,NULL,NULL,NULL,NULL,NULL,NULL,NULL,NULL,'54-56','Лето','Молния',NULL,NULL),(555,2263,387,185,1,1,4890,'Синий',NULL,NULL,NULL,NULL,NULL,0,NULL,NULL,NULL,NULL,NULL,NULL,NULL,NULL,NULL,NULL,NULL,NULL,NULL,'54-56','Демисезон','Молния',NULL,NULL),(556,2264,388,185,1,1,2480,'Синий',NULL,NULL,NULL,NULL,NULL,0,NULL,NULL,NULL,NULL,NULL,NULL,NULL,NULL,NULL,NULL,NULL,NULL,NULL,'54-56','Лето','Пуговицы',NULL,NULL),(557,2265,388,185,1,1,3500,'Синий',NULL,NULL,NULL,NULL,NULL,0,NULL,NULL,NULL,NULL,NULL,NULL,NULL,NULL,NULL,NULL,NULL,NULL,NULL,'54-56','Лето','Пуговицы',NULL,NULL),(558,2266,388,185,1,1,4700,'Серый',NULL,NULL,NULL,NULL,NULL,0,NULL,NULL,NULL,NULL,NULL,NULL,NULL,NULL,NULL,NULL,NULL,NULL,NULL,'52-54','Лето','Пуговицы',NULL,NULL),(559,2267,388,185,1,1,1270,'Синий',NULL,NULL,NULL,NULL,NULL,0,NULL,NULL,NULL,NULL,NULL,NULL,NULL,NULL,NULL,NULL,NULL,NULL,NULL,'54-56','Лето','Пуговицы',NULL,NULL),(560,2268,388,185,1,1,3490,'Синий',NULL,NULL,NULL,NULL,NULL,0,NULL,NULL,NULL,NULL,NULL,NULL,NULL,NULL,NULL,NULL,NULL,NULL,NULL,'48-50','Лето','Пуговицы',NULL,NULL),(561,2269,388,185,1,1,3090,'Бежевый',NULL,NULL,NULL,NULL,NULL,0,NULL,NULL,NULL,NULL,NULL,NULL,NULL,NULL,NULL,NULL,NULL,NULL,NULL,'50-52','Лето','Пуговицы',NULL,NULL),(562,2270,388,185,1,1,3445,'Серый',NULL,NULL,NULL,NULL,NULL,0,NULL,NULL,NULL,NULL,NULL,NULL,NULL,NULL,NULL,NULL,NULL,NULL,NULL,'48-50','Лето','Пуговицы',NULL,NULL),(563,2271,388,185,1,1,2970,'Голубая',NULL,NULL,NULL,NULL,NULL,0,NULL,NULL,NULL,NULL,NULL,NULL,NULL,NULL,NULL,NULL,NULL,NULL,NULL,'48-50','Лето','Пуговицы',NULL,NULL),(565,2273,564,211,1,1,3780,NULL,NULL,NULL,NULL,NULL,NULL,0,NULL,NULL,NULL,NULL,NULL,NULL,NULL,NULL,NULL,NULL,NULL,NULL,NULL,NULL,NULL,NULL,NULL,NULL),(566,2274,564,211,1,1,2100,NULL,NULL,NULL,NULL,NULL,NULL,0,NULL,NULL,NULL,NULL,NULL,NULL,NULL,NULL,NULL,NULL,NULL,NULL,NULL,NULL,NULL,NULL,NULL,NULL),(567,2275,564,211,1,1,598,NULL,NULL,NULL,NULL,NULL,NULL,0,NULL,NULL,NULL,NULL,NULL,NULL,NULL,NULL,NULL,NULL,NULL,NULL,NULL,NULL,NULL,NULL,NULL,NULL),(568,2276,564,211,1,1,1824,NULL,NULL,NULL,NULL,NULL,NULL,0,NULL,NULL,NULL,NULL,NULL,NULL,NULL,NULL,NULL,NULL,NULL,NULL,NULL,NULL,NULL,NULL,NULL,NULL),(569,2277,564,211,1,1,708,NULL,NULL,NULL,NULL,NULL,NULL,0,NULL,NULL,NULL,NULL,NULL,NULL,NULL,NULL,NULL,NULL,NULL,NULL,NULL,NULL,NULL,NULL,NULL,NULL),(570,2278,564,211,1,1,1297,NULL,NULL,NULL,NULL,NULL,NULL,0,NULL,NULL,NULL,NULL,NULL,NULL,NULL,NULL,NULL,NULL,NULL,NULL,NULL,NULL,NULL,NULL,NULL,NULL),(571,2279,564,211,1,1,269,NULL,NULL,NULL,NULL,NULL,NULL,0,NULL,NULL,NULL,NULL,NULL,NULL,NULL,NULL,NULL,NULL,NULL,NULL,NULL,NULL,NULL,NULL,NULL,NULL),(572,2280,564,211,1,1,1084,NULL,NULL,NULL,NULL,NULL,NULL,0,NULL,NULL,NULL,NULL,NULL,NULL,NULL,NULL,NULL,NULL,NULL,NULL,NULL,NULL,NULL,NULL,NULL,NULL),(574,2282,573,211,1,1,132,NULL,NULL,NULL,NULL,NULL,NULL,0,NULL,NULL,NULL,NULL,NULL,NULL,NULL,NULL,NULL,NULL,NULL,NULL,NULL,NULL,NULL,NULL,NULL,NULL),(575,2283,573,211,1,1,337,NULL,NULL,NULL,NULL,NULL,NULL,0,NULL,NULL,NULL,NULL,NULL,NULL,NULL,NULL,NULL,NULL,NULL,NULL,NULL,NULL,NULL,NULL,NULL,NULL),(576,2284,573,211,1,1,588,NULL,NULL,NULL,NULL,NULL,NULL,0,NULL,NULL,NULL,NULL,NULL,NULL,NULL,NULL,NULL,NULL,NULL,NULL,NULL,NULL,NULL,NULL,NULL,NULL),(577,2285,573,211,1,1,393,NULL,NULL,NULL,NULL,NULL,NULL,0,NULL,NULL,NULL,NULL,NULL,NULL,NULL,NULL,NULL,NULL,NULL,NULL,NULL,NULL,NULL,NULL,NULL,NULL),(578,2286,573,211,1,1,998,NULL,NULL,NULL,NULL,NULL,NULL,0,NULL,NULL,NULL,NULL,NULL,NULL,NULL,NULL,NULL,NULL,NULL,NULL,NULL,NULL,NULL,NULL,NULL,NULL),(579,2287,573,211,1,1,337,NULL,NULL,NULL,NULL,NULL,NULL,0,NULL,NULL,NULL,NULL,NULL,NULL,NULL,NULL,NULL,NULL,NULL,NULL,NULL,NULL,NULL,NULL,NULL,NULL),(580,2288,573,211,1,1,393,NULL,NULL,NULL,NULL,NULL,NULL,0,NULL,NULL,NULL,NULL,NULL,NULL,NULL,NULL,NULL,NULL,NULL,NULL,NULL,NULL,NULL,NULL,NULL,NULL),(581,2289,573,211,1,1,337,NULL,NULL,NULL,NULL,NULL,NULL,0,NULL,NULL,NULL,NULL,NULL,NULL,NULL,NULL,NULL,NULL,NULL,NULL,NULL,NULL,NULL,NULL,NULL,NULL),(583,2292,582,215,1,1,2600,NULL,NULL,NULL,NULL,NULL,NULL,0,NULL,NULL,NULL,NULL,NULL,NULL,NULL,NULL,NULL,NULL,NULL,NULL,NULL,NULL,NULL,NULL,NULL,NULL),(584,2293,582,215,1,1,3500,NULL,NULL,NULL,NULL,NULL,NULL,0,NULL,NULL,NULL,NULL,NULL,NULL,NULL,NULL,NULL,NULL,NULL,NULL,NULL,NULL,NULL,NULL,NULL,NULL),(585,2294,582,215,1,1,5000,NULL,NULL,NULL,NULL,NULL,NULL,0,NULL,NULL,NULL,NULL,NULL,NULL,NULL,NULL,NULL,NULL,NULL,NULL,NULL,NULL,NULL,NULL,NULL,NULL),(586,2295,582,215,1,1,2465,NULL,NULL,NULL,NULL,NULL,NULL,0,NULL,NULL,NULL,NULL,NULL,NULL,NULL,NULL,NULL,NULL,NULL,NULL,NULL,NULL,NULL,NULL,NULL,NULL),(587,2297,582,215,1,1,4562,NULL,NULL,NULL,NULL,NULL,NULL,0,NULL,NULL,NULL,NULL,NULL,NULL,NULL,NULL,NULL,NULL,NULL,NULL,NULL,NULL,NULL,NULL,NULL,NULL),(588,2298,582,215,1,1,2580,NULL,NULL,NULL,NULL,NULL,NULL,0,NULL,NULL,NULL,NULL,NULL,NULL,NULL,NULL,NULL,NULL,NULL,NULL,NULL,NULL,NULL,NULL,NULL,NULL),(589,2299,582,215,1,1,7500,NULL,NULL,NULL,NULL,NULL,NULL,0,NULL,NULL,NULL,NULL,NULL,NULL,NULL,NULL,NULL,NULL,NULL,NULL,NULL,NULL,NULL,NULL,NULL,NULL),(590,2300,582,215,1,1,9000,NULL,NULL,NULL,NULL,NULL,NULL,0,NULL,NULL,NULL,NULL,NULL,NULL,NULL,NULL,NULL,NULL,NULL,NULL,NULL,NULL,NULL,NULL,NULL,NULL),(592,2304,591,219,1,1,10000,NULL,NULL,NULL,NULL,NULL,NULL,0,NULL,NULL,NULL,NULL,NULL,NULL,NULL,NULL,NULL,NULL,NULL,NULL,NULL,NULL,NULL,NULL,NULL,'Yedoo'),(593,2308,591,219,1,1,12500,NULL,NULL,NULL,NULL,NULL,NULL,0,NULL,NULL,NULL,NULL,NULL,NULL,NULL,NULL,NULL,NULL,NULL,NULL,NULL,NULL,NULL,NULL,NULL,'Trolo Raptor'),(594,2310,591,219,1,1,7860,NULL,NULL,NULL,NULL,NULL,NULL,0,NULL,NULL,NULL,NULL,NULL,NULL,NULL,NULL,NULL,NULL,NULL,NULL,NULL,NULL,NULL,NULL,NULL,'MICRO SPEED'),(595,2312,591,219,1,1,8999,NULL,NULL,NULL,NULL,NULL,NULL,0,NULL,NULL,NULL,NULL,NULL,NULL,NULL,NULL,NULL,NULL,NULL,NULL,NULL,NULL,NULL,NULL,NULL,'Micro Suspension'),(596,2314,591,219,1,1,15000,NULL,NULL,NULL,NULL,NULL,NULL,0,NULL,NULL,NULL,NULL,NULL,NULL,NULL,NULL,NULL,NULL,NULL,NULL,NULL,NULL,NULL,NULL,NULL,'Razor'),(597,2316,591,219,1,1,9800,NULL,NULL,NULL,NULL,NULL,NULL,0,NULL,NULL,NULL,NULL,NULL,NULL,NULL,NULL,NULL,NULL,NULL,NULL,NULL,NULL,NULL,NULL,NULL,'Weelz Rock'),(598,2318,591,219,1,1,17900,NULL,NULL,NULL,NULL,NULL,NULL,0,NULL,NULL,NULL,NULL,NULL,NULL,NULL,NULL,NULL,NULL,NULL,NULL,NULL,NULL,NULL,NULL,NULL,'HUDORA'),(599,2320,591,219,1,1,11800,NULL,NULL,NULL,NULL,NULL,NULL,0,NULL,NULL,NULL,NULL,NULL,NULL,NULL,NULL,NULL,NULL,NULL,NULL,NULL,NULL,NULL,NULL,NULL,'Xootr'),(600,2324,490,202,1,1,145500,'Антрацит',NULL,NULL,NULL,NULL,NULL,0,NULL,NULL,'Сенсорный',NULL,NULL,NULL,NULL,NULL,NULL,NULL,NULL,NULL,NULL,NULL,NULL,NULL,'Asko',NULL),(601,2326,490,202,1,1,15900,'Бежевый',NULL,NULL,NULL,NULL,NULL,0,NULL,NULL,'Механическое',NULL,NULL,NULL,NULL,NULL,NULL,NULL,NULL,NULL,NULL,NULL,NULL,NULL,'Darina',NULL),(602,2330,490,202,1,1,60999,'Лед',NULL,NULL,NULL,NULL,NULL,0,NULL,NULL,'Поворотные переключатели',NULL,NULL,NULL,NULL,NULL,NULL,NULL,NULL,NULL,NULL,NULL,NULL,NULL,'Hotpoint-Ariston',NULL);
/*!40000 ALTER TABLE `cms3_filter_index_52_pages_4` ENABLE KEYS */;
UNLOCK TABLES;

--
-- Table structure for table `cms3_filter_index_56_pages_1161`
--

DROP TABLE IF EXISTS `cms3_filter_index_56_pages_1161`;
/*!40101 SET @saved_cs_client     = @@character_set_client */;
/*!50503 SET character_set_client = utf8mb4 */;
CREATE TABLE `cms3_filter_index_56_pages_1161` (
  `id` int unsigned NOT NULL,
  `obj_id` int unsigned NOT NULL,
  `parent_id` int unsigned NOT NULL,
  `type_id` int unsigned NOT NULL,
  `lang_id` int unsigned NOT NULL,
  `domain_id` int unsigned NOT NULL,
  `brend` varchar(255) DEFAULT NULL,
  `cvet` varchar(255) DEFAULT NULL,
  `cvet_korpusa` varchar(255) DEFAULT NULL,
  `material_korpusa` varchar(255) DEFAULT NULL,
  `nalichie_budilnika` tinyint(1) DEFAULT '0',
  `novoe_pole` varchar(255) DEFAULT NULL,
  `price` double DEFAULT '0',
  `proizvoditel` varchar(255) DEFAULT NULL,
  `razmer` varchar(255) DEFAULT NULL,
  `sezon` varchar(255) DEFAULT NULL,
  `steklo` varchar(255) DEFAULT NULL,
  `tip` varchar(255) DEFAULT NULL,
  `tip_mehanizma` varchar(255) DEFAULT NULL,
  `zastezhka` varchar(255) DEFAULT NULL,
  PRIMARY KEY (`id`),
  KEY `obj_id` (`obj_id`),
  KEY `parent_id` (`parent_id`),
  KEY `type_id` (`type_id`),
  KEY `lang_id` (`lang_id`),
  KEY `domain_id` (`domain_id`),
  KEY `brend` (`brend`),
  KEY `cvet` (`cvet`),
  KEY `cvet_korpusa` (`cvet_korpusa`),
  KEY `material_korpusa` (`material_korpusa`),
  KEY `novoe_pole` (`novoe_pole`),
  KEY `price` (`price`),
  KEY `proizvoditel` (`proizvoditel`),
  KEY `razmer` (`razmer`),
  KEY `sezon` (`sezon`),
  KEY `steklo` (`steklo`),
  KEY `tip` (`tip`),
  KEY `tip_mehanizma` (`tip_mehanizma`),
  KEY `zastezhka` (`zastezhka`)
) ENGINE=InnoDB DEFAULT CHARSET=utf8mb3;
/*!40101 SET character_set_client = @saved_cs_client */;

--
-- Dumping data for table `cms3_filter_index_56_pages_1161`
--

LOCK TABLES `cms3_filter_index_56_pages_1161` WRITE;
/*!40000 ALTER TABLE `cms3_filter_index_56_pages_1161` DISABLE KEYS */;
INSERT INTO `cms3_filter_index_56_pages_1161` VALUES (934,3945,1181,339,1,2,NULL,NULL,'Серый','Нержавеющая сталь',0,'Jacques Lemans',13900,NULL,NULL,NULL,'Минеральное',NULL,'Китай',NULL),(935,3946,1186,339,1,2,NULL,NULL,'Золотой','Нержавеющая сталь + PVD покрытие',0,'Epos',70550,NULL,NULL,NULL,'Сапфировое',NULL,'Швейцария',NULL),(936,3947,1181,339,1,2,NULL,NULL,NULL,'Титан',0,'Hublot',49800,NULL,NULL,NULL,'Сапфировое',NULL,'Швейцария',NULL),(937,3948,1181,339,1,2,NULL,NULL,'Черный','Нержавеющая сталь',0,'Suunto',14690,NULL,NULL,NULL,'Минеральное',NULL,'Финляндия',NULL),(938,3949,1181,339,1,2,NULL,NULL,'Синий','Пластик',0,'Timex',8120,NULL,NULL,NULL,'Пластик',NULL,'США',NULL),(939,3950,1186,339,1,2,NULL,NULL,'Белый','Нержавеющая сталь + PVD покрытие',1,'Victorinox Swiss Army',34700,NULL,NULL,NULL,'Сапфировое',NULL,'США',NULL),(940,3951,1186,339,1,2,NULL,NULL,'Белый','Нержавеющая сталь',0,'Seiko',22900,NULL,NULL,NULL,'Сапфировое',NULL,'Япония',NULL),(941,3952,1186,339,1,2,NULL,NULL,'Черный','Керамика',0,'Candino',19900,NULL,NULL,NULL,'Сапфировое',NULL,'Швейцария',NULL),(942,3953,1186,339,1,2,NULL,NULL,'Золотой','Нержавеющая сталь',0,'Michael Kors',11500,NULL,NULL,NULL,'Минеральное',NULL,'Китай',NULL),(943,3954,1186,339,1,2,NULL,NULL,'Черный','Пластик',1,'Posio',3790,NULL,NULL,NULL,'Пластик',NULL,'Япония',NULL),(944,3955,1186,339,1,2,NULL,NULL,'Серый','Нержавеющая сталь',0,'Jacques Lemans',13400,NULL,NULL,NULL,'Минеральное',NULL,'Китай',NULL),(945,3956,1181,339,1,2,NULL,NULL,'Золотой','Нержавеющая сталь + PVD покрытие',0,'Epos',58055,NULL,NULL,NULL,'Сапфировое',NULL,'Швейцария',NULL),(946,3957,1181,339,1,2,NULL,NULL,NULL,'Титан',0,'Hublot',40500,NULL,NULL,NULL,'Сапфировое',NULL,'Швейцария',NULL),(947,3958,1181,339,1,2,NULL,NULL,'Черный','Нержавеющая сталь',0,'Suunto',11690,NULL,NULL,NULL,'Минеральное',NULL,'Финляндия',NULL),(948,3959,1181,339,1,2,NULL,NULL,'Синий','Пластик',0,'Timex',6190,NULL,NULL,NULL,'Пластик',NULL,'США',NULL),(949,3960,1181,339,1,2,NULL,NULL,'Серый','Нержавеющая сталь',0,'Jacques Lemans',15000,NULL,NULL,NULL,'Минеральное',NULL,'Китай',NULL),(950,3961,1181,339,1,2,NULL,NULL,'Золотой','Нержавеющая сталь + PVD покрытие',0,'Epos',78550,NULL,NULL,NULL,'Сапфировое',NULL,'Швейцария',NULL),(951,3962,1181,339,1,2,NULL,NULL,'Золотой','Нержавеющая сталь + PVD покрытие',0,'Epos',70550,NULL,NULL,NULL,'Сапфировое',NULL,'Швейцария',NULL),(1021,4032,1213,364,1,2,NULL,'Синий',NULL,NULL,0,NULL,6999,NULL,'54-56','Зима',NULL,NULL,NULL,'Молния+пуговицы'),(1022,4033,1213,364,1,2,NULL,'Зеленый',NULL,NULL,0,NULL,6499,NULL,'54-56','Зима',NULL,NULL,NULL,'Молния+пуговицы'),(1023,4034,1213,364,1,2,NULL,'Голубая',NULL,NULL,0,NULL,5499,NULL,'54-56','Зима',NULL,NULL,NULL,'Молния+пуговицы'),(1024,4035,1213,364,1,2,NULL,'Синий',NULL,NULL,0,NULL,8499,NULL,'54-56','Зима',NULL,NULL,NULL,'Молния'),(1025,4036,1213,364,1,2,NULL,'Синий',NULL,NULL,0,NULL,5799,NULL,'54-56','Зима',NULL,NULL,NULL,'Молния'),(1026,4037,1213,364,1,2,NULL,'Синий',NULL,NULL,0,NULL,2499,NULL,'54-56','Зима',NULL,NULL,NULL,'Молния'),(1027,4038,1213,364,1,2,NULL,'Серый',NULL,NULL,0,NULL,2499,NULL,'54-56','Зима',NULL,NULL,NULL,'Молния'),(1028,4039,1213,364,1,2,NULL,'Синий',NULL,NULL,0,NULL,2699,NULL,'54-56','Зима',NULL,NULL,NULL,'Молния'),(1029,4040,1212,364,1,2,NULL,'Синий',NULL,NULL,0,NULL,3040,NULL,'52-54','Лето',NULL,NULL,NULL,'Молния'),(1030,4041,1212,364,1,2,NULL,'Черный',NULL,NULL,0,NULL,2999,NULL,'54-56','Лето',NULL,NULL,NULL,'Молния'),(1031,4042,1212,364,1,2,NULL,'Розовый',NULL,NULL,0,NULL,3999,NULL,'54-56','Лето',NULL,NULL,NULL,'Молния'),(1032,4043,1212,364,1,2,NULL,'Голубая',NULL,NULL,0,NULL,3370,NULL,'52-54','Лето',NULL,NULL,NULL,'Молния'),(1033,4044,1212,364,1,2,NULL,'Коричневый',NULL,NULL,0,NULL,3445,NULL,'54-56','Лето',NULL,NULL,NULL,'Молния'),(1034,4045,1212,364,1,2,NULL,'Мультиколор',NULL,NULL,0,NULL,2970,NULL,'52-54','Лето',NULL,NULL,NULL,'Молния'),(1035,4046,1212,364,1,2,NULL,'Красный',NULL,NULL,0,NULL,3445,NULL,'48-50','Лето',NULL,NULL,NULL,'Молния+пуговицы'),(1036,4047,1212,364,1,2,NULL,'Желтый',NULL,NULL,0,NULL,827,NULL,'52-54','Лето',NULL,NULL,NULL,'Молния'),(1037,4048,1219,364,1,2,NULL,'Серый',NULL,NULL,0,NULL,7860,NULL,'54-56','Лето',NULL,NULL,NULL,'Молния'),(1038,4049,1219,364,1,2,NULL,'Коричневый',NULL,NULL,0,NULL,5033,NULL,'54-56','Лето',NULL,NULL,NULL,'Молния'),(1039,4050,1219,364,1,2,NULL,'Темно-синий, малиновый',NULL,NULL,0,NULL,5190,NULL,'54-56','Демисезон',NULL,NULL,NULL,'Молния'),(1040,4051,1219,364,1,2,NULL,'Голубая',NULL,NULL,0,NULL,4999,NULL,'54-56','Лето',NULL,NULL,NULL,'Молния'),(1041,4052,1219,364,1,2,NULL,'Черный',NULL,NULL,0,NULL,5390,NULL,'54-56','Лето',NULL,NULL,NULL,'Молния'),(1042,4053,1219,364,1,2,NULL,'Синий',NULL,NULL,0,NULL,3458,NULL,'52-54','Лето',NULL,NULL,NULL,'Молния'),(1043,4054,1219,364,1,2,NULL,'Серый',NULL,NULL,0,NULL,3467,NULL,'54-56','Лето',NULL,NULL,NULL,'Молния'),(1044,4055,1219,364,1,2,NULL,'Синий',NULL,NULL,0,NULL,4890,NULL,'54-56','Демисезон',NULL,NULL,NULL,'Молния'),(1045,4056,1220,364,1,2,NULL,'Синий',NULL,NULL,0,NULL,2480,NULL,'54-56','Лето',NULL,NULL,NULL,'Пуговицы'),(1046,4057,1220,364,1,2,NULL,'Синий',NULL,NULL,0,NULL,3500,NULL,'54-56','Лето',NULL,NULL,NULL,'Пуговицы'),(1047,4058,1220,364,1,2,NULL,'Серый',NULL,NULL,0,NULL,4700,NULL,'52-54','Лето',NULL,NULL,NULL,'Пуговицы'),(1048,4059,1220,364,1,2,NULL,'Синий',NULL,NULL,0,NULL,3490,NULL,'48-50','Лето',NULL,NULL,NULL,'Пуговицы'),(1049,4060,1220,364,1,2,NULL,'Бежевый',NULL,NULL,0,NULL,3090,NULL,'50-52','Лето',NULL,NULL,NULL,'Пуговицы'),(1050,4061,1220,364,1,2,NULL,'Серый',NULL,NULL,0,NULL,3445,NULL,'48-50','Лето',NULL,NULL,NULL,'Пуговицы'),(1051,4062,1220,364,1,2,NULL,'Голубая',NULL,NULL,0,NULL,2970,NULL,'48-50','Лето',NULL,NULL,NULL,'Пуговицы'),(1052,4063,1220,364,1,2,NULL,'Синий',NULL,NULL,0,NULL,1270,NULL,'54-56','Лето',NULL,NULL,NULL,'Пуговицы'),(1056,3908,1064,364,1,2,'BRUNO BANANI','Синий',NULL,NULL,0,NULL,3990,NULL,'52-54','Демисезон',NULL,NULL,NULL,NULL),(1057,4068,1064,364,1,2,NULL,'Синий',NULL,NULL,0,NULL,5499,NULL,'50-52','Демисезон',NULL,NULL,NULL,NULL),(1058,4069,1064,364,1,2,'RHODE ISLAND','Синий',NULL,NULL,0,NULL,2350,NULL,'52-54','Демисезон',NULL,NULL,NULL,NULL),(1059,4070,1064,364,1,2,'BRUNO BANANI','Серый',NULL,NULL,0,NULL,3450,NULL,'54-56','Демисезон',NULL,NULL,NULL,'Молния+пуговицы'),(1060,3681,1064,364,1,2,NULL,'Черный',NULL,NULL,0,NULL,6590,NULL,'54-56','Демисезон',NULL,NULL,NULL,NULL),(1061,4072,1064,364,1,2,'Kekker style','Серый',NULL,NULL,0,NULL,8950,NULL,'54-56','Демисезон',NULL,NULL,NULL,'Молния+пуговицы'),(1062,4073,1064,364,1,2,'JOHN DEVIN','Серый',NULL,NULL,0,NULL,5690,NULL,'52-54','Демисезон, зима',NULL,NULL,NULL,'Молния+пуговицы'),(1063,4074,1064,364,1,2,NULL,'Синий',NULL,NULL,0,NULL,4590,NULL,'54-56','Демисезон, зима',NULL,NULL,NULL,'Молния+пуговицы'),(1065,4076,1064,364,1,2,NULL,'Синий',NULL,NULL,0,NULL,6790,NULL,'54-56','Демисезон',NULL,NULL,NULL,'Молния+пуговицы'),(1066,4077,1064,364,1,2,'Kekker style','Синий',NULL,NULL,0,NULL,2350,NULL,'54-56','Демисезон, зима',NULL,NULL,NULL,'Молния+пуговицы'),(1067,4078,1064,364,1,2,'Kekker style','Серый',NULL,NULL,0,NULL,4590,NULL,'54-56','Демисезон, зима',NULL,NULL,NULL,'Молния+пуговицы'),(1068,4079,1064,364,1,2,'Kekker style','Синий',NULL,NULL,0,NULL,8950,NULL,'54-56','Демисезон',NULL,NULL,NULL,'Молния+пуговицы'),(1069,4080,1207,365,1,2,'Bell',NULL,NULL,NULL,0,NULL,2300,NULL,NULL,NULL,NULL,NULL,NULL,NULL),(1070,4081,1207,365,1,2,'Bell',NULL,NULL,NULL,0,NULL,149,NULL,NULL,NULL,NULL,NULL,NULL,NULL),(1071,4082,1207,365,1,2,'Bell',NULL,NULL,NULL,0,NULL,310,NULL,NULL,NULL,NULL,NULL,NULL,NULL),(1072,4083,1207,365,1,2,'L`Oreal',NULL,NULL,NULL,0,NULL,440,NULL,NULL,NULL,NULL,NULL,NULL,NULL),(1073,4084,1207,365,1,2,'L`Oreal',NULL,NULL,NULL,0,NULL,430,NULL,NULL,NULL,NULL,NULL,NULL,NULL),(1074,4085,1207,365,1,2,'Maybelline New York',NULL,NULL,NULL,0,NULL,220,NULL,NULL,NULL,NULL,NULL,NULL,NULL),(1075,4086,1207,365,1,2,'Rimmel',NULL,NULL,NULL,0,NULL,300,NULL,NULL,NULL,NULL,NULL,NULL,NULL),(1076,4087,1207,365,1,2,'Rimmel',NULL,NULL,NULL,0,NULL,390,NULL,NULL,NULL,NULL,NULL,NULL,NULL),(1077,4088,1207,365,1,2,'NOUBA',NULL,NULL,NULL,0,NULL,1099,NULL,NULL,NULL,NULL,NULL,NULL,NULL),(1078,4089,1207,365,1,2,'MAX FACTOR',NULL,NULL,NULL,0,NULL,350,NULL,NULL,NULL,NULL,NULL,NULL,NULL),(1079,4090,1207,365,1,2,'Revlon',NULL,NULL,NULL,0,NULL,390,NULL,NULL,NULL,NULL,NULL,NULL,NULL),(1080,4091,1207,365,1,2,'Bell',NULL,NULL,NULL,0,NULL,210,NULL,NULL,NULL,NULL,NULL,NULL,NULL),(1081,4092,1207,365,1,2,'LUXVISAGE',NULL,NULL,NULL,0,NULL,280,NULL,NULL,NULL,NULL,NULL,NULL,NULL),(1087,4098,1202,372,1,2,NULL,'Черный',NULL,NULL,0,NULL,18990,'RICCI',NULL,NULL,NULL,'Механическое',NULL,NULL),(1088,4099,1202,372,1,2,NULL,'Серый',NULL,NULL,0,NULL,16900,'Hansa',NULL,NULL,NULL,'Механическое',NULL,NULL),(1089,4100,1202,372,1,2,NULL,'Черный',NULL,NULL,0,NULL,12900,'Hansa',NULL,NULL,NULL,'Механическое',NULL,NULL),(1090,4101,1202,372,1,2,NULL,'Серый',NULL,NULL,0,NULL,25900,'Bosch',NULL,NULL,NULL,'Электронный',NULL,NULL),(1091,4102,1202,372,1,2,NULL,'Серый',NULL,NULL,0,NULL,27900,'Samsung',NULL,NULL,NULL,'Электронный',NULL,NULL),(1092,4103,1202,372,1,2,NULL,'Антрацит',NULL,NULL,0,NULL,145500,'Asko',NULL,NULL,NULL,'Сенсорный',NULL,NULL),(1093,4104,1202,372,1,2,NULL,'Бежевый',NULL,NULL,0,NULL,15900,'Darina',NULL,NULL,NULL,'Механическое',NULL,NULL),(1094,4105,1202,372,1,2,NULL,'Лед',NULL,NULL,0,NULL,60999,'Hotpoint-Ariston',NULL,NULL,NULL,'Поворотные переключатели',NULL,NULL),(1095,4106,1203,374,1,2,'LG',NULL,NULL,NULL,0,NULL,24900,NULL,NULL,NULL,NULL,NULL,NULL,NULL),(1096,4107,1203,374,1,2,'Bosch',NULL,NULL,NULL,0,NULL,22000,NULL,NULL,NULL,NULL,NULL,NULL,NULL),(1097,4108,1203,374,1,2,'Indesit',NULL,NULL,NULL,0,NULL,15499,NULL,NULL,NULL,NULL,NULL,NULL,NULL),(1098,4109,1203,374,1,2,'Bosch',NULL,NULL,NULL,0,NULL,29999,NULL,NULL,NULL,NULL,NULL,NULL,NULL),(1099,4110,1203,374,1,2,'SAMSUNG',NULL,NULL,NULL,0,NULL,27999,NULL,NULL,NULL,NULL,NULL,NULL,NULL),(1100,4111,1203,374,1,2,'BEKO',NULL,NULL,NULL,0,NULL,12499,NULL,NULL,NULL,NULL,NULL,NULL,NULL),(1101,4112,1203,374,1,2,'ZANUSSI',NULL,NULL,NULL,0,NULL,25999,NULL,NULL,NULL,NULL,NULL,NULL,NULL),(1102,4113,1203,374,1,2,'SHARP',NULL,NULL,NULL,0,NULL,184999,NULL,NULL,NULL,NULL,NULL,NULL,NULL),(1103,4114,1204,375,1,2,NULL,NULL,NULL,NULL,0,NULL,6999,NULL,NULL,NULL,NULL,NULL,NULL,NULL),(1104,4115,1204,375,1,2,NULL,NULL,NULL,NULL,0,NULL,2799,NULL,NULL,NULL,NULL,NULL,NULL,NULL),(1105,4116,1204,375,1,2,NULL,NULL,NULL,NULL,0,NULL,19990,NULL,NULL,NULL,NULL,NULL,NULL,NULL),(1106,4117,1204,375,1,2,NULL,NULL,NULL,NULL,0,NULL,3499,NULL,NULL,NULL,NULL,NULL,NULL,NULL),(1107,4118,1204,375,1,2,NULL,NULL,NULL,NULL,0,NULL,4999,NULL,NULL,NULL,NULL,NULL,NULL,NULL),(1108,4119,1204,375,1,2,NULL,NULL,NULL,NULL,0,NULL,14999,NULL,NULL,NULL,NULL,NULL,NULL,NULL),(1109,4120,1204,375,1,2,NULL,NULL,NULL,NULL,0,NULL,8299,NULL,NULL,NULL,NULL,NULL,NULL,NULL),(1110,4121,1204,375,1,2,NULL,NULL,NULL,NULL,0,NULL,4999,NULL,NULL,NULL,NULL,NULL,NULL,NULL),(1111,4122,1205,377,1,2,NULL,NULL,NULL,NULL,0,'Двухкамерный',17999,NULL,NULL,NULL,NULL,NULL,NULL,NULL),(1112,4123,1205,377,1,2,NULL,NULL,NULL,NULL,0,'Двухкамерный',37999,NULL,NULL,NULL,NULL,NULL,NULL,NULL),(1113,4124,1205,377,1,2,NULL,NULL,NULL,NULL,0,'Двухкамерный',45699,NULL,NULL,NULL,NULL,NULL,NULL,NULL),(1114,4125,1205,377,1,2,NULL,NULL,NULL,NULL,0,'Трехкамерный',89959,NULL,NULL,NULL,NULL,NULL,NULL,NULL),(1115,4126,1205,377,1,2,NULL,NULL,NULL,NULL,0,'Двухкамерный',36999,NULL,NULL,NULL,NULL,NULL,NULL,NULL),(1116,4127,1205,377,1,2,NULL,NULL,NULL,NULL,0,'Двухкамерный',32899,NULL,NULL,NULL,NULL,NULL,NULL,NULL),(1117,4128,1205,377,1,2,NULL,NULL,NULL,NULL,0,'Двухкамерный',76999,NULL,NULL,NULL,NULL,NULL,NULL,NULL),(1118,4129,1205,377,1,2,NULL,NULL,NULL,NULL,0,'Двухкамерный',24299,NULL,NULL,NULL,NULL,NULL,NULL,NULL),(1119,4130,1214,378,1,2,NULL,NULL,NULL,NULL,0,NULL,2970,NULL,NULL,NULL,NULL,NULL,NULL,NULL),(1120,4131,1214,378,1,2,NULL,NULL,NULL,NULL,0,NULL,2399,NULL,NULL,NULL,NULL,NULL,NULL,NULL),(1121,4132,1214,378,1,2,NULL,NULL,NULL,NULL,0,NULL,3599,NULL,NULL,NULL,NULL,NULL,NULL,NULL),(1122,4133,1214,378,1,2,NULL,NULL,NULL,NULL,0,NULL,2999,NULL,NULL,NULL,NULL,NULL,NULL,NULL),(1123,4134,1214,378,1,2,NULL,NULL,NULL,NULL,0,NULL,2999,NULL,NULL,NULL,NULL,NULL,NULL,NULL),(1124,4135,1214,378,1,2,NULL,NULL,NULL,NULL,0,NULL,3999,NULL,NULL,NULL,NULL,NULL,NULL,NULL),(1125,4136,1214,378,1,2,NULL,NULL,NULL,NULL,0,NULL,1999,NULL,NULL,NULL,NULL,NULL,NULL,NULL),(1126,4137,1214,378,1,2,NULL,NULL,NULL,NULL,0,NULL,3337,NULL,NULL,NULL,NULL,NULL,NULL,NULL),(1127,4138,1208,379,1,2,NULL,NULL,NULL,NULL,0,NULL,3780,NULL,NULL,NULL,NULL,NULL,NULL,NULL),(1128,4139,1208,379,1,2,NULL,NULL,NULL,NULL,0,NULL,2100,NULL,NULL,NULL,NULL,NULL,NULL,NULL),(1129,4140,1208,379,1,2,NULL,NULL,NULL,NULL,0,NULL,598,NULL,NULL,NULL,NULL,NULL,NULL,NULL),(1130,4141,1208,379,1,2,NULL,NULL,NULL,NULL,0,NULL,1824,NULL,NULL,NULL,NULL,NULL,NULL,NULL),(1131,4142,1208,379,1,2,NULL,NULL,NULL,NULL,0,NULL,708,NULL,NULL,NULL,NULL,NULL,NULL,NULL),(1132,4143,1208,379,1,2,NULL,NULL,NULL,NULL,0,NULL,1297,NULL,NULL,NULL,NULL,NULL,NULL,NULL),(1133,4144,1208,379,1,2,NULL,NULL,NULL,NULL,0,NULL,269,NULL,NULL,NULL,NULL,NULL,NULL,NULL),(1134,4145,1208,379,1,2,NULL,NULL,NULL,NULL,0,NULL,1084,NULL,NULL,NULL,NULL,NULL,NULL,NULL),(1135,4146,1209,379,1,2,NULL,NULL,NULL,NULL,0,NULL,132,NULL,NULL,NULL,NULL,NULL,NULL,NULL),(1136,4147,1209,379,1,2,NULL,NULL,NULL,NULL,0,NULL,337,NULL,NULL,NULL,NULL,NULL,NULL,NULL),(1137,4148,1209,379,1,2,NULL,NULL,NULL,NULL,0,NULL,588,NULL,NULL,NULL,NULL,NULL,NULL,NULL),(1138,4149,1209,379,1,2,NULL,NULL,NULL,NULL,0,NULL,393,NULL,NULL,NULL,NULL,NULL,NULL,NULL),(1139,4150,1209,379,1,2,NULL,NULL,NULL,NULL,0,NULL,998,NULL,NULL,NULL,NULL,NULL,NULL,NULL),(1140,4151,1209,379,1,2,NULL,NULL,NULL,NULL,0,NULL,337,NULL,NULL,NULL,NULL,NULL,NULL,NULL),(1141,4152,1209,379,1,2,NULL,NULL,NULL,NULL,0,NULL,393,NULL,NULL,NULL,NULL,NULL,NULL,NULL),(1142,4153,1209,379,1,2,NULL,NULL,NULL,NULL,0,NULL,337,NULL,NULL,NULL,NULL,NULL,NULL,NULL),(1143,4154,1210,381,1,2,NULL,NULL,NULL,NULL,0,NULL,2600,NULL,NULL,NULL,NULL,NULL,NULL,NULL),(1144,4155,1210,381,1,2,NULL,NULL,NULL,NULL,0,NULL,3500,NULL,NULL,NULL,NULL,NULL,NULL,NULL),(1145,4156,1210,381,1,2,NULL,NULL,NULL,NULL,0,NULL,5000,NULL,NULL,NULL,NULL,NULL,NULL,NULL),(1146,4157,1210,381,1,2,NULL,NULL,NULL,NULL,0,NULL,2465,NULL,NULL,NULL,NULL,NULL,NULL,NULL),(1147,4158,1210,381,1,2,NULL,NULL,NULL,NULL,0,NULL,4562,NULL,NULL,NULL,NULL,NULL,NULL,NULL),(1148,4159,1210,381,1,2,NULL,NULL,NULL,NULL,0,NULL,2580,NULL,NULL,NULL,NULL,NULL,NULL,NULL),(1149,4160,1210,381,1,2,NULL,NULL,NULL,NULL,0,NULL,7500,NULL,NULL,NULL,NULL,NULL,NULL,NULL),(1150,4161,1210,381,1,2,NULL,NULL,NULL,NULL,0,NULL,9000,NULL,NULL,NULL,NULL,NULL,NULL,NULL),(1151,4162,1179,383,1,2,'Yedoo',NULL,NULL,NULL,0,NULL,10000,NULL,NULL,NULL,NULL,NULL,NULL,NULL),(1152,4163,1179,383,1,2,'Trolo Raptor',NULL,NULL,NULL,0,NULL,12500,NULL,NULL,NULL,NULL,NULL,NULL,NULL),(1153,4164,1179,383,1,2,'MICRO SPEED',NULL,NULL,NULL,0,NULL,7860,NULL,NULL,NULL,NULL,NULL,NULL,NULL),(1154,4165,1179,383,1,2,'Micro Suspension',NULL,NULL,NULL,0,NULL,8999,NULL,NULL,NULL,NULL,NULL,NULL,NULL),(1155,4166,1179,383,1,2,'Razor',NULL,NULL,NULL,0,NULL,15000,NULL,NULL,NULL,NULL,NULL,NULL,NULL),(1156,4167,1179,383,1,2,'Weelz Rock',NULL,NULL,NULL,0,NULL,9800,NULL,NULL,NULL,NULL,NULL,NULL,NULL),(1157,4168,1179,383,1,2,'HUDORA',NULL,NULL,NULL,0,NULL,17900,NULL,NULL,NULL,NULL,NULL,NULL,NULL),(1158,4169,1179,383,1,2,'Xootr',NULL,NULL,NULL,0,NULL,11800,NULL,NULL,NULL,NULL,NULL,NULL,NULL),(1182,4193,1181,87,1,2,NULL,NULL,NULL,NULL,0,NULL,29200,NULL,NULL,NULL,NULL,NULL,NULL,NULL),(1183,4194,1181,87,1,2,NULL,NULL,NULL,NULL,0,NULL,47900,NULL,NULL,NULL,NULL,NULL,NULL,NULL),(1184,4195,1181,87,1,2,NULL,NULL,NULL,NULL,0,NULL,18000,NULL,NULL,NULL,NULL,NULL,NULL,NULL),(1185,4196,1181,87,1,2,NULL,NULL,NULL,NULL,0,NULL,17900,NULL,NULL,NULL,NULL,NULL,NULL,NULL),(1187,4198,1186,87,1,2,NULL,NULL,NULL,NULL,0,NULL,18000,NULL,NULL,NULL,NULL,NULL,NULL,NULL);
/*!40000 ALTER TABLE `cms3_filter_index_56_pages_1161` ENABLE KEYS */;
UNLOCK TABLES;

--
-- Table structure for table `cms3_filter_index_56_pages_228`
--

DROP TABLE IF EXISTS `cms3_filter_index_56_pages_228`;
/*!40101 SET @saved_cs_client     = @@character_set_client */;
/*!50503 SET character_set_client = utf8mb4 */;
CREATE TABLE `cms3_filter_index_56_pages_228` (
  `id` int unsigned NOT NULL,
  `obj_id` int unsigned NOT NULL,
  `parent_id` int unsigned NOT NULL,
  `type_id` int unsigned NOT NULL,
  `lang_id` int unsigned NOT NULL,
  `domain_id` int unsigned NOT NULL,
  `brend` varchar(255) DEFAULT NULL,
  `cvet` varchar(255) DEFAULT NULL,
  `cvet_korpusa` varchar(255) DEFAULT NULL,
  `material_korpusa` varchar(255) DEFAULT NULL,
  `nalichie_budilnika` tinyint(1) DEFAULT '0',
  `naznachenie` varchar(255) DEFAULT NULL,
  `novoe_pole` varchar(255) DEFAULT NULL,
  `obem_upakovki` double DEFAULT NULL,
  `price` double DEFAULT '0',
  `proizvoditel` varchar(255) DEFAULT NULL,
  `razmer` varchar(255) DEFAULT NULL,
  `razmer_pitomca` varchar(255) DEFAULT NULL,
  `razmer_ramy_dyujmy` double DEFAULT NULL,
  `sezon` varchar(255) DEFAULT NULL,
  `sostav_napolnitelya` varchar(255) DEFAULT NULL,
  `steklo` varchar(255) DEFAULT NULL,
  `tip` varchar(255) DEFAULT NULL,
  `tip_mehanizma` varchar(255) DEFAULT NULL,
  `ves` double DEFAULT NULL,
  `ves_upakovki` double DEFAULT NULL,
  `ves_velosipeda` double DEFAULT NULL,
  `vid` varchar(255) DEFAULT NULL,
  `vmestimost` bigint DEFAULT NULL,
  `vozrast` varchar(255) DEFAULT NULL,
  `vysota` double DEFAULT NULL,
  `zastezhka` varchar(255) DEFAULT NULL,
  PRIMARY KEY (`id`),
  KEY `obj_id` (`obj_id`),
  KEY `parent_id` (`parent_id`),
  KEY `type_id` (`type_id`),
  KEY `lang_id` (`lang_id`),
  KEY `domain_id` (`domain_id`),
  KEY `brend` (`brend`),
  KEY `cvet` (`cvet`),
  KEY `cvet_korpusa` (`cvet_korpusa`),
  KEY `material_korpusa` (`material_korpusa`),
  KEY `naznachenie` (`naznachenie`),
  KEY `novoe_pole` (`novoe_pole`),
  KEY `obem_upakovki` (`obem_upakovki`),
  KEY `price` (`price`),
  KEY `proizvoditel` (`proizvoditel`),
  KEY `razmer` (`razmer`),
  KEY `razmer_pitomca` (`razmer_pitomca`),
  KEY `razmer_ramy_dyujmy` (`razmer_ramy_dyujmy`),
  KEY `sezon` (`sezon`),
  KEY `sostav_napolnitelya` (`sostav_napolnitelya`),
  KEY `steklo` (`steklo`),
  KEY `tip` (`tip`),
  KEY `tip_mehanizma` (`tip_mehanizma`),
  KEY `ves` (`ves`),
  KEY `ves_upakovki` (`ves_upakovki`),
  KEY `ves_velosipeda` (`ves_velosipeda`),
  KEY `vid` (`vid`),
  KEY `vmestimost` (`vmestimost`),
  KEY `vozrast` (`vozrast`),
  KEY `vysota` (`vysota`),
  KEY `zastezhka` (`zastezhka`)
) ENGINE=InnoDB DEFAULT CHARSET=utf8mb3;
/*!40101 SET character_set_client = @saved_cs_client */;

--
-- Dumping data for table `cms3_filter_index_56_pages_228`
--

LOCK TABLES `cms3_filter_index_56_pages_228` WRITE;
/*!40000 ALTER TABLE `cms3_filter_index_56_pages_228` DISABLE KEYS */;
INSERT INTO `cms3_filter_index_56_pages_228` VALUES (1,1407,248,135,1,1,NULL,NULL,'Серый','Нержавеющая сталь',0,NULL,'Jacques Lemans',NULL,13900,NULL,NULL,NULL,NULL,NULL,NULL,'Минеральное',NULL,'Китай',NULL,NULL,NULL,NULL,NULL,NULL,NULL,NULL),(2,1408,253,135,1,1,NULL,NULL,'Золотой','Нержавеющая сталь + PVD покрытие',0,NULL,'Epos',NULL,70550,NULL,NULL,NULL,NULL,NULL,NULL,'Сапфировое',NULL,'Швейцария',NULL,NULL,NULL,NULL,NULL,NULL,NULL,NULL),(3,1409,248,135,1,1,NULL,NULL,NULL,'Титан',0,NULL,'Hublot',NULL,49800,NULL,NULL,NULL,NULL,NULL,NULL,'Сапфировое',NULL,'Швейцария',NULL,NULL,NULL,NULL,NULL,NULL,NULL,NULL),(4,1410,248,135,1,1,NULL,NULL,'Черный','Нержавеющая сталь',0,NULL,'Suunto',NULL,14690,NULL,NULL,NULL,NULL,NULL,NULL,'Минеральное',NULL,'Финляндия',NULL,NULL,NULL,NULL,NULL,NULL,NULL,NULL),(5,1411,248,135,1,1,NULL,NULL,'Синий','Пластик',0,NULL,'Timex',NULL,8120,NULL,NULL,NULL,NULL,NULL,NULL,'Пластик',NULL,'США',NULL,NULL,NULL,NULL,NULL,NULL,NULL,NULL),(6,1412,253,135,1,1,NULL,NULL,'Белый','Нержавеющая сталь + PVD покрытие',1,NULL,'Victorinox Swiss Army',NULL,34700,NULL,NULL,NULL,NULL,NULL,NULL,'Сапфировое',NULL,'США',NULL,NULL,NULL,NULL,NULL,NULL,NULL,NULL),(7,1413,253,135,1,1,NULL,NULL,'Белый','Нержавеющая сталь',0,NULL,'Seiko',NULL,22900,NULL,NULL,NULL,NULL,NULL,NULL,'Сапфировое',NULL,'Япония',NULL,NULL,NULL,NULL,NULL,NULL,NULL,NULL),(8,1414,253,135,1,1,NULL,NULL,'Черный','Керамика',0,NULL,'Candino',NULL,19900,NULL,NULL,NULL,NULL,NULL,NULL,'Сапфировое',NULL,'Швейцария',NULL,NULL,NULL,NULL,NULL,NULL,NULL,NULL),(9,1415,253,135,1,1,NULL,NULL,'Золотой','Нержавеющая сталь',0,NULL,'Michael Kors',NULL,11500,NULL,NULL,NULL,NULL,NULL,NULL,'Минеральное',NULL,'Китай',NULL,NULL,NULL,NULL,NULL,NULL,NULL,NULL),(10,1416,253,135,1,1,NULL,NULL,'Черный','Пластик',1,NULL,'Posio',NULL,3790,NULL,NULL,NULL,NULL,NULL,NULL,'Пластик',NULL,'Япония',NULL,NULL,NULL,NULL,NULL,NULL,NULL,NULL),(11,1417,253,135,1,1,NULL,NULL,'Серый','Нержавеющая сталь',0,NULL,'Jacques Lemans',NULL,13400,NULL,NULL,NULL,NULL,NULL,NULL,'Минеральное',NULL,'Китай',NULL,NULL,NULL,NULL,NULL,NULL,NULL,NULL),(12,1418,248,135,1,1,NULL,NULL,'Золотой','Нержавеющая сталь + PVD покрытие',0,NULL,'Epos',NULL,58055,NULL,NULL,NULL,NULL,NULL,NULL,'Сапфировое',NULL,'Швейцария',NULL,NULL,NULL,NULL,NULL,NULL,NULL,NULL),(13,1419,248,135,1,1,NULL,NULL,NULL,'Титан',0,NULL,'Hublot',NULL,40500,NULL,NULL,NULL,NULL,NULL,NULL,'Сапфировое',NULL,'Швейцария',NULL,NULL,NULL,NULL,NULL,NULL,NULL,NULL),(14,1420,248,135,1,1,NULL,NULL,'Черный','Нержавеющая сталь',0,NULL,'Suunto',NULL,11690,NULL,NULL,NULL,NULL,NULL,NULL,'Минеральное',NULL,'Финляндия',NULL,NULL,NULL,NULL,NULL,NULL,NULL,NULL),(15,1421,248,135,1,1,NULL,NULL,'Синий','Пластик',0,NULL,'Timex',NULL,6190,NULL,NULL,NULL,NULL,NULL,NULL,'Пластик',NULL,'США',NULL,NULL,NULL,NULL,NULL,NULL,NULL,NULL),(16,1422,248,135,1,1,NULL,NULL,'Серый','Нержавеющая сталь',0,NULL,'Jacques Lemans',NULL,15000,NULL,NULL,NULL,NULL,NULL,NULL,'Минеральное',NULL,'Китай',NULL,NULL,NULL,NULL,NULL,NULL,NULL,NULL),(17,1423,248,135,1,1,NULL,NULL,'Золотой','Нержавеющая сталь + PVD покрытие',0,NULL,'Epos',NULL,78550,NULL,NULL,NULL,NULL,NULL,NULL,'Сапфировое',NULL,'Швейцария',NULL,NULL,NULL,NULL,NULL,NULL,NULL,NULL),(18,1424,248,135,1,1,NULL,NULL,'Золотой','Нержавеющая сталь + PVD покрытие',0,NULL,'Epos',NULL,70550,NULL,NULL,NULL,NULL,NULL,NULL,'Сапфировое',NULL,'Швейцария',NULL,NULL,NULL,NULL,NULL,NULL,NULL,NULL),(19,1425,231,144,1,1,NULL,'Красный',NULL,NULL,0,'Женский',NULL,NULL,9900,NULL,NULL,NULL,9,NULL,NULL,NULL,'Городской',NULL,NULL,NULL,5,'Хардтейл',NULL,NULL,NULL,NULL),(20,1365,231,144,1,1,NULL,'Красный',NULL,NULL,0,'Унисекс',NULL,NULL,8900,NULL,NULL,NULL,10,NULL,NULL,NULL,'Городской',NULL,NULL,NULL,4,'Хардтейл',NULL,NULL,NULL,NULL),(21,1427,231,144,1,1,NULL,'Красный',NULL,NULL,0,'Женский',NULL,NULL,8900,NULL,NULL,NULL,9,NULL,NULL,NULL,'Городской',NULL,NULL,NULL,5,'Хардтейл',NULL,NULL,NULL,NULL),(22,1428,231,144,1,1,NULL,'Красный',NULL,NULL,0,'Унисекс',NULL,NULL,11900,NULL,NULL,NULL,10,NULL,NULL,NULL,'Городской',NULL,NULL,NULL,4,'Хардтейл',NULL,NULL,NULL,NULL),(23,1429,231,144,1,1,NULL,'Красный',NULL,NULL,0,'Унисекс',NULL,NULL,5500,NULL,NULL,NULL,8,NULL,NULL,NULL,'Городской',NULL,NULL,NULL,6,'Хардтейл',NULL,NULL,NULL,NULL),(24,1430,231,144,1,1,NULL,'Красный',NULL,NULL,0,'Женский',NULL,NULL,9400,NULL,NULL,NULL,9,NULL,NULL,NULL,'Городской',NULL,NULL,NULL,5,'Хардтейл',NULL,NULL,NULL,NULL),(25,1431,231,144,1,1,NULL,'Красный',NULL,NULL,0,'Унисекс',NULL,NULL,8900,NULL,NULL,NULL,10,NULL,NULL,NULL,'Городской',NULL,NULL,NULL,4,'Хардтейл',NULL,NULL,NULL,NULL),(26,1432,231,144,1,1,NULL,'Красный',NULL,NULL,0,'Унисекс',NULL,NULL,13000,NULL,NULL,NULL,10,NULL,NULL,NULL,'Городской',NULL,NULL,NULL,4,'Хардтейл',NULL,NULL,NULL,NULL),(27,1433,231,144,1,1,NULL,'Красный',NULL,NULL,0,'Женский',NULL,NULL,12000,NULL,NULL,NULL,9,NULL,NULL,NULL,'Городской',NULL,NULL,NULL,5,'Хардтейл',NULL,NULL,NULL,NULL),(28,1434,231,144,1,1,NULL,'Красный',NULL,NULL,0,'Унисекс',NULL,NULL,12900,NULL,NULL,NULL,10,NULL,NULL,NULL,'Городской',NULL,NULL,NULL,4,'Хардтейл',NULL,NULL,NULL,NULL),(29,1435,230,144,1,1,NULL,'Бирюзовый',NULL,NULL,0,'Женский',NULL,NULL,19990,NULL,NULL,NULL,18,NULL,NULL,NULL,'Дорожный',NULL,NULL,NULL,13,'Хардтейл',NULL,NULL,NULL,NULL),(30,1436,231,144,1,1,NULL,'Красный',NULL,NULL,0,'Унисекс',NULL,NULL,5900,NULL,NULL,NULL,8,NULL,NULL,NULL,'Городской',NULL,NULL,NULL,6,'Хардтейл',NULL,NULL,NULL,NULL),(31,1437,230,144,1,1,NULL,'Черный',NULL,NULL,0,'Женский',NULL,NULL,22900,NULL,NULL,NULL,21,NULL,NULL,NULL,'Дорожный',NULL,NULL,NULL,12,'Дорожный',NULL,NULL,NULL,NULL),(32,1367,230,144,1,1,NULL,'Черный',NULL,NULL,0,'Мужской',NULL,NULL,14990,NULL,NULL,NULL,18,NULL,NULL,NULL,'Городской',NULL,NULL,NULL,11,'Хардтейл',NULL,NULL,NULL,NULL),(33,1360,230,144,1,1,NULL,'Зеленый',NULL,NULL,0,'Мужской',NULL,NULL,39900,NULL,NULL,NULL,19,NULL,NULL,NULL,'Дорожный',NULL,NULL,NULL,12,'Хардтейл',NULL,NULL,NULL,NULL),(34,1440,230,144,1,1,NULL,'Красный',NULL,NULL,0,'Унисекс',NULL,NULL,18990,NULL,NULL,NULL,20,NULL,NULL,NULL,'Дорожный',NULL,NULL,NULL,11,'Двухподвес',NULL,NULL,NULL,NULL),(35,1441,230,144,1,1,NULL,'Бирюзовый',NULL,NULL,0,'Женский',NULL,NULL,13990,NULL,NULL,NULL,18,NULL,NULL,NULL,'Дорожный',NULL,NULL,NULL,13,'Хардтейл',NULL,NULL,NULL,NULL),(36,1363,230,144,1,1,NULL,'Серый',NULL,NULL,0,'Женский',NULL,NULL,32900,NULL,NULL,NULL,21,NULL,NULL,NULL,'Дорожный',NULL,NULL,NULL,9,'Двухподвес',NULL,NULL,NULL,NULL),(37,1443,230,144,1,1,NULL,'Зеленый',NULL,NULL,0,'Мужской',NULL,NULL,69900,NULL,NULL,NULL,20,NULL,NULL,NULL,'Горный',NULL,NULL,NULL,13,'Хардтейл',NULL,NULL,NULL,NULL),(38,1444,230,144,1,1,NULL,'Красный',NULL,NULL,0,'Унисекс',NULL,NULL,17990,NULL,NULL,NULL,20,NULL,NULL,NULL,'Дорожный',NULL,NULL,NULL,11,'Двухподвес',NULL,NULL,NULL,NULL),(39,1445,230,144,1,1,NULL,'Зеленый',NULL,NULL,0,'Мужской',NULL,NULL,79900,NULL,NULL,NULL,19,NULL,NULL,NULL,'Дорожный',NULL,NULL,NULL,12,'Хардтейл',NULL,NULL,NULL,NULL),(40,1372,230,144,1,1,NULL,'Серый',NULL,NULL,0,'Женский',NULL,NULL,38900,NULL,NULL,NULL,21,NULL,NULL,NULL,'Дорожный',NULL,NULL,NULL,9,'Двухподвес',NULL,NULL,NULL,NULL),(41,1447,230,144,1,1,NULL,'Зеленый',NULL,NULL,0,'Мужской',NULL,NULL,32900,NULL,NULL,NULL,19,NULL,NULL,NULL,'Дорожный',NULL,NULL,NULL,12,'Хардтейл',NULL,NULL,NULL,NULL),(42,1448,230,144,1,1,NULL,'Зеленый',NULL,NULL,0,'Мужской',NULL,NULL,49900,NULL,NULL,NULL,20,NULL,NULL,NULL,'Горный',NULL,NULL,NULL,13,'Хардтейл',NULL,NULL,NULL,NULL),(43,1449,230,144,1,1,NULL,'Черный',NULL,NULL,0,'Женский',NULL,NULL,24900,NULL,NULL,NULL,21,NULL,NULL,NULL,'Дорожный',NULL,NULL,NULL,12,'Дорожный',NULL,NULL,NULL,NULL),(44,1450,230,144,1,1,NULL,'Зеленый',NULL,NULL,0,'Мужской',NULL,NULL,56900,NULL,NULL,NULL,20,NULL,NULL,NULL,'Горный',NULL,NULL,NULL,13,'Хардтейл',NULL,NULL,NULL,NULL),(45,1451,258,150,1,1,NULL,NULL,NULL,NULL,0,NULL,NULL,NULL,950,NULL,NULL,'Любой размер',NULL,NULL,NULL,NULL,NULL,NULL,NULL,1500,NULL,NULL,NULL,'Взрослые',NULL,NULL),(46,1452,258,150,1,1,NULL,NULL,NULL,NULL,0,NULL,NULL,NULL,900,NULL,NULL,NULL,NULL,NULL,NULL,NULL,NULL,NULL,NULL,3200,NULL,NULL,NULL,'Взрослые',NULL,NULL),(47,1453,258,150,1,1,NULL,NULL,NULL,NULL,0,NULL,NULL,NULL,1100,NULL,NULL,NULL,NULL,NULL,NULL,NULL,NULL,NULL,NULL,2000,NULL,NULL,NULL,'Взрослые',NULL,NULL),(48,1454,258,150,1,1,NULL,NULL,NULL,NULL,0,NULL,NULL,NULL,1210,NULL,NULL,NULL,NULL,NULL,NULL,NULL,NULL,NULL,NULL,2720,NULL,NULL,NULL,'Взрослые',NULL,NULL),(49,1455,258,150,1,1,NULL,NULL,NULL,NULL,0,NULL,NULL,NULL,2280,NULL,NULL,NULL,NULL,NULL,NULL,NULL,NULL,NULL,NULL,3630,NULL,NULL,NULL,'Любой',NULL,NULL),(50,1456,259,150,1,1,NULL,NULL,NULL,NULL,0,NULL,NULL,NULL,810,NULL,NULL,NULL,NULL,NULL,NULL,NULL,NULL,NULL,NULL,1020,NULL,NULL,NULL,'Взрослые',NULL,NULL),(51,1457,259,150,1,1,NULL,NULL,NULL,NULL,0,NULL,NULL,NULL,1190,NULL,NULL,NULL,NULL,NULL,NULL,NULL,NULL,NULL,NULL,2400,NULL,NULL,NULL,'Взрослые',NULL,NULL),(52,1458,259,150,1,1,NULL,NULL,NULL,NULL,0,NULL,NULL,NULL,1320,NULL,NULL,NULL,NULL,NULL,NULL,NULL,NULL,NULL,NULL,2040,NULL,NULL,NULL,'Любой',NULL,NULL),(53,1459,259,150,1,1,NULL,NULL,NULL,NULL,0,NULL,NULL,NULL,1500,NULL,NULL,NULL,NULL,NULL,NULL,NULL,NULL,NULL,NULL,1190,NULL,NULL,NULL,'Взрослые',NULL,NULL),(54,1460,259,150,1,1,NULL,NULL,NULL,NULL,0,NULL,NULL,NULL,4100,NULL,NULL,NULL,NULL,NULL,NULL,NULL,NULL,NULL,NULL,3840,NULL,NULL,NULL,'Взрослые',NULL,NULL),(55,1461,266,150,1,1,NULL,NULL,NULL,NULL,0,NULL,NULL,NULL,190,NULL,NULL,NULL,NULL,NULL,NULL,NULL,NULL,NULL,NULL,60,NULL,NULL,NULL,NULL,NULL,NULL),(56,1462,266,150,1,1,NULL,NULL,NULL,NULL,0,NULL,NULL,NULL,389,NULL,NULL,NULL,NULL,NULL,NULL,NULL,NULL,NULL,NULL,700,NULL,NULL,NULL,NULL,NULL,NULL),(57,1463,266,150,1,1,NULL,NULL,NULL,NULL,0,NULL,NULL,NULL,410,NULL,NULL,'Малый и средний',NULL,NULL,NULL,NULL,NULL,NULL,NULL,700,NULL,NULL,NULL,'Любой',NULL,NULL),(58,1464,266,150,1,1,NULL,NULL,NULL,NULL,0,NULL,NULL,NULL,99,NULL,NULL,'Любой размер',NULL,NULL,NULL,NULL,NULL,NULL,NULL,30,NULL,NULL,NULL,'Любой',NULL,NULL),(59,1465,266,150,1,1,NULL,NULL,NULL,NULL,0,NULL,NULL,NULL,80,NULL,NULL,'Любой размер',NULL,NULL,NULL,NULL,NULL,NULL,NULL,400,NULL,NULL,NULL,'Взрослые',NULL,NULL),(60,1466,257,154,1,1,NULL,NULL,NULL,NULL,0,NULL,NULL,4.5,154,NULL,NULL,NULL,NULL,NULL,'Древесина',NULL,NULL,NULL,3,NULL,NULL,NULL,NULL,NULL,NULL,NULL),(61,1467,257,154,1,1,NULL,NULL,NULL,NULL,0,NULL,NULL,4.54,119,NULL,NULL,NULL,NULL,NULL,'Древесина',NULL,NULL,NULL,2.31,NULL,NULL,NULL,NULL,NULL,NULL,NULL),(62,1468,257,154,1,1,NULL,NULL,NULL,NULL,0,NULL,NULL,10,480,NULL,NULL,NULL,NULL,NULL,'Хлопок',NULL,NULL,NULL,0.96,NULL,NULL,NULL,NULL,NULL,NULL,NULL),(63,1469,257,154,1,1,NULL,NULL,NULL,NULL,0,NULL,NULL,16,1790,NULL,NULL,NULL,NULL,NULL,'Глина + мин. добавки',NULL,NULL,NULL,15.87,NULL,NULL,NULL,NULL,NULL,NULL,NULL),(64,1470,239,156,1,1,NULL,NULL,NULL,NULL,0,NULL,NULL,NULL,1310,NULL,NULL,NULL,NULL,NULL,NULL,NULL,NULL,NULL,1.9,NULL,NULL,NULL,2,NULL,105,NULL),(65,1471,239,156,1,1,NULL,NULL,NULL,NULL,0,NULL,NULL,NULL,2390,NULL,NULL,NULL,NULL,NULL,NULL,NULL,NULL,NULL,3.14,NULL,NULL,NULL,1,NULL,86,NULL),(66,1472,239,156,1,1,NULL,NULL,NULL,NULL,0,NULL,NULL,NULL,2950,NULL,NULL,NULL,NULL,NULL,NULL,NULL,NULL,NULL,3.12,NULL,NULL,NULL,1,NULL,137,NULL),(67,1473,239,156,1,1,NULL,NULL,NULL,NULL,0,NULL,NULL,NULL,2940,NULL,NULL,NULL,NULL,NULL,NULL,NULL,NULL,NULL,2.9,NULL,NULL,NULL,2,NULL,110,NULL),(68,1474,284,160,1,1,'Mango Man','Бежевый',NULL,NULL,0,NULL,NULL,NULL,9900,NULL,'50-52',NULL,NULL,'Демисезон',NULL,NULL,NULL,NULL,NULL,NULL,NULL,NULL,NULL,NULL,NULL,'Пуговицы'),(69,1475,284,160,1,1,'MitLex','Черный',NULL,NULL,0,NULL,NULL,NULL,11900,NULL,'52-54',NULL,NULL,'Демисезон',NULL,NULL,NULL,NULL,NULL,NULL,NULL,NULL,NULL,NULL,NULL,'Молния+пуговицы'),(70,1476,284,160,1,1,'Burton Menswear London','Черный',NULL,NULL,0,NULL,NULL,NULL,8900,NULL,'50-52',NULL,NULL,'Демисезон',NULL,NULL,NULL,NULL,NULL,NULL,NULL,NULL,NULL,NULL,NULL,'Пуговицы'),(71,1477,284,160,1,1,'Roosevelt','Серый',NULL,NULL,0,NULL,NULL,NULL,10399,NULL,'48-50',NULL,NULL,'Демисезон',NULL,NULL,NULL,NULL,NULL,NULL,NULL,NULL,NULL,NULL,NULL,'Пуговицы'),(72,1478,284,160,1,1,'United Colors of Benetton','Черный',NULL,NULL,0,NULL,NULL,NULL,8900,NULL,'52-54',NULL,NULL,'Зима',NULL,NULL,NULL,NULL,NULL,NULL,NULL,NULL,NULL,NULL,NULL,'Пуговицы'),(73,1479,284,160,1,1,'Jack & Jones','Черный',NULL,NULL,0,NULL,NULL,NULL,10999,NULL,'54-56',NULL,NULL,'Демисезон',NULL,NULL,NULL,NULL,NULL,NULL,NULL,NULL,NULL,NULL,NULL,'Пуговицы'),(74,1480,284,160,1,1,'Windsor','Черный',NULL,NULL,0,NULL,NULL,NULL,52900,NULL,'54-56',NULL,NULL,'Демисезон',NULL,NULL,NULL,NULL,NULL,NULL,NULL,NULL,NULL,NULL,NULL,NULL),(75,1481,284,160,1,1,'Trussardi Jeans','Синий',NULL,NULL,0,NULL,NULL,NULL,26900,NULL,'52-54',NULL,NULL,'Демисезон',NULL,NULL,NULL,NULL,NULL,NULL,NULL,NULL,NULL,NULL,NULL,'Молния'),(76,1482,284,160,1,1,'Berkytt','Коричневый',NULL,NULL,0,NULL,NULL,NULL,12400,NULL,'54-56',NULL,NULL,'Демисезон, зима',NULL,NULL,NULL,NULL,NULL,NULL,NULL,NULL,NULL,NULL,NULL,'Пуговицы'),(77,1483,284,160,1,1,'Piazza Italia','Серый',NULL,NULL,0,NULL,NULL,NULL,7399,NULL,'52-54',NULL,NULL,'Демисезон',NULL,NULL,NULL,NULL,NULL,NULL,NULL,NULL,NULL,NULL,NULL,'Пуговицы'),(78,1484,285,160,1,1,'Atributika & Club','Черный',NULL,NULL,0,NULL,NULL,NULL,5499,NULL,'54-56',NULL,NULL,'Демисезон, зима',NULL,NULL,NULL,NULL,NULL,NULL,NULL,NULL,NULL,NULL,NULL,'Молния'),(79,1485,285,160,1,1,'Trespass','Хакки',NULL,NULL,0,NULL,NULL,NULL,18999,NULL,'50-52',NULL,NULL,'Демисезон, зима',NULL,NULL,NULL,NULL,NULL,NULL,NULL,NULL,NULL,NULL,NULL,'Молния'),(80,1486,285,160,1,1,'EA7','Синий',NULL,NULL,0,NULL,NULL,NULL,22899,NULL,'54-56',NULL,NULL,'Демисезон, зима',NULL,NULL,NULL,NULL,NULL,NULL,NULL,NULL,NULL,NULL,NULL,'Молния'),(81,1487,285,160,1,1,'Bergans of Norway','Черный',NULL,NULL,0,NULL,NULL,NULL,27999,NULL,'54-56',NULL,NULL,'Зима',NULL,NULL,NULL,NULL,NULL,NULL,NULL,NULL,NULL,NULL,NULL,'Молния'),(82,1488,285,160,1,1,'Springfield','Желтый',NULL,NULL,0,NULL,NULL,NULL,7999,NULL,'52-54',NULL,NULL,'Демисезон, зима',NULL,NULL,NULL,NULL,NULL,NULL,NULL,NULL,NULL,NULL,NULL,'Молния'),(83,1489,285,160,1,1,'Columbia','Красный',NULL,NULL,0,NULL,NULL,NULL,23999,NULL,'54-56',NULL,NULL,'Демисезон, зима',NULL,NULL,NULL,NULL,NULL,NULL,NULL,NULL,NULL,NULL,NULL,'Молния+пуговицы'),(84,1490,285,160,1,1,'Columbia','Синий',NULL,NULL,0,NULL,NULL,NULL,12999,NULL,'50-52',NULL,NULL,'Демисезон, зима',NULL,NULL,NULL,NULL,NULL,NULL,NULL,NULL,NULL,NULL,NULL,'Молния'),(85,1491,285,160,1,1,'Baon','Синий',NULL,NULL,0,NULL,NULL,NULL,12699,NULL,'50-52',NULL,NULL,'Демисезон, зима',NULL,NULL,NULL,NULL,NULL,NULL,NULL,NULL,NULL,NULL,NULL,'Молния'),(86,1492,285,160,1,1,'Quiksilver','Черный',NULL,NULL,0,NULL,NULL,NULL,17690,NULL,'50-52',NULL,NULL,'Демисезон, зима',NULL,NULL,NULL,NULL,NULL,NULL,NULL,NULL,NULL,NULL,NULL,'Молния+пуговицы'),(87,1493,285,160,1,1,'Columbia','Черный',NULL,NULL,0,NULL,NULL,NULL,9999,NULL,'54-56',NULL,NULL,'Демисезон, зима',NULL,NULL,NULL,NULL,NULL,NULL,NULL,NULL,NULL,NULL,NULL,'Молния'),(88,1494,280,160,1,1,NULL,'Синий',NULL,NULL,0,NULL,NULL,NULL,6999,NULL,'54-56',NULL,NULL,'Зима',NULL,NULL,NULL,NULL,NULL,NULL,NULL,NULL,NULL,NULL,NULL,'Молния+пуговицы'),(89,1495,280,160,1,1,NULL,'Зеленый',NULL,NULL,0,NULL,NULL,NULL,6499,NULL,'54-56',NULL,NULL,'Зима',NULL,NULL,NULL,NULL,NULL,NULL,NULL,NULL,NULL,NULL,NULL,'Молния+пуговицы'),(90,1496,280,160,1,1,NULL,'Голубая',NULL,NULL,0,NULL,NULL,NULL,5499,NULL,'54-56',NULL,NULL,'Зима',NULL,NULL,NULL,NULL,NULL,NULL,NULL,NULL,NULL,NULL,NULL,'Молния+пуговицы'),(91,1497,280,160,1,1,NULL,'Синий',NULL,NULL,0,NULL,NULL,NULL,8499,NULL,'54-56',NULL,NULL,'Зима',NULL,NULL,NULL,NULL,NULL,NULL,NULL,NULL,NULL,NULL,NULL,'Молния'),(92,1498,280,160,1,1,NULL,'Синий',NULL,NULL,0,NULL,NULL,NULL,5799,NULL,'54-56',NULL,NULL,'Зима',NULL,NULL,NULL,NULL,NULL,NULL,NULL,NULL,NULL,NULL,NULL,'Молния'),(93,1499,280,160,1,1,NULL,'Синий',NULL,NULL,0,NULL,NULL,NULL,2499,NULL,'54-56',NULL,NULL,'Зима',NULL,NULL,NULL,NULL,NULL,NULL,NULL,NULL,NULL,NULL,NULL,'Молния'),(94,1500,280,160,1,1,NULL,'Серый',NULL,NULL,0,NULL,NULL,NULL,2499,NULL,'54-56',NULL,NULL,'Зима',NULL,NULL,NULL,NULL,NULL,NULL,NULL,NULL,NULL,NULL,NULL,'Молния'),(95,1501,280,160,1,1,NULL,'Синий',NULL,NULL,0,NULL,NULL,NULL,2699,NULL,'54-56',NULL,NULL,'Зима',NULL,NULL,NULL,NULL,NULL,NULL,NULL,NULL,NULL,NULL,NULL,'Молния'),(96,1502,279,160,1,1,NULL,'Синий',NULL,NULL,0,NULL,NULL,NULL,3040,NULL,'52-54',NULL,NULL,'Лето',NULL,NULL,NULL,NULL,NULL,NULL,NULL,NULL,NULL,NULL,NULL,'Молния'),(97,1503,279,160,1,1,NULL,'Черный',NULL,NULL,0,NULL,NULL,NULL,2999,NULL,'54-56',NULL,NULL,'Лето',NULL,NULL,NULL,NULL,NULL,NULL,NULL,NULL,NULL,NULL,NULL,'Молния'),(98,1504,279,160,1,1,NULL,'Розовый',NULL,NULL,0,NULL,NULL,NULL,3999,NULL,'54-56',NULL,NULL,'Лето',NULL,NULL,NULL,NULL,NULL,NULL,NULL,NULL,NULL,NULL,NULL,'Молния'),(99,1505,279,160,1,1,NULL,'Голубая',NULL,NULL,0,NULL,NULL,NULL,3370,NULL,'52-54',NULL,NULL,'Лето',NULL,NULL,NULL,NULL,NULL,NULL,NULL,NULL,NULL,NULL,NULL,'Молния'),(100,1506,279,160,1,1,NULL,'Коричневый',NULL,NULL,0,NULL,NULL,NULL,3445,NULL,'54-56',NULL,NULL,'Лето',NULL,NULL,NULL,NULL,NULL,NULL,NULL,NULL,NULL,NULL,NULL,'Молния'),(101,1507,279,160,1,1,NULL,'Мультиколор',NULL,NULL,0,NULL,NULL,NULL,2970,NULL,'52-54',NULL,NULL,'Лето',NULL,NULL,NULL,NULL,NULL,NULL,NULL,NULL,NULL,NULL,NULL,'Молния'),(102,1508,279,160,1,1,NULL,'Красный',NULL,NULL,0,NULL,NULL,NULL,3445,NULL,'48-50',NULL,NULL,'Лето',NULL,NULL,NULL,NULL,NULL,NULL,NULL,NULL,NULL,NULL,NULL,'Молния+пуговицы'),(103,1509,279,160,1,1,NULL,'Желтый',NULL,NULL,0,NULL,NULL,NULL,827,NULL,'52-54',NULL,NULL,'Лето',NULL,NULL,NULL,NULL,NULL,NULL,NULL,NULL,NULL,NULL,NULL,'Молния'),(104,1510,286,160,1,1,NULL,'Серый',NULL,NULL,0,NULL,NULL,NULL,7860,NULL,'54-56',NULL,NULL,'Лето',NULL,NULL,NULL,NULL,NULL,NULL,NULL,NULL,NULL,NULL,NULL,'Молния'),(105,1511,286,160,1,1,NULL,'Коричневый',NULL,NULL,0,NULL,NULL,NULL,5033,NULL,'54-56',NULL,NULL,'Лето',NULL,NULL,NULL,NULL,NULL,NULL,NULL,NULL,NULL,NULL,NULL,'Молния'),(106,1512,286,160,1,1,NULL,'Темно-синий, малиновый',NULL,NULL,0,NULL,NULL,NULL,5190,NULL,'54-56',NULL,NULL,'Демисезон',NULL,NULL,NULL,NULL,NULL,NULL,NULL,NULL,NULL,NULL,NULL,'Молния'),(107,1513,286,160,1,1,NULL,'Голубая',NULL,NULL,0,NULL,NULL,NULL,4999,NULL,'54-56',NULL,NULL,'Лето',NULL,NULL,NULL,NULL,NULL,NULL,NULL,NULL,NULL,NULL,NULL,'Молния'),(108,1514,286,160,1,1,NULL,'Черный',NULL,NULL,0,NULL,NULL,NULL,5390,NULL,'54-56',NULL,NULL,'Лето',NULL,NULL,NULL,NULL,NULL,NULL,NULL,NULL,NULL,NULL,NULL,'Молния'),(109,1515,286,160,1,1,NULL,'Синий',NULL,NULL,0,NULL,NULL,NULL,3458,NULL,'52-54',NULL,NULL,'Лето',NULL,NULL,NULL,NULL,NULL,NULL,NULL,NULL,NULL,NULL,NULL,'Молния'),(110,1516,286,160,1,1,NULL,'Серый',NULL,NULL,0,NULL,NULL,NULL,3467,NULL,'54-56',NULL,NULL,'Лето',NULL,NULL,NULL,NULL,NULL,NULL,NULL,NULL,NULL,NULL,NULL,'Молния'),(111,1517,286,160,1,1,NULL,'Синий',NULL,NULL,0,NULL,NULL,NULL,4890,NULL,'54-56',NULL,NULL,'Демисезон',NULL,NULL,NULL,NULL,NULL,NULL,NULL,NULL,NULL,NULL,NULL,'Молния'),(112,1518,287,160,1,1,NULL,'Синий',NULL,NULL,0,NULL,NULL,NULL,2480,NULL,'54-56',NULL,NULL,'Лето',NULL,NULL,NULL,NULL,NULL,NULL,NULL,NULL,NULL,NULL,NULL,'Пуговицы'),(113,1519,287,160,1,1,NULL,'Синий',NULL,NULL,0,NULL,NULL,NULL,3500,NULL,'54-56',NULL,NULL,'Лето',NULL,NULL,NULL,NULL,NULL,NULL,NULL,NULL,NULL,NULL,NULL,'Пуговицы'),(114,1520,287,160,1,1,NULL,'Серый',NULL,NULL,0,NULL,NULL,NULL,4700,NULL,'52-54',NULL,NULL,'Лето',NULL,NULL,NULL,NULL,NULL,NULL,NULL,NULL,NULL,NULL,NULL,'Пуговицы'),(115,1521,287,160,1,1,NULL,'Синий',NULL,NULL,0,NULL,NULL,NULL,3490,NULL,'48-50',NULL,NULL,'Лето',NULL,NULL,NULL,NULL,NULL,NULL,NULL,NULL,NULL,NULL,NULL,'Пуговицы'),(116,1522,287,160,1,1,NULL,'Бежевый',NULL,NULL,0,NULL,NULL,NULL,3090,NULL,'50-52',NULL,NULL,'Лето',NULL,NULL,NULL,NULL,NULL,NULL,NULL,NULL,NULL,NULL,NULL,'Пуговицы'),(117,1523,287,160,1,1,NULL,'Серый',NULL,NULL,0,NULL,NULL,NULL,3445,NULL,'48-50',NULL,NULL,'Лето',NULL,NULL,NULL,NULL,NULL,NULL,NULL,NULL,NULL,NULL,NULL,'Пуговицы'),(118,1524,287,160,1,1,NULL,'Голубая',NULL,NULL,0,NULL,NULL,NULL,2970,NULL,'48-50',NULL,NULL,'Лето',NULL,NULL,NULL,NULL,NULL,NULL,NULL,NULL,NULL,NULL,NULL,'Пуговицы'),(119,1525,287,160,1,1,NULL,'Синий',NULL,NULL,0,NULL,NULL,NULL,1270,NULL,'54-56',NULL,NULL,'Лето',NULL,NULL,NULL,NULL,NULL,NULL,NULL,NULL,NULL,NULL,NULL,'Пуговицы'),(120,1526,285,160,1,1,NULL,'Черный',NULL,NULL,0,NULL,NULL,NULL,22889,NULL,'54-56',NULL,NULL,'Зима',NULL,NULL,NULL,NULL,NULL,NULL,NULL,NULL,NULL,NULL,NULL,'Молния'),(121,1527,285,160,1,1,'Reebok','Серый',NULL,NULL,0,NULL,NULL,NULL,14690,NULL,'48-50',NULL,NULL,'Демисезон',NULL,NULL,NULL,NULL,NULL,NULL,NULL,NULL,NULL,NULL,NULL,'Молния'),(122,1528,284,160,1,1,'Only & Sons','Черный',NULL,NULL,0,NULL,NULL,NULL,6500,NULL,'54-56',NULL,NULL,'Зима',NULL,NULL,NULL,NULL,NULL,NULL,NULL,NULL,NULL,NULL,NULL,'Пуговицы'),(123,1369,131,160,1,1,'BRUNO BANANI','Синий',NULL,NULL,0,NULL,NULL,NULL,3990,NULL,'52-54',NULL,NULL,'Демисезон',NULL,NULL,NULL,NULL,NULL,NULL,NULL,NULL,NULL,NULL,NULL,NULL),(124,1530,131,160,1,1,NULL,'Синий',NULL,NULL,0,NULL,NULL,NULL,5499,NULL,'50-52',NULL,NULL,'Демисезон',NULL,NULL,NULL,NULL,NULL,NULL,NULL,NULL,NULL,NULL,NULL,NULL),(125,1531,131,160,1,1,'RHODE ISLAND','Синий',NULL,NULL,0,NULL,NULL,NULL,2350,NULL,'52-54',NULL,NULL,'Демисезон',NULL,NULL,NULL,NULL,NULL,NULL,NULL,NULL,NULL,NULL,NULL,NULL),(126,1532,131,160,1,1,'BRUNO BANANI','Серый',NULL,NULL,0,NULL,NULL,NULL,3450,NULL,'54-56',NULL,NULL,'Демисезон',NULL,NULL,NULL,NULL,NULL,NULL,NULL,NULL,NULL,NULL,NULL,'Молния+пуговицы'),(127,770,131,160,1,1,NULL,'Черный',NULL,NULL,0,NULL,NULL,NULL,6590,NULL,'54-56',NULL,NULL,'Демисезон',NULL,NULL,NULL,NULL,NULL,NULL,NULL,NULL,NULL,NULL,NULL,NULL),(128,1534,131,160,1,1,'Kekker style','Серый',NULL,NULL,0,NULL,NULL,NULL,8950,NULL,'54-56',NULL,NULL,'Демисезон',NULL,NULL,NULL,NULL,NULL,NULL,NULL,NULL,NULL,NULL,NULL,'Молния+пуговицы'),(129,1535,131,160,1,1,'JOHN DEVIN','Серый',NULL,NULL,0,NULL,NULL,NULL,5690,NULL,'52-54',NULL,NULL,'Демисезон, зима',NULL,NULL,NULL,NULL,NULL,NULL,NULL,NULL,NULL,NULL,NULL,'Молния+пуговицы'),(130,1536,131,160,1,1,NULL,'Синий',NULL,NULL,0,NULL,NULL,NULL,4590,NULL,'54-56',NULL,NULL,'Демисезон, зима',NULL,NULL,NULL,NULL,NULL,NULL,NULL,NULL,NULL,NULL,NULL,'Молния+пуговицы'),(132,1538,131,160,1,1,NULL,'Синий',NULL,NULL,0,NULL,NULL,NULL,6790,NULL,'54-56',NULL,NULL,'Демисезон',NULL,NULL,NULL,NULL,NULL,NULL,NULL,NULL,NULL,NULL,NULL,'Молния+пуговицы'),(133,1539,131,160,1,1,'Kekker style','Синий',NULL,NULL,0,NULL,NULL,NULL,2350,NULL,'54-56',NULL,NULL,'Демисезон, зима',NULL,NULL,NULL,NULL,NULL,NULL,NULL,NULL,NULL,NULL,NULL,'Молния+пуговицы'),(134,1540,131,160,1,1,'Kekker style','Серый',NULL,NULL,0,NULL,NULL,NULL,4590,NULL,'54-56',NULL,NULL,'Демисезон, зима',NULL,NULL,NULL,NULL,NULL,NULL,NULL,NULL,NULL,NULL,NULL,'Молния+пуговицы'),(135,1541,131,160,1,1,'Kekker style','Синий',NULL,NULL,0,NULL,NULL,NULL,8950,NULL,'54-56',NULL,NULL,'Демисезон',NULL,NULL,NULL,NULL,NULL,NULL,NULL,NULL,NULL,NULL,NULL,'Молния+пуговицы'),(136,1542,274,161,1,1,'Bell',NULL,NULL,NULL,0,NULL,NULL,NULL,2300,NULL,NULL,NULL,NULL,NULL,NULL,NULL,NULL,NULL,NULL,NULL,NULL,NULL,NULL,NULL,NULL,NULL),(137,1543,274,161,1,1,'Bell',NULL,NULL,NULL,0,NULL,NULL,NULL,149,NULL,NULL,NULL,NULL,NULL,NULL,NULL,NULL,NULL,NULL,NULL,NULL,NULL,NULL,NULL,NULL,NULL),(138,1544,274,161,1,1,'Bell',NULL,NULL,NULL,0,NULL,NULL,NULL,310,NULL,NULL,NULL,NULL,NULL,NULL,NULL,NULL,NULL,NULL,NULL,NULL,NULL,NULL,NULL,NULL,NULL),(139,1545,274,161,1,1,'L`Oreal',NULL,NULL,NULL,0,NULL,NULL,NULL,440,NULL,NULL,NULL,NULL,NULL,NULL,NULL,NULL,NULL,NULL,NULL,NULL,NULL,NULL,NULL,NULL,NULL),(140,1546,274,161,1,1,'L`Oreal',NULL,NULL,NULL,0,NULL,NULL,NULL,430,NULL,NULL,NULL,NULL,NULL,NULL,NULL,NULL,NULL,NULL,NULL,NULL,NULL,NULL,NULL,NULL,NULL),(141,1547,274,161,1,1,'Maybelline New York',NULL,NULL,NULL,0,NULL,NULL,NULL,220,NULL,NULL,NULL,NULL,NULL,NULL,NULL,NULL,NULL,NULL,NULL,NULL,NULL,NULL,NULL,NULL,NULL),(142,1548,274,161,1,1,'Rimmel',NULL,NULL,NULL,0,NULL,NULL,NULL,300,NULL,NULL,NULL,NULL,NULL,NULL,NULL,NULL,NULL,NULL,NULL,NULL,NULL,NULL,NULL,NULL,NULL),(143,1549,274,161,1,1,'Rimmel',NULL,NULL,NULL,0,NULL,NULL,NULL,390,NULL,NULL,NULL,NULL,NULL,NULL,NULL,NULL,NULL,NULL,NULL,NULL,NULL,NULL,NULL,NULL,NULL),(144,1550,274,161,1,1,'NOUBA',NULL,NULL,NULL,0,NULL,NULL,NULL,1099,NULL,NULL,NULL,NULL,NULL,NULL,NULL,NULL,NULL,NULL,NULL,NULL,NULL,NULL,NULL,NULL,NULL),(145,1551,274,161,1,1,'MAX FACTOR',NULL,NULL,NULL,0,NULL,NULL,NULL,350,NULL,NULL,NULL,NULL,NULL,NULL,NULL,NULL,NULL,NULL,NULL,NULL,NULL,NULL,NULL,NULL,NULL),(146,1552,274,161,1,1,'Revlon',NULL,NULL,NULL,0,NULL,NULL,NULL,390,NULL,NULL,NULL,NULL,NULL,NULL,NULL,NULL,NULL,NULL,NULL,NULL,NULL,NULL,NULL,NULL,NULL),(147,1553,274,161,1,1,'Bell',NULL,NULL,NULL,0,NULL,NULL,NULL,210,NULL,NULL,NULL,NULL,NULL,NULL,NULL,NULL,NULL,NULL,NULL,NULL,NULL,NULL,NULL,NULL,NULL),(148,1554,274,161,1,1,'LUXVISAGE',NULL,NULL,NULL,0,NULL,NULL,NULL,280,NULL,NULL,NULL,NULL,NULL,NULL,NULL,NULL,NULL,NULL,NULL,NULL,NULL,NULL,NULL,NULL,NULL),(149,1555,267,162,1,1,NULL,'Зеленый',NULL,NULL,0,NULL,NULL,NULL,2750,NULL,NULL,NULL,NULL,NULL,NULL,NULL,NULL,NULL,NULL,NULL,NULL,NULL,NULL,NULL,NULL,NULL),(150,1556,267,162,1,1,NULL,'Зеленый',NULL,NULL,0,NULL,NULL,NULL,3400,NULL,NULL,NULL,NULL,NULL,NULL,NULL,NULL,NULL,NULL,NULL,NULL,NULL,NULL,NULL,NULL,NULL),(151,1557,267,162,1,1,NULL,'Синий',NULL,NULL,0,NULL,NULL,NULL,2600,NULL,NULL,NULL,NULL,NULL,NULL,NULL,NULL,NULL,NULL,NULL,NULL,NULL,NULL,NULL,NULL,NULL),(152,1558,267,162,1,1,NULL,'Серый',NULL,NULL,0,NULL,NULL,NULL,6700,NULL,NULL,NULL,NULL,NULL,NULL,NULL,NULL,NULL,NULL,NULL,NULL,NULL,NULL,NULL,NULL,NULL),(153,1559,267,162,1,1,NULL,'Красный',NULL,NULL,0,NULL,NULL,NULL,6875,NULL,NULL,NULL,NULL,NULL,NULL,NULL,NULL,NULL,NULL,NULL,NULL,NULL,NULL,NULL,NULL,NULL),(154,1560,269,168,1,1,NULL,'Черный',NULL,NULL,0,NULL,NULL,NULL,18990,'RICCI',NULL,NULL,NULL,NULL,NULL,NULL,'Механическое',NULL,NULL,NULL,NULL,NULL,NULL,NULL,NULL,NULL),(155,1561,269,168,1,1,NULL,'Серый',NULL,NULL,0,NULL,NULL,NULL,16900,'Hansa',NULL,NULL,NULL,NULL,NULL,NULL,'Механическое',NULL,NULL,NULL,NULL,NULL,NULL,NULL,NULL,NULL),(156,1562,269,168,1,1,NULL,'Черный',NULL,NULL,0,NULL,NULL,NULL,12900,'Hansa',NULL,NULL,NULL,NULL,NULL,NULL,'Механическое',NULL,NULL,NULL,NULL,NULL,NULL,NULL,NULL,NULL),(157,1563,269,168,1,1,NULL,'Серый',NULL,NULL,0,NULL,NULL,NULL,25900,'Bosch',NULL,NULL,NULL,NULL,NULL,NULL,'Электронный',NULL,NULL,NULL,NULL,NULL,NULL,NULL,NULL,NULL),(158,1564,269,168,1,1,NULL,'Серый',NULL,NULL,0,NULL,NULL,NULL,27900,'Samsung',NULL,NULL,NULL,NULL,NULL,NULL,'Электронный',NULL,NULL,NULL,NULL,NULL,NULL,NULL,NULL,NULL),(159,1565,269,168,1,1,NULL,'Антрацит',NULL,NULL,0,NULL,NULL,NULL,145500,'Asko',NULL,NULL,NULL,NULL,NULL,NULL,'Сенсорный',NULL,NULL,NULL,NULL,NULL,NULL,NULL,NULL,NULL),(160,1566,269,168,1,1,NULL,'Бежевый',NULL,NULL,0,NULL,NULL,NULL,15900,'Darina',NULL,NULL,NULL,NULL,NULL,NULL,'Механическое',NULL,NULL,NULL,NULL,NULL,NULL,NULL,NULL,NULL),(161,1567,269,168,1,1,NULL,'Лед',NULL,NULL,0,NULL,NULL,NULL,60999,'Hotpoint-Ariston',NULL,NULL,NULL,NULL,NULL,NULL,'Поворотные переключатели',NULL,NULL,NULL,NULL,NULL,NULL,NULL,NULL,NULL),(162,1568,270,170,1,1,'LG',NULL,NULL,NULL,0,NULL,NULL,NULL,24900,NULL,NULL,NULL,NULL,NULL,NULL,NULL,NULL,NULL,NULL,NULL,NULL,NULL,NULL,NULL,NULL,NULL),(163,1569,270,170,1,1,'Bosch',NULL,NULL,NULL,0,NULL,NULL,NULL,22000,NULL,NULL,NULL,NULL,NULL,NULL,NULL,NULL,NULL,NULL,NULL,NULL,NULL,NULL,NULL,NULL,NULL),(164,1570,270,170,1,1,'Indesit',NULL,NULL,NULL,0,NULL,NULL,NULL,15499,NULL,NULL,NULL,NULL,NULL,NULL,NULL,NULL,NULL,61,NULL,NULL,NULL,NULL,NULL,NULL,NULL),(165,1571,270,170,1,1,'Bosch',NULL,NULL,NULL,0,NULL,NULL,NULL,29999,NULL,NULL,NULL,NULL,NULL,NULL,NULL,NULL,NULL,NULL,NULL,NULL,NULL,NULL,NULL,NULL,NULL),(166,1572,270,170,1,1,'SAMSUNG',NULL,NULL,NULL,0,NULL,NULL,NULL,27999,NULL,NULL,NULL,NULL,NULL,NULL,NULL,NULL,NULL,NULL,NULL,NULL,NULL,NULL,NULL,NULL,NULL),(167,1573,270,170,1,1,'BEKO',NULL,NULL,NULL,0,NULL,NULL,NULL,12499,NULL,NULL,NULL,NULL,NULL,NULL,NULL,NULL,NULL,NULL,NULL,NULL,NULL,NULL,NULL,NULL,NULL),(168,1574,270,170,1,1,'ZANUSSI',NULL,NULL,NULL,0,NULL,NULL,NULL,25999,NULL,NULL,NULL,NULL,NULL,NULL,NULL,NULL,NULL,NULL,NULL,NULL,NULL,NULL,NULL,NULL,NULL),(169,1575,270,170,1,1,'SHARP',NULL,NULL,NULL,0,NULL,NULL,NULL,184999,NULL,NULL,NULL,NULL,NULL,NULL,NULL,NULL,NULL,NULL,NULL,NULL,NULL,NULL,NULL,NULL,NULL),(170,1576,271,171,1,1,NULL,NULL,NULL,NULL,0,NULL,NULL,NULL,6999,NULL,NULL,NULL,NULL,NULL,NULL,NULL,NULL,NULL,NULL,NULL,NULL,NULL,NULL,NULL,NULL,NULL),(171,1577,271,171,1,1,NULL,NULL,NULL,NULL,0,NULL,NULL,NULL,2799,NULL,NULL,NULL,NULL,NULL,NULL,NULL,NULL,NULL,NULL,NULL,NULL,NULL,NULL,NULL,NULL,NULL),(172,1578,271,171,1,1,NULL,NULL,NULL,NULL,0,NULL,NULL,NULL,19990,NULL,NULL,NULL,NULL,NULL,NULL,NULL,NULL,NULL,NULL,NULL,NULL,NULL,NULL,NULL,NULL,NULL),(173,1579,271,171,1,1,NULL,NULL,NULL,NULL,0,NULL,NULL,NULL,3499,NULL,NULL,NULL,NULL,NULL,NULL,NULL,NULL,NULL,NULL,NULL,NULL,NULL,NULL,NULL,NULL,NULL),(174,1580,271,171,1,1,NULL,NULL,NULL,NULL,0,NULL,NULL,NULL,4999,NULL,NULL,NULL,NULL,NULL,NULL,NULL,NULL,NULL,NULL,NULL,NULL,NULL,NULL,NULL,NULL,NULL),(175,1581,271,171,1,1,NULL,NULL,NULL,NULL,0,NULL,NULL,NULL,14999,NULL,NULL,NULL,NULL,NULL,NULL,NULL,NULL,NULL,NULL,NULL,NULL,NULL,NULL,NULL,NULL,NULL),(176,1582,271,171,1,1,NULL,NULL,NULL,NULL,0,NULL,NULL,NULL,8299,NULL,NULL,NULL,NULL,NULL,NULL,NULL,NULL,NULL,NULL,NULL,NULL,NULL,NULL,NULL,NULL,NULL),(177,1583,271,171,1,1,NULL,NULL,NULL,NULL,0,NULL,NULL,NULL,4999,NULL,NULL,NULL,NULL,NULL,NULL,NULL,NULL,NULL,NULL,NULL,NULL,NULL,NULL,NULL,NULL,NULL),(178,1584,272,173,1,1,NULL,NULL,NULL,NULL,0,NULL,'Двухкамерный',NULL,17999,NULL,NULL,NULL,NULL,NULL,NULL,NULL,NULL,NULL,NULL,NULL,NULL,NULL,NULL,NULL,NULL,NULL),(179,1585,272,173,1,1,NULL,NULL,NULL,NULL,0,NULL,'Двухкамерный',NULL,37999,NULL,NULL,NULL,NULL,NULL,NULL,NULL,NULL,NULL,NULL,NULL,NULL,NULL,NULL,NULL,NULL,NULL),(180,1586,272,173,1,1,NULL,NULL,NULL,NULL,0,NULL,'Двухкамерный',NULL,45699,NULL,NULL,NULL,NULL,NULL,NULL,NULL,NULL,NULL,NULL,NULL,NULL,NULL,NULL,NULL,NULL,NULL),(181,1587,272,173,1,1,NULL,NULL,NULL,NULL,0,NULL,'Трехкамерный',NULL,89959,NULL,NULL,NULL,NULL,NULL,NULL,NULL,NULL,NULL,NULL,NULL,NULL,NULL,NULL,NULL,NULL,NULL),(182,1588,272,173,1,1,NULL,NULL,NULL,NULL,0,NULL,'Двухкамерный',NULL,36999,NULL,NULL,NULL,NULL,NULL,NULL,NULL,NULL,NULL,NULL,NULL,NULL,NULL,NULL,NULL,NULL,NULL),(183,1589,272,173,1,1,NULL,NULL,NULL,NULL,0,NULL,'Двухкамерный',NULL,32899,NULL,NULL,NULL,NULL,NULL,NULL,NULL,NULL,NULL,NULL,NULL,NULL,NULL,NULL,NULL,NULL,NULL),(184,1590,272,173,1,1,NULL,NULL,NULL,NULL,0,NULL,'Двухкамерный',NULL,76999,NULL,NULL,NULL,NULL,NULL,NULL,NULL,NULL,NULL,NULL,NULL,NULL,NULL,NULL,NULL,NULL,NULL),(185,1591,272,173,1,1,NULL,NULL,NULL,NULL,0,NULL,'Двухкамерный',NULL,24299,NULL,NULL,NULL,NULL,NULL,NULL,NULL,NULL,NULL,NULL,NULL,NULL,NULL,NULL,NULL,NULL,NULL),(186,1592,281,174,1,1,NULL,NULL,NULL,NULL,0,NULL,NULL,NULL,2970,NULL,NULL,NULL,NULL,NULL,NULL,NULL,NULL,NULL,NULL,NULL,NULL,NULL,NULL,NULL,NULL,NULL),(187,1593,281,174,1,1,NULL,NULL,NULL,NULL,0,NULL,NULL,NULL,2399,NULL,NULL,NULL,NULL,NULL,NULL,NULL,NULL,NULL,NULL,NULL,NULL,NULL,NULL,NULL,NULL,NULL),(188,1594,281,174,1,1,NULL,NULL,NULL,NULL,0,NULL,NULL,NULL,3599,NULL,NULL,NULL,NULL,NULL,NULL,NULL,NULL,NULL,NULL,NULL,NULL,NULL,NULL,NULL,NULL,NULL),(189,1595,281,174,1,1,NULL,NULL,NULL,NULL,0,NULL,NULL,NULL,2999,NULL,NULL,NULL,NULL,NULL,NULL,NULL,NULL,NULL,NULL,NULL,NULL,NULL,NULL,NULL,NULL,NULL),(190,1596,281,174,1,1,NULL,NULL,NULL,NULL,0,NULL,NULL,NULL,2999,NULL,NULL,NULL,NULL,NULL,NULL,NULL,NULL,NULL,NULL,NULL,NULL,NULL,NULL,NULL,NULL,NULL),(191,1597,281,174,1,1,NULL,NULL,NULL,NULL,0,NULL,NULL,NULL,3999,NULL,NULL,NULL,NULL,NULL,NULL,NULL,NULL,NULL,NULL,NULL,NULL,NULL,NULL,NULL,NULL,NULL),(192,1598,281,174,1,1,NULL,NULL,NULL,NULL,0,NULL,NULL,NULL,1999,NULL,NULL,NULL,NULL,NULL,NULL,NULL,NULL,NULL,NULL,NULL,NULL,NULL,NULL,NULL,NULL,NULL),(193,1599,281,174,1,1,NULL,NULL,NULL,NULL,0,NULL,NULL,NULL,3337,NULL,NULL,NULL,NULL,NULL,NULL,NULL,NULL,NULL,NULL,NULL,NULL,NULL,NULL,NULL,NULL,NULL),(194,1600,275,175,1,1,NULL,NULL,NULL,NULL,0,NULL,NULL,NULL,3780,NULL,NULL,NULL,NULL,NULL,NULL,NULL,NULL,NULL,NULL,NULL,NULL,NULL,NULL,NULL,NULL,NULL),(195,1601,275,175,1,1,NULL,NULL,NULL,NULL,0,NULL,NULL,NULL,2100,NULL,NULL,NULL,NULL,NULL,NULL,NULL,NULL,NULL,NULL,NULL,NULL,NULL,NULL,NULL,NULL,NULL),(196,1602,275,175,1,1,NULL,NULL,NULL,NULL,0,NULL,NULL,NULL,598,NULL,NULL,NULL,NULL,NULL,NULL,NULL,NULL,NULL,NULL,NULL,NULL,NULL,NULL,NULL,NULL,NULL),(197,1603,275,175,1,1,NULL,NULL,NULL,NULL,0,NULL,NULL,NULL,1824,NULL,NULL,NULL,NULL,NULL,NULL,NULL,NULL,NULL,NULL,NULL,NULL,NULL,NULL,NULL,NULL,NULL),(198,1604,275,175,1,1,NULL,NULL,NULL,NULL,0,NULL,NULL,NULL,708,NULL,NULL,NULL,NULL,NULL,NULL,NULL,NULL,NULL,NULL,NULL,NULL,NULL,NULL,NULL,NULL,NULL),(199,1605,275,175,1,1,NULL,NULL,NULL,NULL,0,NULL,NULL,NULL,1297,NULL,NULL,NULL,NULL,NULL,NULL,NULL,NULL,NULL,NULL,NULL,NULL,NULL,NULL,NULL,NULL,NULL),(200,1606,275,175,1,1,NULL,NULL,NULL,NULL,0,NULL,NULL,NULL,269,NULL,NULL,NULL,NULL,NULL,NULL,NULL,NULL,NULL,NULL,NULL,NULL,NULL,NULL,NULL,NULL,NULL),(201,1607,275,175,1,1,NULL,NULL,NULL,NULL,0,NULL,NULL,NULL,1084,NULL,NULL,NULL,NULL,NULL,NULL,NULL,NULL,NULL,NULL,NULL,NULL,NULL,NULL,NULL,NULL,NULL),(202,1608,276,175,1,1,NULL,NULL,NULL,NULL,0,NULL,NULL,NULL,132,NULL,NULL,NULL,NULL,NULL,NULL,NULL,NULL,NULL,NULL,NULL,NULL,NULL,NULL,NULL,NULL,NULL),(203,1609,276,175,1,1,NULL,NULL,NULL,NULL,0,NULL,NULL,NULL,337,NULL,NULL,NULL,NULL,NULL,NULL,NULL,NULL,NULL,NULL,NULL,NULL,NULL,NULL,NULL,NULL,NULL),(204,1610,276,175,1,1,NULL,NULL,NULL,NULL,0,NULL,NULL,NULL,588,NULL,NULL,NULL,NULL,NULL,NULL,NULL,NULL,NULL,NULL,NULL,NULL,NULL,NULL,NULL,NULL,NULL),(205,1611,276,175,1,1,NULL,NULL,NULL,NULL,0,NULL,NULL,NULL,393,NULL,NULL,NULL,NULL,NULL,NULL,NULL,NULL,NULL,NULL,NULL,NULL,NULL,NULL,NULL,NULL,NULL),(206,1612,276,175,1,1,NULL,NULL,NULL,NULL,0,NULL,NULL,NULL,998,NULL,NULL,NULL,NULL,NULL,NULL,NULL,NULL,NULL,NULL,NULL,NULL,NULL,NULL,NULL,NULL,NULL),(207,1613,276,175,1,1,NULL,NULL,NULL,NULL,0,NULL,NULL,NULL,337,NULL,NULL,NULL,NULL,NULL,NULL,NULL,NULL,NULL,NULL,NULL,NULL,NULL,NULL,NULL,NULL,NULL),(208,1614,276,175,1,1,NULL,NULL,NULL,NULL,0,NULL,NULL,NULL,393,NULL,NULL,NULL,NULL,NULL,NULL,NULL,NULL,NULL,NULL,NULL,NULL,NULL,NULL,NULL,NULL,NULL),(209,1615,276,175,1,1,NULL,NULL,NULL,NULL,0,NULL,NULL,NULL,337,NULL,NULL,NULL,NULL,NULL,NULL,NULL,NULL,NULL,NULL,NULL,NULL,NULL,NULL,NULL,NULL,NULL),(210,1616,277,177,1,1,NULL,NULL,NULL,NULL,0,NULL,NULL,NULL,2600,NULL,NULL,NULL,NULL,NULL,NULL,NULL,NULL,NULL,NULL,NULL,NULL,NULL,NULL,NULL,NULL,NULL),(211,1617,277,177,1,1,NULL,NULL,NULL,NULL,0,NULL,NULL,NULL,3500,NULL,NULL,NULL,NULL,NULL,NULL,NULL,NULL,NULL,NULL,NULL,NULL,NULL,NULL,NULL,NULL,NULL),(212,1618,277,177,1,1,NULL,NULL,NULL,NULL,0,NULL,NULL,NULL,5000,NULL,NULL,NULL,NULL,NULL,NULL,NULL,NULL,NULL,NULL,NULL,NULL,NULL,NULL,NULL,NULL,NULL),(213,1619,277,177,1,1,NULL,NULL,NULL,NULL,0,NULL,NULL,NULL,2465,NULL,NULL,NULL,NULL,NULL,NULL,NULL,NULL,NULL,NULL,NULL,NULL,NULL,NULL,NULL,NULL,NULL),(214,1620,277,177,1,1,NULL,NULL,NULL,NULL,0,NULL,NULL,NULL,4562,NULL,NULL,NULL,NULL,NULL,NULL,NULL,NULL,NULL,NULL,NULL,NULL,NULL,NULL,NULL,NULL,NULL),(215,1621,277,177,1,1,NULL,NULL,NULL,NULL,0,NULL,NULL,NULL,2580,NULL,NULL,NULL,NULL,NULL,NULL,NULL,NULL,NULL,NULL,NULL,NULL,NULL,NULL,NULL,NULL,NULL),(216,1622,277,177,1,1,NULL,NULL,NULL,NULL,0,NULL,NULL,NULL,7500,NULL,NULL,NULL,NULL,NULL,NULL,NULL,NULL,NULL,NULL,NULL,NULL,NULL,NULL,NULL,NULL,NULL),(217,1623,277,177,1,1,NULL,NULL,NULL,NULL,0,NULL,NULL,NULL,9000,NULL,NULL,NULL,NULL,NULL,NULL,NULL,NULL,NULL,NULL,NULL,NULL,NULL,NULL,NULL,NULL,NULL),(218,1624,246,179,1,1,'Yedoo',NULL,NULL,NULL,0,NULL,NULL,NULL,10000,NULL,NULL,NULL,NULL,NULL,NULL,NULL,NULL,NULL,NULL,NULL,NULL,NULL,NULL,NULL,NULL,NULL),(219,1625,246,179,1,1,'Trolo Raptor',NULL,NULL,NULL,0,NULL,NULL,NULL,12500,NULL,NULL,NULL,NULL,NULL,NULL,NULL,NULL,NULL,NULL,NULL,NULL,NULL,NULL,NULL,NULL,NULL),(220,1626,246,179,1,1,'MICRO SPEED',NULL,NULL,NULL,0,NULL,NULL,NULL,7860,NULL,NULL,NULL,NULL,NULL,NULL,NULL,NULL,NULL,NULL,NULL,NULL,NULL,NULL,NULL,NULL,NULL),(221,1627,246,179,1,1,'Micro Suspension',NULL,NULL,NULL,0,NULL,NULL,NULL,8999,NULL,NULL,NULL,NULL,NULL,NULL,NULL,NULL,NULL,NULL,NULL,NULL,NULL,NULL,NULL,NULL,NULL),(222,1628,246,179,1,1,'Razor',NULL,NULL,NULL,0,NULL,NULL,NULL,15000,NULL,NULL,NULL,NULL,NULL,NULL,NULL,NULL,NULL,NULL,NULL,NULL,NULL,NULL,NULL,NULL,NULL),(223,1629,246,179,1,1,'Weelz Rock',NULL,NULL,NULL,0,NULL,NULL,NULL,9800,NULL,NULL,NULL,NULL,NULL,NULL,NULL,NULL,NULL,NULL,NULL,NULL,NULL,NULL,NULL,NULL,NULL),(224,1630,246,179,1,1,'HUDORA',NULL,NULL,NULL,0,NULL,NULL,NULL,17900,NULL,NULL,NULL,NULL,NULL,NULL,NULL,NULL,NULL,NULL,NULL,NULL,NULL,NULL,NULL,NULL,NULL),(225,1631,246,179,1,1,'Xootr',NULL,NULL,NULL,0,NULL,NULL,NULL,11800,NULL,NULL,NULL,NULL,NULL,NULL,NULL,NULL,NULL,NULL,NULL,NULL,NULL,NULL,NULL,NULL,NULL),(235,1641,234,87,1,1,NULL,NULL,NULL,NULL,0,NULL,NULL,NULL,780,NULL,NULL,NULL,NULL,NULL,NULL,NULL,NULL,NULL,NULL,NULL,NULL,NULL,NULL,NULL,NULL,NULL),(236,1642,234,87,1,1,NULL,NULL,NULL,NULL,0,NULL,NULL,NULL,410,NULL,NULL,NULL,NULL,NULL,NULL,NULL,NULL,NULL,NULL,NULL,NULL,NULL,NULL,NULL,NULL,NULL),(237,1643,234,87,1,1,NULL,NULL,NULL,NULL,0,NULL,NULL,NULL,2200,NULL,NULL,NULL,NULL,NULL,NULL,NULL,NULL,NULL,NULL,NULL,NULL,NULL,NULL,NULL,NULL,NULL),(241,1647,240,87,1,1,NULL,NULL,NULL,NULL,0,NULL,NULL,NULL,740,NULL,NULL,NULL,NULL,NULL,NULL,NULL,NULL,NULL,NULL,NULL,NULL,NULL,NULL,NULL,NULL,NULL),(242,1648,240,87,1,1,NULL,NULL,NULL,NULL,0,NULL,NULL,NULL,1200,NULL,NULL,NULL,NULL,NULL,NULL,NULL,NULL,NULL,NULL,NULL,NULL,NULL,NULL,NULL,NULL,NULL),(243,1649,240,87,1,1,NULL,NULL,NULL,NULL,0,NULL,NULL,NULL,2100,NULL,NULL,NULL,NULL,NULL,NULL,NULL,NULL,NULL,NULL,NULL,NULL,NULL,NULL,NULL,NULL,NULL),(244,1650,240,87,1,1,NULL,NULL,NULL,NULL,0,NULL,NULL,NULL,2700,NULL,NULL,NULL,NULL,NULL,NULL,NULL,NULL,NULL,NULL,NULL,NULL,NULL,NULL,NULL,NULL,NULL),(245,1651,240,87,1,1,NULL,NULL,NULL,NULL,0,NULL,NULL,NULL,3300,NULL,NULL,NULL,NULL,NULL,NULL,NULL,NULL,NULL,NULL,NULL,NULL,NULL,NULL,NULL,NULL,NULL),(249,1655,248,87,1,1,NULL,NULL,NULL,NULL,0,NULL,NULL,NULL,29200,NULL,NULL,NULL,NULL,NULL,NULL,NULL,NULL,NULL,NULL,NULL,NULL,NULL,NULL,NULL,NULL,NULL),(250,1656,248,87,1,1,NULL,NULL,NULL,NULL,0,NULL,NULL,NULL,47900,NULL,NULL,NULL,NULL,NULL,NULL,NULL,NULL,NULL,NULL,NULL,NULL,NULL,NULL,NULL,NULL,NULL),(251,1657,248,87,1,1,NULL,NULL,NULL,NULL,0,NULL,NULL,NULL,18000,NULL,NULL,NULL,NULL,NULL,NULL,NULL,NULL,NULL,NULL,NULL,NULL,NULL,NULL,NULL,NULL,NULL),(252,1658,248,87,1,1,NULL,NULL,NULL,NULL,0,NULL,NULL,NULL,17900,NULL,NULL,NULL,NULL,NULL,NULL,NULL,NULL,NULL,NULL,NULL,NULL,NULL,NULL,NULL,NULL,NULL),(254,1660,253,87,1,1,NULL,NULL,NULL,NULL,0,NULL,NULL,NULL,18000,NULL,NULL,NULL,NULL,NULL,NULL,NULL,NULL,NULL,NULL,NULL,NULL,NULL,NULL,NULL,NULL,NULL),(262,1668,261,87,1,1,NULL,NULL,NULL,NULL,0,NULL,NULL,NULL,1210,NULL,NULL,NULL,NULL,NULL,NULL,NULL,NULL,NULL,NULL,NULL,NULL,NULL,NULL,NULL,NULL,NULL),(263,1669,261,87,1,1,NULL,NULL,NULL,NULL,0,NULL,NULL,NULL,1750,NULL,NULL,NULL,NULL,NULL,NULL,NULL,NULL,NULL,NULL,NULL,NULL,NULL,NULL,NULL,NULL,NULL),(264,1670,261,87,1,1,NULL,NULL,NULL,NULL,0,NULL,NULL,NULL,2610,NULL,NULL,NULL,NULL,NULL,NULL,NULL,NULL,NULL,NULL,NULL,NULL,NULL,NULL,NULL,NULL,NULL);
/*!40000 ALTER TABLE `cms3_filter_index_56_pages_228` ENABLE KEYS */;
UNLOCK TABLES;

--
-- Table structure for table `cms3_filter_index_56_pages_539`
--

DROP TABLE IF EXISTS `cms3_filter_index_56_pages_539`;
/*!40101 SET @saved_cs_client     = @@character_set_client */;
/*!50503 SET character_set_client = utf8mb4 */;
CREATE TABLE `cms3_filter_index_56_pages_539` (
  `id` int unsigned NOT NULL,
  `obj_id` int unsigned NOT NULL,
  `parent_id` int unsigned NOT NULL,
  `type_id` int unsigned NOT NULL,
  `lang_id` int unsigned NOT NULL,
  `domain_id` int unsigned NOT NULL,
  `brend` varchar(255) DEFAULT NULL,
  `cvet` varchar(255) DEFAULT NULL,
  `cvet_korpusa` varchar(255) DEFAULT NULL,
  `material_korpusa` varchar(255) DEFAULT NULL,
  `nalichie_budilnika` tinyint(1) DEFAULT '0',
  `novoe_pole` varchar(255) DEFAULT NULL,
  `price` double DEFAULT '0',
  `proizvoditel` varchar(255) DEFAULT NULL,
  `razmer` varchar(255) DEFAULT NULL,
  `sezon` varchar(255) DEFAULT NULL,
  `steklo` varchar(255) DEFAULT NULL,
  `tip` varchar(255) DEFAULT NULL,
  `tip_mehanizma` varchar(255) DEFAULT NULL,
  `zastezhka` varchar(255) DEFAULT NULL,
  PRIMARY KEY (`id`),
  KEY `obj_id` (`obj_id`),
  KEY `parent_id` (`parent_id`),
  KEY `type_id` (`type_id`),
  KEY `lang_id` (`lang_id`),
  KEY `domain_id` (`domain_id`),
  KEY `brend` (`brend`),
  KEY `cvet` (`cvet`),
  KEY `cvet_korpusa` (`cvet_korpusa`),
  KEY `material_korpusa` (`material_korpusa`),
  KEY `novoe_pole` (`novoe_pole`),
  KEY `price` (`price`),
  KEY `proizvoditel` (`proizvoditel`),
  KEY `razmer` (`razmer`),
  KEY `sezon` (`sezon`),
  KEY `steklo` (`steklo`),
  KEY `tip` (`tip`),
  KEY `tip_mehanizma` (`tip_mehanizma`),
  KEY `zastezhka` (`zastezhka`)
) ENGINE=InnoDB DEFAULT CHARSET=utf8mb3;
/*!40101 SET character_set_client = @saved_cs_client */;

--
-- Dumping data for table `cms3_filter_index_56_pages_539`
--

LOCK TABLES `cms3_filter_index_56_pages_539` WRITE;
/*!40000 ALTER TABLE `cms3_filter_index_56_pages_539` DISABLE KEYS */;
INSERT INTO `cms3_filter_index_56_pages_539` VALUES (312,2132,559,209,1,2,NULL,NULL,'Серый','Нержавеющая сталь',0,'Jacques Lemans',13900,NULL,NULL,NULL,'Минеральное',NULL,'Китай',NULL),(313,2133,564,209,1,2,NULL,NULL,'Золотой','Нержавеющая сталь + PVD покрытие',0,'Epos',70550,NULL,NULL,NULL,'Сапфировое',NULL,'Швейцария',NULL),(314,2134,559,209,1,2,NULL,NULL,NULL,'Титан',0,'Hublot',49800,NULL,NULL,NULL,'Сапфировое',NULL,'Швейцария',NULL),(315,2135,559,209,1,2,NULL,NULL,'Черный','Нержавеющая сталь',0,'Suunto',14690,NULL,NULL,NULL,'Минеральное',NULL,'Финляндия',NULL),(316,2136,559,209,1,2,NULL,NULL,'Синий','Пластик',0,'Timex',8120,NULL,NULL,NULL,'Пластик',NULL,'США',NULL),(317,2137,564,209,1,2,NULL,NULL,'Белый','Нержавеющая сталь + PVD покрытие',1,'Victorinox Swiss Army',34700,NULL,NULL,NULL,'Сапфировое',NULL,'США',NULL),(318,2138,564,209,1,2,NULL,NULL,'Белый','Нержавеющая сталь',0,'Seiko',22900,NULL,NULL,NULL,'Сапфировое',NULL,'Япония',NULL),(319,2139,564,209,1,2,NULL,NULL,'Черный','Керамика',0,'Candino',19900,NULL,NULL,NULL,'Сапфировое',NULL,'Швейцария',NULL),(320,2140,564,209,1,2,NULL,NULL,'Золотой','Нержавеющая сталь',0,'Michael Kors',11500,NULL,NULL,NULL,'Минеральное',NULL,'Китай',NULL),(321,2141,564,209,1,2,NULL,NULL,'Черный','Пластик',1,'Posio',3790,NULL,NULL,NULL,'Пластик',NULL,'Япония',NULL),(322,2142,564,209,1,2,NULL,NULL,'Серый','Нержавеющая сталь',0,'Jacques Lemans',13400,NULL,NULL,NULL,'Минеральное',NULL,'Китай',NULL),(323,2143,559,209,1,2,NULL,NULL,'Золотой','Нержавеющая сталь + PVD покрытие',0,'Epos',58055,NULL,NULL,NULL,'Сапфировое',NULL,'Швейцария',NULL),(324,2144,559,209,1,2,NULL,NULL,NULL,'Титан',0,'Hublot',40500,NULL,NULL,NULL,'Сапфировое',NULL,'Швейцария',NULL),(325,2145,559,209,1,2,NULL,NULL,'Черный','Нержавеющая сталь',0,'Suunto',11690,NULL,NULL,NULL,'Минеральное',NULL,'Финляндия',NULL),(326,2146,559,209,1,2,NULL,NULL,'Синий','Пластик',0,'Timex',6190,NULL,NULL,NULL,'Пластик',NULL,'США',NULL),(327,2147,559,209,1,2,NULL,NULL,'Серый','Нержавеющая сталь',0,'Jacques Lemans',15000,NULL,NULL,NULL,'Минеральное',NULL,'Китай',NULL),(328,2148,559,209,1,2,NULL,NULL,'Золотой','Нержавеющая сталь + PVD покрытие',0,'Epos',78550,NULL,NULL,NULL,'Сапфировое',NULL,'Швейцария',NULL),(329,2149,559,209,1,2,NULL,NULL,'Золотой','Нержавеющая сталь + PVD покрытие',0,'Epos',70550,NULL,NULL,NULL,'Сапфировое',NULL,'Швейцария',NULL),(399,2219,591,234,1,2,NULL,'Синий',NULL,NULL,0,NULL,6999,NULL,'54-56','Зима',NULL,NULL,NULL,'Молния+пуговицы'),(400,2220,591,234,1,2,NULL,'Зеленый',NULL,NULL,0,NULL,6499,NULL,'54-56','Зима',NULL,NULL,NULL,'Молния+пуговицы'),(401,2221,591,234,1,2,NULL,'Голубая',NULL,NULL,0,NULL,5499,NULL,'54-56','Зима',NULL,NULL,NULL,'Молния+пуговицы'),(402,2222,591,234,1,2,NULL,'Синий',NULL,NULL,0,NULL,8499,NULL,'54-56','Зима',NULL,NULL,NULL,'Молния'),(403,2223,591,234,1,2,NULL,'Синий',NULL,NULL,0,NULL,5799,NULL,'54-56','Зима',NULL,NULL,NULL,'Молния'),(404,2224,591,234,1,2,NULL,'Синий',NULL,NULL,0,NULL,2499,NULL,'54-56','Зима',NULL,NULL,NULL,'Молния'),(405,2225,591,234,1,2,NULL,'Серый',NULL,NULL,0,NULL,2499,NULL,'54-56','Зима',NULL,NULL,NULL,'Молния'),(406,2226,591,234,1,2,NULL,'Синий',NULL,NULL,0,NULL,2699,NULL,'54-56','Зима',NULL,NULL,NULL,'Молния'),(407,2227,590,234,1,2,NULL,'Синий',NULL,NULL,0,NULL,3040,NULL,'52-54','Лето',NULL,NULL,NULL,'Молния'),(408,2228,590,234,1,2,NULL,'Черный',NULL,NULL,0,NULL,2999,NULL,'54-56','Лето',NULL,NULL,NULL,'Молния'),(409,2229,590,234,1,2,NULL,'Розовый',NULL,NULL,0,NULL,3999,NULL,'54-56','Лето',NULL,NULL,NULL,'Молния'),(410,2230,590,234,1,2,NULL,'Голубая',NULL,NULL,0,NULL,3370,NULL,'52-54','Лето',NULL,NULL,NULL,'Молния'),(411,2231,590,234,1,2,NULL,'Коричневый',NULL,NULL,0,NULL,3445,NULL,'54-56','Лето',NULL,NULL,NULL,'Молния'),(412,2232,590,234,1,2,NULL,'Мультиколор',NULL,NULL,0,NULL,2970,NULL,'52-54','Лето',NULL,NULL,NULL,'Молния'),(413,2233,590,234,1,2,NULL,'Красный',NULL,NULL,0,NULL,3445,NULL,'48-50','Лето',NULL,NULL,NULL,'Молния+пуговицы'),(414,2234,590,234,1,2,NULL,'Желтый',NULL,NULL,0,NULL,827,NULL,'52-54','Лето',NULL,NULL,NULL,'Молния'),(415,2235,597,234,1,2,NULL,'Серый',NULL,NULL,0,NULL,7860,NULL,'54-56','Лето',NULL,NULL,NULL,'Молния'),(416,2236,597,234,1,2,NULL,'Коричневый',NULL,NULL,0,NULL,5033,NULL,'54-56','Лето',NULL,NULL,NULL,'Молния'),(417,2237,597,234,1,2,NULL,'Темно-синий, малиновый',NULL,NULL,0,NULL,5190,NULL,'54-56','Демисезон',NULL,NULL,NULL,'Молния'),(418,2238,597,234,1,2,NULL,'Голубая',NULL,NULL,0,NULL,4999,NULL,'54-56','Лето',NULL,NULL,NULL,'Молния'),(419,2239,597,234,1,2,NULL,'Черный',NULL,NULL,0,NULL,5390,NULL,'54-56','Лето',NULL,NULL,NULL,'Молния'),(420,2240,597,234,1,2,NULL,'Синий',NULL,NULL,0,NULL,3458,NULL,'52-54','Лето',NULL,NULL,NULL,'Молния'),(421,2241,597,234,1,2,NULL,'Серый',NULL,NULL,0,NULL,3467,NULL,'54-56','Лето',NULL,NULL,NULL,'Молния'),(422,2242,597,234,1,2,NULL,'Синий',NULL,NULL,0,NULL,4890,NULL,'54-56','Демисезон',NULL,NULL,NULL,'Молния'),(423,2243,598,234,1,2,NULL,'Синий',NULL,NULL,0,NULL,2480,NULL,'54-56','Лето',NULL,NULL,NULL,'Пуговицы'),(424,2244,598,234,1,2,NULL,'Синий',NULL,NULL,0,NULL,3500,NULL,'54-56','Лето',NULL,NULL,NULL,'Пуговицы'),(425,2245,598,234,1,2,NULL,'Серый',NULL,NULL,0,NULL,4700,NULL,'52-54','Лето',NULL,NULL,NULL,'Пуговицы'),(426,2246,598,234,1,2,NULL,'Синий',NULL,NULL,0,NULL,3490,NULL,'48-50','Лето',NULL,NULL,NULL,'Пуговицы'),(427,2247,598,234,1,2,NULL,'Бежевый',NULL,NULL,0,NULL,3090,NULL,'50-52','Лето',NULL,NULL,NULL,'Пуговицы'),(428,2248,598,234,1,2,NULL,'Серый',NULL,NULL,0,NULL,3445,NULL,'48-50','Лето',NULL,NULL,NULL,'Пуговицы'),(429,2249,598,234,1,2,NULL,'Голубая',NULL,NULL,0,NULL,2970,NULL,'48-50','Лето',NULL,NULL,NULL,'Пуговицы'),(430,2250,598,234,1,2,NULL,'Синий',NULL,NULL,0,NULL,1270,NULL,'54-56','Лето',NULL,NULL,NULL,'Пуговицы'),(434,2095,442,234,1,2,'BRUNO BANANI','Синий',NULL,NULL,0,NULL,3990,NULL,'52-54','Демисезон',NULL,NULL,NULL,NULL),(435,2255,442,234,1,2,NULL,'Синий',NULL,NULL,0,NULL,5499,NULL,'50-52','Демисезон',NULL,NULL,NULL,NULL),(436,2256,442,234,1,2,'RHODE ISLAND','Синий',NULL,NULL,0,NULL,2350,NULL,'52-54','Демисезон',NULL,NULL,NULL,NULL),(437,2257,442,234,1,2,'BRUNO BANANI','Серый',NULL,NULL,0,NULL,3450,NULL,'54-56','Демисезон',NULL,NULL,NULL,'Молния+пуговицы'),(438,1868,442,234,1,2,NULL,'Черный',NULL,NULL,0,NULL,6590,NULL,'54-56','Демисезон',NULL,NULL,NULL,NULL),(439,2259,442,234,1,2,'Kekker style','Серый',NULL,NULL,0,NULL,8950,NULL,'54-56','Демисезон',NULL,NULL,NULL,'Молния+пуговицы'),(440,2260,442,234,1,2,'JOHN DEVIN','Серый',NULL,NULL,0,NULL,5690,NULL,'52-54','Демисезон, зима',NULL,NULL,NULL,'Молния+пуговицы'),(441,2261,442,234,1,2,NULL,'Синий',NULL,NULL,0,NULL,4590,NULL,'54-56','Демисезон, зима',NULL,NULL,NULL,'Молния+пуговицы'),(443,2263,442,234,1,2,NULL,'Синий',NULL,NULL,0,NULL,6790,NULL,'54-56','Демисезон',NULL,NULL,NULL,'Молния+пуговицы'),(444,2264,442,234,1,2,'Kekker style','Синий',NULL,NULL,0,NULL,2350,NULL,'54-56','Демисезон, зима',NULL,NULL,NULL,'Молния+пуговицы'),(445,2265,442,234,1,2,'Kekker style','Серый',NULL,NULL,0,NULL,4590,NULL,'54-56','Демисезон, зима',NULL,NULL,NULL,'Молния+пуговицы'),(446,2266,442,234,1,2,'Kekker style','Синий',NULL,NULL,0,NULL,8950,NULL,'54-56','Демисезон',NULL,NULL,NULL,'Молния+пуговицы'),(447,2267,585,235,1,2,'Bell',NULL,NULL,NULL,0,NULL,2300,NULL,NULL,NULL,NULL,NULL,NULL,NULL),(448,2268,585,235,1,2,'Bell',NULL,NULL,NULL,0,NULL,149,NULL,NULL,NULL,NULL,NULL,NULL,NULL),(449,2269,585,235,1,2,'Bell',NULL,NULL,NULL,0,NULL,310,NULL,NULL,NULL,NULL,NULL,NULL,NULL),(450,2270,585,235,1,2,'L`Oreal',NULL,NULL,NULL,0,NULL,440,NULL,NULL,NULL,NULL,NULL,NULL,NULL),(451,2271,585,235,1,2,'L`Oreal',NULL,NULL,NULL,0,NULL,430,NULL,NULL,NULL,NULL,NULL,NULL,NULL),(452,2272,585,235,1,2,'Maybelline New York',NULL,NULL,NULL,0,NULL,220,NULL,NULL,NULL,NULL,NULL,NULL,NULL),(453,2273,585,235,1,2,'Rimmel',NULL,NULL,NULL,0,NULL,300,NULL,NULL,NULL,NULL,NULL,NULL,NULL),(454,2274,585,235,1,2,'Rimmel',NULL,NULL,NULL,0,NULL,390,NULL,NULL,NULL,NULL,NULL,NULL,NULL),(455,2275,585,235,1,2,'NOUBA',NULL,NULL,NULL,0,NULL,1099,NULL,NULL,NULL,NULL,NULL,NULL,NULL),(456,2276,585,235,1,2,'MAX FACTOR',NULL,NULL,NULL,0,NULL,350,NULL,NULL,NULL,NULL,NULL,NULL,NULL),(457,2277,585,235,1,2,'Revlon',NULL,NULL,NULL,0,NULL,390,NULL,NULL,NULL,NULL,NULL,NULL,NULL),(458,2278,585,235,1,2,'Bell',NULL,NULL,NULL,0,NULL,210,NULL,NULL,NULL,NULL,NULL,NULL,NULL),(459,2279,585,235,1,2,'LUXVISAGE',NULL,NULL,NULL,0,NULL,280,NULL,NULL,NULL,NULL,NULL,NULL,NULL),(465,2285,580,242,1,2,NULL,'Черный',NULL,NULL,0,NULL,18990,'RICCI',NULL,NULL,NULL,'Механическое',NULL,NULL),(466,2286,580,242,1,2,NULL,'Серый',NULL,NULL,0,NULL,16900,'Hansa',NULL,NULL,NULL,'Механическое',NULL,NULL),(467,2287,580,242,1,2,NULL,'Черный',NULL,NULL,0,NULL,12900,'Hansa',NULL,NULL,NULL,'Механическое',NULL,NULL),(468,2288,580,242,1,2,NULL,'Серый',NULL,NULL,0,NULL,25900,'Bosch',NULL,NULL,NULL,'Электронный',NULL,NULL),(469,2289,580,242,1,2,NULL,'Серый',NULL,NULL,0,NULL,27900,'Samsung',NULL,NULL,NULL,'Электронный',NULL,NULL),(470,2290,580,242,1,2,NULL,'Антрацит',NULL,NULL,0,NULL,145500,'Asko',NULL,NULL,NULL,'Сенсорный',NULL,NULL),(471,2291,580,242,1,2,NULL,'Бежевый',NULL,NULL,0,NULL,15900,'Darina',NULL,NULL,NULL,'Механическое',NULL,NULL),(472,2292,580,242,1,2,NULL,'Лед',NULL,NULL,0,NULL,60999,'Hotpoint-Ariston',NULL,NULL,NULL,'Поворотные переключатели',NULL,NULL),(473,2293,581,244,1,2,'LG',NULL,NULL,NULL,0,NULL,24900,NULL,NULL,NULL,NULL,NULL,NULL,NULL),(474,2294,581,244,1,2,'Bosch',NULL,NULL,NULL,0,NULL,22000,NULL,NULL,NULL,NULL,NULL,NULL,NULL),(475,2295,581,244,1,2,'Indesit',NULL,NULL,NULL,0,NULL,15499,NULL,NULL,NULL,NULL,NULL,NULL,NULL),(476,2296,581,244,1,2,'Bosch',NULL,NULL,NULL,0,NULL,29999,NULL,NULL,NULL,NULL,NULL,NULL,NULL),(477,2297,581,244,1,2,'SAMSUNG',NULL,NULL,NULL,0,NULL,27999,NULL,NULL,NULL,NULL,NULL,NULL,NULL),(478,2298,581,244,1,2,'BEKO',NULL,NULL,NULL,0,NULL,12499,NULL,NULL,NULL,NULL,NULL,NULL,NULL),(479,2299,581,244,1,2,'ZANUSSI',NULL,NULL,NULL,0,NULL,25999,NULL,NULL,NULL,NULL,NULL,NULL,NULL),(480,2300,581,244,1,2,'SHARP',NULL,NULL,NULL,0,NULL,184999,NULL,NULL,NULL,NULL,NULL,NULL,NULL),(481,2301,582,245,1,2,NULL,NULL,NULL,NULL,0,NULL,6999,NULL,NULL,NULL,NULL,NULL,NULL,NULL),(482,2302,582,245,1,2,NULL,NULL,NULL,NULL,0,NULL,2799,NULL,NULL,NULL,NULL,NULL,NULL,NULL),(483,2303,582,245,1,2,NULL,NULL,NULL,NULL,0,NULL,19990,NULL,NULL,NULL,NULL,NULL,NULL,NULL),(484,2304,582,245,1,2,NULL,NULL,NULL,NULL,0,NULL,3499,NULL,NULL,NULL,NULL,NULL,NULL,NULL),(485,2305,582,245,1,2,NULL,NULL,NULL,NULL,0,NULL,4999,NULL,NULL,NULL,NULL,NULL,NULL,NULL),(486,2306,582,245,1,2,NULL,NULL,NULL,NULL,0,NULL,14999,NULL,NULL,NULL,NULL,NULL,NULL,NULL),(487,2307,582,245,1,2,NULL,NULL,NULL,NULL,0,NULL,8299,NULL,NULL,NULL,NULL,NULL,NULL,NULL),(488,2308,582,245,1,2,NULL,NULL,NULL,NULL,0,NULL,4999,NULL,NULL,NULL,NULL,NULL,NULL,NULL),(489,2309,583,247,1,2,NULL,NULL,NULL,NULL,0,'Двухкамерный',17999,NULL,NULL,NULL,NULL,NULL,NULL,NULL),(490,2310,583,247,1,2,NULL,NULL,NULL,NULL,0,'Двухкамерный',37999,NULL,NULL,NULL,NULL,NULL,NULL,NULL),(491,2311,583,247,1,2,NULL,NULL,NULL,NULL,0,'Двухкамерный',45699,NULL,NULL,NULL,NULL,NULL,NULL,NULL),(492,2312,583,247,1,2,NULL,NULL,NULL,NULL,0,'Трехкамерный',89959,NULL,NULL,NULL,NULL,NULL,NULL,NULL),(493,2313,583,247,1,2,NULL,NULL,NULL,NULL,0,'Двухкамерный',36999,NULL,NULL,NULL,NULL,NULL,NULL,NULL),(494,2314,583,247,1,2,NULL,NULL,NULL,NULL,0,'Двухкамерный',32899,NULL,NULL,NULL,NULL,NULL,NULL,NULL),(495,2315,583,247,1,2,NULL,NULL,NULL,NULL,0,'Двухкамерный',76999,NULL,NULL,NULL,NULL,NULL,NULL,NULL),(496,2316,583,247,1,2,NULL,NULL,NULL,NULL,0,'Двухкамерный',24299,NULL,NULL,NULL,NULL,NULL,NULL,NULL),(497,2317,592,248,1,2,NULL,NULL,NULL,NULL,0,NULL,2970,NULL,NULL,NULL,NULL,NULL,NULL,NULL),(498,2318,592,248,1,2,NULL,NULL,NULL,NULL,0,NULL,2399,NULL,NULL,NULL,NULL,NULL,NULL,NULL),(499,2319,592,248,1,2,NULL,NULL,NULL,NULL,0,NULL,3599,NULL,NULL,NULL,NULL,NULL,NULL,NULL),(500,2320,592,248,1,2,NULL,NULL,NULL,NULL,0,NULL,2999,NULL,NULL,NULL,NULL,NULL,NULL,NULL),(501,2321,592,248,1,2,NULL,NULL,NULL,NULL,0,NULL,2999,NULL,NULL,NULL,NULL,NULL,NULL,NULL),(502,2322,592,248,1,2,NULL,NULL,NULL,NULL,0,NULL,3999,NULL,NULL,NULL,NULL,NULL,NULL,NULL),(503,2323,592,248,1,2,NULL,NULL,NULL,NULL,0,NULL,1999,NULL,NULL,NULL,NULL,NULL,NULL,NULL),(504,2324,592,248,1,2,NULL,NULL,NULL,NULL,0,NULL,3337,NULL,NULL,NULL,NULL,NULL,NULL,NULL),(505,2325,586,249,1,2,NULL,NULL,NULL,NULL,0,NULL,3780,NULL,NULL,NULL,NULL,NULL,NULL,NULL),(506,2326,586,249,1,2,NULL,NULL,NULL,NULL,0,NULL,2100,NULL,NULL,NULL,NULL,NULL,NULL,NULL),(507,2327,586,249,1,2,NULL,NULL,NULL,NULL,0,NULL,598,NULL,NULL,NULL,NULL,NULL,NULL,NULL),(508,2328,586,249,1,2,NULL,NULL,NULL,NULL,0,NULL,1824,NULL,NULL,NULL,NULL,NULL,NULL,NULL),(509,2329,586,249,1,2,NULL,NULL,NULL,NULL,0,NULL,708,NULL,NULL,NULL,NULL,NULL,NULL,NULL),(510,2330,586,249,1,2,NULL,NULL,NULL,NULL,0,NULL,1297,NULL,NULL,NULL,NULL,NULL,NULL,NULL),(511,2331,586,249,1,2,NULL,NULL,NULL,NULL,0,NULL,269,NULL,NULL,NULL,NULL,NULL,NULL,NULL),(512,2332,586,249,1,2,NULL,NULL,NULL,NULL,0,NULL,1084,NULL,NULL,NULL,NULL,NULL,NULL,NULL),(513,2333,587,249,1,2,NULL,NULL,NULL,NULL,0,NULL,132,NULL,NULL,NULL,NULL,NULL,NULL,NULL),(514,2334,587,249,1,2,NULL,NULL,NULL,NULL,0,NULL,337,NULL,NULL,NULL,NULL,NULL,NULL,NULL),(515,2335,587,249,1,2,NULL,NULL,NULL,NULL,0,NULL,588,NULL,NULL,NULL,NULL,NULL,NULL,NULL),(516,2336,587,249,1,2,NULL,NULL,NULL,NULL,0,NULL,393,NULL,NULL,NULL,NULL,NULL,NULL,NULL),(517,2337,587,249,1,2,NULL,NULL,NULL,NULL,0,NULL,998,NULL,NULL,NULL,NULL,NULL,NULL,NULL),(518,2338,587,249,1,2,NULL,NULL,NULL,NULL,0,NULL,337,NULL,NULL,NULL,NULL,NULL,NULL,NULL),(519,2339,587,249,1,2,NULL,NULL,NULL,NULL,0,NULL,393,NULL,NULL,NULL,NULL,NULL,NULL,NULL),(520,2340,587,249,1,2,NULL,NULL,NULL,NULL,0,NULL,337,NULL,NULL,NULL,NULL,NULL,NULL,NULL),(521,2341,588,251,1,2,NULL,NULL,NULL,NULL,0,NULL,2600,NULL,NULL,NULL,NULL,NULL,NULL,NULL),(522,2342,588,251,1,2,NULL,NULL,NULL,NULL,0,NULL,3500,NULL,NULL,NULL,NULL,NULL,NULL,NULL),(523,2343,588,251,1,2,NULL,NULL,NULL,NULL,0,NULL,5000,NULL,NULL,NULL,NULL,NULL,NULL,NULL),(524,2344,588,251,1,2,NULL,NULL,NULL,NULL,0,NULL,2465,NULL,NULL,NULL,NULL,NULL,NULL,NULL),(525,2345,588,251,1,2,NULL,NULL,NULL,NULL,0,NULL,4562,NULL,NULL,NULL,NULL,NULL,NULL,NULL),(526,2346,588,251,1,2,NULL,NULL,NULL,NULL,0,NULL,2580,NULL,NULL,NULL,NULL,NULL,NULL,NULL),(527,2347,588,251,1,2,NULL,NULL,NULL,NULL,0,NULL,7500,NULL,NULL,NULL,NULL,NULL,NULL,NULL),(528,2348,588,251,1,2,NULL,NULL,NULL,NULL,0,NULL,9000,NULL,NULL,NULL,NULL,NULL,NULL,NULL),(529,2349,557,253,1,2,'Yedoo',NULL,NULL,NULL,0,NULL,10000,NULL,NULL,NULL,NULL,NULL,NULL,NULL),(530,2350,557,253,1,2,'Trolo Raptor',NULL,NULL,NULL,0,NULL,12500,NULL,NULL,NULL,NULL,NULL,NULL,NULL),(531,2351,557,253,1,2,'MICRO SPEED',NULL,NULL,NULL,0,NULL,7860,NULL,NULL,NULL,NULL,NULL,NULL,NULL),(532,2352,557,253,1,2,'Micro Suspension',NULL,NULL,NULL,0,NULL,8999,NULL,NULL,NULL,NULL,NULL,NULL,NULL),(533,2353,557,253,1,2,'Razor',NULL,NULL,NULL,0,NULL,15000,NULL,NULL,NULL,NULL,NULL,NULL,NULL),(534,2354,557,253,1,2,'Weelz Rock',NULL,NULL,NULL,0,NULL,9800,NULL,NULL,NULL,NULL,NULL,NULL,NULL),(535,2355,557,253,1,2,'HUDORA',NULL,NULL,NULL,0,NULL,17900,NULL,NULL,NULL,NULL,NULL,NULL,NULL),(536,2356,557,253,1,2,'Xootr',NULL,NULL,NULL,0,NULL,11800,NULL,NULL,NULL,NULL,NULL,NULL,NULL),(560,2380,559,87,1,2,NULL,NULL,NULL,NULL,0,NULL,29200,NULL,NULL,NULL,NULL,NULL,NULL,NULL),(561,2381,559,87,1,2,NULL,NULL,NULL,NULL,0,NULL,47900,NULL,NULL,NULL,NULL,NULL,NULL,NULL),(562,2382,559,87,1,2,NULL,NULL,NULL,NULL,0,NULL,18000,NULL,NULL,NULL,NULL,NULL,NULL,NULL),(563,2383,559,87,1,2,NULL,NULL,NULL,NULL,0,NULL,17900,NULL,NULL,NULL,NULL,NULL,NULL,NULL),(565,2385,564,87,1,2,NULL,NULL,NULL,NULL,0,NULL,18000,NULL,NULL,NULL,NULL,NULL,NULL,NULL);
/*!40000 ALTER TABLE `cms3_filter_index_56_pages_539` ENABLE KEYS */;
UNLOCK TABLES;

--
-- Table structure for table `cms3_filter_index_56_pages_850`
--

DROP TABLE IF EXISTS `cms3_filter_index_56_pages_850`;
/*!40101 SET @saved_cs_client     = @@character_set_client */;
/*!50503 SET character_set_client = utf8mb4 */;
CREATE TABLE `cms3_filter_index_56_pages_850` (
  `id` int unsigned NOT NULL,
  `obj_id` int unsigned NOT NULL,
  `parent_id` int unsigned NOT NULL,
  `type_id` int unsigned NOT NULL,
  `lang_id` int unsigned NOT NULL,
  `domain_id` int unsigned NOT NULL,
  `brend` varchar(255) DEFAULT NULL,
  `cvet` varchar(255) DEFAULT NULL,
  `cvet_korpusa` varchar(255) DEFAULT NULL,
  `material_korpusa` varchar(255) DEFAULT NULL,
  `nalichie_budilnika` tinyint(1) DEFAULT '0',
  `novoe_pole` varchar(255) DEFAULT NULL,
  `price` double DEFAULT '0',
  `proizvoditel` varchar(255) DEFAULT NULL,
  `razmer` varchar(255) DEFAULT NULL,
  `sezon` varchar(255) DEFAULT NULL,
  `steklo` varchar(255) DEFAULT NULL,
  `tip` varchar(255) DEFAULT NULL,
  `tip_mehanizma` varchar(255) DEFAULT NULL,
  `zastezhka` varchar(255) DEFAULT NULL,
  PRIMARY KEY (`id`),
  KEY `obj_id` (`obj_id`),
  KEY `parent_id` (`parent_id`),
  KEY `type_id` (`type_id`),
  KEY `lang_id` (`lang_id`),
  KEY `domain_id` (`domain_id`),
  KEY `brend` (`brend`),
  KEY `cvet` (`cvet`),
  KEY `cvet_korpusa` (`cvet_korpusa`),
  KEY `material_korpusa` (`material_korpusa`),
  KEY `novoe_pole` (`novoe_pole`),
  KEY `price` (`price`),
  KEY `proizvoditel` (`proizvoditel`),
  KEY `razmer` (`razmer`),
  KEY `sezon` (`sezon`),
  KEY `steklo` (`steklo`),
  KEY `tip` (`tip`),
  KEY `tip_mehanizma` (`tip_mehanizma`),
  KEY `zastezhka` (`zastezhka`)
) ENGINE=InnoDB DEFAULT CHARSET=utf8mb3;
/*!40101 SET character_set_client = @saved_cs_client */;

--
-- Dumping data for table `cms3_filter_index_56_pages_850`
--

LOCK TABLES `cms3_filter_index_56_pages_850` WRITE;
/*!40000 ALTER TABLE `cms3_filter_index_56_pages_850` DISABLE KEYS */;
INSERT INTO `cms3_filter_index_56_pages_850` VALUES (623,3223,870,274,1,1,NULL,NULL,'Серый','Нержавеющая сталь',0,'Jacques Lemans',13900,NULL,NULL,NULL,'Минеральное',NULL,'Китай',NULL),(624,3224,875,274,1,1,NULL,NULL,'Золотой','Нержавеющая сталь + PVD покрытие',0,'Epos',70550,NULL,NULL,NULL,'Сапфировое',NULL,'Швейцария',NULL),(625,3225,870,274,1,1,NULL,NULL,NULL,'Титан',0,'Hublot',49800,NULL,NULL,NULL,'Сапфировое',NULL,'Швейцария',NULL),(626,3226,870,274,1,1,NULL,NULL,'Черный','Нержавеющая сталь',0,'Suunto',14690,NULL,NULL,NULL,'Минеральное',NULL,'Финляндия',NULL),(627,3227,870,274,1,1,NULL,NULL,'Синий','Пластик',0,'Timex',8120,NULL,NULL,NULL,'Пластик',NULL,'США',NULL),(628,3228,875,274,1,1,NULL,NULL,'Белый','Нержавеющая сталь + PVD покрытие',1,'Victorinox Swiss Army',34700,NULL,NULL,NULL,'Сапфировое',NULL,'США',NULL),(629,3229,875,274,1,1,NULL,NULL,'Белый','Нержавеющая сталь',0,'Seiko',22900,NULL,NULL,NULL,'Сапфировое',NULL,'Япония',NULL),(630,3230,875,274,1,1,NULL,NULL,'Черный','Керамика',0,'Candino',19900,NULL,NULL,NULL,'Сапфировое',NULL,'Швейцария',NULL),(631,3231,875,274,1,1,NULL,NULL,'Золотой','Нержавеющая сталь',0,'Michael Kors',11500,NULL,NULL,NULL,'Минеральное',NULL,'Китай',NULL),(632,3232,875,274,1,1,NULL,NULL,'Черный','Пластик',1,'Posio',3790,NULL,NULL,NULL,'Пластик',NULL,'Япония',NULL),(633,3233,875,274,1,1,NULL,NULL,'Серый','Нержавеющая сталь',0,'Jacques Lemans',13400,NULL,NULL,NULL,'Минеральное',NULL,'Китай',NULL),(634,3234,870,274,1,1,NULL,NULL,'Золотой','Нержавеющая сталь + PVD покрытие',0,'Epos',58055,NULL,NULL,NULL,'Сапфировое',NULL,'Швейцария',NULL),(635,3235,870,274,1,1,NULL,NULL,NULL,'Титан',0,'Hublot',40500,NULL,NULL,NULL,'Сапфировое',NULL,'Швейцария',NULL),(636,3236,870,274,1,1,NULL,NULL,'Черный','Нержавеющая сталь',0,'Suunto',11690,NULL,NULL,NULL,'Минеральное',NULL,'Финляндия',NULL),(637,3237,870,274,1,1,NULL,NULL,'Синий','Пластик',0,'Timex',6190,NULL,NULL,NULL,'Пластик',NULL,'США',NULL),(638,3238,870,274,1,1,NULL,NULL,'Серый','Нержавеющая сталь',0,'Jacques Lemans',15000,NULL,NULL,NULL,'Минеральное',NULL,'Китай',NULL),(639,3239,870,274,1,1,NULL,NULL,'Золотой','Нержавеющая сталь + PVD покрытие',0,'Epos',78550,NULL,NULL,NULL,'Сапфировое',NULL,'Швейцария',NULL),(640,3240,870,274,1,1,NULL,NULL,'Золотой','Нержавеющая сталь + PVD покрытие',0,'Epos',70550,NULL,NULL,NULL,'Сапфировое',NULL,'Швейцария',NULL),(710,3310,902,299,1,1,NULL,'Синий',NULL,NULL,0,NULL,6999,NULL,'54-56','Зима',NULL,NULL,NULL,'Молния+пуговицы'),(711,3311,902,299,1,1,NULL,'Зеленый',NULL,NULL,0,NULL,6499,NULL,'54-56','Зима',NULL,NULL,NULL,'Молния+пуговицы'),(712,3312,902,299,1,1,NULL,'Голубая',NULL,NULL,0,NULL,5499,NULL,'54-56','Зима',NULL,NULL,NULL,'Молния+пуговицы'),(713,3313,902,299,1,1,NULL,'Синий',NULL,NULL,0,NULL,8499,NULL,'54-56','Зима',NULL,NULL,NULL,'Молния'),(714,3314,902,299,1,1,NULL,'Синий',NULL,NULL,0,NULL,5799,NULL,'54-56','Зима',NULL,NULL,NULL,'Молния'),(715,3315,902,299,1,1,NULL,'Синий',NULL,NULL,0,NULL,2499,NULL,'54-56','Зима',NULL,NULL,NULL,'Молния'),(716,3316,902,299,1,1,NULL,'Серый',NULL,NULL,0,NULL,2499,NULL,'54-56','Зима',NULL,NULL,NULL,'Молния'),(717,3317,902,299,1,1,NULL,'Синий',NULL,NULL,0,NULL,2699,NULL,'54-56','Зима',NULL,NULL,NULL,'Молния'),(718,3318,901,299,1,1,NULL,'Синий',NULL,NULL,0,NULL,3040,NULL,'52-54','Лето',NULL,NULL,NULL,'Молния'),(719,3319,901,299,1,1,NULL,'Черный',NULL,NULL,0,NULL,2999,NULL,'54-56','Лето',NULL,NULL,NULL,'Молния'),(720,3320,901,299,1,1,NULL,'Розовый',NULL,NULL,0,NULL,3999,NULL,'54-56','Лето',NULL,NULL,NULL,'Молния'),(721,3321,901,299,1,1,NULL,'Голубая',NULL,NULL,0,NULL,3370,NULL,'52-54','Лето',NULL,NULL,NULL,'Молния'),(722,3322,901,299,1,1,NULL,'Коричневый',NULL,NULL,0,NULL,3445,NULL,'54-56','Лето',NULL,NULL,NULL,'Молния'),(723,3323,901,299,1,1,NULL,'Мультиколор',NULL,NULL,0,NULL,2970,NULL,'52-54','Лето',NULL,NULL,NULL,'Молния'),(724,3324,901,299,1,1,NULL,'Красный',NULL,NULL,0,NULL,3445,NULL,'48-50','Лето',NULL,NULL,NULL,'Молния+пуговицы'),(725,3325,901,299,1,1,NULL,'Желтый',NULL,NULL,0,NULL,827,NULL,'52-54','Лето',NULL,NULL,NULL,'Молния'),(726,3326,908,299,1,1,NULL,'Серый',NULL,NULL,0,NULL,7860,NULL,'54-56','Лето',NULL,NULL,NULL,'Молния'),(727,3327,908,299,1,1,NULL,'Коричневый',NULL,NULL,0,NULL,5033,NULL,'54-56','Лето',NULL,NULL,NULL,'Молния'),(728,3328,908,299,1,1,NULL,'Темно-синий, малиновый',NULL,NULL,0,NULL,5190,NULL,'54-56','Демисезон',NULL,NULL,NULL,'Молния'),(729,3329,908,299,1,1,NULL,'Голубая',NULL,NULL,0,NULL,4999,NULL,'54-56','Лето',NULL,NULL,NULL,'Молния'),(730,3330,908,299,1,1,NULL,'Черный',NULL,NULL,0,NULL,5390,NULL,'54-56','Лето',NULL,NULL,NULL,'Молния'),(731,3331,908,299,1,1,NULL,'Синий',NULL,NULL,0,NULL,3458,NULL,'52-54','Лето',NULL,NULL,NULL,'Молния'),(732,3332,908,299,1,1,NULL,'Серый',NULL,NULL,0,NULL,3467,NULL,'54-56','Лето',NULL,NULL,NULL,'Молния'),(733,3333,908,299,1,1,NULL,'Синий',NULL,NULL,0,NULL,4890,NULL,'54-56','Демисезон',NULL,NULL,NULL,'Молния'),(734,3334,909,299,1,1,NULL,'Синий',NULL,NULL,0,NULL,2480,NULL,'54-56','Лето',NULL,NULL,NULL,'Пуговицы'),(735,3335,909,299,1,1,NULL,'Синий',NULL,NULL,0,NULL,3500,NULL,'54-56','Лето',NULL,NULL,NULL,'Пуговицы'),(736,3336,909,299,1,1,NULL,'Серый',NULL,NULL,0,NULL,4700,NULL,'52-54','Лето',NULL,NULL,NULL,'Пуговицы'),(737,3337,909,299,1,1,NULL,'Синий',NULL,NULL,0,NULL,3490,NULL,'48-50','Лето',NULL,NULL,NULL,'Пуговицы'),(738,3338,909,299,1,1,NULL,'Бежевый',NULL,NULL,0,NULL,3090,NULL,'50-52','Лето',NULL,NULL,NULL,'Пуговицы'),(739,3339,909,299,1,1,NULL,'Серый',NULL,NULL,0,NULL,3445,NULL,'48-50','Лето',NULL,NULL,NULL,'Пуговицы'),(740,3340,909,299,1,1,NULL,'Голубая',NULL,NULL,0,NULL,2970,NULL,'48-50','Лето',NULL,NULL,NULL,'Пуговицы'),(741,3341,909,299,1,1,NULL,'Синий',NULL,NULL,0,NULL,1270,NULL,'54-56','Лето',NULL,NULL,NULL,'Пуговицы'),(745,3186,753,299,1,1,'BRUNO BANANI','Синий',NULL,NULL,0,NULL,3990,NULL,'52-54','Демисезон',NULL,NULL,NULL,NULL),(746,3346,753,299,1,1,NULL,'Синий',NULL,NULL,0,NULL,5499,NULL,'50-52','Демисезон',NULL,NULL,NULL,NULL),(747,3347,753,299,1,1,'RHODE ISLAND','Синий',NULL,NULL,0,NULL,2350,NULL,'52-54','Демисезон',NULL,NULL,NULL,NULL),(748,3348,753,299,1,1,'BRUNO BANANI','Серый',NULL,NULL,0,NULL,3450,NULL,'54-56','Демисезон',NULL,NULL,NULL,'Молния+пуговицы'),(749,2588,753,299,1,1,NULL,'Черный',NULL,NULL,0,NULL,6590,NULL,'54-56','Демисезон',NULL,NULL,NULL,NULL),(750,3350,753,299,1,1,'Kekker style','Серый',NULL,NULL,0,NULL,8950,NULL,'54-56','Демисезон',NULL,NULL,NULL,'Молния+пуговицы'),(751,3351,753,299,1,1,'JOHN DEVIN','Серый',NULL,NULL,0,NULL,5690,NULL,'52-54','Демисезон, зима',NULL,NULL,NULL,'Молния+пуговицы'),(752,3352,753,299,1,1,NULL,'Синий',NULL,NULL,0,NULL,4590,NULL,'54-56','Демисезон, зима',NULL,NULL,NULL,'Молния+пуговицы'),(754,3354,753,299,1,1,NULL,'Синий',NULL,NULL,0,NULL,6790,NULL,'54-56','Демисезон',NULL,NULL,NULL,'Молния+пуговицы'),(755,3355,753,299,1,1,'Kekker style','Синий',NULL,NULL,0,NULL,2350,NULL,'54-56','Демисезон, зима',NULL,NULL,NULL,'Молния+пуговицы'),(756,3356,753,299,1,1,'Kekker style','Серый',NULL,NULL,0,NULL,4590,NULL,'54-56','Демисезон, зима',NULL,NULL,NULL,'Молния+пуговицы'),(757,3357,753,299,1,1,'Kekker style','Синий',NULL,NULL,0,NULL,8950,NULL,'54-56','Демисезон',NULL,NULL,NULL,'Молния+пуговицы'),(758,3358,896,300,1,1,'Bell',NULL,NULL,NULL,0,NULL,2300,NULL,NULL,NULL,NULL,NULL,NULL,NULL),(759,3359,896,300,1,1,'Bell',NULL,NULL,NULL,0,NULL,149,NULL,NULL,NULL,NULL,NULL,NULL,NULL),(760,3360,896,300,1,1,'Bell',NULL,NULL,NULL,0,NULL,310,NULL,NULL,NULL,NULL,NULL,NULL,NULL),(761,3361,896,300,1,1,'L`Oreal',NULL,NULL,NULL,0,NULL,440,NULL,NULL,NULL,NULL,NULL,NULL,NULL),(762,3362,896,300,1,1,'L`Oreal',NULL,NULL,NULL,0,NULL,430,NULL,NULL,NULL,NULL,NULL,NULL,NULL),(763,3363,896,300,1,1,'Maybelline New York',NULL,NULL,NULL,0,NULL,220,NULL,NULL,NULL,NULL,NULL,NULL,NULL),(764,3364,896,300,1,1,'Rimmel',NULL,NULL,NULL,0,NULL,300,NULL,NULL,NULL,NULL,NULL,NULL,NULL),(765,3365,896,300,1,1,'Rimmel',NULL,NULL,NULL,0,NULL,390,NULL,NULL,NULL,NULL,NULL,NULL,NULL),(766,3366,896,300,1,1,'NOUBA',NULL,NULL,NULL,0,NULL,1099,NULL,NULL,NULL,NULL,NULL,NULL,NULL),(767,3367,896,300,1,1,'MAX FACTOR',NULL,NULL,NULL,0,NULL,350,NULL,NULL,NULL,NULL,NULL,NULL,NULL),(768,3368,896,300,1,1,'Revlon',NULL,NULL,NULL,0,NULL,390,NULL,NULL,NULL,NULL,NULL,NULL,NULL),(769,3369,896,300,1,1,'Bell',NULL,NULL,NULL,0,NULL,210,NULL,NULL,NULL,NULL,NULL,NULL,NULL),(770,3370,896,300,1,1,'LUXVISAGE',NULL,NULL,NULL,0,NULL,280,NULL,NULL,NULL,NULL,NULL,NULL,NULL),(776,3376,891,307,1,1,NULL,'Черный',NULL,NULL,0,NULL,18990,'RICCI',NULL,NULL,NULL,'Механическое',NULL,NULL),(777,3377,891,307,1,1,NULL,'Серый',NULL,NULL,0,NULL,16900,'Hansa',NULL,NULL,NULL,'Механическое',NULL,NULL),(778,3378,891,307,1,1,NULL,'Черный',NULL,NULL,0,NULL,12900,'Hansa',NULL,NULL,NULL,'Механическое',NULL,NULL),(779,3379,891,307,1,1,NULL,'Серый',NULL,NULL,0,NULL,25900,'Bosch',NULL,NULL,NULL,'Электронный',NULL,NULL),(780,3380,891,307,1,1,NULL,'Серый',NULL,NULL,0,NULL,27900,'Samsung',NULL,NULL,NULL,'Электронный',NULL,NULL),(781,3381,891,307,1,1,NULL,'Антрацит',NULL,NULL,0,NULL,145500,'Asko',NULL,NULL,NULL,'Сенсорный',NULL,NULL),(782,3382,891,307,1,1,NULL,'Бежевый',NULL,NULL,0,NULL,15900,'Darina',NULL,NULL,NULL,'Механическое',NULL,NULL),(783,3383,891,307,1,1,NULL,'Лед',NULL,NULL,0,NULL,60999,'Hotpoint-Ariston',NULL,NULL,NULL,'Поворотные переключатели',NULL,NULL),(784,3384,892,309,1,1,'LG',NULL,NULL,NULL,0,NULL,24900,NULL,NULL,NULL,NULL,NULL,NULL,NULL),(785,3385,892,309,1,1,'Bosch',NULL,NULL,NULL,0,NULL,22000,NULL,NULL,NULL,NULL,NULL,NULL,NULL),(786,3386,892,309,1,1,'Indesit',NULL,NULL,NULL,0,NULL,15499,NULL,NULL,NULL,NULL,NULL,NULL,NULL),(787,3387,892,309,1,1,'Bosch',NULL,NULL,NULL,0,NULL,29999,NULL,NULL,NULL,NULL,NULL,NULL,NULL),(788,3388,892,309,1,1,'SAMSUNG',NULL,NULL,NULL,0,NULL,27999,NULL,NULL,NULL,NULL,NULL,NULL,NULL),(789,3389,892,309,1,1,'BEKO',NULL,NULL,NULL,0,NULL,12499,NULL,NULL,NULL,NULL,NULL,NULL,NULL),(790,3390,892,309,1,1,'ZANUSSI',NULL,NULL,NULL,0,NULL,25999,NULL,NULL,NULL,NULL,NULL,NULL,NULL),(791,3391,892,309,1,1,'SHARP',NULL,NULL,NULL,0,NULL,184999,NULL,NULL,NULL,NULL,NULL,NULL,NULL),(792,3392,893,310,1,1,NULL,NULL,NULL,NULL,0,NULL,6999,NULL,NULL,NULL,NULL,NULL,NULL,NULL),(793,3393,893,310,1,1,NULL,NULL,NULL,NULL,0,NULL,2799,NULL,NULL,NULL,NULL,NULL,NULL,NULL),(794,3394,893,310,1,1,NULL,NULL,NULL,NULL,0,NULL,19990,NULL,NULL,NULL,NULL,NULL,NULL,NULL),(795,3395,893,310,1,1,NULL,NULL,NULL,NULL,0,NULL,3499,NULL,NULL,NULL,NULL,NULL,NULL,NULL),(796,3396,893,310,1,1,NULL,NULL,NULL,NULL,0,NULL,4999,NULL,NULL,NULL,NULL,NULL,NULL,NULL),(797,3397,893,310,1,1,NULL,NULL,NULL,NULL,0,NULL,14999,NULL,NULL,NULL,NULL,NULL,NULL,NULL),(798,3398,893,310,1,1,NULL,NULL,NULL,NULL,0,NULL,8299,NULL,NULL,NULL,NULL,NULL,NULL,NULL),(799,3399,893,310,1,1,NULL,NULL,NULL,NULL,0,NULL,4999,NULL,NULL,NULL,NULL,NULL,NULL,NULL),(800,3400,894,312,1,1,NULL,NULL,NULL,NULL,0,'Двухкамерный',17999,NULL,NULL,NULL,NULL,NULL,NULL,NULL),(801,3401,894,312,1,1,NULL,NULL,NULL,NULL,0,'Двухкамерный',37999,NULL,NULL,NULL,NULL,NULL,NULL,NULL),(802,3402,894,312,1,1,NULL,NULL,NULL,NULL,0,'Двухкамерный',45699,NULL,NULL,NULL,NULL,NULL,NULL,NULL),(803,3403,894,312,1,1,NULL,NULL,NULL,NULL,0,'Трехкамерный',89959,NULL,NULL,NULL,NULL,NULL,NULL,NULL),(804,3404,894,312,1,1,NULL,NULL,NULL,NULL,0,'Двухкамерный',36999,NULL,NULL,NULL,NULL,NULL,NULL,NULL),(805,3405,894,312,1,1,NULL,NULL,NULL,NULL,0,'Двухкамерный',32899,NULL,NULL,NULL,NULL,NULL,NULL,NULL),(806,3406,894,312,1,1,NULL,NULL,NULL,NULL,0,'Двухкамерный',76999,NULL,NULL,NULL,NULL,NULL,NULL,NULL),(807,3407,894,312,1,1,NULL,NULL,NULL,NULL,0,'Двухкамерный',24299,NULL,NULL,NULL,NULL,NULL,NULL,NULL),(808,3408,903,313,1,1,NULL,NULL,NULL,NULL,0,NULL,2970,NULL,NULL,NULL,NULL,NULL,NULL,NULL),(809,3409,903,313,1,1,NULL,NULL,NULL,NULL,0,NULL,2399,NULL,NULL,NULL,NULL,NULL,NULL,NULL),(810,3410,903,313,1,1,NULL,NULL,NULL,NULL,0,NULL,3599,NULL,NULL,NULL,NULL,NULL,NULL,NULL),(811,3411,903,313,1,1,NULL,NULL,NULL,NULL,0,NULL,2999,NULL,NULL,NULL,NULL,NULL,NULL,NULL),(812,3412,903,313,1,1,NULL,NULL,NULL,NULL,0,NULL,2999,NULL,NULL,NULL,NULL,NULL,NULL,NULL),(813,3413,903,313,1,1,NULL,NULL,NULL,NULL,0,NULL,3999,NULL,NULL,NULL,NULL,NULL,NULL,NULL),(814,3414,903,313,1,1,NULL,NULL,NULL,NULL,0,NULL,1999,NULL,NULL,NULL,NULL,NULL,NULL,NULL),(815,3415,903,313,1,1,NULL,NULL,NULL,NULL,0,NULL,3337,NULL,NULL,NULL,NULL,NULL,NULL,NULL),(816,3416,897,314,1,1,NULL,NULL,NULL,NULL,0,NULL,3780,NULL,NULL,NULL,NULL,NULL,NULL,NULL),(817,3417,897,314,1,1,NULL,NULL,NULL,NULL,0,NULL,2100,NULL,NULL,NULL,NULL,NULL,NULL,NULL),(818,3418,897,314,1,1,NULL,NULL,NULL,NULL,0,NULL,598,NULL,NULL,NULL,NULL,NULL,NULL,NULL),(819,3419,897,314,1,1,NULL,NULL,NULL,NULL,0,NULL,1824,NULL,NULL,NULL,NULL,NULL,NULL,NULL),(820,3420,897,314,1,1,NULL,NULL,NULL,NULL,0,NULL,708,NULL,NULL,NULL,NULL,NULL,NULL,NULL),(821,3421,897,314,1,1,NULL,NULL,NULL,NULL,0,NULL,1297,NULL,NULL,NULL,NULL,NULL,NULL,NULL),(822,3422,897,314,1,1,NULL,NULL,NULL,NULL,0,NULL,269,NULL,NULL,NULL,NULL,NULL,NULL,NULL),(823,3423,897,314,1,1,NULL,NULL,NULL,NULL,0,NULL,1084,NULL,NULL,NULL,NULL,NULL,NULL,NULL),(824,3424,898,314,1,1,NULL,NULL,NULL,NULL,0,NULL,132,NULL,NULL,NULL,NULL,NULL,NULL,NULL),(825,3425,898,314,1,1,NULL,NULL,NULL,NULL,0,NULL,337,NULL,NULL,NULL,NULL,NULL,NULL,NULL),(826,3426,898,314,1,1,NULL,NULL,NULL,NULL,0,NULL,588,NULL,NULL,NULL,NULL,NULL,NULL,NULL),(827,3427,898,314,1,1,NULL,NULL,NULL,NULL,0,NULL,393,NULL,NULL,NULL,NULL,NULL,NULL,NULL),(828,3428,898,314,1,1,NULL,NULL,NULL,NULL,0,NULL,998,NULL,NULL,NULL,NULL,NULL,NULL,NULL),(829,3429,898,314,1,1,NULL,NULL,NULL,NULL,0,NULL,337,NULL,NULL,NULL,NULL,NULL,NULL,NULL),(830,3430,898,314,1,1,NULL,NULL,NULL,NULL,0,NULL,393,NULL,NULL,NULL,NULL,NULL,NULL,NULL),(831,3431,898,314,1,1,NULL,NULL,NULL,NULL,0,NULL,337,NULL,NULL,NULL,NULL,NULL,NULL,NULL),(832,3432,899,316,1,1,NULL,NULL,NULL,NULL,0,NULL,2600,NULL,NULL,NULL,NULL,NULL,NULL,NULL),(833,3433,899,316,1,1,NULL,NULL,NULL,NULL,0,NULL,3500,NULL,NULL,NULL,NULL,NULL,NULL,NULL),(834,3434,899,316,1,1,NULL,NULL,NULL,NULL,0,NULL,5000,NULL,NULL,NULL,NULL,NULL,NULL,NULL),(835,3435,899,316,1,1,NULL,NULL,NULL,NULL,0,NULL,2465,NULL,NULL,NULL,NULL,NULL,NULL,NULL),(836,3436,899,316,1,1,NULL,NULL,NULL,NULL,0,NULL,4562,NULL,NULL,NULL,NULL,NULL,NULL,NULL),(837,3437,899,316,1,1,NULL,NULL,NULL,NULL,0,NULL,2580,NULL,NULL,NULL,NULL,NULL,NULL,NULL),(838,3438,899,316,1,1,NULL,NULL,NULL,NULL,0,NULL,7500,NULL,NULL,NULL,NULL,NULL,NULL,NULL),(839,3439,899,316,1,1,NULL,NULL,NULL,NULL,0,NULL,9000,NULL,NULL,NULL,NULL,NULL,NULL,NULL),(840,3440,868,318,1,1,'Yedoo',NULL,NULL,NULL,0,NULL,10000,NULL,NULL,NULL,NULL,NULL,NULL,NULL),(841,3441,868,318,1,1,'Trolo Raptor',NULL,NULL,NULL,0,NULL,12500,NULL,NULL,NULL,NULL,NULL,NULL,NULL),(842,3442,868,318,1,1,'MICRO SPEED',NULL,NULL,NULL,0,NULL,7860,NULL,NULL,NULL,NULL,NULL,NULL,NULL),(843,3443,868,318,1,1,'Micro Suspension',NULL,NULL,NULL,0,NULL,8999,NULL,NULL,NULL,NULL,NULL,NULL,NULL),(844,3444,868,318,1,1,'Razor',NULL,NULL,NULL,0,NULL,15000,NULL,NULL,NULL,NULL,NULL,NULL,NULL),(845,3445,868,318,1,1,'Weelz Rock',NULL,NULL,NULL,0,NULL,9800,NULL,NULL,NULL,NULL,NULL,NULL,NULL),(846,3446,868,318,1,1,'HUDORA',NULL,NULL,NULL,0,NULL,17900,NULL,NULL,NULL,NULL,NULL,NULL,NULL),(847,3447,868,318,1,1,'Xootr',NULL,NULL,NULL,0,NULL,11800,NULL,NULL,NULL,NULL,NULL,NULL,NULL),(871,3471,870,87,1,1,NULL,NULL,NULL,NULL,0,NULL,29200,NULL,NULL,NULL,NULL,NULL,NULL,NULL),(872,3472,870,87,1,1,NULL,NULL,NULL,NULL,0,NULL,47900,NULL,NULL,NULL,NULL,NULL,NULL,NULL),(873,3473,870,87,1,1,NULL,NULL,NULL,NULL,0,NULL,18000,NULL,NULL,NULL,NULL,NULL,NULL,NULL),(874,3474,870,87,1,1,NULL,NULL,NULL,NULL,0,NULL,17900,NULL,NULL,NULL,NULL,NULL,NULL,NULL),(876,3476,875,87,1,1,NULL,NULL,NULL,NULL,0,NULL,18000,NULL,NULL,NULL,NULL,NULL,NULL,NULL);
/*!40000 ALTER TABLE `cms3_filter_index_56_pages_850` ENABLE KEYS */;
UNLOCK TABLES;

--
-- Table structure for table `cms3_hierarchy`
--

DROP TABLE IF EXISTS `cms3_hierarchy`;
/*!40101 SET @saved_cs_client     = @@character_set_client */;
/*!50503 SET character_set_client = utf8mb4 */;
CREATE TABLE `cms3_hierarchy` (
  `id` int unsigned NOT NULL AUTO_INCREMENT,
  `rel` int unsigned NOT NULL,
  `type_id` int unsigned NOT NULL,
  `lang_id` int unsigned NOT NULL,
  `domain_id` int unsigned NOT NULL,
  `obj_id` int unsigned NOT NULL,
  `ord` int DEFAULT '0',
  `tpl_id` int unsigned DEFAULT NULL,
  `alt_name` varchar(128) DEFAULT NULL,
  `is_active` tinyint(1) DEFAULT NULL,
  `is_deleted` tinyint(1) DEFAULT NULL,
  `is_visible` tinyint(1) DEFAULT NULL,
  `updatetime` int DEFAULT NULL,
  `is_default` tinyint(1) DEFAULT '0',
  PRIMARY KEY (`id`),
  KEY `types rels_FK` (`type_id`),
  KEY `Prefix from lang_id_FK` (`lang_id`),
  KEY `Domain from domain_id relation_FK` (`domain_id`),
  KEY `hierarchy to plain object image_FK` (`obj_id`),
  KEY `Getting template data_FK` (`tpl_id`),
  KEY `is_default` (`is_default`),
  KEY `alt_name` (`alt_name`),
  KEY `is_deleted` (`is_deleted`),
  KEY `is_active` (`is_active`),
  KEY `ord` (`ord`),
  KEY `rel` (`rel`),
  KEY `updatetime` (`updatetime`),
  KEY `is_visible` (`is_visible`),
  CONSTRAINT `FK_Domain from domain_id relation` FOREIGN KEY (`domain_id`) REFERENCES `cms3_domains` (`id`) ON DELETE CASCADE ON UPDATE CASCADE,
  CONSTRAINT `FK_Getting template data` FOREIGN KEY (`tpl_id`) REFERENCES `cms3_templates` (`id`) ON DELETE CASCADE ON UPDATE CASCADE,
  CONSTRAINT `FK_hierarchy to plain object image` FOREIGN KEY (`obj_id`) REFERENCES `cms3_objects` (`id`) ON DELETE CASCADE ON UPDATE CASCADE,
  CONSTRAINT `FK_Prefix from lang_id` FOREIGN KEY (`lang_id`) REFERENCES `cms3_langs` (`id`) ON DELETE CASCADE ON UPDATE CASCADE,
  CONSTRAINT `FK_types rels` FOREIGN KEY (`type_id`) REFERENCES `cms3_hierarchy_types` (`id`) ON DELETE CASCADE ON UPDATE CASCADE
) ENGINE=InnoDB AUTO_INCREMENT=604 DEFAULT CHARSET=utf8mb3;
/*!40101 SET character_set_client = @saved_cs_client */;

--
-- Dumping data for table `cms3_hierarchy`
--

LOCK TABLES `cms3_hierarchy` WRITE;
/*!40000 ALTER TABLE `cms3_hierarchy` DISABLE KEYS */;
INSERT INTO `cms3_hierarchy` VALUES (3,0,25,1,1,355,1,2,'luchshie_predlozheniya',1,0,0,1549012578,1),(4,0,50,1,1,356,2,2,'shop',1,0,0,1678971914,0),(5,0,1,1,1,357,3,2,'news1',1,0,0,1544795573,0),(6,0,25,1,1,358,10,2,'delivery_and_payment',1,0,0,1498560654,0),(7,0,25,1,1,359,12,2,'help',1,0,0,1498560654,0),(9,0,25,1,1,362,9,2,'about',1,0,0,1498560605,0),(10,0,25,1,1,363,18,2,'notfound',1,0,0,1499932211,0),(11,0,36,1,1,368,19,2,'gotovy_li_vy_kupit_ipad',1,0,0,1498560654,0),(12,0,27,1,1,369,22,2,'obzory_novinok_tehniki',1,0,1,1498560654,0),(13,0,43,1,1,370,23,2,'remont_bytovoj_tehniki_na_domu',1,0,1,1498560654,0),(14,15,33,1,1,372,2,2,'podelites_mneniyami',1,0,0,1515762518,0),(15,16,32,1,1,373,1,2,'ya_vybral_m-150_chto_skazhete',1,0,0,1552573470,0),(16,0,31,1,1,374,24,2,'pioneer_club',1,0,1,1515762658,0),(17,0,41,1,1,375,25,2,'kabeli_i_razemy',1,0,1,1498560654,0),(131,5,24,1,1,537,2,2,'speshite_akciya',1,0,0,1501682123,0),(132,5,24,1,1,538,1,2,'ne_speshite_ona_zakonchilas',1,0,0,1501682095,0),(149,12,30,1,1,556,1,2,'elektronika_432d',1,0,0,1498560615,0),(150,149,29,1,1,557,1,2,'bravo',1,0,0,1498560615,0),(151,13,44,1,1,558,1,2,'s_chego_nachat',1,0,0,1498560615,0),(152,151,45,1,1,559,1,2,'kak_snyat_korpus',1,0,0,1498560615,0),(153,151,45,1,1,560,2,2,'nuzhno_li_vyklyuchat_pribor',1,0,0,1498560615,0),(154,15,33,1,1,561,1,2,'ya_vybral_m-150_chto_skazhete',1,0,0,1515762658,0),(155,17,42,1,1,562,1,2,'optovolokonnyj_razem',1,0,0,1498560615,0),(156,17,42,1,1,563,2,2,'bnc_connector',1,0,0,1498560615,0),(157,17,42,1,1,564,3,2,'razem_dlya_psp',1,0,0,1498560615,0),(158,17,42,1,1,565,4,2,'razem_firewire',1,0,0,1498560615,0),(235,0,65,1,1,1280,120,2,'appointment1',1,0,1,1498560678,0),(248,0,37,1,1,1572,121,2,'zakazat-zvonok',1,0,0,1499760018,0),(261,4,50,1,1,1765,14,2,'sport-i-turizm',1,0,0,1678971915,0),(262,261,50,1,1,1766,1,2,'velosipedy-i-aksessuary',1,0,0,1678971914,0),(264,262,50,1,1,1778,2,2,'vzroslye-velosipedy',1,0,0,1678971915,0),(268,262,50,1,1,1782,3,2,'detskie-velosipedy',1,0,0,1678971915,0),(273,262,50,1,1,1787,4,2,'veloacsessuary',1,0,0,1678971915,0),(279,4,50,1,1,1793,18,2,'zootovary',1,0,0,1678971915,0),(280,279,50,1,1,1794,1,2,'dlya-koshek',1,0,0,1678971915,0),(281,279,50,1,1,1795,2,2,'dlya-sobak',1,0,0,1678971915,0),(282,279,50,1,1,1796,3,2,'dlya-ptic',1,0,0,1678971915,0),(283,280,50,1,1,1797,1,2,'napolniteli',1,0,0,1678971915,0),(284,280,50,1,1,1798,2,2,'suhie-korma',1,0,0,1678971915,0),(285,280,50,1,1,1799,3,2,'vlazhnye-korma',1,0,0,1678971915,0),(287,281,50,1,1,1801,2,2,'tualety',1,0,0,1678971915,0),(289,282,50,1,1,1803,2,2,'korma-i-lakomstva',1,0,0,1678971915,0),(292,4,50,1,1,1806,20,2,'bytovaya-tehnika',1,0,0,1678971915,0),(293,4,50,1,1,1807,21,2,'parfyumeriya-i-kosmetika',1,0,0,1678971915,0),(309,264,52,1,1,1823,6,2,'velosiped-carrera-virtuoso-road-bike',1,0,0,1545913233,0),(310,4,50,1,1,1826,38,2,'muzhskaya_odezda',1,0,0,1678971915,0),(312,4,50,1,1,1829,22,2,'detskaya_odezda',1,0,0,1678971915,0),(314,264,52,1,1,1833,7,2,'boardman-cx-comp-bike',1,0,0,1545913243,0),(321,312,50,1,1,1840,1,2,'letnyaya',1,0,0,1678971915,0),(322,312,50,1,1,1841,2,2,'zimnyaya',1,0,0,1678971915,0),(326,312,50,1,1,1846,6,2,'obuv',1,0,0,1678971915,0),(327,264,52,1,1,1849,9,2,'velosiped-mizani-ar1-womens-road-bike',1,0,0,1545913265,0),(328,264,52,1,1,1852,10,2,'laura-trott-rd-2-womens-road-bike',1,0,0,1545913277,0),(329,264,52,1,1,1855,11,2,'voodoo-zobop-full-suspension-mountain-bike',1,0,0,1545913287,0),(330,264,52,1,1,1858,24,2,'intuition-lambda-women-s-road-bike',1,0,0,1545913431,0),(331,264,52,1,1,1859,13,2,'apollo-paradox-road-bike',1,0,0,1545913380,0),(332,268,52,1,1,1860,5,2,'elswick-harmony-girls-bike',1,0,0,1513520051,0),(333,261,50,1,1,1862,2,2,'turisticheskoe-snaryazhenie',1,0,0,1678971915,0),(334,333,50,1,1,1863,1,2,'palatki',1,0,0,1678971915,0),(335,334,52,1,1,1865,1,2,'trek-planet-lite-dome-2',1,0,0,1513487963,0),(336,268,52,1,1,1866,6,2,'carrera-star-kids-bike',1,0,0,1513520042,0),(337,268,52,1,1,1868,7,2,'apollo-fade-kids-bike',1,0,0,1545913093,0),(338,334,52,1,1,1869,2,2,'palatka-rybolovnaya-columbus-sea-shel',1,0,0,1513519106,0),(339,334,52,1,1,1871,3,2,'palatka-columbus-sea-shell',1,0,0,1545912969,0),(340,334,52,1,1,1872,4,2,'palatka-2-h-mestnaya-larsen-a2',1,0,0,1513519100,0),(342,4,50,1,1,1874,17,2,'chasy',1,0,0,1678971915,0),(343,342,50,1,1,1875,1,2,'muzhskie-chasy',1,0,0,1678971915,0),(344,342,50,1,1,1876,2,2,'zhenskie-chasy',1,0,0,1678971915,0),(345,343,52,1,1,1879,1,2,'posio-edifice-eqb-600d-1a2',1,0,0,1513528673,0),(348,343,52,1,1,1891,4,2,'jacques-lemans-london-1-1844d',1,0,0,1513954117,0),(349,344,52,1,1,1898,2,2,'epos-passion-3403193241525',1,0,0,1513520452,0),(350,343,52,1,1,1901,6,2,'hublot-classic-fusion-515nx0170lr',1,0,0,1545912940,0),(351,343,52,1,1,1906,7,2,'suunto-core-ss020692000',1,0,0,1513520272,0),(352,343,52,1,1,1912,8,2,'timex-ironman-tw5k95700',1,0,0,1513520177,0),(353,344,52,1,1,1915,6,2,'victorinox-swiss-army-chrono-classic',1,0,0,1545913160,0),(354,344,52,1,1,1918,7,2,'seiko-astron-sse021j1',1,0,0,1513520513,0),(355,344,52,1,1,1921,8,2,'candino-ceramic-c65043',1,0,0,1513520399,0),(356,344,52,1,1,1923,9,2,'michael-kors-runway-mk3493',1,0,0,1513497652,0),(357,344,52,1,1,1924,10,2,'posio-baby-g-bga-130-1b',1,0,0,1513497813,0),(358,283,52,1,1,1929,1,2,'napolnitel-drevesnyj-vitaline',1,0,0,1545912142,0),(359,283,52,1,1,1933,2,2,'napolnitel-drevesnyj-barsik',1,0,0,1545912325,0),(360,283,52,1,1,1935,3,2,'napolnitel-vpityvayuwij-n1-naturel',1,0,0,1545912639,0),(361,283,52,1,1,1937,4,2,'napolnitel-vpityvayuwij-fresh-step',1,0,0,1545912848,0),(362,273,52,1,1,1938,1,2,'nasos-velosipednyj-bike-attitude-gp23',1,0,0,1513508262,0),(363,273,52,1,1,1939,2,2,'flyaga-bbb-750ml-comptank',1,0,0,1513521673,0),(364,273,52,1,1,1940,3,2,'nasos-velosipednyj-zefal-profil-max-fp30',1,0,0,1513521242,0),(365,333,50,1,1,1941,2,2,'spalnye-meshki',1,0,0,1678971915,0),(366,365,52,1,1,1942,1,2,'spalnyj-meshok-picrest-so2',1,0,0,1513521370,0),(367,365,52,1,1,1943,2,2,'spalnyj-meshok-trek-planet-camper',1,0,0,1513954118,0),(368,365,52,1,1,1944,3,2,'spalnyj-meshok-nova-tour-valdaj-300',1,0,0,1513521689,0),(369,365,52,1,1,1945,4,2,'spalnyj-meshok-greenell-tory',1,0,0,1513521532,0),(370,365,52,1,1,1946,5,2,'spalnyj-meshok-nova-tour-krym-v2',1,0,0,1513521593,0),(371,284,52,1,1,1952,1,2,'korm-suhoj-purina-pro-plan-sterilised-feline-with-rabbit-dry',1,0,0,1513521552,0),(372,284,52,1,1,1954,2,2,'upakovka-suhih-kormov-8-sht-purina-cat-chow-adult',1,0,0,1513521507,0),(373,284,52,1,1,1956,3,2,'korm-suhoj-royal-canin-fit-32',1,0,0,1513521736,0),(374,284,52,1,1,1959,4,2,'korm-pronature-28-meat-fiesta-with-chicken-salmon-lamb-flavor',1,0,0,1513521342,0),(375,284,52,1,1,1962,5,2,'korm-go-sensitivity-shine-troutsalmon-cat-recipe-grain-free',1,0,0,1513521776,0),(376,285,52,1,1,1965,1,2,'upakovka-pauchej-12-sht-royal-canin-instinctive-v-souse',1,0,0,1513520602,0),(377,285,52,1,1,1967,2,2,'upakovka-pauchej-24-sht-stuzzycat',1,0,0,1513520545,0),(378,285,52,1,1,1968,3,2,'upakovka-pauchej-24-sht-purina-pro-plan-nutrisavour-sterilised-feline-with-chicken-in-gravy',1,0,0,1513520353,0),(379,285,52,1,1,1972,4,2,'upakovka-konservov-14-sht-schesir',1,0,0,1513520578,0),(380,285,52,1,1,1973,5,2,'upakovka-konservov-48-sht-brit-care-tuna-salmon',1,0,0,1513508119,0),(381,287,52,1,1,1974,1,2,'tualet-dlya-sobak-vipet-so-stolbikom-48x35x6-sm-malyj-korichnevyj-p159-02',1,0,0,1513522133,0),(382,287,52,1,1,1976,2,2,'tualet-savic-dwenkov-melkih-i-srednih-porod-s3240',1,0,0,1513522164,0),(383,287,52,1,1,1977,3,2,'tualet-dlya-sobak-vipet-so-stenkoj-50x38x29-sm-malyj-p130',1,0,0,1513522075,0),(384,289,52,1,1,1980,1,2,'lakomstva-dlya-kanareek-cliffi-palochki-s-otbornymi-zernami-i-medom',1,0,0,1513526349,0),(385,289,52,1,1,1982,2,2,'korm-dlya-popugaev-cliffi-s-yagodami-frutti-i-orehami',1,0,0,1513526346,0),(386,310,50,1,1,1983,5,2,'verhnyaya-odezhda',1,0,0,1678971915,0),(387,310,50,1,1,1984,6,2,'tolstovki',1,0,0,1678971915,0),(388,310,50,1,1,1985,7,2,'rubashki',1,0,0,1678971915,0),(389,310,50,1,1,1986,8,2,'dzhinsy',1,0,0,1678971915,0),(391,386,50,1,1,1988,1,2,'palto',1,0,0,1678971915,0),(392,386,50,1,1,1989,2,2,'puhoviki',1,0,0,1678971915,0),(394,264,52,1,1,1991,14,2,'boardman-cx-comp-bike1',1,0,0,1545913391,0),(395,264,52,1,1,1992,23,2,'voodoo-zobop-full-suspension-mountain-bike1',1,0,0,1545913421,0),(396,264,52,1,1,1993,16,2,'laura-trott-rd-2-womens-road-bike1',1,0,0,1545913401,0),(397,264,52,1,1,1994,8,2,'apollo-paradox-road-bike1',1,0,0,1545913255,0),(398,264,52,1,1,1995,18,2,'boardman-cx-comp-bike2',1,0,0,1545913412,0),(399,264,52,1,1,1996,19,2,'velosiped-mizani-ar1-womens-road-bike1',1,0,0,1545902134,0),(400,264,52,1,1,1997,25,2,'voodoo-zobop-full-suspension-mountain-bike2',1,0,0,1545913443,0),(401,264,52,1,1,1998,5,2,'intuition-lambda-women-s-road-bike1',1,0,0,1545913225,0),(402,268,52,1,1,1999,8,2,'elswick-harmony-girls-bike1',1,0,0,1513519915,0),(403,268,52,1,1,2000,9,2,'carrera-star-kids-bike1',1,0,0,1513521642,0),(404,268,52,1,1,2001,10,2,'apollo-fade-kids-bike1',1,0,0,1513520048,0),(405,268,52,1,1,2002,11,2,'elswick-harmony-girls-bike2',1,0,0,1513520075,0),(406,268,52,1,1,2003,12,2,'carrera-star-kids-bike2',1,0,0,1513521262,0),(407,268,52,1,1,2004,13,2,'carrera-star-kids-bike3',1,0,0,1513521613,0),(408,268,52,1,1,2005,14,2,'elswick-harmony-girls-bike3',1,0,0,1513519702,0),(409,268,52,1,1,2006,15,2,'carrera-star-kids-bike4',1,0,0,1513521757,0),(410,343,52,1,1,2007,9,2,'posio-edifice-eqb-600d-1a4',1,0,0,1513519031,0),(411,343,52,1,1,2008,10,2,'posio-edifice-eqb-600d-1a5',1,0,0,1513520207,0),(412,344,52,1,1,2009,5,2,'jacques-lemans-london-1-1844d1',1,0,0,1513954117,0),(413,343,52,1,1,2010,12,2,'epos-passion-3403193241526',1,0,0,1513520313,0),(414,343,52,1,1,2011,13,2,'hublot-classic-fusion-515nx0170lr1',1,0,0,1545913178,0),(415,343,52,1,1,2012,15,2,'suunto-core-ss20692001',1,0,0,1513520192,0),(416,343,52,1,1,2013,16,2,'timex-ironman-tw5k95701',1,0,0,1513499242,0),(417,343,52,1,1,2014,17,2,'posio-edifice-eqb-600d-1a6',1,0,0,1513519042,0),(419,343,52,1,1,2016,19,2,'jacques-lemans-london-1-1844d2',1,0,0,1513954117,0),(420,343,52,1,1,2017,20,2,'epos-passion-3403193241527',1,0,0,1513520226,0),(421,344,52,1,1,2018,4,2,'posio-edifice-eqb-600d-1a7',1,0,0,1513497822,0),(423,343,52,1,1,2020,14,2,'epos-passion-3403193241528',1,0,0,1513520189,0),(424,391,52,1,1,2029,1,2,'muzhskoe-palto-s-plastronomchernoeart-60',1,0,0,1513523821,0),(425,391,52,1,1,2035,2,2,'arizona1',1,0,0,1513523846,0),(427,391,52,1,1,2041,3,2,'burton-menswear-london',1,0,0,1513523762,0),(428,389,52,1,1,2043,1,2,'dzhinsy-dylan-bruno-banani',1,0,0,1545913466,0),(429,391,52,1,1,2046,4,2,'roosevelt-ro044emwjx83',1,0,0,1513523837,0),(430,389,52,1,1,2051,2,2,'dzhinsy-rhode-island',1,0,0,1545913480,0),(431,391,52,1,1,2052,5,2,'united-colors-of-benetton-un012emvww05',1,0,0,1513523744,0),(432,389,52,1,1,2069,3,2,'dzhinsy-rhode-island-hard',1,0,0,1545913489,0),(433,391,52,1,1,2070,6,2,'only-sons-on013emukb08',1,0,0,1545913114,0),(434,389,52,1,1,2071,4,2,'dzhinsy-stretch-fasona-slim',1,0,0,1545913497,0),(435,389,52,1,1,2073,5,2,'dzhinsy-pryamogo-pokroya-s-5-karmanami',1,0,0,1545913508,0),(436,391,52,1,1,2074,7,2,'jack-jones-ja391emuix49',1,0,0,1513523849,0),(437,389,52,1,1,2077,6,2,'dzhinsy-kekker-fasona-slim',1,0,0,1545913516,0),(438,389,52,1,1,2078,7,2,'dzhinsy-kekker-fasona-slim1',1,0,0,1545913791,0),(439,391,52,1,1,2080,8,2,'windsor-wi013emwfg03',1,0,0,1513523702,0),(440,391,52,1,1,2084,9,2,'trussardi-jeans-tr016emuwe49',1,0,0,1513477031,0),(442,391,52,1,1,2090,11,2,'berkytt-mp002xm0w5kq',1,0,0,1513477015,0),(443,391,52,1,1,2092,12,2,'piazza-italia-pi022emnyw60',1,0,0,1513523633,0),(444,389,52,1,1,2093,8,2,'dzhinsy-peter-for-men',1,0,0,1545913658,0),(445,392,52,1,1,2095,1,2,'atributika-club-nhl-chicago-blackhawks',1,0,0,1513523852,0),(446,389,52,1,1,2096,9,2,'dzhinsy-peter-brutal',1,0,0,1545913702,0),(447,392,52,1,1,2099,2,2,'trespass-highland',1,0,0,1513954118,0),(448,389,52,1,1,2100,10,2,'_',1,0,0,1545913747,0),(449,389,52,1,1,2103,11,2,'dzhinsy-john-devin',1,0,0,1545913567,0),(450,392,52,1,1,2104,3,2,'ea7-ea002emuee64',1,0,0,1513954118,0),(451,392,52,1,1,2106,4,2,'reebok-classics-f-long-jacket',1,0,0,1545913072,0),(452,389,52,1,1,2107,12,2,'dzhinsy-john-devin-strong',1,0,0,1545913578,0),(453,392,52,1,1,2109,5,2,'sauda-down-jkt',1,0,0,1545913025,0),(454,392,52,1,1,2110,6,2,'memurutind-down-jkt',1,0,0,1513523818,0),(455,392,52,1,1,2113,7,2,'springfield',1,0,0,1513523698,0),(456,392,52,1,1,2115,8,2,'barlow-pass-550-turbodown-quilted-jkt',1,0,0,1513529038,0),(457,392,52,1,1,2116,9,2,'sylvan-lake-630-turbodown-hooded-jacket',1,0,0,1513523709,0),(458,392,52,1,1,2118,10,2,'baon',1,0,0,1513954118,0),(459,392,52,1,1,2121,11,2,'kurtka-uteplennaya-arris-jacket',1,0,0,1513523827,0),(460,392,52,1,1,2124,12,2,'kurtka-uteplennaya-mount-tabor-jacket',1,0,0,1513523804,0),(461,293,50,1,1,2125,1,2,'gubnaya-pomada',1,0,0,1678971914,0),(462,461,52,1,1,2130,1,2,'bell-lipstick-classic-ton-119',1,0,0,1513520069,0),(463,461,52,1,1,2131,2,2,'gubnaya-pomada-bell-classic-ton-130',1,0,0,1545912921,0),(465,461,52,1,1,2133,4,2,'bell-hypoallergenic-pudrovaya-gubnaya-pomada-powder-lipstick-ton-6',1,0,0,1513520087,0),(466,461,52,1,1,2134,5,2,'loreal-paris-color-riche-matteaddiction-ottenok-633-barhatnyj-bezhevyj',1,0,0,1513954117,0),(467,461,52,1,1,2135,6,2,'pomada-balzam-dlya-gub-sexy-balm-infaillible-poluprozrachnyj-ottenok-108',1,0,0,1513954117,0),(468,461,52,1,1,2138,7,2,'uvlazhnyayuwaya-pomada-dlya-gub-color-sensational-maybelline-new-york',1,0,0,1513487875,0),(469,461,52,1,1,2141,8,2,'gubnaya-pomada-rimmel-lasting-finish-by-kate-ton-008-rimmel',1,0,0,1513520078,0),(470,461,52,1,1,2143,9,2,'uvlazhnyayuwaya-pomada-moisture-renew-180-rimmel',1,0,0,1545913002,0),(471,461,52,1,1,2146,10,2,'ustojchivaya-pomada-dlya-gub-millebaci-nouba',1,0,0,1513954117,0),(472,461,52,1,1,2148,11,2,'gubnaya-pomada-colour-elixir-lipstick-max-factor',1,0,0,1513520013,0),(473,461,52,1,1,2150,12,2,'pomada-dlya-gub-super-lustrous-lipstick-rum-raisin-535-revlon',1,0,0,1513520036,0),(474,461,52,1,1,2151,13,2,'gubnaya-pomada-classic-ton-123-bell',1,0,0,1513520063,0),(475,461,52,1,1,2156,14,2,'luxvisage',1,0,0,1513520039,0),(480,282,50,1,1,2161,3,2,'kletki',1,0,1,1678971915,0),(481,480,52,1,1,2162,1,2,'kletka-interzoo-luna-45h28h425-sm',1,0,0,1545907833,0),(482,480,52,1,1,2163,2,2,'inter-zoo-sonia-r-025',1,0,0,1513520687,0),(483,480,52,1,1,2164,3,2,'inter-zoo-margot-i-r-048',1,0,0,1513520646,0),(484,480,52,1,1,2165,4,2,'savic-arte-50-s5570',1,0,0,1513520667,0),(485,480,52,1,1,2166,5,2,'ferplast-rekord',1,0,0,1513954118,0),(486,289,52,1,1,2168,3,2,'korm-dlya-popugaev-cliffi-s-fruktami-i-orehami',1,0,0,1513526352,0),(488,289,52,1,1,2170,5,2,'lakomstvo-fiory-biscottelli-with-apples',1,0,0,1513526334,0),(489,289,52,1,1,2172,6,2,'lakomstvo-rio-biskvity-dlya-ptic-s-lesnymi-yagodami',1,0,0,1513526358,0),(490,292,50,1,1,2173,1,2,'duhovye-shkafy',1,0,1,1678971914,0),(492,490,52,1,1,2177,2,2,'duhovka-gazovaya-rgo-610bl',1,0,0,1545905246,0),(493,490,52,1,1,2179,3,2,'elektricheskij-duhovoj-shkaf-hansa-boew68077',1,0,0,1545908313,0),(494,490,52,1,1,2180,4,2,'elektricheskij-duhovoj-shkaf-hansa-boes68077',1,0,0,1545908365,0),(495,490,52,1,1,2183,5,2,'elektricheskij-duhovoj-shkaf-bosch-serie-6-hba23b351r',1,0,0,1545908990,0),(496,490,52,1,1,2185,6,2,'elektricheskij-duhovoj-shkaf-samsung-nv70k2340rs',1,0,0,1545909389,0),(497,292,50,1,1,2186,2,2,'stiralnye-mashiny',1,0,1,1678971915,0),(498,497,52,1,1,2187,1,2,'lg-e10b8nd',1,0,0,1513521044,0),(499,497,52,1,1,2190,2,2,'stiralnaya-mashina-bosch-wlg20165oe',1,0,0,1513477082,0),(500,497,52,1,1,2192,3,2,'indesit-ewsc-51051-b',1,0,0,1513521052,0),(501,497,52,1,1,2199,4,2,'stiralnaya-mashina-bosch-wln2426eoe',1,0,0,1513754850,0),(502,497,52,1,1,2201,5,2,'stiralnaya-mashina-samsung-ww70j52e04w',1,0,0,1513755551,0),(503,497,52,1,1,2203,6,2,'stiralnaya-mashina-beko-wkb-51031-ptma',1,0,0,1513755941,0),(504,497,52,1,1,2205,7,2,'stiralnaya-mashina-zanussi-zwy61025ri',1,0,0,1513756714,0),(505,497,52,1,1,2207,8,2,'stiralnaya-mashina-sharp-es-fb5102ar',1,0,0,1513756566,0),(506,292,50,1,1,2208,3,2,'pylesosy',1,0,0,1678971915,0),(507,506,52,1,1,2209,1,2,'pylesos-s-kontejnerom-dlya-pyli-tefal-tw3786ra-compact-power',1,0,0,1513757565,0),(508,506,52,1,1,2210,2,2,'vertikalnyj-pylesos-kitfort-kt-506',1,0,0,1513757857,0),(509,506,52,1,1,2211,3,2,'pylesos-dyson-dc37-allergy-musclehead',1,0,0,1513758149,0),(510,506,52,1,1,2212,4,2,'pylesos-midea-vcs35b15k-b',1,0,0,1513758534,0),(511,506,52,1,1,2213,5,2,'pylesos-bosch-bgl32500',1,0,0,1513758869,0),(512,506,52,1,1,2214,6,2,'pylesos-lg-vc73203uhao',1,0,0,1513759148,0),(513,506,52,1,1,2215,7,2,'pylesos-philips-fc858801-performer-active',1,0,0,1513759403,0),(514,506,52,1,1,2216,8,2,'pylesos-samsung-sc5241-vcc5241s3kxev',1,0,0,1513759610,0),(515,292,50,1,1,2217,4,2,'holodilniki',1,0,0,1678971915,0),(516,515,52,1,1,2219,1,2,'holodilnik-indesit-df-4160-w',1,0,0,1513761128,0),(517,515,52,1,1,2220,2,2,'holodilnik-samsung-rb37j5000ww',1,0,0,1513761411,0),(518,515,52,1,1,2221,3,2,'holodilnik-beko-rcnk400e20zgr',1,0,0,1513761680,0),(519,515,52,1,1,2223,4,2,'holodilnik-hitachi-r-sg37bpu-gs',1,0,0,1513761991,0),(520,515,52,1,1,2224,5,2,'holodilnik-lg-ga-e429sqrz',1,0,0,1513762239,0),(521,515,52,1,1,2225,6,2,'holodilnik-gorenje-nrk6192mch',1,0,0,1513762582,0),(522,515,52,1,1,2226,7,2,'holodilnik-bosch-vitafresh-kgn39lq3ar',1,0,0,1513762860,0),(523,515,52,1,1,2227,8,2,'holodilnik-liebherr-ctp-3316-22-001',1,0,0,1513763151,0),(524,322,52,1,1,2228,1,2,'kurtka-reima-reimatec-winter-jacket-pentti-sinyaya',1,0,0,1513765174,0),(525,322,52,1,1,2229,2,2,'kurtka-reima-reimatec-winter-taag-zelenaya',1,0,0,1513765471,0),(526,322,52,1,1,2231,3,2,'kurtka-puhovaya-dlya-devochki-reima-fern-golubaya',1,0,0,1513765735,0),(527,322,52,1,1,2232,4,2,'kurtka-puhovaya-dlya-malchika-reima-janne-sinyaya',1,0,0,1513766005,0),(528,322,52,1,1,2233,5,2,'kombinezon-reima-reimatec-winter-overall-puhuri-sinij',1,0,0,1513766273,0),(529,322,52,1,1,2234,6,2,'kombinezon-flisovyj-reima-fleece-overall-ester-74-98-r-sinij',1,0,0,1513766552,0),(530,322,52,1,1,2235,7,2,'kombinezon-flisovyj-reima-fleece-overall-ester-74-98-r-seryj',1,0,0,1513766881,0),(531,322,52,1,1,2236,8,2,'kombinezon-flisovyj-reima-fleece-overall-tahti-sinij',1,0,0,1513767049,0),(532,321,52,1,1,2238,1,2,'kurtka-dlya-malchikov-sinyayagolubaya-mayoral',1,0,0,1513767579,0),(533,321,52,1,1,2239,2,2,'kurtka-lassie-softshell-jacket-chernaya-s-rozovym',1,0,0,1513767810,0),(534,321,52,1,1,2240,3,2,'kurtka-reima-windfleece-jacket-vuoksi-rozovaya',1,0,0,1513768021,0),(535,321,52,1,1,2241,4,2,'vetrovka-dlya-devochki-golubaya-mayoral',1,0,0,1513768260,0),(536,321,52,1,1,2242,5,2,'kurtka-korichnevaya-vitacci',1,0,0,1513768466,0),(537,321,52,1,1,2244,6,2,'palto-multikolor-vitacci',1,0,0,1513768605,0),(538,321,52,1,1,2245,7,2,'plaw-krasnyj-vitacci',1,0,0,1513768767,0),(539,321,52,1,1,2246,8,2,'dozhdevik-svetlyachok-krasnyj-zheltyj-chudo-chado',1,0,0,1513768952,0),(540,326,52,1,1,2247,1,2,'sapogi-dlya-devochki-putkivarsi-zvezdy-rr-21-26-rozovye-kuoma',1,0,0,1513773921,0),(541,326,52,1,1,2248,2,2,'polubotinki-reima-lotte-sinie',1,0,0,1513774140,0),(542,326,52,1,1,2249,3,2,'botinki-lassie-lassietec-carlisle-rozovye',1,0,0,1513774343,0),(543,326,52,1,1,2250,4,2,'sapogi-lassie-coldwell-sinie',1,0,0,1513774566,0),(544,326,52,1,1,2251,5,2,'sapogi-lassie-coldwell-lilovye',1,0,0,1513774791,0),(545,326,52,1,1,2252,6,2,'sapogi-lassie-lassietec-boulder-chernye-s-oranzhevym',1,0,0,1513774947,0),(546,326,52,1,1,2253,7,2,'sandalii-lassie-marle-graphite-blue',1,0,0,1513775162,0),(547,326,52,1,1,2254,8,2,'botinki-patrol-kemel',1,0,0,1513775350,0),(548,387,52,1,1,2255,1,2,'tolstovka-scorpion-bay',1,0,0,1513777865,0),(549,387,52,1,1,2256,2,2,'tolstovka-think-pink',1,0,0,1513777572,0),(550,387,52,1,1,2258,3,2,'tolstovka-voi-jeans',1,0,0,1513778098,0),(551,387,52,1,1,2259,4,2,'tolstovka-garcia',1,0,0,1513778453,0),(552,387,52,1,1,2260,5,2,'tolstovka-quiksilver',1,0,0,1513778616,0),(553,387,52,1,1,2261,6,2,'tolstovka-catbalou',1,0,0,1513778806,0),(554,387,52,1,1,2262,7,2,'tolstovka-von-dutch',1,0,0,1513954117,0),(555,387,52,1,1,2263,8,2,'tolstovka-forward',1,0,0,1513779389,0),(556,388,52,1,1,2264,1,2,'rubashka-envy-lab',1,0,0,1513779821,0),(557,388,52,1,1,2265,2,2,'rubashka-oodji',1,0,0,1513779984,0),(558,388,52,1,1,2266,3,2,'rubashka-us-polo-assn',1,0,0,1513780134,0),(559,388,52,1,1,2267,4,2,'rubashka-eliz-x-grand',1,0,0,1513782313,0),(560,388,52,1,1,2268,5,2,'rubashka-guess',1,0,0,1513780364,0),(561,388,52,1,1,2269,6,2,'rubashka-choupette',1,0,0,1513780464,0),(562,388,52,1,1,2270,7,2,'rubashka-slim-soliver',1,0,0,1513780655,0),(563,388,52,1,1,2271,8,2,'rubashka-tom-tailor',1,0,0,1513780816,0),(564,293,50,1,1,2272,2,2,'shampuni',1,0,0,1678971915,0),(565,564,52,1,1,2273,1,2,'moroccanoil-shampun-uvlazhnyayuwij-1000-ml',1,0,0,1513841392,0),(566,564,52,1,1,2274,2,2,'greymy-professiona-shine-shampoo-shampun-dlya-bleska-200ml',1,0,0,1513841614,0),(567,564,52,1,1,2275,3,2,'estel-haute-couture-luxury-repair-shampun-dlya-volos-250ml',1,0,0,1513954117,0),(568,564,52,1,1,2276,4,2,'dermalogica-daily-cleansing-shampoo-ezhednevnyj-shampun-dlya-zdorovya-volos-250-ml',1,0,0,1513841965,0),(569,564,52,1,1,2277,5,2,'loreal-professionnel-absolut-lipidium-vosstanavlivayuwij-shampun-dlya-povrezhdennyh-volos-absolyut-reper-lipidium-250ml',1,0,0,1513842137,0),(570,564,52,1,1,2278,6,2,'davines-nounou-shampoo-pitatelnyj-shampun-dlya-uplotneniya-volos-250-ml',1,0,0,1513954117,0),(571,564,52,1,1,2279,7,2,'kapous-studio-shampun-dlya-vosstanovleniya-volos-profound-re-serii-caring-line-350ml',1,0,0,1513842477,0),(572,564,52,1,1,2280,8,2,'alfaparf-keratinovyj-shampun-gladkost-dlya-volos-lisse-design-maintenance-shampoo-250-ml',1,0,0,1513842627,0),(573,293,50,1,1,2281,3,2,'krasiteli-dlya-volos',1,0,0,1678971915,0),(574,573,52,1,1,2282,1,2,'barex-joc-color-shine-developer-6-oksigent-s-effektom-bleska-6-125ml',1,0,0,1513844170,0),(575,573,52,1,1,2283,2,2,'estel-87-kraska-uhod-de-luxe-svetlo-rusyj-korichnevyj-60-ml',1,0,0,1513844182,0),(576,573,52,1,1,2284,3,2,'barex-joc-color-krem-kraska-73-blondin-zolotistyj-100ml',1,0,0,1513844195,0),(577,573,52,1,1,2285,4,2,'alfaparf-milano-pigments-violet-ash-ultrakoncentrirovannyj-pigment-v-mini-upakovke-perlamutrovo-pepelnyj-21-8ml',1,0,0,1513844205,0),(578,573,52,1,1,2286,5,2,'full-color-color-corrector-in-drops-korrektor-cveta-v-kaplyah-krasnyj-10ml',1,0,0,1513844216,0),(579,573,52,1,1,2287,6,2,'estel-1066-kraska-uhod-de-luxe-svetlyj-blondin-fioletovyj-intensivnyj-60-ml',1,0,0,1513844517,0),(580,573,52,1,1,2288,7,2,'alfaparf-milano-pigments-golden-mahogany-ultrakoncentrirovannyj-pigment-v-mini-upakovke-zolotisto-mahagonovyj-35-8ml',1,0,0,1513844696,0),(581,573,52,1,1,2289,8,2,'estel-87-kraska-uhod-de-luxe-svetlo-rusyj-korichnevyj-60-ml1',1,0,0,1513844878,0),(582,293,50,1,1,2290,4,2,'parfyumeriya',1,0,0,1678971915,0),(583,582,52,1,1,2292,1,2,'antonio-banderas-blue-seduction-play-eau-de-toilette',1,0,0,1513845865,0),(584,582,52,1,1,2293,2,2,'gucci-guilty-pour-homme-absolute-eau-de-parfum',1,0,0,1513846171,0),(585,582,52,1,1,2294,3,2,'carolina-herrera-212-vip-black-eau-de-parfum',1,0,0,1513846330,0),(586,582,52,1,1,2295,4,2,'lacoste-lhomme-eau-de-toilette',1,0,0,1513846494,0),(587,582,52,1,1,2297,5,2,'thierry-mugler-angel-muse-eau-de-parfum',1,0,0,1513846707,0),(588,582,52,1,1,2298,6,2,'shakira-dance-eau-de-toilette',1,0,0,1513846842,0),(589,582,52,1,1,2299,7,2,'carolina-herrera-good-girl-eau-de-parfum',1,0,0,1513846941,0),(590,582,52,1,1,2300,8,2,'masaki-matsushima-matsu-sakura-eau-de-parfum',1,0,0,1513847161,0),(591,261,50,1,1,2301,3,2,'samokaty',1,0,0,1678971915,0),(592,591,52,1,1,2304,1,2,'samokat-yedoo-ox-new-chernyjzelenyj',1,0,0,1513849646,0),(593,591,52,1,1,2308,2,2,'samokat-trolo-raptor-230-2017-belyj',1,0,0,1513849947,0),(594,591,52,1,1,2310,3,2,'samokat-micro-speed-chernyj',1,0,0,1513850181,0),(595,591,52,1,1,2312,4,2,'samokat-micro-suspension-sa0065-dva-amortizatora-bronza',1,0,0,1513850418,0),(596,591,52,1,1,2314,5,2,'samokat-razor-a5-lux-sinij',1,0,0,1513850699,0),(597,591,52,1,1,2316,6,2,'samokat-weelz-rock-chernyjzelenyj',1,0,0,1513851017,0),(598,591,52,1,1,2318,7,2,'samokat-hudora-big-wheel-style-230-white-14236-belyj',1,0,0,1513851209,0),(599,591,52,1,1,2320,8,2,'gorodskoj-samokat-xootr-new-ultra-cruz-seryj',1,0,0,1513851380,0),(600,490,52,1,1,2324,7,2,'vstraivaemyj-elektricheskij-duhovoj-shkaf-asko-op-8478-g',1,0,0,1545910008,0),(601,490,52,1,1,2326,8,2,'vstraivaemyj-elektricheskij-duhovoj-shkaf-darina-1v8-bde-111707-bg',1,0,0,1545910831,0),(602,490,52,1,1,2330,9,2,'vstraivaemyj-elektricheskij-duhovoj-shkaf-hotpoint-ariston-fi7-861-sh-ic-ha',1,0,0,1545911356,0),(603,0,37,1,1,2331,122,2,'contacts',1,0,0,1514273146,0);
/*!40000 ALTER TABLE `cms3_hierarchy` ENABLE KEYS */;
UNLOCK TABLES;

--
-- Table structure for table `cms3_hierarchy_relations`
--

DROP TABLE IF EXISTS `cms3_hierarchy_relations`;
/*!40101 SET @saved_cs_client     = @@character_set_client */;
/*!50503 SET character_set_client = utf8mb4 */;
CREATE TABLE `cms3_hierarchy_relations` (
  `id` int unsigned NOT NULL AUTO_INCREMENT,
  `rel_id` int unsigned DEFAULT NULL,
  `child_id` int unsigned DEFAULT NULL,
  `level` int unsigned DEFAULT NULL,
  PRIMARY KEY (`id`),
  KEY `rel_id` (`rel_id`),
  KEY `child_id` (`child_id`),
  KEY `level` (`level`),
  CONSTRAINT `Hierarchy relation by child_id` FOREIGN KEY (`child_id`) REFERENCES `cms3_hierarchy` (`id`) ON DELETE CASCADE ON UPDATE CASCADE,
  CONSTRAINT `Hierarchy relation by rel_id` FOREIGN KEY (`rel_id`) REFERENCES `cms3_hierarchy` (`id`) ON DELETE CASCADE ON UPDATE CASCADE
) ENGINE=InnoDB AUTO_INCREMENT=3731 DEFAULT CHARSET=utf8mb3;
/*!40101 SET character_set_client = @saved_cs_client */;

--
-- Dumping data for table `cms3_hierarchy_relations`
--

LOCK TABLES `cms3_hierarchy_relations` WRITE;
/*!40000 ALTER TABLE `cms3_hierarchy_relations` DISABLE KEYS */;
INSERT INTO `cms3_hierarchy_relations` VALUES (3,NULL,3,0),(4,NULL,4,0),(5,NULL,5,0),(6,NULL,6,0),(7,NULL,7,0),(9,NULL,9,0),(10,NULL,10,0),(11,NULL,11,0),(12,NULL,12,0),(13,NULL,13,0),(17,NULL,17,0),(415,NULL,131,1),(416,5,131,1),(417,NULL,132,1),(418,5,132,1),(503,NULL,149,1),(504,12,149,1),(505,NULL,150,2),(506,12,150,2),(508,149,150,2),(509,NULL,151,1),(510,13,151,1),(511,NULL,152,2),(512,13,152,2),(514,151,152,2),(515,NULL,153,2),(516,13,153,2),(518,151,153,2),(521,NULL,155,1),(522,17,155,1),(523,NULL,156,1),(524,17,156,1),(525,NULL,157,1),(526,17,157,1),(527,NULL,158,1),(528,17,158,1),(965,NULL,16,0),(966,NULL,15,1),(967,16,15,1),(968,NULL,14,2),(969,16,14,2),(971,15,14,2),(972,NULL,154,2),(973,16,154,2),(975,15,154,2),(1025,NULL,235,0),(1122,NULL,248,0),(1274,NULL,261,1),(1275,4,261,1),(1276,NULL,262,2),(1277,4,262,2),(1279,261,262,2),(1284,NULL,264,3),(1285,4,264,3),(1286,261,264,3),(1287,262,264,3),(1320,NULL,268,3),(1321,4,268,3),(1322,261,268,3),(1323,262,268,3),(1356,NULL,273,3),(1357,4,273,3),(1358,261,273,3),(1359,262,273,3),(1478,NULL,279,1),(1479,4,279,1),(1480,NULL,280,2),(1481,4,280,2),(1483,279,280,2),(1484,NULL,281,2),(1485,4,281,2),(1487,279,281,2),(1488,NULL,282,2),(1489,4,282,2),(1491,279,282,2),(1492,NULL,283,3),(1493,4,283,3),(1494,279,283,3),(1495,280,283,3),(1496,NULL,284,3),(1497,4,284,3),(1498,279,284,3),(1499,280,284,3),(1500,NULL,285,3),(1501,4,285,3),(1502,279,285,3),(1503,280,285,3),(1508,NULL,287,3),(1509,4,287,3),(1510,279,287,3),(1511,281,287,3),(1516,NULL,289,3),(1517,4,289,3),(1518,279,289,3),(1519,282,289,3),(1526,NULL,292,1),(1527,4,292,1),(1614,NULL,293,1),(1615,4,293,1),(1646,NULL,309,4),(1647,4,309,4),(1648,261,309,4),(1649,262,309,4),(1653,264,309,4),(1670,NULL,314,4),(1671,4,314,4),(1672,261,314,4),(1673,262,314,4),(1677,264,314,4),(1734,NULL,327,4),(1735,4,327,4),(1736,261,327,4),(1737,262,327,4),(1741,264,327,4),(1742,NULL,328,4),(1743,4,328,4),(1744,261,328,4),(1745,262,328,4),(1749,264,328,4),(1750,NULL,329,4),(1751,4,329,4),(1752,261,329,4),(1753,262,329,4),(1757,264,329,4),(1766,NULL,331,4),(1767,4,331,4),(1768,261,331,4),(1769,262,331,4),(1773,264,331,4),(1774,NULL,332,4),(1775,4,332,4),(1776,261,332,4),(1777,262,332,4),(1781,268,332,4),(1782,NULL,333,2),(1783,4,333,2),(1785,261,333,2),(1786,NULL,334,3),(1787,4,334,3),(1788,261,334,3),(1789,333,334,3),(1790,NULL,335,4),(1791,4,335,4),(1792,261,335,4),(1793,333,335,4),(1797,334,335,4),(1798,NULL,336,4),(1799,4,336,4),(1800,261,336,4),(1801,262,336,4),(1805,268,336,4),(1806,NULL,337,4),(1807,4,337,4),(1808,261,337,4),(1809,262,337,4),(1813,268,337,4),(1814,NULL,338,4),(1815,4,338,4),(1816,261,338,4),(1817,333,338,4),(1821,334,338,4),(1822,NULL,339,4),(1823,4,339,4),(1824,261,339,4),(1825,333,339,4),(1829,334,339,4),(1830,NULL,340,4),(1831,4,340,4),(1832,261,340,4),(1833,333,340,4),(1837,334,340,4),(1904,NULL,358,4),(1905,4,358,4),(1906,279,358,4),(1907,280,358,4),(1911,283,358,4),(1912,NULL,359,4),(1913,4,359,4),(1914,279,359,4),(1915,280,359,4),(1919,283,359,4),(1920,NULL,360,4),(1921,4,360,4),(1922,279,360,4),(1923,280,360,4),(1927,283,360,4),(1928,NULL,361,4),(1929,4,361,4),(1930,279,361,4),(1931,280,361,4),(1935,283,361,4),(1936,NULL,362,4),(1937,4,362,4),(1938,261,362,4),(1939,262,362,4),(1943,273,362,4),(1944,NULL,363,4),(1945,4,363,4),(1946,261,363,4),(1947,262,363,4),(1951,273,363,4),(1952,NULL,364,4),(1953,4,364,4),(1954,261,364,4),(1955,262,364,4),(1959,273,364,4),(1960,NULL,365,3),(1961,4,365,3),(1962,261,365,3),(1963,333,365,3),(1964,NULL,366,4),(1965,4,366,4),(1966,261,366,4),(1967,333,366,4),(1971,365,366,4),(1972,NULL,367,4),(1973,4,367,4),(1974,261,367,4),(1975,333,367,4),(1979,365,367,4),(1980,NULL,368,4),(1981,4,368,4),(1982,261,368,4),(1983,333,368,4),(1987,365,368,4),(1988,NULL,369,4),(1989,4,369,4),(1990,261,369,4),(1991,333,369,4),(1995,365,369,4),(1996,NULL,370,4),(1997,4,370,4),(1998,261,370,4),(1999,333,370,4),(2003,365,370,4),(2004,NULL,371,4),(2005,4,371,4),(2006,279,371,4),(2007,280,371,4),(2011,284,371,4),(2012,NULL,372,4),(2013,4,372,4),(2014,279,372,4),(2015,280,372,4),(2019,284,372,4),(2020,NULL,373,4),(2021,4,373,4),(2022,279,373,4),(2023,280,373,4),(2027,284,373,4),(2028,NULL,374,4),(2029,4,374,4),(2030,279,374,4),(2031,280,374,4),(2035,284,374,4),(2036,NULL,375,4),(2037,4,375,4),(2038,279,375,4),(2039,280,375,4),(2043,284,375,4),(2044,NULL,376,4),(2045,4,376,4),(2046,279,376,4),(2047,280,376,4),(2051,285,376,4),(2052,NULL,377,4),(2053,4,377,4),(2054,279,377,4),(2055,280,377,4),(2059,285,377,4),(2060,NULL,378,4),(2061,4,378,4),(2062,279,378,4),(2063,280,378,4),(2067,285,378,4),(2068,NULL,379,4),(2069,4,379,4),(2070,279,379,4),(2071,280,379,4),(2075,285,379,4),(2076,NULL,380,4),(2077,4,380,4),(2078,279,380,4),(2079,280,380,4),(2083,285,380,4),(2084,NULL,381,4),(2085,4,381,4),(2086,279,381,4),(2087,281,381,4),(2091,287,381,4),(2092,NULL,382,4),(2093,4,382,4),(2094,279,382,4),(2095,281,382,4),(2099,287,382,4),(2100,NULL,383,4),(2101,4,383,4),(2102,279,383,4),(2103,281,383,4),(2107,287,383,4),(2108,NULL,384,4),(2109,4,384,4),(2110,279,384,4),(2111,282,384,4),(2115,289,384,4),(2116,NULL,385,4),(2117,4,385,4),(2118,279,385,4),(2119,282,385,4),(2123,289,385,4),(2240,NULL,342,1),(2241,4,342,1),(2242,NULL,343,2),(2243,4,343,2),(2245,342,343,2),(2246,NULL,345,3),(2247,4,345,3),(2248,342,345,3),(2249,343,345,3),(2258,NULL,348,3),(2259,4,348,3),(2260,342,348,3),(2261,343,348,3),(2266,NULL,350,3),(2267,4,350,3),(2268,342,350,3),(2269,343,350,3),(2270,NULL,351,3),(2271,4,351,3),(2272,342,351,3),(2273,343,351,3),(2274,NULL,352,3),(2275,4,352,3),(2276,342,352,3),(2277,343,352,3),(2278,NULL,344,2),(2279,4,344,2),(2281,342,344,2),(2282,NULL,353,3),(2283,4,353,3),(2284,342,353,3),(2285,344,353,3),(2286,NULL,354,3),(2287,4,354,3),(2288,342,354,3),(2289,344,354,3),(2290,NULL,355,3),(2291,4,355,3),(2292,342,355,3),(2293,344,355,3),(2294,NULL,356,3),(2295,4,356,3),(2296,342,356,3),(2297,344,356,3),(2298,NULL,357,3),(2299,4,357,3),(2300,342,357,3),(2301,344,357,3),(2322,NULL,310,1),(2323,4,310,1),(2348,NULL,386,2),(2349,4,386,2),(2351,310,386,2),(2352,NULL,387,2),(2353,4,387,2),(2355,310,387,2),(2356,NULL,388,2),(2357,4,388,2),(2359,310,388,2),(2360,NULL,389,2),(2361,4,389,2),(2363,310,389,2),(2368,NULL,391,3),(2369,4,391,3),(2370,310,391,3),(2371,386,391,3),(2372,NULL,392,3),(2373,4,392,3),(2374,310,392,3),(2375,386,392,3),(2380,NULL,394,4),(2381,4,394,4),(2382,261,394,4),(2383,262,394,4),(2387,264,394,4),(2396,NULL,396,4),(2397,4,396,4),(2398,261,396,4),(2399,262,396,4),(2403,264,396,4),(2412,NULL,398,4),(2413,4,398,4),(2414,261,398,4),(2415,262,398,4),(2419,264,398,4),(2420,NULL,399,4),(2421,4,399,4),(2422,261,399,4),(2423,262,399,4),(2427,264,399,4),(2460,NULL,395,4),(2461,4,395,4),(2462,261,395,4),(2463,262,395,4),(2467,264,395,4),(2468,NULL,400,4),(2469,4,400,4),(2470,261,400,4),(2471,262,400,4),(2475,264,400,4),(2476,NULL,397,4),(2477,4,397,4),(2478,261,397,4),(2479,262,397,4),(2483,264,397,4),(2500,NULL,330,4),(2501,4,330,4),(2502,261,330,4),(2503,262,330,4),(2507,264,330,4),(2512,NULL,401,4),(2513,4,401,4),(2514,261,401,4),(2515,262,401,4),(2519,264,401,4),(2520,NULL,402,4),(2521,4,402,4),(2522,261,402,4),(2523,262,402,4),(2527,268,402,4),(2528,NULL,403,4),(2529,4,403,4),(2530,261,403,4),(2531,262,403,4),(2535,268,403,4),(2536,NULL,404,4),(2537,4,404,4),(2538,261,404,4),(2539,262,404,4),(2543,268,404,4),(2544,NULL,405,4),(2545,4,405,4),(2546,261,405,4),(2547,262,405,4),(2551,268,405,4),(2552,NULL,406,4),(2553,4,406,4),(2554,261,406,4),(2555,262,406,4),(2559,268,406,4),(2560,NULL,407,4),(2561,4,407,4),(2562,261,407,4),(2563,262,407,4),(2567,268,407,4),(2568,NULL,408,4),(2569,4,408,4),(2570,261,408,4),(2571,262,408,4),(2575,268,408,4),(2576,NULL,409,4),(2577,4,409,4),(2578,261,409,4),(2579,262,409,4),(2583,268,409,4),(2584,NULL,410,3),(2585,4,410,3),(2586,342,410,3),(2587,343,410,3),(2588,NULL,411,3),(2589,4,411,3),(2590,342,411,3),(2591,343,411,3),(2596,NULL,413,3),(2597,4,413,3),(2598,342,413,3),(2599,343,413,3),(2600,NULL,414,3),(2601,4,414,3),(2602,342,414,3),(2603,343,414,3),(2604,NULL,415,3),(2605,4,415,3),(2606,342,415,3),(2607,343,415,3),(2608,NULL,416,3),(2609,4,416,3),(2610,342,416,3),(2611,343,416,3),(2612,NULL,417,3),(2613,4,417,3),(2614,342,417,3),(2615,343,417,3),(2620,NULL,419,3),(2621,4,419,3),(2622,342,419,3),(2623,343,419,3),(2624,NULL,420,3),(2625,4,420,3),(2626,342,420,3),(2627,343,420,3),(2636,NULL,412,3),(2637,4,412,3),(2638,342,412,3),(2639,344,412,3),(2640,NULL,421,3),(2641,4,421,3),(2642,342,421,3),(2643,344,421,3),(2652,NULL,349,3),(2653,4,349,3),(2654,342,349,3),(2655,344,349,3),(2660,NULL,423,3),(2661,4,423,3),(2662,342,423,3),(2663,343,423,3),(2664,NULL,424,4),(2665,4,424,4),(2666,310,424,4),(2667,386,424,4),(2671,391,424,4),(2672,NULL,425,4),(2673,4,425,4),(2674,310,425,4),(2675,386,425,4),(2679,391,425,4),(2684,NULL,427,4),(2685,4,427,4),(2686,310,427,4),(2687,386,427,4),(2691,391,427,4),(2692,NULL,428,3),(2693,4,428,3),(2694,310,428,3),(2695,389,428,3),(2696,NULL,429,4),(2697,4,429,4),(2698,310,429,4),(2699,386,429,4),(2703,391,429,4),(2704,NULL,430,3),(2705,4,430,3),(2706,310,430,3),(2707,389,430,3),(2708,NULL,431,4),(2709,4,431,4),(2710,310,431,4),(2711,386,431,4),(2715,391,431,4),(2716,NULL,432,3),(2717,4,432,3),(2718,310,432,3),(2719,389,432,3),(2720,NULL,433,4),(2721,4,433,4),(2722,310,433,4),(2723,386,433,4),(2727,391,433,4),(2728,NULL,434,3),(2729,4,434,3),(2730,310,434,3),(2731,389,434,3),(2732,NULL,435,3),(2733,4,435,3),(2734,310,435,3),(2735,389,435,3),(2736,NULL,436,4),(2737,4,436,4),(2738,310,436,4),(2739,386,436,4),(2743,391,436,4),(2744,NULL,437,3),(2745,4,437,3),(2746,310,437,3),(2747,389,437,3),(2748,NULL,438,3),(2749,4,438,3),(2750,310,438,3),(2751,389,438,3),(2752,NULL,439,4),(2753,4,439,4),(2754,310,439,4),(2755,386,439,4),(2759,391,439,4),(2760,NULL,440,4),(2761,4,440,4),(2762,310,440,4),(2763,386,440,4),(2767,391,440,4),(2776,NULL,442,4),(2777,4,442,4),(2778,310,442,4),(2779,386,442,4),(2783,391,442,4),(2784,NULL,443,4),(2785,4,443,4),(2786,310,443,4),(2787,386,443,4),(2791,391,443,4),(2792,NULL,444,3),(2793,4,444,3),(2794,310,444,3),(2795,389,444,3),(2796,NULL,445,4),(2797,4,445,4),(2798,310,445,4),(2799,386,445,4),(2803,392,445,4),(2804,NULL,446,3),(2805,4,446,3),(2806,310,446,3),(2807,389,446,3),(2808,NULL,447,4),(2809,4,447,4),(2810,310,447,4),(2811,386,447,4),(2815,392,447,4),(2816,NULL,448,3),(2817,4,448,3),(2818,310,448,3),(2819,389,448,3),(2820,NULL,449,3),(2821,4,449,3),(2822,310,449,3),(2823,389,449,3),(2824,NULL,450,4),(2825,4,450,4),(2826,310,450,4),(2827,386,450,4),(2831,392,450,4),(2832,NULL,451,4),(2833,4,451,4),(2834,310,451,4),(2835,386,451,4),(2839,392,451,4),(2840,NULL,452,3),(2841,4,452,3),(2842,310,452,3),(2843,389,452,3),(2844,NULL,453,4),(2845,4,453,4),(2846,310,453,4),(2847,386,453,4),(2851,392,453,4),(2852,NULL,454,4),(2853,4,454,4),(2854,310,454,4),(2855,386,454,4),(2859,392,454,4),(2860,NULL,455,4),(2861,4,455,4),(2862,310,455,4),(2863,386,455,4),(2867,392,455,4),(2868,NULL,456,4),(2869,4,456,4),(2870,310,456,4),(2871,386,456,4),(2875,392,456,4),(2876,NULL,457,4),(2877,4,457,4),(2878,310,457,4),(2879,386,457,4),(2883,392,457,4),(2884,NULL,458,4),(2885,4,458,4),(2886,310,458,4),(2887,386,458,4),(2891,392,458,4),(2892,NULL,459,4),(2893,4,459,4),(2894,310,459,4),(2895,386,459,4),(2899,392,459,4),(2900,NULL,460,4),(2901,4,460,4),(2902,310,460,4),(2903,386,460,4),(2907,392,460,4),(2908,NULL,461,2),(2909,4,461,2),(2911,293,461,2),(2912,NULL,462,3),(2913,4,462,3),(2914,293,462,3),(2915,461,462,3),(2916,NULL,463,3),(2917,4,463,3),(2918,293,463,3),(2919,461,463,3),(2924,NULL,465,3),(2925,4,465,3),(2926,293,465,3),(2927,461,465,3),(2928,NULL,466,3),(2929,4,466,3),(2930,293,466,3),(2931,461,466,3),(2932,NULL,467,3),(2933,4,467,3),(2934,293,467,3),(2935,461,467,3),(2936,NULL,468,3),(2937,4,468,3),(2938,293,468,3),(2939,461,468,3),(2940,NULL,469,3),(2941,4,469,3),(2942,293,469,3),(2943,461,469,3),(2944,NULL,470,3),(2945,4,470,3),(2946,293,470,3),(2947,461,470,3),(2948,NULL,471,3),(2949,4,471,3),(2950,293,471,3),(2951,461,471,3),(2952,NULL,472,3),(2953,4,472,3),(2954,293,472,3),(2955,461,472,3),(2956,NULL,473,3),(2957,4,473,3),(2958,293,473,3),(2959,461,473,3),(2960,NULL,474,3),(2961,4,474,3),(2962,293,474,3),(2963,461,474,3),(2964,NULL,475,3),(2965,4,475,3),(2966,293,475,3),(2967,461,475,3),(3000,NULL,480,3),(3001,4,480,3),(3002,279,480,3),(3003,282,480,3),(3004,NULL,481,4),(3005,4,481,4),(3006,279,481,4),(3007,282,481,4),(3011,480,481,4),(3012,NULL,482,4),(3013,4,482,4),(3014,279,482,4),(3015,282,482,4),(3019,480,482,4),(3020,NULL,483,4),(3021,4,483,4),(3022,279,483,4),(3023,282,483,4),(3027,480,483,4),(3028,NULL,484,4),(3029,4,484,4),(3030,279,484,4),(3031,282,484,4),(3035,480,484,4),(3036,NULL,485,4),(3037,4,485,4),(3038,279,485,4),(3039,282,485,4),(3043,480,485,4),(3044,NULL,486,4),(3045,4,486,4),(3046,279,486,4),(3047,282,486,4),(3051,289,486,4),(3060,NULL,488,4),(3061,4,488,4),(3062,279,488,4),(3063,282,488,4),(3067,289,488,4),(3068,NULL,489,4),(3069,4,489,4),(3070,279,489,4),(3071,282,489,4),(3075,289,489,4),(3076,NULL,490,2),(3077,4,490,2),(3079,292,490,2),(3084,NULL,492,3),(3085,4,492,3),(3086,292,492,3),(3087,490,492,3),(3088,NULL,493,3),(3089,4,493,3),(3090,292,493,3),(3091,490,493,3),(3092,NULL,494,3),(3093,4,494,3),(3094,292,494,3),(3095,490,494,3),(3096,NULL,495,3),(3097,4,495,3),(3098,292,495,3),(3099,490,495,3),(3100,NULL,496,3),(3101,4,496,3),(3102,292,496,3),(3103,490,496,3),(3104,NULL,497,2),(3105,4,497,2),(3107,292,497,2),(3108,NULL,498,3),(3109,4,498,3),(3110,292,498,3),(3111,497,498,3),(3112,NULL,499,3),(3113,4,499,3),(3114,292,499,3),(3115,497,499,3),(3116,NULL,500,3),(3117,4,500,3),(3118,292,500,3),(3119,497,500,3),(3120,NULL,501,3),(3121,4,501,3),(3122,292,501,3),(3123,497,501,3),(3124,NULL,502,3),(3125,4,502,3),(3126,292,502,3),(3127,497,502,3),(3128,NULL,503,3),(3129,4,503,3),(3130,292,503,3),(3131,497,503,3),(3132,NULL,504,3),(3133,4,504,3),(3134,292,504,3),(3135,497,504,3),(3136,NULL,505,3),(3137,4,505,3),(3138,292,505,3),(3139,497,505,3),(3140,NULL,506,2),(3141,4,506,2),(3143,292,506,2),(3144,NULL,507,3),(3145,4,507,3),(3146,292,507,3),(3147,506,507,3),(3148,NULL,508,3),(3149,4,508,3),(3150,292,508,3),(3151,506,508,3),(3152,NULL,509,3),(3153,4,509,3),(3154,292,509,3),(3155,506,509,3),(3156,NULL,510,3),(3157,4,510,3),(3158,292,510,3),(3159,506,510,3),(3160,NULL,511,3),(3161,4,511,3),(3162,292,511,3),(3163,506,511,3),(3164,NULL,512,3),(3165,4,512,3),(3166,292,512,3),(3167,506,512,3),(3168,NULL,513,3),(3169,4,513,3),(3170,292,513,3),(3171,506,513,3),(3172,NULL,514,3),(3173,4,514,3),(3174,292,514,3),(3175,506,514,3),(3176,NULL,515,2),(3177,4,515,2),(3179,292,515,2),(3180,NULL,516,3),(3181,4,516,3),(3182,292,516,3),(3183,515,516,3),(3184,NULL,517,3),(3185,4,517,3),(3186,292,517,3),(3187,515,517,3),(3188,NULL,518,3),(3189,4,518,3),(3190,292,518,3),(3191,515,518,3),(3192,NULL,519,3),(3193,4,519,3),(3194,292,519,3),(3195,515,519,3),(3196,NULL,520,3),(3197,4,520,3),(3198,292,520,3),(3199,515,520,3),(3200,NULL,521,3),(3201,4,521,3),(3202,292,521,3),(3203,515,521,3),(3204,NULL,522,3),(3205,4,522,3),(3206,292,522,3),(3207,515,522,3),(3208,NULL,523,3),(3209,4,523,3),(3210,292,523,3),(3211,515,523,3),(3388,NULL,312,1),(3389,4,312,1),(3390,NULL,321,2),(3391,4,321,2),(3393,312,321,2),(3394,NULL,532,3),(3395,4,532,3),(3396,312,532,3),(3397,321,532,3),(3398,NULL,533,3),(3399,4,533,3),(3400,312,533,3),(3401,321,533,3),(3402,NULL,534,3),(3403,4,534,3),(3404,312,534,3),(3405,321,534,3),(3406,NULL,535,3),(3407,4,535,3),(3408,312,535,3),(3409,321,535,3),(3410,NULL,536,3),(3411,4,536,3),(3412,312,536,3),(3413,321,536,3),(3414,NULL,537,3),(3415,4,537,3),(3416,312,537,3),(3417,321,537,3),(3418,NULL,538,3),(3419,4,538,3),(3420,312,538,3),(3421,321,538,3),(3422,NULL,539,3),(3423,4,539,3),(3424,312,539,3),(3425,321,539,3),(3426,NULL,322,2),(3427,4,322,2),(3429,312,322,2),(3430,NULL,524,3),(3431,4,524,3),(3432,312,524,3),(3433,322,524,3),(3434,NULL,525,3),(3435,4,525,3),(3436,312,525,3),(3437,322,525,3),(3438,NULL,526,3),(3439,4,526,3),(3440,312,526,3),(3441,322,526,3),(3442,NULL,527,3),(3443,4,527,3),(3444,312,527,3),(3445,322,527,3),(3446,NULL,528,3),(3447,4,528,3),(3448,312,528,3),(3449,322,528,3),(3450,NULL,529,3),(3451,4,529,3),(3452,312,529,3),(3453,322,529,3),(3454,NULL,530,3),(3455,4,530,3),(3456,312,530,3),(3457,322,530,3),(3458,NULL,531,3),(3459,4,531,3),(3460,312,531,3),(3461,322,531,3),(3474,NULL,326,2),(3475,4,326,2),(3477,312,326,2),(3478,NULL,540,3),(3479,4,540,3),(3480,312,540,3),(3481,326,540,3),(3482,NULL,541,3),(3483,4,541,3),(3484,312,541,3),(3485,326,541,3),(3486,NULL,542,3),(3487,4,542,3),(3488,312,542,3),(3489,326,542,3),(3490,NULL,543,3),(3491,4,543,3),(3492,312,543,3),(3493,326,543,3),(3494,NULL,544,3),(3495,4,544,3),(3496,312,544,3),(3497,326,544,3),(3498,NULL,545,3),(3499,4,545,3),(3500,312,545,3),(3501,326,545,3),(3502,NULL,546,3),(3503,4,546,3),(3504,312,546,3),(3505,326,546,3),(3506,NULL,547,3),(3507,4,547,3),(3508,312,547,3),(3509,326,547,3),(3510,NULL,548,3),(3511,4,548,3),(3512,310,548,3),(3513,387,548,3),(3514,NULL,549,3),(3515,4,549,3),(3516,310,549,3),(3517,387,549,3),(3518,NULL,550,3),(3519,4,550,3),(3520,310,550,3),(3521,387,550,3),(3522,NULL,551,3),(3523,4,551,3),(3524,310,551,3),(3525,387,551,3),(3526,NULL,552,3),(3527,4,552,3),(3528,310,552,3),(3529,387,552,3),(3530,NULL,553,3),(3531,4,553,3),(3532,310,553,3),(3533,387,553,3),(3534,NULL,554,3),(3535,4,554,3),(3536,310,554,3),(3537,387,554,3),(3538,NULL,555,3),(3539,4,555,3),(3540,310,555,3),(3541,387,555,3),(3542,NULL,556,3),(3543,4,556,3),(3544,310,556,3),(3545,388,556,3),(3546,NULL,557,3),(3547,4,557,3),(3548,310,557,3),(3549,388,557,3),(3550,NULL,558,3),(3551,4,558,3),(3552,310,558,3),(3553,388,558,3),(3554,NULL,559,3),(3555,4,559,3),(3556,310,559,3),(3557,388,559,3),(3558,NULL,560,3),(3559,4,560,3),(3560,310,560,3),(3561,388,560,3),(3562,NULL,561,3),(3563,4,561,3),(3564,310,561,3),(3565,388,561,3),(3566,NULL,562,3),(3567,4,562,3),(3568,310,562,3),(3569,388,562,3),(3570,NULL,563,3),(3571,4,563,3),(3572,310,563,3),(3573,388,563,3),(3574,NULL,564,2),(3575,4,564,2),(3577,293,564,2),(3578,NULL,565,3),(3579,4,565,3),(3580,293,565,3),(3581,564,565,3),(3582,NULL,566,3),(3583,4,566,3),(3584,293,566,3),(3585,564,566,3),(3586,NULL,567,3),(3587,4,567,3),(3588,293,567,3),(3589,564,567,3),(3590,NULL,568,3),(3591,4,568,3),(3592,293,568,3),(3593,564,568,3),(3594,NULL,569,3),(3595,4,569,3),(3596,293,569,3),(3597,564,569,3),(3598,NULL,570,3),(3599,4,570,3),(3600,293,570,3),(3601,564,570,3),(3602,NULL,571,3),(3603,4,571,3),(3604,293,571,3),(3605,564,571,3),(3606,NULL,572,3),(3607,4,572,3),(3608,293,572,3),(3609,564,572,3),(3610,NULL,573,2),(3611,4,573,2),(3613,293,573,2),(3614,NULL,574,3),(3615,4,574,3),(3616,293,574,3),(3617,573,574,3),(3618,NULL,575,3),(3619,4,575,3),(3620,293,575,3),(3621,573,575,3),(3622,NULL,576,3),(3623,4,576,3),(3624,293,576,3),(3625,573,576,3),(3626,NULL,577,3),(3627,4,577,3),(3628,293,577,3),(3629,573,577,3),(3630,NULL,578,3),(3631,4,578,3),(3632,293,578,3),(3633,573,578,3),(3634,NULL,579,3),(3635,4,579,3),(3636,293,579,3),(3637,573,579,3),(3638,NULL,580,3),(3639,4,580,3),(3640,293,580,3),(3641,573,580,3),(3642,NULL,581,3),(3643,4,581,3),(3644,293,581,3),(3645,573,581,3),(3646,NULL,582,2),(3647,4,582,2),(3649,293,582,2),(3650,NULL,583,3),(3651,4,583,3),(3652,293,583,3),(3653,582,583,3),(3654,NULL,584,3),(3655,4,584,3),(3656,293,584,3),(3657,582,584,3),(3658,NULL,585,3),(3659,4,585,3),(3660,293,585,3),(3661,582,585,3),(3662,NULL,586,3),(3663,4,586,3),(3664,293,586,3),(3665,582,586,3),(3666,NULL,587,3),(3667,4,587,3),(3668,293,587,3),(3669,582,587,3),(3670,NULL,588,3),(3671,4,588,3),(3672,293,588,3),(3673,582,588,3),(3674,NULL,589,3),(3675,4,589,3),(3676,293,589,3),(3677,582,589,3),(3678,NULL,590,3),(3679,4,590,3),(3680,293,590,3),(3681,582,590,3),(3682,NULL,591,2),(3683,4,591,2),(3685,261,591,2),(3686,NULL,592,3),(3687,4,592,3),(3688,261,592,3),(3689,591,592,3),(3690,NULL,593,3),(3691,4,593,3),(3692,261,593,3),(3693,591,593,3),(3694,NULL,594,3),(3695,4,594,3),(3696,261,594,3),(3697,591,594,3),(3698,NULL,595,3),(3699,4,595,3),(3700,261,595,3),(3701,591,595,3),(3702,NULL,596,3),(3703,4,596,3),(3704,261,596,3),(3705,591,596,3),(3706,NULL,597,3),(3707,4,597,3),(3708,261,597,3),(3709,591,597,3),(3710,NULL,598,3),(3711,4,598,3),(3712,261,598,3),(3713,591,598,3),(3714,NULL,599,3),(3715,4,599,3),(3716,261,599,3),(3717,591,599,3),(3718,NULL,600,3),(3719,4,600,3),(3720,292,600,3),(3721,490,600,3),(3722,NULL,601,3),(3723,4,601,3),(3724,292,601,3),(3725,490,601,3),(3726,NULL,602,3),(3727,4,602,3),(3728,292,602,3),(3729,490,602,3),(3730,NULL,603,0);
/*!40000 ALTER TABLE `cms3_hierarchy_relations` ENABLE KEYS */;
UNLOCK TABLES;

--
-- Table structure for table `cms3_hierarchy_types`
--

DROP TABLE IF EXISTS `cms3_hierarchy_types`;
/*!40101 SET @saved_cs_client     = @@character_set_client */;
/*!50503 SET character_set_client = utf8mb4 */;
CREATE TABLE `cms3_hierarchy_types` (
  `id` int unsigned NOT NULL AUTO_INCREMENT,
  `name` varchar(48) NOT NULL,
  `title` varchar(255) DEFAULT NULL,
  `ext` varchar(48) DEFAULT NULL,
  `hide_pages` tinyint(1) DEFAULT '0',
  PRIMARY KEY (`id`),
  KEY `name` (`name`,`ext`),
  KEY `title` (`title`),
  KEY `ext` (`ext`)
) ENGINE=InnoDB AUTO_INCREMENT=71 DEFAULT CHARSET=utf8mb3;
/*!40101 SET character_set_client = @saved_cs_client */;

--
-- Dumping data for table `cms3_hierarchy_types`
--

LOCK TABLES `cms3_hierarchy_types` WRITE;
/*!40000 ALTER TABLE `cms3_hierarchy_types` DISABLE KEYS */;
INSERT INTO `cms3_hierarchy_types` VALUES (1,'news','i18n::hierarchy-type-news-rubric','rubric',0),(2,'emarket','i18n::hierarchy-type-emarket-currency','currency',0),(3,'emarket','i18n::hierarchy-type-emarket-discount_type','discount_type',0),(4,'emarket','i18n::hierarchy-type-emarket-discount_modificator_type','discount_modificator_type',0),(5,'emarket','i18n::hierarchy-type-emarket-discount_rule_type','discount_rule_type',0),(6,'users','i18n::hierarchy-type-users-users','users',0),(7,'emarket','i18n::hierarchy-type-eshop-address','delivery_address',0),(8,'emarket','i18n::hierarchy-type-emarket-item_type','item_type',0),(9,'emarket','i18n::hierarchy-type-emarket-discount','discount',0),(10,'emarket','i18n::hierarchy-type-emarket-item_option','item_option',0),(11,'emarket','i18n::hierarchy-type-emarket-order_item','order_item',0),(12,'emarket','i18n::hierarchy-type-emarket-order_status','order_status',0),(13,'emarket','i18n::hierarchy-type-emarket-payment_type','payment_type',0),(14,'emarket','i18n::hierarchy-type-emarket-payment','payment',0),(15,'emarket','i18n::hierarchy-type-emarket-payment_status','order_payment_status',0),(16,'emarket','i18n::hierarchy-type-emarket-legal_person','legal_person',0),(17,'emarket','i18n::hierarchy-type-emarket-delivery_type','delivery_type',0),(18,'emarket','i18n::hierarchy-type-emarket-delivery','delivery',0),(19,'emarket','i18n::hierarchy-type-emarket-delivery_status','order_delivery_status',0),(20,'emarket','i18n::hierarchy-type-emarket-order','order',0),(21,'users','i18n::hierarchy-type-users-user','user',0),(22,'menu','i18n::hierarchy-type-menu-item_element','item_element',0),(23,'news','i18n::hierarchy-type-news-subject','subject',0),(24,'news','i18n::hierarchy-type-news-item','item',0),(25,'content','i18n::hierarchy-type-content-page','',0),(26,'content','i18n::hierarchy-type-content-ticket','ticket',0),(27,'blogs20','i18n::hierarchy-type-blogs-blog','blog',0),(28,'users','i18n::hierarchy-type-users-author','author',0),(29,'blogs20','i18n::hierarchy-type-blogs20-comment','comment',0),(30,'blogs20','i18n::hierarchy-type-blogs20-post','post',0),(31,'forum','i18n::hierarchy-type-forum-conf','conf',0),(32,'forum','i18n::hierarchy-type-forum-topic','topic',0),(33,'forum','i18n::hierarchy-type-forum-message','message',0),(34,'comments','i18n::hierarchy-type-comments-comment','comment',0),(35,'vote','i18n::hierarchy-type-vote-poll_item','poll_item',0),(36,'vote','i18n::hierarchy-type-vote-poll','poll',0),(37,'webforms','i18n::hierarchy-type-webforms-page','page',0),(38,'webforms','i18n::hierarchy-type-webforms-form','form',0),(39,'webforms','i18n::hierarchy-type-webforms-template','template',0),(40,'webforms','i18n::hierarchy-type-webforms-address','address',0),(41,'photoalbum','i18n::hierarchy-type-photoalbum-album','album',0),(42,'photoalbum','i18n::hierarchy-type-photoalbum-photo','photo',0),(43,'faq','i18n::hierarchy-type-faq-project','project',0),(44,'faq','i18n::hierarchy-type-faq-category','category',0),(45,'faq','i18n::hierarchy-type-faq-question','question',0),(46,'dispatches','i18n::hierarchy-type-dispatches-dispatch','dispatch',0),(47,'dispatches','i18n::hierarchy-type-dispatches-release','release',0),(48,'dispatches','i18n::hierarchy-type-dispatches-message','message',0),(49,'dispatches','i18n::hierarchy-type-dispatches-subscriber','subscriber',0),(50,'catalog','i18n::hierarchy-type-catalog-category','category',0),(51,'emarket','i18n::hierarchy-type-emarket-store','store',0),(52,'catalog','i18n::hierarchy-type-catalog-object','object',0),(53,'emarket','i18n::hierarchy-type-emarket-unregistered_customer','customer',0),(54,'emarket','i18n::hierarchy-type-emarket-discount_modificator','discount_modificator',0),(55,'emarket','i18n::hierarchy-type-emarket-discount_rule','discount_rule',0),(56,'banners','i18n::hierarchy-type-banners-place','place',0),(57,'banners','i18n::hierarchy-type-banners-banner','banner',0),(58,'users','i18n::hierarchy-type-users-avatar','avatar',0),(59,'exchange','i18n::hierarchy-type-exchange-data_exchange_export','export',0),(60,'exchange','i18n::hierarchy-type-exchange-data_exchange_import','import',0),(61,'social_networks','i18n::hierarchy-type-social_networks-networks','network',0),(62,'social_networks','i18n::hierarchy-type-social_networks-vkontakte','vkontakte',0),(63,'filemanager','i18n::hierarchy-type-filemanager-shared_file','shared_file',0),(64,'umiSettings','i18n::hierarchy-type-umiSettings-setting','settings',0),(65,'appointment','i18n::hierarchy-type-appointment-page','page',0),(66,'umiStub','i18n::hierarchy-type-umiStub-ip-blacklist','ip-blacklist',0),(67,'umiStub','i18n::hierarchy-type-umiStub-ip-whitelist','ip-whitelist',0),(68,'seo','i18n::hierarchy-type-seo-robots-txt','robots-txt',0),(69,'umiCrmIntegration','i18n::hierarchy-type-umiCrmIntegration-scenario','scenario',0),(70,'umiCrmIntegration','i18n::hierarchy-type-umiCrmIntegration-fieldRelationGuide','fieldRelationGuide',0);
/*!40000 ALTER TABLE `cms3_hierarchy_types` ENABLE KEYS */;
UNLOCK TABLES;

--
-- Table structure for table `cms3_import_apiship_orders`
--

DROP TABLE IF EXISTS `cms3_import_apiship_orders`;
/*!40101 SET @saved_cs_client     = @@character_set_client */;
/*!50503 SET character_set_client = utf8mb4 */;
CREATE TABLE `cms3_import_apiship_orders` (
  `external_id` int unsigned NOT NULL,
  `internal_id` int unsigned NOT NULL,
  `source_id` int unsigned NOT NULL,
  KEY `external_id` (`external_id`,`source_id`),
  KEY `internal_id` (`internal_id`,`source_id`),
  KEY `source_id` (`source_id`),
  CONSTRAINT `cms3_import_apiship_orders_ibfk_1` FOREIGN KEY (`internal_id`) REFERENCES `cms3_apiship_orders` (`id`) ON DELETE CASCADE ON UPDATE CASCADE,
  CONSTRAINT `cms3_import_apiship_orders_ibfk_2` FOREIGN KEY (`source_id`) REFERENCES `cms3_import_sources` (`id`) ON DELETE CASCADE ON UPDATE CASCADE
) ENGINE=InnoDB DEFAULT CHARSET=utf8mb3;
/*!40101 SET character_set_client = @saved_cs_client */;

--
-- Dumping data for table `cms3_import_apiship_orders`
--

LOCK TABLES `cms3_import_apiship_orders` WRITE;
/*!40000 ALTER TABLE `cms3_import_apiship_orders` DISABLE KEYS */;
/*!40000 ALTER TABLE `cms3_import_apiship_orders` ENABLE KEYS */;
UNLOCK TABLES;

--
-- Table structure for table `cms3_import_appointment_employee_schedule`
--

DROP TABLE IF EXISTS `cms3_import_appointment_employee_schedule`;
/*!40101 SET @saved_cs_client     = @@character_set_client */;
/*!50503 SET character_set_client = utf8mb4 */;
CREATE TABLE `cms3_import_appointment_employee_schedule` (
  `external_id` int NOT NULL,
  `internal_id` int NOT NULL,
  `source_id` int unsigned NOT NULL,
  KEY `external_id` (`external_id`,`source_id`),
  KEY `internal_id` (`internal_id`,`source_id`),
  KEY `source_id` (`source_id`),
  CONSTRAINT `cms3_import_appointment_employee_schedule_ibfk_1` FOREIGN KEY (`internal_id`) REFERENCES `cms3_appointment_employee_schedule` (`id`) ON DELETE CASCADE ON UPDATE CASCADE,
  CONSTRAINT `cms3_import_appointment_employee_schedule_ibfk_2` FOREIGN KEY (`source_id`) REFERENCES `cms3_import_sources` (`id`) ON DELETE CASCADE ON UPDATE CASCADE
) ENGINE=InnoDB DEFAULT CHARSET=utf8mb3;
/*!40101 SET character_set_client = @saved_cs_client */;

--
-- Dumping data for table `cms3_import_appointment_employee_schedule`
--

LOCK TABLES `cms3_import_appointment_employee_schedule` WRITE;
/*!40000 ALTER TABLE `cms3_import_appointment_employee_schedule` DISABLE KEYS */;
INSERT INTO `cms3_import_appointment_employee_schedule` VALUES (6,6,124),(7,7,124),(8,8,124),(9,9,124),(10,10,124);
/*!40000 ALTER TABLE `cms3_import_appointment_employee_schedule` ENABLE KEYS */;
UNLOCK TABLES;

--
-- Table structure for table `cms3_import_appointment_employees`
--

DROP TABLE IF EXISTS `cms3_import_appointment_employees`;
/*!40101 SET @saved_cs_client     = @@character_set_client */;
/*!50503 SET character_set_client = utf8mb4 */;
CREATE TABLE `cms3_import_appointment_employees` (
  `external_id` int NOT NULL,
  `internal_id` int NOT NULL,
  `source_id` int unsigned NOT NULL,
  KEY `external_id` (`external_id`,`source_id`),
  KEY `internal_id` (`internal_id`,`source_id`),
  KEY `source_id` (`source_id`),
  CONSTRAINT `cms3_import_appointment_employees_ibfk_1` FOREIGN KEY (`internal_id`) REFERENCES `cms3_appointment_employees` (`id`) ON DELETE CASCADE ON UPDATE CASCADE,
  CONSTRAINT `cms3_import_appointment_employees_ibfk_2` FOREIGN KEY (`source_id`) REFERENCES `cms3_import_sources` (`id`) ON DELETE CASCADE ON UPDATE CASCADE
) ENGINE=InnoDB DEFAULT CHARSET=utf8mb3;
/*!40101 SET character_set_client = @saved_cs_client */;

--
-- Dumping data for table `cms3_import_appointment_employees`
--

LOCK TABLES `cms3_import_appointment_employees` WRITE;
/*!40000 ALTER TABLE `cms3_import_appointment_employees` DISABLE KEYS */;
INSERT INTO `cms3_import_appointment_employees` VALUES (1,1,124);
/*!40000 ALTER TABLE `cms3_import_appointment_employees` ENABLE KEYS */;
UNLOCK TABLES;

--
-- Table structure for table `cms3_import_appointment_employees_services`
--

DROP TABLE IF EXISTS `cms3_import_appointment_employees_services`;
/*!40101 SET @saved_cs_client     = @@character_set_client */;
/*!50503 SET character_set_client = utf8mb4 */;
CREATE TABLE `cms3_import_appointment_employees_services` (
  `external_id` int NOT NULL,
  `internal_id` int NOT NULL,
  `source_id` int unsigned NOT NULL,
  KEY `external_id` (`external_id`,`source_id`),
  KEY `internal_id` (`internal_id`,`source_id`),
  KEY `source_id` (`source_id`),
  CONSTRAINT `cms3_import_appointment_employees_services_ibfk_1` FOREIGN KEY (`internal_id`) REFERENCES `cms3_appointment_employees_services` (`id`) ON DELETE CASCADE ON UPDATE CASCADE,
  CONSTRAINT `cms3_import_appointment_employees_services_ibfk_2` FOREIGN KEY (`source_id`) REFERENCES `cms3_import_sources` (`id`) ON DELETE CASCADE ON UPDATE CASCADE
) ENGINE=InnoDB DEFAULT CHARSET=utf8mb3;
/*!40101 SET character_set_client = @saved_cs_client */;

--
-- Dumping data for table `cms3_import_appointment_employees_services`
--

LOCK TABLES `cms3_import_appointment_employees_services` WRITE;
/*!40000 ALTER TABLE `cms3_import_appointment_employees_services` DISABLE KEYS */;
INSERT INTO `cms3_import_appointment_employees_services` VALUES (2,2,124);
/*!40000 ALTER TABLE `cms3_import_appointment_employees_services` ENABLE KEYS */;
UNLOCK TABLES;

--
-- Table structure for table `cms3_import_appointment_orders`
--

DROP TABLE IF EXISTS `cms3_import_appointment_orders`;
/*!40101 SET @saved_cs_client     = @@character_set_client */;
/*!50503 SET character_set_client = utf8mb4 */;
CREATE TABLE `cms3_import_appointment_orders` (
  `external_id` int NOT NULL,
  `internal_id` int NOT NULL,
  `source_id` int unsigned NOT NULL,
  KEY `external_id` (`external_id`,`source_id`),
  KEY `internal_id` (`internal_id`,`source_id`),
  KEY `source_id` (`source_id`),
  CONSTRAINT `cms3_import_appointment_orders_ibfk_1` FOREIGN KEY (`internal_id`) REFERENCES `cms3_appointment_orders` (`id`) ON DELETE CASCADE ON UPDATE CASCADE,
  CONSTRAINT `cms3_import_appointment_orders_ibfk_2` FOREIGN KEY (`source_id`) REFERENCES `cms3_import_sources` (`id`) ON DELETE CASCADE ON UPDATE CASCADE
) ENGINE=InnoDB DEFAULT CHARSET=utf8mb3;
/*!40101 SET character_set_client = @saved_cs_client */;

--
-- Dumping data for table `cms3_import_appointment_orders`
--

LOCK TABLES `cms3_import_appointment_orders` WRITE;
/*!40000 ALTER TABLE `cms3_import_appointment_orders` DISABLE KEYS */;
INSERT INTO `cms3_import_appointment_orders` VALUES (1,1,124);
/*!40000 ALTER TABLE `cms3_import_appointment_orders` ENABLE KEYS */;
UNLOCK TABLES;

--
-- Table structure for table `cms3_import_appointment_service_groups`
--

DROP TABLE IF EXISTS `cms3_import_appointment_service_groups`;
/*!40101 SET @saved_cs_client     = @@character_set_client */;
/*!50503 SET character_set_client = utf8mb4 */;
CREATE TABLE `cms3_import_appointment_service_groups` (
  `external_id` int NOT NULL,
  `internal_id` int NOT NULL,
  `source_id` int unsigned NOT NULL,
  KEY `external_id` (`external_id`,`source_id`),
  KEY `internal_id` (`internal_id`,`source_id`),
  KEY `source_id` (`source_id`),
  CONSTRAINT `cms3_import_appointment_service_groups_ibfk_1` FOREIGN KEY (`internal_id`) REFERENCES `cms3_appointment_service_groups` (`id`) ON DELETE CASCADE ON UPDATE CASCADE,
  CONSTRAINT `cms3_import_appointment_service_groups_ibfk_2` FOREIGN KEY (`source_id`) REFERENCES `cms3_import_sources` (`id`) ON DELETE CASCADE ON UPDATE CASCADE
) ENGINE=InnoDB DEFAULT CHARSET=utf8mb3;
/*!40101 SET character_set_client = @saved_cs_client */;

--
-- Dumping data for table `cms3_import_appointment_service_groups`
--

LOCK TABLES `cms3_import_appointment_service_groups` WRITE;
/*!40000 ALTER TABLE `cms3_import_appointment_service_groups` DISABLE KEYS */;
INSERT INTO `cms3_import_appointment_service_groups` VALUES (1,1,124);
/*!40000 ALTER TABLE `cms3_import_appointment_service_groups` ENABLE KEYS */;
UNLOCK TABLES;

--
-- Table structure for table `cms3_import_appointment_services`
--

DROP TABLE IF EXISTS `cms3_import_appointment_services`;
/*!40101 SET @saved_cs_client     = @@character_set_client */;
/*!50503 SET character_set_client = utf8mb4 */;
CREATE TABLE `cms3_import_appointment_services` (
  `external_id` int NOT NULL,
  `internal_id` int NOT NULL,
  `source_id` int unsigned NOT NULL,
  KEY `external_id` (`external_id`,`source_id`),
  KEY `internal_id` (`internal_id`,`source_id`),
  KEY `source_id` (`source_id`),
  CONSTRAINT `cms3_import_appointment_services_ibfk_1` FOREIGN KEY (`internal_id`) REFERENCES `cms3_appointment_services` (`id`) ON DELETE CASCADE ON UPDATE CASCADE,
  CONSTRAINT `cms3_import_appointment_services_ibfk_2` FOREIGN KEY (`source_id`) REFERENCES `cms3_import_sources` (`id`) ON DELETE CASCADE ON UPDATE CASCADE
) ENGINE=InnoDB DEFAULT CHARSET=utf8mb3;
/*!40101 SET character_set_client = @saved_cs_client */;

--
-- Dumping data for table `cms3_import_appointment_services`
--

LOCK TABLES `cms3_import_appointment_services` WRITE;
/*!40000 ALTER TABLE `cms3_import_appointment_services` DISABLE KEYS */;
INSERT INTO `cms3_import_appointment_services` VALUES (1,1,124);
/*!40000 ALTER TABLE `cms3_import_appointment_services` ENABLE KEYS */;
UNLOCK TABLES;

--
-- Table structure for table `cms3_import_domain_mirrors`
--

DROP TABLE IF EXISTS `cms3_import_domain_mirrors`;
/*!40101 SET @saved_cs_client     = @@character_set_client */;
/*!50503 SET character_set_client = utf8mb4 */;
CREATE TABLE `cms3_import_domain_mirrors` (
  `source_id` int unsigned NOT NULL,
  `old_id` varchar(255) NOT NULL,
  `new_id` int unsigned NOT NULL,
  KEY `source_id` (`source_id`,`old_id`,`new_id`),
  KEY `old_id` (`old_id`,`new_id`),
  KEY `new_id` (`new_id`),
  CONSTRAINT `FK_DomainMirrorSourceId_To_Source` FOREIGN KEY (`source_id`) REFERENCES `cms3_import_sources` (`id`) ON DELETE CASCADE ON UPDATE CASCADE,
  CONSTRAINT `FK_NewId_To_DomainMirrorId` FOREIGN KEY (`new_id`) REFERENCES `cms3_domain_mirrows` (`id`) ON DELETE CASCADE ON UPDATE CASCADE
) ENGINE=InnoDB DEFAULT CHARSET=utf8mb3;
/*!40101 SET character_set_client = @saved_cs_client */;

--
-- Dumping data for table `cms3_import_domain_mirrors`
--

LOCK TABLES `cms3_import_domain_mirrors` WRITE;
/*!40000 ALTER TABLE `cms3_import_domain_mirrors` DISABLE KEYS */;
/*!40000 ALTER TABLE `cms3_import_domain_mirrors` ENABLE KEYS */;
UNLOCK TABLES;

--
-- Table structure for table `cms3_import_domains`
--

DROP TABLE IF EXISTS `cms3_import_domains`;
/*!40101 SET @saved_cs_client     = @@character_set_client */;
/*!50503 SET character_set_client = utf8mb4 */;
CREATE TABLE `cms3_import_domains` (
  `source_id` int unsigned NOT NULL,
  `old_id` varchar(255) NOT NULL,
  `new_id` int unsigned NOT NULL,
  KEY `source_id` (`source_id`,`old_id`,`new_id`),
  KEY `old_id` (`old_id`,`new_id`),
  KEY `new_id` (`new_id`),
  CONSTRAINT `FK_DomainSourceId_To_Source` FOREIGN KEY (`source_id`) REFERENCES `cms3_import_sources` (`id`) ON DELETE CASCADE ON UPDATE CASCADE,
  CONSTRAINT `FK_NewId_To_DomainId` FOREIGN KEY (`new_id`) REFERENCES `cms3_domains` (`id`) ON DELETE CASCADE ON UPDATE CASCADE
) ENGINE=InnoDB DEFAULT CHARSET=utf8mb3;
/*!40101 SET character_set_client = @saved_cs_client */;

--
-- Dumping data for table `cms3_import_domains`
--

LOCK TABLES `cms3_import_domains` WRITE;
/*!40000 ALTER TABLE `cms3_import_domains` DISABLE KEYS */;
INSERT INTO `cms3_import_domains` VALUES (1,'1',1),(2,'1',1),(3,'1',1),(124,'1',1);
/*!40000 ALTER TABLE `cms3_import_domains` ENABLE KEYS */;
UNLOCK TABLES;

--
-- Table structure for table `cms3_import_fields`
--

DROP TABLE IF EXISTS `cms3_import_fields`;
/*!40101 SET @saved_cs_client     = @@character_set_client */;
/*!50503 SET character_set_client = utf8mb4 */;
CREATE TABLE `cms3_import_fields` (
  `source_id` int unsigned NOT NULL,
  `field_name` varchar(64) NOT NULL,
  `type_id` int unsigned NOT NULL,
  `new_id` int unsigned NOT NULL,
  KEY `source_id` (`source_id`),
  KEY `type_id` (`type_id`),
  KEY `field_name` (`field_name`),
  KEY `new_id` (`new_id`),
  CONSTRAINT `FK_FieldSourceId_To_Source` FOREIGN KEY (`source_id`) REFERENCES `cms3_import_sources` (`id`) ON DELETE CASCADE ON UPDATE CASCADE,
  CONSTRAINT `FK_NewFieldId_To_ObjectTypeId` FOREIGN KEY (`type_id`) REFERENCES `cms3_import_types` (`new_id`) ON DELETE CASCADE ON UPDATE CASCADE,
  CONSTRAINT `FK_NewId_To_ObjectTypeFieldId` FOREIGN KEY (`new_id`) REFERENCES `cms3_object_fields` (`id`) ON DELETE CASCADE ON UPDATE CASCADE
) ENGINE=InnoDB DEFAULT CHARSET=utf8mb3;
/*!40101 SET character_set_client = @saved_cs_client */;

--
-- Dumping data for table `cms3_import_fields`
--

LOCK TABLES `cms3_import_fields` WRITE;
/*!40000 ALTER TABLE `cms3_import_fields` DISABLE KEYS */;
INSERT INTO `cms3_import_fields` VALUES (1,'title',3,2),(1,'h1',3,3),(1,'content',3,4),(1,'meta_descriptions',3,5),(1,'meta_keywords',3,6),(1,'tags',3,7),(1,'robots_deny',3,11),(1,'show_submenu',3,12),(1,'is_expanded',3,13),(1,'is_unindexed',3,14),(1,'rate_voters',3,15),(1,'rate_sum',3,16),(1,'locktime',3,21),(1,'lockuser',3,22),(1,'title',82,2),(1,'h1',82,3),(1,'meta_keywords',82,6),(1,'meta_descriptions',82,5),(1,'tags',82,7),(1,'date_create_object',82,302),(1,'robots_deny',82,11),(1,'is_unindexed',82,14),(1,'tax_rate_id',82,303),(1,'price',82,304),(1,'old_price',82,454),(1,'stores_state',82,305),(1,'reserved',82,306),(1,'common_quantity',82,307),(1,'rate_voters',82,15),(1,'rate_sum',82,16),(1,'locktime',82,21),(1,'lockuser',82,22),(1,'photo',82,268),(1,'description',82,455),(1,'recommended_items',82,456),(1,'photos',82,457),(1,'best_offers',82,459),(1,'new',82,460),(1,'dopolnitelnaya_garantiya',82,540),(1,'title',170,2),(1,'h1',170,3),(1,'meta_keywords',170,6),(1,'meta_descriptions',170,5),(1,'tags',170,7),(1,'date_create_object',170,302),(1,'photo',170,268),(1,'description',170,455),(1,'recommended_items',170,456),(1,'photos',170,457),(1,'tip_mehanizma',170,541),(1,'novoe_pole',170,542),(1,'tip_mehanizm',170,547),(1,'material_korpusa',170,543),(1,'steklo',170,544),(1,'cvet_korpusa',170,545),(1,'nalichie_budilnika',170,546),(1,'tax_rate_id',170,303),(1,'price',170,304),(1,'old_price',170,454),(1,'dopolnitelnaya_garantiya',170,540),(1,'best_offers',170,459),(1,'new',170,460),(1,'stores_state',170,305),(1,'reserved',170,306),(1,'common_quantity',170,307),(1,'rate_voters',170,15),(1,'rate_sum',170,16),(1,'locktime',170,21),(1,'lockuser',170,22),(1,'robots_deny',170,11),(1,'is_unindexed',170,14),(1,'title',177,2),(1,'h1',177,3),(1,'meta_keywords',177,6),(1,'meta_descriptions',177,5),(1,'tags',177,7),(1,'date_create_object',177,302),(1,'photo',177,268),(1,'description',177,455),(1,'recommended_items',177,456),(1,'photos',177,457),(1,'vid',177,548),(1,'naznachenie',177,549),(1,'tip',177,550),(1,'cvet',177,462),(1,'ves_velosipeda',177,561),(1,'shirina_sm',177,562),(1,'vysota_sm',177,563),(1,'dlinna_sm',177,564),(1,'diametr_koles_dyujmy',177,565),(1,'razmer_ramy_dyujmy',177,566),(1,'sostoyanie_postavki',177,567),(1,'sistema_tormozheniya',177,568),(1,'tax_rate_id',177,303),(1,'price',177,304),(1,'old_price',177,454),(1,'best_offers',177,459),(1,'new',177,460),(1,'stores_state',177,305),(1,'reserved',177,306),(1,'common_quantity',177,307),(1,'rate_voters',177,15),(1,'rate_sum',177,16),(1,'locktime',177,21),(1,'lockuser',177,22),(1,'robots_deny',177,11),(1,'is_unindexed',177,14),(1,'title',184,2),(1,'h1',184,3),(1,'meta_keywords',184,6),(1,'meta_descriptions',184,5),(1,'tags',184,7),(1,'date_create_object',184,302),(1,'photo',184,268),(1,'description',184,455),(1,'recommended_items',184,456),(1,'photos',184,457),(1,'ves',184,556),(1,'shirina',184,569),(1,'vysota',184,570),(1,'dlinna',184,571),(1,'vmestimost',184,572),(1,'forma',184,573),(1,'tax_rate_id',184,303),(1,'price',184,304),(1,'old_price',184,454),(1,'dopolnitelnaya_garantiya',184,540),(1,'best_offers',184,459),(1,'new',184,460),(1,'stores_state',184,305),(1,'reserved',184,306),(1,'common_quantity',184,307),(1,'rate_voters',184,15),(1,'rate_sum',184,16),(1,'locktime',184,21),(1,'lockuser',184,22),(1,'robots_deny',184,11),(1,'is_unindexed',184,14),(1,'title',180,2),(1,'h1',180,3),(1,'meta_keywords',180,6),(1,'meta_descriptions',180,5),(1,'tags',180,7),(1,'date_create_object',180,302),(1,'photo',180,268),(1,'description',180,455),(1,'recommended_items',180,456),(1,'photos',180,457),(1,'ves',180,556),(1,'razmer_granul_napolnitelya',180,557),(1,'sostav_napolnitelya',180,558),(1,'obem_upakovki',180,559),(1,'aromatizatory_napolnitelya',180,560),(1,'tax_rate_id',180,303),(1,'price',180,304),(1,'old_price',180,454),(1,'dopolnitelnaya_garantiya',180,540),(1,'best_offers',180,459),(1,'new',180,460),(1,'stores_state',180,305),(1,'reserved',180,306),(1,'common_quantity',180,307),(1,'rate_voters',180,15),(1,'rate_sum',180,16),(1,'locktime',180,21),(1,'lockuser',180,22),(1,'robots_deny',180,11),(1,'is_unindexed',180,14),(1,'strana_proizvodstva',82,574),(1,'strana_proizvodstva',180,574),(1,'strana_proizvodstva',177,574),(1,'brend',82,575),(1,'title',178,2),(1,'h1',178,3),(1,'meta_keywords',178,6),(1,'meta_descriptions',178,5),(1,'tags',178,7),(1,'date_create_object',178,302),(1,'photo',178,268),(1,'description',178,455),(1,'recommended_items',178,456),(1,'photos',178,457),(1,'vid_upakovki',178,551),(1,'vozrast',178,552),(1,'razmer_pitomca',178,553),(1,'ingridienty',178,554),(1,'ves_upakovki',178,555),(1,'strana_proizvodstva',178,574),(1,'brend',178,575),(1,'tax_rate_id',178,303),(1,'price',178,304),(1,'old_price',178,454),(1,'dopolnitelnaya_garantiya',178,540),(1,'best_offers',178,459),(1,'new',178,460),(1,'stores_state',178,305),(1,'reserved',178,306),(1,'common_quantity',178,307),(1,'rate_voters',178,15),(1,'rate_sum',178,16),(1,'locktime',178,21),(1,'lockuser',178,22),(1,'robots_deny',178,11),(1,'is_unindexed',178,14),(1,'strana_proizvodstva',184,574),(1,'brend',184,575),(1,'brend',177,575),(1,'strana_proizvodstva',170,574),(1,'brend',170,575),(1,'brend',180,575),(1,'title',185,2),(1,'h1',185,3),(1,'meta_keywords',185,6),(1,'meta_descriptions',185,5),(1,'tags',185,7),(1,'date_create_object',185,302),(1,'photo',185,268),(1,'description',185,455),(1,'recommended_items',185,456),(1,'photos',185,457),(1,'strana_proizvodstva',185,574),(1,'brend',185,575),(1,'sostav',185,576),(1,'razmer',185,577),(1,'sezon',185,578),(1,'cvet',185,579),(1,'zastezhka',185,580),(1,'tax_rate_id',185,303),(1,'price',185,304),(1,'old_price',185,454),(1,'dopolnitelnaya_garantiya',185,540),(1,'best_offers',185,459),(1,'new',185,460),(1,'stores_state',185,305),(1,'reserved',185,306),(1,'common_quantity',185,307),(1,'rate_voters',185,15),(1,'rate_sum',185,16),(1,'locktime',185,21),(1,'lockuser',185,22),(1,'robots_deny',185,11),(1,'is_unindexed',185,14),(1,'title',191,2),(1,'h1',191,3),(1,'meta_keywords',191,6),(1,'meta_descriptions',191,5),(1,'tags',191,7),(1,'date_create_object',191,302),(1,'photo',191,268),(1,'description',191,455),(1,'recommended_items',191,456),(1,'photos',191,457),(1,'strana_proizvodstva',191,574),(1,'brend',191,575),(1,'gruppa_ottenkov',191,581),(1,'linejkaseriya',191,582),(1,'tax_rate_id',191,303),(1,'price',191,304),(1,'old_price',191,454),(1,'dopolnitelnaya_garantiya',191,540),(1,'best_offers',191,459),(1,'new',191,460),(1,'stores_state',191,305),(1,'reserved',191,306),(1,'common_quantity',191,307),(1,'rate_voters',191,15),(1,'rate_sum',191,16),(1,'locktime',191,21),(1,'lockuser',191,22),(1,'robots_deny',191,11),(1,'is_unindexed',191,14),(1,'title',200,2),(1,'h1',200,3),(1,'meta_keywords',200,6),(1,'meta_descriptions',200,5),(1,'tags',200,7),(1,'date_create_object',200,302),(1,'photo',200,268),(1,'description',200,455),(1,'recommended_items',200,456),(1,'photos',200,457),(1,'strana_proizvodstva',200,574),(1,'brend',200,575),(1,'razmery',200,585),(1,'cvet',200,462),(1,'material',200,586),(1,'tax_rate_id',200,303),(1,'price',200,304),(1,'old_price',200,454),(1,'dopolnitelnaya_garantiya',200,540),(1,'best_offers',200,459),(1,'new',200,460),(1,'stores_state',200,305),(1,'reserved',200,306),(1,'common_quantity',200,307),(1,'rate_voters',200,15),(1,'rate_sum',200,16),(1,'locktime',200,21),(1,'lockuser',200,22),(1,'robots_deny',200,11),(1,'is_unindexed',200,14),(1,'title',202,2),(1,'h1',202,3),(1,'meta_keywords',202,6),(1,'meta_descriptions',202,5),(1,'tags',202,7),(1,'date_create_object',202,302),(1,'photo',202,268),(1,'description',202,455),(1,'recommended_items',202,456),(1,'photos',202,457),(1,'cvet',202,588),(1,'strana_proizvodstva',202,574),(1,'proizvoditel',202,587),(1,'obem_duhovki',202,589),(1,'tip',202,590),(1,'tax_rate_id',202,303),(1,'price',202,304),(1,'old_price',202,454),(1,'dopolnitelnaya_garantiya',202,540),(1,'best_offers',202,459),(1,'new',202,460),(1,'stores_state',202,305),(1,'reserved',202,306),(1,'common_quantity',202,307),(1,'rate_voters',202,15),(1,'rate_sum',202,16),(1,'locktime',202,21),(1,'lockuser',202,22),(1,'robots_deny',202,11),(1,'is_unindexed',202,14),(1,'razmer',202,583),(1,'title',204,2),(1,'h1',204,3),(1,'meta_keywords',204,6),(1,'meta_descriptions',204,5),(1,'tags',204,7),(1,'date_create_object',204,302),(1,'photo',204,268),(1,'description',204,455),(1,'recommended_items',204,456),(1,'photos',204,457),(1,'strana_proizvodstva',204,574),(1,'klass_stirki',204,591),(1,'maksimalnaya_zagruzka',204,592),(1,'kolichestvo_programm_stirki',204,593),(1,'razmer',204,583),(1,'cvet',204,594),(1,'ves',204,595),(1,'tax_rate_id',204,303),(1,'price',204,304),(1,'old_price',204,454),(1,'dopolnitelnaya_garantiya',204,540),(1,'best_offers',204,459),(1,'new',204,460),(1,'stores_state',204,305),(1,'reserved',204,306),(1,'common_quantity',204,307),(1,'rate_voters',204,15),(1,'rate_sum',204,16),(1,'locktime',204,21),(1,'lockuser',204,22),(1,'robots_deny',204,11),(1,'is_unindexed',204,14),(1,'brend',204,596),(1,'title',206,2),(1,'h1',206,3),(1,'meta_keywords',206,6),(1,'meta_descriptions',206,5),(1,'tags',206,7),(1,'date_create_object',206,302),(1,'photo',206,268),(1,'description',206,455),(1,'recommended_items',206,456),(1,'photos',206,457),(1,'strana_proizvodstva',206,574),(1,'brend',206,575),(1,'uroven_shuma',206,597),(1,'radius_dejstviya',206,598),(1,'tip_pylesbornika',206,599),(1,'gabarity',206,600),(1,'tax_rate_id',206,303),(1,'price',206,304),(1,'old_price',206,454),(1,'dopolnitelnaya_garantiya',206,540),(1,'best_offers',206,459),(1,'new',206,460),(1,'stores_state',206,305),(1,'reserved',206,306),(1,'common_quantity',206,307),(1,'rate_voters',206,15),(1,'rate_sum',206,16),(1,'locktime',206,21),(1,'lockuser',206,22),(1,'robots_deny',206,11),(1,'is_unindexed',206,14),(1,'title',208,2),(1,'h1',208,3),(1,'meta_keywords',208,6),(1,'meta_descriptions',208,5),(1,'tags',208,7),(1,'date_create_object',208,302),(1,'photo',208,268),(1,'description',208,455),(1,'recommended_items',208,456),(1,'photos',208,457),(1,'strana_proizvodstva',208,574),(1,'brend',208,575),(1,'novoe_pole',208,601),(1,'sistema_razmorazhivaniya',208,602),(1,'raspolozhenie_morozilnoj_kamery',208,603),(1,'gabarity',208,600),(1,'obem',208,604),(1,'tax_rate_id',208,303),(1,'price',208,304),(1,'old_price',208,454),(1,'dopolnitelnaya_garantiya',208,540),(1,'best_offers',208,459),(1,'new',208,460),(1,'stores_state',208,305),(1,'reserved',208,306),(1,'common_quantity',208,307),(1,'rate_voters',208,15),(1,'rate_sum',208,16),(1,'locktime',208,21),(1,'lockuser',208,22),(1,'robots_deny',208,11),(1,'is_unindexed',208,14),(1,'title',209,2),(1,'h1',209,3),(1,'meta_keywords',209,6),(1,'meta_descriptions',209,5),(1,'tags',209,7),(1,'date_create_object',209,302),(1,'photo',209,268),(1,'description',209,455),(1,'recommended_items',209,456),(1,'photos',209,457),(1,'strana_proizvodstva',209,574),(1,'brend',209,575),(1,'sezon',209,605),(1,'cvet',209,594),(1,'material',209,606),(1,'vozrast',209,607),(1,'tax_rate_id',209,303),(1,'price',209,304),(1,'old_price',209,454),(1,'dopolnitelnaya_garantiya',209,540),(1,'best_offers',209,459),(1,'new',209,460),(1,'stores_state',209,305),(1,'reserved',209,306),(1,'common_quantity',209,307),(1,'rate_voters',209,15),(1,'rate_sum',209,16),(1,'locktime',209,21),(1,'lockuser',209,22),(1,'robots_deny',209,11),(1,'is_unindexed',209,14),(2,'publish_status_id',2,1),(2,'title',3,2),(2,'h1',3,3),(2,'content',3,4),(2,'meta_descriptions',3,5),(2,'meta_keywords',3,6),(2,'tags',3,7),(2,'robots_deny',3,11),(2,'show_submenu',3,12),(2,'is_expanded',3,13),(2,'is_unindexed',3,14),(2,'rate_voters',3,15),(2,'rate_sum',3,16),(2,'expiration_date',3,17),(2,'notification_date',3,18),(2,'publish_comments',3,19),(2,'publish_status',3,20),(2,'locktime',3,21),(2,'lockuser',3,22),(2,'charset',6,23),(2,'title',7,2),(2,'h1',7,3),(2,'meta_keywords',7,6),(2,'meta_descriptions',7,5),(2,'tags',7,7),(2,'readme',7,24),(2,'robots_deny',7,11),(2,'show_submenu',7,12),(2,'is_expanded',7,13),(2,'is_unindexed',7,14),(2,'rate_voters',7,15),(2,'rate_sum',7,16),(2,'expiration_date',7,17),(2,'notification_date',7,18),(2,'publish_comments',7,19),(2,'publish_status',7,20),(2,'locktime',7,21),(2,'lockuser',7,22),(2,'rss_type',8,25),(2,'url',8,26),(2,'charset_id',8,27),(2,'news_rubric',8,28),(2,'quality_value',9,29),(2,'country_iso_code',10,30),(2,'identifier',14,31),(2,'identifier',15,31),(2,'number',16,32),(2,'number',17,32),(2,'codename',22,35),(2,'nominal',22,36),(2,'rate',22,37),(2,'prefix',22,38),(2,'suffix',22,39),(2,'platform_identificator',24,41),(2,'active',25,42),(2,'domain_id',25,43),(2,'token',25,44),(2,'platform',25,45),(2,'lname',26,46),(2,'fname',26,47),(2,'father_name',26,48),(2,'email',26,49),(2,'phone',26,50),(2,'yandex_id',28,51),(2,'robokassa_id',28,520),(2,'codename',29,34),(2,'description',29,52),(2,'modificator_codename',30,53),(2,'modificator_type_id',30,54),(2,'modificator_discount_types',30,55),(2,'modificator_type_guid',30,56),(2,'modificator_type_id',31,57),(2,'rule_codename',32,58),(2,'rule_type_id',32,59),(2,'rule_discount_types',32,60),(2,'rule_type_guid',32,61),(2,'rule_type_id',33,62),(2,'sid',34,63),(2,'nazvanie',36,65),(2,'country',37,66),(2,'index',37,67),(2,'region',37,68),(2,'city',37,69),(2,'street',37,70),(2,'house',37,71),(2,'flat',37,72),(2,'class_name',38,73),(2,'discount_type_id',39,74),(2,'discount_modificator_id',39,75),(2,'discount_rules_id',39,76),(2,'is_active',39,77),(2,'description',39,78),(2,'item_amount',41,79),(2,'item_price',41,80),(2,'item_total_original_price',41,81),(2,'item_actual_price',41,627),(2,'item_total_price',41,82),(2,'item_type_id',41,83),(2,'item_link',41,84),(2,'item_discount_id',41,85),(2,'item_discount_value',41,86),(2,'weight',41,87),(2,'width',41,88),(2,'height',41,89),(2,'length',41,90),(2,'tax_rate_id',41,91),(2,'options',41,92),(2,'codename',42,40),(2,'priority',42,93),(2,'class_name',43,94),(2,'payment_type_id',43,95),(2,'payment_type_guid',43,96),(2,'payment_type_id',44,97),(2,'disabled',44,628),(2,'domain_id_list',44,629),(2,'codename',45,40),(2,'priority',45,93),(2,'contact_person',46,98),(2,'phone_number',46,99),(2,'fax',46,100),(2,'email',46,49),(2,'name',46,101),(2,'legal_address',46,102),(2,'defacto_address',46,103),(2,'post_address',46,104),(2,'inn',46,105),(2,'account',46,106),(2,'bank',46,107),(2,'bank_account',46,108),(2,'bik',46,109),(2,'ogrn',46,110),(2,'kpp',46,111),(2,'class_name',47,112),(2,'delivery_type_id',47,113),(2,'delivery_type_guid',47,114),(2,'description',48,115),(2,'delivery_type_id',48,116),(2,'price',48,117),(2,'tax_rate_id',48,118),(2,'disabled',48,630),(2,'domain_id_list',48,631),(2,'codename',49,40),(2,'priority',49,93),(2,'order_items',50,119),(2,'number',50,120),(2,'social_order_id',50,121),(2,'customer_id',50,123),(2,'domain_id',50,124),(2,'manager_id',50,125),(2,'status_id',50,126),(2,'total_original_price',50,127),(2,'total_price',50,128),(2,'total_amount',50,129),(2,'status_change_date',50,130),(2,'order_date',50,131),(2,'order_discount_value',50,132),(2,'is_reserved',50,133),(2,'http_referer',50,141),(2,'http_target',50,142),(2,'source_domain',50,143),(2,'utm_medium',50,144),(2,'utm_term',50,145),(2,'utm_campaign',50,146),(2,'utm_content',50,147),(2,'order_create_date',50,148),(2,'payment_id',50,149),(2,'payment_name',50,632),(2,'payment_status_id',50,150),(2,'payment_date',50,151),(2,'payment_document_num',50,152),(2,'legal_person',50,153),(2,'delivery_id',50,154),(2,'delivery_name',50,633),(2,'delivery_status_id',50,155),(2,'delivery_address',50,156),(2,'delivery_date',50,157),(2,'pickup_date',50,158),(2,'delivery_provider',50,159),(2,'delivery_tariff',50,160),(2,'delivery_type',50,161),(2,'pickup_type',50,162),(2,'delivery_price',50,163),(2,'delivery_point_in',50,164),(2,'delivery_point_out',50,165),(2,'total_weight',50,166),(2,'total_width',50,167),(2,'total_height',50,168),(2,'total_length',50,169),(2,'delivery_allow_date',50,170),(2,'order_discount_id',50,171),(2,'bonus',50,172),(2,'need_export',50,173),(2,'purchaser_one_click',50,174),(2,'login',51,175),(2,'password',51,176),(2,'groups',51,178),(2,'e-mail',51,177),(2,'activate_code',51,179),(2,'loginza',51,180),(2,'is_activated',51,181),(2,'last_request_time',51,182),(2,'subscribed_pages',51,183),(2,'rated_pages',51,184),(2,'is_online',51,185),(2,'messages_count',51,186),(2,'orders_refs',51,187),(2,'delivery_addresses',51,188),(2,'user_dock',51,189),(2,'preffered_currency',51,190),(2,'user_settings_data',51,191),(2,'last_order',51,192),(2,'bonus',51,193),(2,'legal_persons',51,194),(2,'spent_bonus',51,195),(2,'filemanager_directory',51,196),(2,'appended_file_extensions',51,197),(2,'register_date',51,198),(2,'tickets_color',51,199),(2,'lname',51,200),(2,'fname',51,201),(2,'father_name',51,202),(2,'phone',51,203),(2,'referer',51,204),(2,'target',51,205),(2,'menu_id',52,206),(2,'menuhierarchy',52,207),(2,'title',54,2),(2,'h1',54,3),(2,'meta_keywords',54,6),(2,'meta_descriptions',54,5),(2,'tags',54,7),(2,'anons',54,208),(2,'content',54,4),(2,'source',54,209),(2,'source_url',54,210),(2,'publish_time',54,211),(2,'begin_time',54,212),(2,'end_time',54,213),(2,'robots_deny',54,11),(2,'show_submenu',54,12),(2,'is_expanded',54,13),(2,'is_unindexed',54,14),(2,'anons_pic',54,214),(2,'publish_pic',54,215),(2,'subjects',54,216),(2,'rate_voters',54,15),(2,'rate_sum',54,16),(2,'expiration_date',54,17),(2,'notification_date',54,18),(2,'publish_comments',54,19),(2,'publish_status',54,20),(2,'locktime',54,21),(2,'lockuser',54,22),(2,'title',55,2),(2,'h1',55,3),(2,'meta_keywords',55,6),(2,'meta_descriptions',55,5),(2,'tags',55,7),(2,'content',55,4),(2,'robots_deny',55,11),(2,'show_submenu',55,12),(2,'is_expanded',55,13),(2,'is_unindexed',55,14),(2,'rate_voters',55,15),(2,'rate_sum',55,16),(2,'expiration_date',55,17),(2,'notification_date',55,18),(2,'publish_comments',55,19),(2,'publish_status',55,20),(2,'locktime',55,21),(2,'lockuser',55,22),(2,'user_id',56,217),(2,'message',56,218),(2,'x',56,219),(2,'y',56,220),(2,'width',56,221),(2,'height',56,222),(2,'create_time',56,224),(2,'url',56,223),(2,'title',57,2),(2,'description',57,225),(2,'h1',57,3),(2,'meta_descriptions',57,5),(2,'meta_keywords',57,6),(2,'tags',57,7),(2,'friendlist',57,226),(2,'robots_deny',57,11),(2,'show_submenu',57,12),(2,'is_expanded',57,13),(2,'is_unindexed',57,14),(2,'rate_voters',57,15),(2,'rate_sum',57,16),(2,'is_registrated',58,227),(2,'user_id',58,228),(2,'nickname',58,229),(2,'email',58,230),(2,'ip',58,231),(2,'content',59,4),(2,'author_id',59,232),(2,'publish_time',59,211),(2,'rate_voters',59,15),(2,'rate_sum',59,16),(2,'is_spam',59,233),(2,'title',60,2),(2,'h1',60,3),(2,'content',60,4),(2,'meta_descriptions',60,5),(2,'meta_keywords',60,6),(2,'tags',60,7),(2,'publish_time',60,211),(2,'robots_deny',60,11),(2,'show_submenu',60,12),(2,'is_expanded',60,13),(2,'is_unindexed',60,14),(2,'rate_voters',60,15),(2,'rate_sum',60,16),(2,'expiration_date',60,17),(2,'notification_date',60,18),(2,'publish_comments',60,19),(2,'publish_status',60,20),(2,'locktime',60,21),(2,'lockuser',60,22),(2,'only_for_friends',60,234),(2,'is_spam',60,233),(2,'title',61,2),(2,'h1',61,3),(2,'meta_keywords',61,6),(2,'meta_descriptions',61,5),(2,'tags',61,7),(2,'descr',61,235),(2,'topics_count',61,236),(2,'messages_count',61,237),(2,'last_message',61,238),(2,'robots_deny',61,11),(2,'show_submenu',61,12),(2,'is_expanded',61,13),(2,'is_unindexed',61,14),(2,'rate_voters',61,15),(2,'rate_sum',61,16),(2,'expiration_date',61,17),(2,'notification_date',61,18),(2,'publish_comments',61,19),(2,'publish_status',61,20),(2,'locktime',61,21),(2,'lockuser',61,22),(2,'title',62,2),(2,'h1',62,3),(2,'meta_keywords',62,6),(2,'tags',62,7),(2,'meta_descriptions',62,5),(2,'messages_count',62,237),(2,'last_message',62,238),(2,'robots_deny',62,11),(2,'show_submenu',62,12),(2,'is_expanded',62,13),(2,'is_unindexed',62,14),(2,'publish_time',62,211),(2,'author_id',62,232),(2,'last_post_time',62,239),(2,'rate_voters',62,15),(2,'rate_sum',62,16),(2,'expiration_date',62,17),(2,'notification_date',62,18),(2,'publish_comments',62,19),(2,'publish_status',62,20),(2,'locktime',62,21),(2,'lockuser',62,22),(2,'title',63,2),(2,'h1',63,3),(2,'meta_keywords',63,6),(2,'meta_descriptions',63,5),(2,'tags',63,7),(2,'robots_deny',63,11),(2,'show_submenu',63,12),(2,'is_expanded',63,13),(2,'is_unindexed',63,14),(2,'message',63,240),(2,'author_id',63,232),(2,'rate_voters',63,15),(2,'rate_sum',63,16),(2,'expiration_date',63,17),(2,'notification_date',63,18),(2,'publish_comments',63,19),(2,'publish_status',63,20),(2,'locktime',63,21),(2,'lockuser',63,22),(2,'title',64,2),(2,'h1',64,3),(2,'meta_keywords',64,6),(2,'meta_descriptions',64,5),(2,'tags',64,7),(2,'robots_deny',64,11),(2,'show_submenu',64,12),(2,'is_expanded',64,13),(2,'is_unindexed',64,14),(2,'message',64,240),(2,'publish_time',64,211),(2,'author_id',64,232),(2,'rate_voters',64,15),(2,'rate_sum',64,16),(2,'expiration_date',64,17),(2,'notification_date',64,18),(2,'publish_comments',64,19),(2,'publish_status',64,20),(2,'locktime',64,21),(2,'lockuser',64,22),(2,'is_spam',64,233),(2,'count',65,241),(2,'poll_rel',65,242),(2,'title',66,2),(2,'h1',66,3),(2,'meta_keywords',66,6),(2,'meta_descriptions',66,5),(2,'tags',66,7),(2,'robots_deny',66,11),(2,'show_submenu',66,12),(2,'is_expanded',66,13),(2,'is_unindexed',66,14),(2,'is_closed',66,243),(2,'question',66,244),(2,'publish_time',66,211),(2,'answers',66,245),(2,'total_count',66,246),(2,'rate_voters',66,15),(2,'rate_sum',66,16),(2,'expiration_date',66,17),(2,'notification_date',66,18),(2,'publish_comments',66,19),(2,'publish_status',66,20),(2,'locktime',66,21),(2,'lockuser',66,22),(2,'title',67,2),(2,'h1',67,3),(2,'content',67,4),(2,'meta_descriptions',67,5),(2,'meta_keywords',67,6),(2,'tags',67,7),(2,'robots_deny',67,11),(2,'show_submenu',67,12),(2,'is_expanded',67,13),(2,'is_unindexed',67,14),(2,'rate_voters',67,15),(2,'rate_sum',67,16),(2,'expiration_date',67,17),(2,'notification_date',67,18),(2,'publish_comments',67,19),(2,'publish_status',67,20),(2,'locktime',67,21),(2,'lockuser',67,22),(2,'form_id',67,247),(2,'destination_address',68,248),(2,'sender_ip',68,249),(2,'sending_time',68,250),(2,'wf_message',68,251),(2,'from_email_template',69,252),(2,'from_template',69,253),(2,'subject_template',69,254),(2,'master_template',69,255),(2,'autoreply_from_email_template',69,256),(2,'autoreply_from_template',69,257),(2,'autoreply_subject_template',69,258),(2,'autoreply_email_recipient',69,259),(2,'autoreply_template',69,260),(2,'posted_message',69,261),(2,'form_id',69,262),(2,'address_description',70,263),(2,'address_list',70,264),(2,'form_id',70,265),(2,'title',71,2),(2,'h1',71,3),(2,'meta_descriptions',71,5),(2,'meta_keywords',71,6),(2,'tags',71,7),(2,'robots_deny',71,11),(2,'show_submenu',71,12),(2,'is_expanded',71,13),(2,'is_unindexed',71,14),(2,'descr',71,235),(2,'create_time',71,266),(2,'user_id',71,267),(2,'rate_voters',71,15),(2,'rate_sum',71,16),(2,'expiration_date',71,17),(2,'notification_date',71,18),(2,'publish_comments',71,19),(2,'publish_status',71,20),(2,'locktime',71,21),(2,'lockuser',71,22),(2,'title',72,2),(2,'h1',72,3),(2,'meta_descriptions',72,5),(2,'meta_keywords',72,6),(2,'tags',72,7),(2,'robots_deny',72,11),(2,'show_submenu',72,12),(2,'is_expanded',72,13),(2,'is_unindexed',72,14),(2,'photo',72,268),(2,'descr',72,235),(2,'create_time',72,266),(2,'user_id',72,267),(2,'rate_voters',72,15),(2,'rate_sum',72,16),(2,'expiration_date',72,17),(2,'notification_date',72,18),(2,'publish_comments',72,19),(2,'publish_status',72,20),(2,'locktime',72,21),(2,'lockuser',72,22),(2,'title',73,2),(2,'h1',73,3),(2,'content',73,4),(2,'meta_descriptions',73,5),(2,'meta_keywords',73,6),(2,'tags',73,7),(2,'robots_deny',73,11),(2,'show_submenu',73,12),(2,'is_expanded',73,13),(2,'is_unindexed',73,14),(2,'rate_voters',73,15),(2,'rate_sum',73,16),(2,'expiration_date',73,17),(2,'notification_date',73,18),(2,'publish_comments',73,19),(2,'publish_status',73,20),(2,'locktime',73,21),(2,'lockuser',73,22),(2,'title',74,2),(2,'h1',74,3),(2,'content',74,4),(2,'meta_descriptions',74,5),(2,'meta_keywords',74,6),(2,'tags',74,7),(2,'robots_deny',74,11),(2,'show_submenu',74,12),(2,'is_expanded',74,13),(2,'is_unindexed',74,14),(2,'rate_voters',74,15),(2,'rate_sum',74,16),(2,'expiration_date',74,17),(2,'notification_date',74,18),(2,'publish_comments',74,19),(2,'publish_status',74,20),(2,'locktime',74,21),(2,'lockuser',74,22),(2,'title',75,2),(2,'h1',75,3),(2,'meta_descriptions',75,5),(2,'meta_keywords',75,6),(2,'tags',75,7),(2,'question',75,244),(2,'answer',75,269),(2,'author_id',75,232),(2,'publish_time',75,211),(2,'robots_deny',75,11),(2,'show_submenu',75,12),(2,'is_expanded',75,13),(2,'is_unindexed',75,14),(2,'expiration_date',75,17),(2,'notification_date',75,18),(2,'publish_comments',75,19),(2,'publish_status',75,20),(2,'locktime',75,21),(2,'lockuser',75,22),(2,'is_spam',75,233),(2,'disp_last_release',76,270),(2,'disp_description',76,271),(2,'forced_subscribers',76,272),(2,'news_relation',76,273),(2,'is_active',76,274),(2,'load_from_forum',76,275),(2,'days',76,276),(2,'hours',76,277),(2,'status',77,278),(2,'date',77,279),(2,'disp_reference',77,280),(2,'header',78,281),(2,'body',78,282),(2,'release_reference',78,283),(2,'attach_file',78,284),(2,'msg_date',78,285),(2,'short_body',78,286),(2,'new_relation',78,287),(2,'lname',79,288),(2,'fname',79,289),(2,'father_name',79,290),(2,'gender',79,291),(2,'uid',79,292),(2,'subscriber_dispatches',79,293),(2,'subscribe_date',79,294),(2,'title',80,2),(2,'h1',80,3),(2,'meta_keywords',80,6),(2,'meta_descriptions',80,5),(2,'tags',80,7),(2,'robots_deny',80,11),(2,'show_submenu',80,12),(2,'is_expanded',80,13),(2,'is_unindexed',80,14),(2,'descr',80,235),(2,'rate_voters',80,15),(2,'rate_sum',80,16),(2,'expiration_date',80,17),(2,'notification_date',80,18),(2,'publish_comments',80,19),(2,'publish_status',80,20),(2,'locktime',80,21),(2,'lockuser',80,22),(2,'index_source',80,296),(2,'index_state',80,297),(2,'index_date',80,298),(2,'index_choose',80,299),(2,'index_level',80,300),(2,'primary',81,301),(2,'title',82,2),(2,'h1',82,3),(2,'meta_keywords',82,6),(2,'meta_descriptions',82,5),(2,'tags',82,7),(2,'date_create_object',82,302),(2,'robots_deny',82,11),(2,'is_unindexed',82,14),(2,'tax_rate_id',82,303),(2,'price',82,304),(2,'stores_state',82,305),(2,'reserved',82,306),(2,'common_quantity',82,307),(2,'rate_voters',82,15),(2,'rate_sum',82,16),(2,'expiration_date',82,17),(2,'notification_date',82,18),(2,'publish_comments',82,19),(2,'publish_status',82,20),(2,'locktime',82,21),(2,'lockuser',82,22),(2,'fname',83,47),(2,'lname',83,46),(2,'father_name',83,48),(2,'preffered_currency',83,309),(2,'last_order',83,308),(2,'bonus',83,310),(2,'spent_bonus',83,311),(2,'email',83,49),(2,'phone',83,50),(2,'ip',83,312),(2,'delivery_addresses',83,313),(2,'legal_persons',83,314),(2,'proc',84,315),(2,'modificator_type_id',84,57),(2,'modificator_type_id',85,57),(2,'size',85,316),(2,'rule_type_id',86,62),(2,'catalog_items',86,317),(2,'rule_type_id',87,62),(2,'start_date',87,318),(2,'end_date',87,319),(2,'rule_type_id',88,62),(2,'minimum',88,320),(2,'maximum',88,321),(2,'rule_type_id',89,62),(2,'minimal',89,322),(2,'maximum',89,323),(2,'rule_type_id',90,62),(2,'user_groups',90,324),(2,'rule_type_id',91,62),(2,'users',91,325),(2,'rule_type_id',92,62),(2,'related_items',92,326),(2,'description',93,115),(2,'delivery_type_id',93,116),(2,'price',93,117),(2,'tax_rate_id',93,118),(2,'disabled',93,630),(2,'domain_id_list',93,631),(2,'description',94,115),(2,'delivery_type_id',94,116),(2,'tax_rate_id',94,118),(2,'disabled',94,630),(2,'domain_id_list',94,631),(2,'order_min_price',94,327),(2,'price',94,117),(2,'description',95,115),(2,'delivery_type_id',95,116),(2,'tax_rate_id',95,118),(2,'disabled',95,630),(2,'domain_id_list',95,631),(2,'viewpost',95,328),(2,'description',96,115),(2,'delivery_type_id',96,116),(2,'tax_rate_id',96,118),(2,'login',96,332),(2,'password',96,333),(2,'dev_mode',96,334),(2,'keep_log',96,335),(2,'providers',96,336),(2,'delivery_types',96,337),(2,'pickup_types',96,338),(2,'settings',96,339),(2,'disabled',96,630),(2,'domain_id_list',96,631),(2,'payment_type_id',97,97),(2,'disabled',97,628),(2,'domain_id_list',97,629),(2,'reciever',97,340),(2,'reciever_inn',97,341),(2,'reciever_account',97,342),(2,'reciever_bank',97,343),(2,'bik',97,344),(2,'reciever_bank_account',97,345),(2,'payment_type_id',98,97),(2,'disabled',98,628),(2,'domain_id_list',98,629),(2,'merchant_id',98,346),(2,'private_key',98,347),(2,'payment_type_id',99,97),(2,'disabled',99,628),(2,'domain_id_list',99,629),(2,'payment_type_id',100,97),(2,'disabled',100,628),(2,'domain_id_list',100,629),(2,'login',100,348),(2,'password1',100,349),(2,'password2',100,350),(2,'test_mode',100,351),(2,'payment_type_id',102,97),(2,'disabled',102,628),(2,'domain_id_list',102,629),(2,'name',102,354),(2,'legal_address',102,355),(2,'phone_number',102,356),(2,'inn',102,357),(2,'kpp',102,358),(2,'account',102,359),(2,'bank',102,360),(2,'bank_account',102,361),(2,'bik',102,344),(2,'sign_image',102,362),(2,'payment_type_id',103,97),(2,'disabled',103,628),(2,'domain_id_list',103,629),(2,'mnt_system_url',103,363),(2,'mnt_id',103,364),(2,'mnt_success_url',103,365),(2,'mnt_fail_url',103,366),(2,'mnt_data_integrity_code',103,367),(2,'mnt_test_mode',103,368),(2,'payment_type_id',104,97),(2,'disabled',104,628),(2,'domain_id_list',104,629),(2,'project',104,369),(2,'key',104,370),(2,'source',104,371),(2,'payment_type_id',108,97),(2,'disabled',108,628),(2,'domain_id_list',108,629),(2,'test_mode',108,351),(2,'paypalemail',108,385),(2,'return_success',108,386),(2,'cancel_return',108,387),(2,'id',109,388),(2,'descr',109,389),(2,'is_show_rand_banner',109,390),(2,'is_active',110,391),(2,'tags',110,392),(2,'url',110,393),(2,'open_in_new_window',110,394),(2,'views_count',110,395),(2,'clicks_count',110,396),(2,'max_views',110,397),(2,'show_start_date',110,398),(2,'show_till_date',110,399),(2,'user_tags',110,400),(2,'view_pages',110,401),(2,'place',110,402),(2,'not_view_pages',110,403),(2,'time_targeting_by_month_days',110,404),(2,'time_targeting_by_month',110,405),(2,'time_targeting_by_week_days',110,406),(2,'time_targeting_by_hours',110,407),(2,'time_targeting_is_active',110,408),(2,'city_targeting_city',110,409),(2,'city_targeting_is_active',110,410),(2,'priority',110,411),(2,'is_active',111,391),(2,'tags',111,392),(2,'image',111,412),(2,'width',111,413),(2,'height',111,414),(2,'alt',111,415),(2,'url',111,393),(2,'open_in_new_window',111,394),(2,'views_count',111,395),(2,'clicks_count',111,396),(2,'max_views',111,397),(2,'show_start_date',111,398),(2,'show_till_date',111,399),(2,'user_tags',111,400),(2,'view_pages',111,401),(2,'place',111,402),(2,'not_view_pages',111,403),(2,'time_targeting_by_month_days',111,404),(2,'time_targeting_by_month',111,405),(2,'time_targeting_by_week_days',111,406),(2,'time_targeting_by_hours',111,407),(2,'time_targeting_is_active',111,408),(2,'city_targeting_city',111,409),(2,'city_targeting_is_active',111,410),(2,'priority',111,411),(2,'is_active',112,391),(2,'tags',112,392),(2,'swf',112,416),(2,'width',112,413),(2,'height',112,414),(2,'swf_quality',112,417),(2,'url',112,393),(2,'open_in_new_window',112,394),(2,'views_count',112,395),(2,'clicks_count',112,396),(2,'max_views',112,397),(2,'show_start_date',112,398),(2,'show_till_date',112,399),(2,'user_tags',112,400),(2,'view_pages',112,401),(2,'place',112,402),(2,'not_view_pages',112,403),(2,'time_targeting_by_month_days',112,404),(2,'time_targeting_by_month',112,405),(2,'time_targeting_by_week_days',112,406),(2,'time_targeting_by_hours',112,407),(2,'time_targeting_is_active',112,408),(2,'city_targeting_city',112,409),(2,'city_targeting_is_active',112,410),(2,'priority',112,411),(2,'is_active',113,391),(2,'tags',113,392),(2,'html_content',113,418),(2,'url',113,393),(2,'open_in_new_window',113,394),(2,'views_count',113,395),(2,'clicks_count',113,396),(2,'max_views',113,397),(2,'show_start_date',113,398),(2,'show_till_date',113,399),(2,'user_tags',113,400),(2,'view_pages',113,401),(2,'place',113,402),(2,'not_view_pages',113,403),(2,'time_targeting_by_month_days',113,404),(2,'time_targeting_by_month',113,405),(2,'time_targeting_by_week_days',113,406),(2,'time_targeting_by_hours',113,407),(2,'time_targeting_is_active',113,408),(2,'city_targeting_city',113,409),(2,'city_targeting_is_active',113,410),(2,'priority',113,411),(2,'picture',114,419),(2,'is_hidden',114,420),(2,'format',116,427),(2,'file',116,428),(2,'elements',116,429),(2,'encoding_import',116,430),(2,'social_id',117,431),(2,'template_id',117,432),(2,'domain_id',117,433),(2,'nazvanie_sajta',118,434),(2,'is_iframe_enabled',118,435),(2,'iframe_pages',118,436),(2,'social_id',118,431),(2,'template_id',118,432),(2,'domain_id',118,433),(2,'title',119,2),(2,'h1',119,3),(2,'meta_descriptions',119,5),(2,'meta_keywords',119,6),(2,'tags',119,7),(2,'content',119,4),(2,'robots_deny',119,11),(2,'show_submenu',119,12),(2,'is_expanded',119,13),(2,'is_unindexed',119,14),(2,'fs_file',119,437),(2,'downloads_counter',119,438),(2,'rate_voters',119,15),(2,'rate_sum',119,16),(2,'expiration_date',119,17),(2,'notification_date',119,18),(2,'publish_comments',119,19),(2,'publish_status',119,20),(2,'locktime',119,21),(2,'lockuser',119,22),(2,'custom_id',120,521),(2,'lang_id',120,498),(2,'domain_id',120,497),(2,'title',121,2),(2,'h1',121,3),(2,'content',121,4),(2,'meta_descriptions',121,5),(2,'meta_keywords',121,6),(2,'tags',121,7),(2,'robots_deny',121,11),(2,'show_submenu',121,12),(2,'is_expanded',121,13),(2,'is_unindexed',121,14),(2,'rate_voters',121,15),(2,'rate_sum',121,16),(2,'expiration_date',121,17),(2,'notification_date',121,18),(2,'publish_comments',121,19),(2,'publish_status',121,20),(2,'locktime',121,21),(2,'lockuser',121,22),(2,'appoint_service_choice_title',121,439),(2,'appoint_hint_step_text',121,440),(2,'appoint_personal_step_title',121,441),(2,'appoint_personal_choice_title',121,442),(2,'appoint_dont_care_button',121,443),(2,'appoint_dont_care_hint',121,444),(2,'appoint_date_step_title',121,445),(2,'appoint_date_choice_title',121,446),(2,'appoint_confirm_step_title',121,447),(2,'appoint_book_time_button',121,448),(2,'appoint_book_time_hint',121,449),(2,'payonline_id',28,634),(2,'payanyway_id',28,635),(2,'keep_log',98,636),(2,'payment_type_id',222,97),(2,'disabled',222,628),(2,'domain_id_list',222,629),(2,'shop_id',222,637),(2,'secret_key',222,638),(2,'keep_log',222,636),(2,'sberbank_id',28,646),(2,'service_info',50,647),(2,'favorite_domain_list',51,648),(2,'zip_code',95,649),(2,'tax',28,667),(2,'trade_offer_image',170,668),(2,'trade_offer_list',170,669),(2,'trade_offer_image',177,668),(2,'trade_offer_list',177,669),(2,'trade_offer_image',178,668),(2,'trade_offer_list',178,669),(2,'trade_offer_image',180,668),(2,'trade_offer_list',180,669),(2,'trade_offer_image',184,668),(2,'trade_offer_list',184,669),(2,'trade_offer_image',185,668),(2,'trade_offer_list',185,669),(2,'trade_offer_image',191,668),(2,'trade_offer_list',191,669),(2,'trade_offer_image',200,668),(2,'trade_offer_list',200,669),(2,'trade_offer_image',202,668),(2,'trade_offer_list',202,669),(2,'trade_offer_image',204,668),(2,'trade_offer_list',204,669),(2,'trade_offer_image',206,668),(2,'trade_offer_list',206,669),(2,'trade_offer_image',208,668),(2,'trade_offer_list',208,669),(2,'trade_offer_image',209,668),(2,'trade_offer_list',209,669),(2,'trade_offer_image',211,668),(2,'trade_offer_list',211,669),(2,'trade_offer_image',215,668),(2,'trade_offer_list',215,669),(2,'trade_offer_image',219,668),(2,'trade_offer_list',219,669),(2,'trade_offer_image',82,670),(2,'trade_offer_list',82,671),(2,'source_name',116,672),(2,'yandex_id',226,679),(2,'robokassa_id',226,520),(2,'payanyway_id',226,680),(2,'payonline_id',226,681),(2,'sberbank_id',226,646),(2,'yandex_id',227,682),(2,'robokassa_id',227,520),(2,'payanyway_id',227,680),(2,'payonline_id',227,681),(2,'sberbank_id',227,646),(2,'payment_mode',41,683),(2,'payment_subject',41,684),(2,'trade_offer',41,685),(2,'payment_mode',48,686),(2,'payment_subject',48,687),(2,'payment_mode',82,688),(2,'payment_subject',82,689),(2,'payment_mode',93,686),(2,'payment_subject',93,687),(2,'payment_mode',94,686),(2,'payment_subject',94,687),(2,'payment_mode',95,686),(2,'payment_subject',95,687),(2,'payment_mode',96,686),(2,'payment_subject',96,687),(2,'receipt_data_send_enable',98,384),(2,'receipt_data_send_enable',100,384),(2,'receipt_data_send_enable',103,384),(2,'receipt_data_send_enable',222,384),(2,'domain_id',19,43),(2,'domain_id',230,43),(2,'sent_release_list',79,694),(2,'disabled_types_of_payment',48,695),(2,'disabled_types_of_payment',93,695),(2,'disabled_types_of_payment',94,695),(2,'disabled_types_of_payment',95,695),(2,'disabled_types_of_payment',96,695),(3,'title',3,2),(3,'h1',3,3),(3,'content',3,4),(3,'meta_descriptions',3,5),(3,'meta_keywords',3,6),(3,'tags',3,7),(3,'robots_deny',3,11),(3,'show_submenu',3,12),(3,'is_expanded',3,13),(3,'is_unindexed',3,14),(3,'rate_voters',3,15),(3,'rate_sum',3,16),(3,'expiration_date',3,17),(3,'notification_date',3,18),(3,'publish_comments',3,19),(3,'publish_status',3,20),(3,'publish_status_id',2,1),(3,'locktime',3,21),(3,'lockuser',3,22),(3,'title',82,2),(3,'h1',82,3),(3,'meta_keywords',82,6),(3,'meta_descriptions',82,5),(3,'tags',82,7),(3,'date_create_object',82,302),(3,'photo',82,268),(3,'description',82,455),(3,'recommended_items',82,456),(3,'photos',82,457),(3,'strana_proizvodstva',82,574),(3,'brend',82,575),(3,'tax_rate_id',82,303),(3,'yandex_id',28,51),(3,'robokassa_id',28,520),(3,'payonline_id',28,634),(3,'payanyway_id',28,635),(3,'sberbank_id',28,646),(3,'tax',28,667),(3,'price',82,304),(3,'old_price',82,454),(3,'payment_mode',82,688),(3,'yandex_id',227,682),(3,'robokassa_id',227,520),(3,'payanyway_id',227,680),(3,'payonline_id',227,681),(3,'sberbank_id',227,646),(3,'payment_subject',82,689),(3,'yandex_id',226,679),(3,'robokassa_id',226,520),(3,'payanyway_id',226,680),(3,'payonline_id',226,681),(3,'sberbank_id',226,646),(3,'dopolnitelnaya_garantiya',82,540),(3,'best_offers',82,459),(3,'new',82,460),(3,'stores_state',82,305),(3,'primary',81,301),(3,'reserved',82,306),(3,'common_quantity',82,307),(3,'rate_voters',82,15),(3,'rate_sum',82,16),(3,'expiration_date',82,17),(3,'notification_date',82,18),(3,'publish_comments',82,19),(3,'publish_status',82,20),(3,'locktime',82,21),(3,'lockuser',82,22),(3,'robots_deny',82,11),(3,'is_unindexed',82,14),(3,'trade_offer_image',82,670),(3,'trade_offer_list',82,671),(3,'title',170,2),(3,'h1',170,3),(3,'meta_keywords',170,6),(3,'meta_descriptions',170,5),(3,'tags',170,7),(3,'date_create_object',170,302),(3,'photo',170,268),(3,'description',170,455),(3,'recommended_items',170,456),(3,'photos',170,457),(3,'tip_mehanizma',170,541),(3,'novoe_pole',170,542),(3,'tip_mehanizm',170,547),(3,'material_korpusa',170,543),(3,'steklo',170,544),(3,'cvet_korpusa',170,545),(3,'nalichie_budilnika',170,546),(3,'strana_proizvodstva',170,574),(3,'brend',170,575),(3,'tax_rate_id',170,303),(3,'price',170,304),(3,'old_price',170,454),(3,'dopolnitelnaya_garantiya',170,540),(3,'best_offers',170,459),(3,'new',170,460),(3,'stores_state',170,305),(3,'reserved',170,306),(3,'common_quantity',170,307),(3,'rate_voters',170,15),(3,'rate_sum',170,16),(3,'expiration_date',170,17),(3,'notification_date',170,18),(3,'publish_comments',170,19),(3,'publish_status',170,20),(3,'locktime',170,21),(3,'lockuser',170,22),(3,'robots_deny',170,11),(3,'is_unindexed',170,14),(3,'trade_offer_image',170,668),(3,'trade_offer_list',170,669),(3,'title',177,2),(3,'h1',177,3),(3,'meta_keywords',177,6),(3,'meta_descriptions',177,5),(3,'tags',177,7),(3,'date_create_object',177,302),(3,'photo',177,268),(3,'description',177,455),(3,'recommended_items',177,456),(3,'photos',177,457),(3,'ves_velosipeda',177,561),(3,'razmer_ramy_dyujmy',177,566),(3,'vid',177,548),(3,'naznachenie',177,549),(3,'tip',177,550),(3,'cvet',177,462),(3,'shirina_sm',177,562),(3,'vysota_sm',177,563),(3,'dlinna_sm',177,564),(3,'sostoyanie_postavki',177,567),(3,'sistema_tormozheniya',177,568),(3,'strana_proizvodstva',177,574),(3,'brend',177,575),(3,'tax_rate_id',177,303),(3,'price',177,304),(3,'old_price',177,454),(3,'best_offers',177,459),(3,'new',177,460),(3,'stores_state',177,305),(3,'reserved',177,306),(3,'common_quantity',177,307),(3,'rate_voters',177,15),(3,'rate_sum',177,16),(3,'expiration_date',177,17),(3,'notification_date',177,18),(3,'publish_comments',177,19),(3,'publish_status',177,20),(3,'locktime',177,21),(3,'lockuser',177,22),(3,'robots_deny',177,11),(3,'is_unindexed',177,14),(3,'trade_offer_image',177,668),(3,'trade_offer_attachment_equipment',177,678),(3,'trade_offer_list',177,669),(3,'trade_offer_wheel_diameter',177,565),(3,'title',178,2),(3,'h1',178,3),(3,'meta_keywords',178,6),(3,'meta_descriptions',178,5),(3,'tags',178,7),(3,'date_create_object',178,302),(3,'photo',178,268),(3,'description',178,455),(3,'recommended_items',178,456),(3,'photos',178,457),(3,'vid_upakovki',178,551),(3,'vozrast',178,552),(3,'razmer_pitomca',178,553),(3,'ingridienty',178,554),(3,'ves_upakovki',178,555),(3,'strana_proizvodstva',178,574),(3,'brend',178,575),(3,'tax_rate_id',178,303),(3,'price',178,304),(3,'old_price',178,454),(3,'dopolnitelnaya_garantiya',178,540),(3,'best_offers',178,459),(3,'new',178,460),(3,'stores_state',178,305),(3,'reserved',178,306),(3,'common_quantity',178,307),(3,'rate_voters',178,15),(3,'rate_sum',178,16),(3,'expiration_date',178,17),(3,'notification_date',178,18),(3,'publish_comments',178,19),(3,'publish_status',178,20),(3,'locktime',178,21),(3,'lockuser',178,22),(3,'robots_deny',178,11),(3,'is_unindexed',178,14),(3,'trade_offer_image',178,668),(3,'trade_offer_packing',178,677),(3,'trade_offer_list',178,669),(3,'title',180,2),(3,'h1',180,3),(3,'meta_keywords',180,6),(3,'meta_descriptions',180,5),(3,'tags',180,7),(3,'date_create_object',180,302),(3,'photo',180,268),(3,'description',180,455),(3,'recommended_items',180,456),(3,'photos',180,457),(3,'ves',180,556),(3,'razmer_granul_napolnitelya',180,557),(3,'sostav_napolnitelya',180,558),(3,'obem_upakovki',180,559),(3,'aromatizatory_napolnitelya',180,560),(3,'strana_proizvodstva',180,574),(3,'brend',180,575),(3,'tax_rate_id',180,303),(3,'price',180,304),(3,'old_price',180,454),(3,'dopolnitelnaya_garantiya',180,540),(3,'best_offers',180,459),(3,'new',180,460),(3,'stores_state',180,305),(3,'reserved',180,306),(3,'common_quantity',180,307),(3,'rate_voters',180,15),(3,'rate_sum',180,16),(3,'expiration_date',180,17),(3,'notification_date',180,18),(3,'publish_comments',180,19),(3,'publish_status',180,20),(3,'locktime',180,21),(3,'lockuser',180,22),(3,'robots_deny',180,11),(3,'is_unindexed',180,14),(3,'trade_offer_image',180,668),(3,'trade_offer_packing',180,677),(3,'trade_offer_list',180,669),(3,'title',184,2),(3,'h1',184,3),(3,'meta_keywords',184,6),(3,'meta_descriptions',184,5),(3,'tags',184,7),(3,'date_create_object',184,302),(3,'photo',184,268),(3,'description',184,455),(3,'recommended_items',184,456),(3,'photos',184,457),(3,'ves',184,556),(3,'shirina',184,569),(3,'vysota',184,570),(3,'dlinna',184,571),(3,'vmestimost',184,572),(3,'forma',184,573),(3,'strana_proizvodstva',184,574),(3,'brend',184,575),(3,'tax_rate_id',184,303),(3,'price',184,304),(3,'old_price',184,454),(3,'dopolnitelnaya_garantiya',184,540),(3,'best_offers',184,459),(3,'new',184,460),(3,'stores_state',184,305),(3,'reserved',184,306),(3,'common_quantity',184,307),(3,'rate_voters',184,15),(3,'rate_sum',184,16),(3,'expiration_date',184,17),(3,'notification_date',184,18),(3,'publish_comments',184,19),(3,'publish_status',184,20),(3,'locktime',184,21),(3,'lockuser',184,22),(3,'robots_deny',184,11),(3,'is_unindexed',184,14),(3,'trade_offer_image',184,668),(3,'trade_offer_list',184,669),(3,'title',185,2),(3,'h1',185,3),(3,'meta_keywords',185,6),(3,'meta_descriptions',185,5),(3,'tags',185,7),(3,'date_create_object',185,302),(3,'photo',185,268),(3,'description',185,455),(3,'recommended_items',185,456),(3,'photos',185,457),(3,'strana_proizvodstva',185,574),(3,'brend',185,575),(3,'sostav',185,576),(3,'razmer',185,577),(3,'sezon',185,578),(3,'cvet',185,579),(3,'zastezhka',185,580),(3,'tax_rate_id',185,303),(3,'price',185,304),(3,'old_price',185,454),(3,'dopolnitelnaya_garantiya',185,540),(3,'best_offers',185,459),(3,'new',185,460),(3,'stores_state',185,305),(3,'reserved',185,306),(3,'common_quantity',185,307),(3,'rate_voters',185,15),(3,'rate_sum',185,16),(3,'expiration_date',185,17),(3,'notification_date',185,18),(3,'publish_comments',185,19),(3,'publish_status',185,20),(3,'locktime',185,21),(3,'lockuser',185,22),(3,'robots_deny',185,11),(3,'is_unindexed',185,14),(3,'trade_offer_image',185,668),(3,'trade_offer_size',185,673),(3,'trade_offer_color',185,674),(3,'trade_offer_list',185,669),(3,'title',191,2),(3,'h1',191,3),(3,'meta_keywords',191,6),(3,'meta_descriptions',191,5),(3,'tags',191,7),(3,'date_create_object',191,302),(3,'photo',191,268),(3,'description',191,455),(3,'recommended_items',191,456),(3,'photos',191,457),(3,'strana_proizvodstva',191,574),(3,'brend',191,575),(3,'gruppa_ottenkov',191,581),(3,'linejkaseriya',191,582),(3,'tax_rate_id',191,303),(3,'price',191,304),(3,'old_price',191,454),(3,'best_offers',191,459),(3,'new',191,460),(3,'stores_state',191,305),(3,'reserved',191,306),(3,'common_quantity',191,307),(3,'rate_voters',191,15),(3,'rate_sum',191,16),(3,'expiration_date',191,17),(3,'notification_date',191,18),(3,'publish_comments',191,19),(3,'publish_status',191,20),(3,'locktime',191,21),(3,'lockuser',191,22),(3,'robots_deny',191,11),(3,'is_unindexed',191,14),(3,'trade_offer_image',191,668),(3,'trade_offer_list',191,669),(3,'title',200,2),(3,'h1',200,3),(3,'meta_keywords',200,6),(3,'meta_descriptions',200,5),(3,'tags',200,7),(3,'date_create_object',200,302),(3,'photo',200,268),(3,'description',200,455),(3,'recommended_items',200,456),(3,'photos',200,457),(3,'strana_proizvodstva',200,574),(3,'brend',200,575),(3,'razmery',200,585),(3,'cvet',200,462),(3,'material',200,586),(3,'tax_rate_id',200,303),(3,'price',200,304),(3,'old_price',200,454),(3,'dopolnitelnaya_garantiya',200,540),(3,'best_offers',200,459),(3,'new',200,460),(3,'stores_state',200,305),(3,'reserved',200,306),(3,'common_quantity',200,307),(3,'rate_voters',200,15),(3,'rate_sum',200,16),(3,'expiration_date',200,17),(3,'notification_date',200,18),(3,'publish_comments',200,19),(3,'publish_status',200,20),(3,'locktime',200,21),(3,'lockuser',200,22),(3,'robots_deny',200,11),(3,'is_unindexed',200,14),(3,'trade_offer_image',200,668),(3,'trade_offer_list',200,669),(3,'title',202,2),(3,'h1',202,3),(3,'meta_keywords',202,6),(3,'meta_descriptions',202,5),(3,'tags',202,7),(3,'date_create_object',202,302),(3,'photo',202,268),(3,'description',202,455),(3,'recommended_items',202,456),(3,'photos',202,457),(3,'cvet',202,588),(3,'strana_proizvodstva',202,574),(3,'proizvoditel',202,587),(3,'obem_duhovki',202,589),(3,'tip',202,590),(3,'razmer',202,583),(3,'tax_rate_id',202,303),(3,'price',202,304),(3,'old_price',202,454),(3,'dopolnitelnaya_garantiya',202,540),(3,'best_offers',202,459),(3,'new',202,460),(3,'stores_state',202,305),(3,'reserved',202,306),(3,'common_quantity',202,307),(3,'rate_voters',202,15),(3,'rate_sum',202,16),(3,'expiration_date',202,17),(3,'notification_date',202,18),(3,'publish_comments',202,19),(3,'publish_status',202,20),(3,'locktime',202,21),(3,'lockuser',202,22),(3,'robots_deny',202,11),(3,'is_unindexed',202,14),(3,'trade_offer_image',202,668),(3,'trade_offer_color',202,674),(3,'trade_offer_additional_guarantee',202,675),(3,'trade_offer_list',202,669),(3,'trade_offer_ustanovka',202,690),(3,'trade_offer_predprodazhnaya_podgotovka',202,691),(3,'title',204,2),(3,'h1',204,3),(3,'meta_keywords',204,6),(3,'meta_descriptions',204,5),(3,'tags',204,7),(3,'date_create_object',204,302),(3,'photo',204,268),(3,'description',204,455),(3,'recommended_items',204,456),(3,'photos',204,457),(3,'brend',204,596),(3,'klass_stirki',204,591),(3,'maksimalnaya_zagruzka',204,592),(3,'kolichestvo_programm_stirki',204,593),(3,'razmer',204,583),(3,'cvet',204,594),(3,'ves',204,595),(3,'strana_proizvodstva',204,574),(3,'tax_rate_id',204,303),(3,'price',204,304),(3,'old_price',204,454),(3,'dopolnitelnaya_garantiya',204,540),(3,'best_offers',204,459),(3,'new',204,460),(3,'stores_state',204,305),(3,'reserved',204,306),(3,'common_quantity',204,307),(3,'rate_voters',204,15),(3,'rate_sum',204,16),(3,'expiration_date',204,17),(3,'notification_date',204,18),(3,'publish_comments',204,19),(3,'publish_status',204,20),(3,'locktime',204,21),(3,'lockuser',204,22),(3,'robots_deny',204,11),(3,'is_unindexed',204,14),(3,'trade_offer_image',204,668),(3,'trade_offer_color',204,674),(3,'trade_offer_additional_guarantee',204,675),(3,'trade_offer_control_type',204,676),(3,'trade_offer_list',204,669),(3,'title',206,2),(3,'h1',206,3),(3,'meta_keywords',206,6),(3,'meta_descriptions',206,5),(3,'tags',206,7),(3,'date_create_object',206,302),(3,'photo',206,268),(3,'description',206,455),(3,'recommended_items',206,456),(3,'photos',206,457),(3,'strana_proizvodstva',206,574),(3,'brend',206,575),(3,'uroven_shuma',206,597),(3,'radius_dejstviya',206,598),(3,'tip_pylesbornika',206,599),(3,'gabarity',206,600),(3,'tax_rate_id',206,303),(3,'price',206,304),(3,'old_price',206,454),(3,'dopolnitelnaya_garantiya',206,540),(3,'best_offers',206,459),(3,'new',206,460),(3,'stores_state',206,305),(3,'reserved',206,306),(3,'common_quantity',206,307),(3,'rate_voters',206,15),(3,'rate_sum',206,16),(3,'expiration_date',206,17),(3,'notification_date',206,18),(3,'publish_comments',206,19),(3,'publish_status',206,20),(3,'locktime',206,21),(3,'lockuser',206,22),(3,'robots_deny',206,11),(3,'is_unindexed',206,14),(3,'trade_offer_image',206,668),(3,'trade_offer_color',206,674),(3,'trade_offer_additional_guarantee',206,675),(3,'trade_offer_control_type',206,676),(3,'trade_offer_list',206,669),(3,'title',208,2),(3,'h1',208,3),(3,'meta_keywords',208,6),(3,'meta_descriptions',208,5),(3,'tags',208,7),(3,'date_create_object',208,302),(3,'photo',208,268),(3,'description',208,455),(3,'recommended_items',208,456),(3,'photos',208,457),(3,'strana_proizvodstva',208,574),(3,'brend',208,575),(3,'novoe_pole',208,601),(3,'sistema_razmorazhivaniya',208,602),(3,'raspolozhenie_morozilnoj_kamery',208,603),(3,'gabarity',208,600),(3,'obem',208,604),(3,'tax_rate_id',208,303),(3,'price',208,304),(3,'old_price',208,454),(3,'dopolnitelnaya_garantiya',208,540),(3,'best_offers',208,459),(3,'new',208,460),(3,'stores_state',208,305),(3,'reserved',208,306),(3,'common_quantity',208,307),(3,'rate_voters',208,15),(3,'rate_sum',208,16),(3,'expiration_date',208,17),(3,'notification_date',208,18),(3,'publish_comments',208,19),(3,'publish_status',208,20),(3,'locktime',208,21),(3,'lockuser',208,22),(3,'robots_deny',208,11),(3,'is_unindexed',208,14),(3,'trade_offer_image',208,668),(3,'trade_offer_color',208,674),(3,'trade_offer_additional_guarantee',208,675),(3,'trade_offer_control_type',208,676),(3,'trade_offer_list',208,669),(3,'title',209,2),(3,'h1',209,3),(3,'meta_keywords',209,6),(3,'meta_descriptions',209,5),(3,'tags',209,7),(3,'date_create_object',209,302),(3,'photo',209,268),(3,'description',209,455),(3,'recommended_items',209,456),(3,'photos',209,457),(3,'strana_proizvodstva',209,574),(3,'brend',209,575),(3,'sezon',209,605),(3,'cvet',209,594),(3,'material',209,606),(3,'vozrast',209,607),(3,'tax_rate_id',209,303),(3,'price',209,304),(3,'old_price',209,454),(3,'dopolnitelnaya_garantiya',209,540),(3,'best_offers',209,459),(3,'new',209,460),(3,'stores_state',209,305),(3,'reserved',209,306),(3,'common_quantity',209,307),(3,'rate_voters',209,15),(3,'rate_sum',209,16),(3,'expiration_date',209,17),(3,'notification_date',209,18),(3,'publish_comments',209,19),(3,'publish_status',209,20),(3,'locktime',209,21),(3,'lockuser',209,22),(3,'robots_deny',209,11),(3,'is_unindexed',209,14),(3,'trade_offer_image',209,668),(3,'trade_offer_list',209,669),(3,'title',211,2),(3,'h1',211,3),(3,'meta_keywords',211,6),(3,'meta_descriptions',211,5),(3,'tags',211,7),(3,'date_create_object',211,302),(3,'photo',211,268),(3,'description',211,455),(3,'recommended_items',211,456),(3,'photos',211,457),(3,'strana_proizvodstva',211,574),(3,'brend',211,575),(3,'naznachenie',211,608),(3,'obem',211,609),(3,'tax_rate_id',211,303),(3,'price',211,304),(3,'old_price',211,454),(3,'dopolnitelnaya_garantiya',211,540),(3,'best_offers',211,459),(3,'new',211,460),(3,'stores_state',211,305),(3,'reserved',211,306),(3,'common_quantity',211,307),(3,'rate_voters',211,15),(3,'rate_sum',211,16),(3,'expiration_date',211,17),(3,'notification_date',211,18),(3,'publish_comments',211,19),(3,'publish_status',211,20),(3,'locktime',211,21),(3,'lockuser',211,22),(3,'robots_deny',211,11),(3,'is_unindexed',211,14),(3,'trade_offer_image',211,668),(3,'trade_offer_list',211,669),(3,'title',215,2),(3,'h1',215,3),(3,'meta_keywords',215,6),(3,'meta_descriptions',215,5),(3,'tags',215,7),(3,'date_create_object',215,302),(3,'photo',215,268),(3,'description',215,455),(3,'recommended_items',215,456),(3,'photos',215,457),(3,'strana_proizvodstva',215,574),(3,'brend',215,575),(3,'aromat_parfyuma',215,610),(3,'obem',215,611),(3,'tax_rate_id',215,303),(3,'price',215,304),(3,'old_price',215,454),(3,'dopolnitelnaya_garantiya',215,540),(3,'best_offers',215,459),(3,'new',215,460),(3,'stores_state',215,305),(3,'reserved',215,306),(3,'common_quantity',215,307),(3,'rate_voters',215,15),(3,'rate_sum',215,16),(3,'expiration_date',215,17),(3,'notification_date',215,18),(3,'publish_comments',215,19),(3,'publish_status',215,20),(3,'locktime',215,21),(3,'lockuser',215,22),(3,'robots_deny',215,11),(3,'is_unindexed',215,14),(3,'trade_offer_image',215,668),(3,'trade_offer_list',215,669),(3,'title',219,2),(3,'h1',219,3),(3,'meta_keywords',219,6),(3,'meta_descriptions',219,5),(3,'tags',219,7),(3,'date_create_object',219,302),(3,'photo',219,268),(3,'description',219,455),(3,'recommended_items',219,456),(3,'photos',219,457),(3,'strana_proizvodstva',219,574),(3,'brend',219,575),(3,'ves',219,612),(3,'dlina_deki',219,613),(3,'shirina',219,614),(3,'vysota_rulya',219,615),(3,'dlya_vesa',219,616),(3,'tax_rate_id',219,303),(3,'price',219,304),(3,'old_price',219,454),(3,'dopolnitelnaya_garantiya',219,540),(3,'best_offers',219,459),(3,'new',219,460),(3,'stores_state',219,305),(3,'reserved',219,306),(3,'common_quantity',219,307),(3,'rate_voters',219,15),(3,'rate_sum',219,16),(3,'expiration_date',219,17),(3,'notification_date',219,18),(3,'publish_comments',219,19),(3,'publish_status',219,20),(3,'locktime',219,21),(3,'lockuser',219,22),(3,'robots_deny',219,11),(3,'is_unindexed',219,14),(3,'trade_offer_image',219,668),(3,'trade_offer_list',219,669),(3,'title',55,2),(3,'h1',55,3),(3,'meta_keywords',55,6),(3,'meta_descriptions',55,5),(3,'tags',55,7),(3,'content',55,4),(3,'robots_deny',55,11),(3,'show_submenu',55,12),(3,'is_expanded',55,13),(3,'is_unindexed',55,14),(3,'info_page',55,453),(3,'rate_voters',55,15),(3,'rate_sum',55,16),(3,'expiration_date',55,17),(3,'notification_date',55,18),(3,'publish_comments',55,19),(3,'publish_status',55,20),(3,'locktime',55,21),(3,'lockuser',55,22),(3,'title',142,2),(3,'h1',142,3),(3,'meta_keywords',142,6),(3,'meta_descriptions',142,5),(3,'tags',142,7),(3,'content',142,4),(3,'robots_deny',142,11),(3,'show_submenu',142,12),(3,'is_expanded',142,13),(3,'is_unindexed',142,14),(3,'info_page',142,453),(3,'rate_voters',142,15),(3,'rate_sum',142,16),(3,'expiration_date',142,17),(3,'notification_date',142,18),(3,'publish_comments',142,19),(3,'publish_status',142,20),(3,'locktime',142,21),(3,'lockuser',142,22),(3,'field_under_slider',142,650),(3,'field_above_news',142,651),(3,'field_under_news',142,652),(3,'quality_image',142,655),(3,'quality',142,515),(3,'delivery_image',142,656),(3,'delivery',142,516),(3,'protection_image',142,657),(3,'protection',142,517),(3,'support_image',142,658),(3,'support',142,518),(3,'domain_id',120,497),(3,'lang_id',120,498),(3,'custom_id',120,521),(3,'domain_id',141,497),(3,'lang_id',141,498),(3,'custom_id',141,521),(3,'site_name',141,499),(3,'header_under_name',141,500),(3,'logo',141,501),(3,'phone',141,502),(3,'call_order_text',141,503),(3,'schedule_header',141,506),(3,'schedule',141,504),(3,'copyright',141,514),(3,'after_copyright_text',141,508),(3,'dispatches_text',141,511),(3,'footer_category_list_limit',141,692),(3,'footer_sub_category_list_limit',141,693),(3,'personal_data_text',141,519),(3,'contacts-address',141,617),(3,'contacts-phone',141,618),(3,'contacts-skype',141,619),(3,'contacts-email',141,620),(3,'contacts-header',141,621),(3,'contacts-map',141,622),(3,'news_root_rubric',141,639),(3,'catalog_root_category',141,640),(3,'not_found_page',141,641),(3,'is_check_stock',141,643),(3,'is_show_product_comments',141,644),(3,'is_show_product_rating',141,645),(3,'new_items_name',141,659),(3,'new_items_amount',141,661),(3,'best_offers_name',141,662),(3,'best_offers_amount',141,664),(3,'disable_new_items',141,660),(3,'disable_best_offers',141,663),(3,'user_css',141,666),(3,'is_registrated',58,227),(3,'user_id',58,228),(3,'login',51,175),(3,'password',51,176),(3,'e-mail',51,177),(3,'groups',51,178),(3,'nazvanie',36,65),(3,'activate_code',51,179),(3,'loginza',51,180),(3,'is_activated',51,181),(3,'last_request_time',51,182),(3,'subscribed_pages',51,183),(3,'rated_pages',51,184),(3,'is_online',51,185),(3,'messages_count',51,186),(3,'orders_refs',51,187),(3,'delivery_addresses',51,188),(3,'country',37,66),(3,'country_iso_code',10,30),(3,'index',37,67),(3,'region',37,68),(3,'city',37,69),(3,'street',37,70),(3,'house',37,71),(3,'flat',37,72),(3,'order_comments',37,450),(3,'user_dock',51,189),(3,'preffered_currency',51,190),(3,'codename',22,35),(3,'nominal',22,36),(3,'rate',22,37),(3,'prefix',22,38),(3,'suffix',22,39),(3,'user_settings_data',51,191),(3,'last_order',51,192),(3,'order_items',50,119),(3,'item_amount',41,79),(3,'item_price',41,80),(3,'item_total_original_price',41,81),(3,'item_total_price',41,82),(3,'item_type_id',41,83),(3,'class_name',38,73),(3,'item_link',41,84),(3,'item_discount_id',41,85),(3,'discount_type_id',39,74),(3,'codename',29,34),(3,'description',29,52),(3,'discount_modificator_id',39,75),(3,'discount_rules_id',39,76),(3,'is_active',39,77),(3,'description',39,78),(3,'item_discount_value',41,86),(3,'weight',41,87),(3,'width',41,88),(3,'height',41,89),(3,'length',41,90),(3,'tax_rate_id',41,91),(3,'item_actual_price',41,627),(3,'payment_mode',41,683),(3,'payment_subject',41,684),(3,'options',41,92),(3,'trade_offer',41,685),(3,'number',50,120),(3,'social_order_id',50,121),(3,'customer_id',50,123),(3,'domain_id',50,124),(3,'manager_id',50,125),(3,'status_id',50,126),(3,'codename',42,40),(3,'priority',42,93),(3,'total_original_price',50,127),(3,'total_price',50,128),(3,'total_amount',50,129),(3,'status_change_date',50,130),(3,'order_date',50,131),(3,'order_discount_value',50,132),(3,'is_reserved',50,133),(3,'service_info',50,647),(3,'http_referer',50,141),(3,'http_target',50,142),(3,'source_domain',50,143),(3,'utm_medium',50,144),(3,'utm_term',50,145),(3,'utm_campaign',50,146),(3,'utm_content',50,147),(3,'order_create_date',50,148),(3,'payment_id',50,149),(3,'payment_type_id',44,97),(3,'class_name',43,94),(3,'payment_type_id',43,95),(3,'payment_type_guid',43,96),(3,'disabled',44,628),(3,'domain_id_list',44,629),(3,'payment_status_id',50,150),(3,'codename',45,40),(3,'priority',45,93),(3,'payment_date',50,151),(3,'payment_document_num',50,152),(3,'legal_person',50,153),(3,'contact_person',46,98),(3,'phone_number',46,99),(3,'fax',46,100),(3,'email',46,49),(3,'name',46,101),(3,'legal_address',46,102),(3,'defacto_address',46,103),(3,'post_address',46,104),(3,'inn',46,105),(3,'account',46,106),(3,'bank',46,107),(3,'bank_account',46,108),(3,'bik',46,109),(3,'ogrn',46,110),(3,'kpp',46,111),(3,'payment_name',50,632),(3,'delivery_id',50,154),(3,'description',48,115),(3,'delivery_type_id',48,116),(3,'class_name',47,112),(3,'delivery_type_id',47,113),(3,'delivery_type_guid',47,114),(3,'price',48,117),(3,'tax_rate_id',48,118),(3,'disabled',48,630),(3,'domain_id_list',48,631),(3,'payment_mode',48,686),(3,'payment_subject',48,687),(3,'disabled_types_of_payment',48,695),(3,'delivery_status_id',50,155),(3,'codename',49,40),(3,'priority',49,93),(3,'delivery_address',50,156),(3,'delivery_date',50,157),(3,'pickup_date',50,158),(3,'delivery_provider',50,159),(3,'delivery_tariff',50,160),(3,'delivery_type',50,161),(3,'pickup_type',50,162),(3,'delivery_price',50,163),(3,'delivery_point_in',50,164),(3,'delivery_point_out',50,165),(3,'total_weight',50,166),(3,'total_width',50,167),(3,'total_height',50,168),(3,'total_length',50,169),(3,'delivery_allow_date',50,170),(3,'delivery_name',50,633),(3,'order_discount_id',50,171),(3,'bonus',50,172),(3,'need_export',50,173),(3,'purchaser_one_click',50,174),(3,'lname',26,46),(3,'fname',26,47),(3,'father_name',26,48),(3,'email',26,49),(3,'phone',26,50),(3,'bonus',51,193),(3,'legal_persons',51,194),(3,'spent_bonus',51,195),(3,'filemanager_directory',51,196),(3,'fm_prefix',122,451),(3,'appended_file_extensions',51,197),(3,'register_date',51,198),(3,'tickets_color',51,199),(3,'filemanager',51,452),(3,'favorite_domain_list',51,648),(3,'lname',51,200),(3,'fname',51,201),(3,'father_name',51,202),(3,'phone',51,203),(3,'referer',51,204),(3,'target',51,205),(3,'nickname',58,229),(3,'email',58,230),(3,'ip',58,231),(3,'count',65,241),(3,'poll_rel',65,242),(3,'title',66,2),(3,'h1',66,3),(3,'meta_keywords',66,6),(3,'meta_descriptions',66,5),(3,'tags',66,7),(3,'robots_deny',66,11),(3,'show_submenu',66,12),(3,'is_expanded',66,13),(3,'is_unindexed',66,14),(3,'is_closed',66,243),(3,'question',66,244),(3,'publish_time',66,211),(3,'answers',66,245),(3,'total_count',66,246),(3,'rate_voters',66,15),(3,'rate_sum',66,16),(3,'expiration_date',66,17),(3,'notification_date',66,18),(3,'publish_comments',66,19),(3,'publish_status',66,20),(3,'locktime',66,21),(3,'lockuser',66,22),(3,'destination_address',68,248),(3,'sender_ip',68,249),(3,'sending_time',68,250),(3,'wf_message',68,251),(3,'destination_address',139,248),(3,'sender_ip',139,249),(3,'sending_time',139,250),(3,'name',139,494),(3,'phone',139,495),(3,'comment',139,496),(3,'destination_address',221,248),(3,'sender_ip',221,249),(3,'sending_time',221,250),(3,'wf_message',221,251),(3,'name',221,623),(3,'phone',221,624),(3,'comment',221,625),(3,'lname',79,288),(3,'fname',79,289),(3,'father_name',79,290),(3,'gender',79,291),(3,'uid',79,292),(3,'subscriber_dispatches',79,293),(3,'disp_last_release',76,270),(3,'disp_description',76,271),(3,'forced_subscribers',76,272),(3,'news_relation',76,273),(3,'title',7,2),(3,'h1',7,3),(3,'meta_keywords',7,6),(3,'meta_descriptions',7,5),(3,'tags',7,7),(3,'readme',7,24),(3,'robots_deny',7,11),(3,'show_submenu',7,12),(3,'is_expanded',7,13),(3,'is_unindexed',7,14),(3,'rate_voters',7,15),(3,'rate_sum',7,16),(3,'expiration_date',7,17),(3,'notification_date',7,18),(3,'publish_comments',7,19),(3,'publish_status',7,20),(3,'locktime',7,21),(3,'lockuser',7,22),(3,'is_active',76,274),(3,'load_from_forum',76,275),(3,'days',76,276),(3,'number',17,32),(3,'hours',76,277),(3,'number',16,32),(3,'subscribe_date',79,294),(3,'sent_release_list',79,694),(3,'status',77,278),(3,'date',77,279),(3,'disp_reference',77,280),(3,'menu_id',52,206),(3,'menuhierarchy',52,207),(3,'description',93,115),(3,'delivery_type_id',93,116),(3,'price',93,117),(3,'tax_rate_id',93,118),(3,'disabled',93,630),(3,'domain_id_list',93,631),(3,'payment_mode',93,686),(3,'payment_subject',93,687),(3,'disabled_types_of_payment',93,695),(3,'modificator_type_id',31,57),(3,'modificator_codename',30,53),(3,'modificator_type_id',30,54),(3,'modificator_discount_types',30,55),(3,'modificator_type_guid',30,56),(3,'modificator_type_id',85,57),(3,'size',85,316),(3,'rule_type_id',33,62),(3,'rule_codename',32,58),(3,'rule_type_id',32,59),(3,'rule_discount_types',32,60),(3,'rule_type_guid',32,61),(3,'rule_type_id',88,62),(3,'minimum',88,320),(3,'maximum',88,321),(2,'order_comment',50,696),(2,'open_the_payment_result_waiting_page',222,697),(2,'domain_id',231,698),(2,'robots_txt',231,699),(2,'yandex_map_api_key',96,700),(2,'disable_auto_capture',222,701),(2,'domain_id',232,702),(2,'keep_log',232,703),(2,'domain_id',235,702),(2,'keep_log',235,703),(2,'amo_subdomain',235,704),(2,'amo_login',235,705),(2,'amo_hash',235,706),(2,'users_user_type_id',235,707),(2,'users_user_contact_enable',235,708),(2,'users_user_contact_name_pattern',235,709),(2,'users_user_contact_amo_manager_id',235,710),(2,'users_user_contact_tags',235,711),(2,'users_user_contact_amo_custom_fields',235,712),(2,'users_user_lead_enable',235,713),(2,'users_user_lead_name_pattern',235,714),(2,'users_user_lead_amo_manager_id',235,715),(2,'users_user_lead_tags',235,716),(2,'users_user_lead_amo_custom_fields',235,717),(2,'users_user_lead_status_id',235,718),(2,'users_author_type_id',235,719),(2,'users_author_contact_enable',235,720),(2,'users_author_contact_name_pattern',235,721),(2,'users_author_contact_amo_manager_id',235,722),(2,'users_author_contact_tags',235,723),(2,'users_author_contact_amo_custom_fields',235,724),(2,'users_author_lead_enable',235,725),(2,'users_author_lead_name_pattern',235,726),(2,'users_author_lead_amo_manager_id',235,727),(2,'users_author_lead_tags',235,728),(2,'users_author_lead_amo_custom_fields',235,729),(2,'users_author_lead_status_id',235,730),(2,'dispatches_subscriber_type_id',235,731),(2,'dispatches_subscriber_contact_enable',235,732),(2,'dispatches_subscriber_contact_name_pattern',235,733),(2,'dispatches_subscriber_contact_amo_manager_id',235,734),(2,'dispatches_subscriber_contact_tags',235,735),(2,'dispatches_subscriber_contact_amo_custom_fields',235,736),(2,'dispatches_subscriber_lead_enable',235,737),(2,'dispatches_subscriber_lead_name_pattern',235,738),(2,'dispatches_subscriber_lead_amo_manager_id',235,739),(2,'dispatches_subscriber_lead_tags',235,740),(2,'dispatches_subscriber_lead_amo_custom_fields',235,741),(2,'dispatches_subscriber_lead_status_id',235,742),(2,'emarket_order_type_id',235,743),(2,'emarket_order_contact_enable',235,744),(2,'emarket_order_contact_name_pattern',235,745),(2,'emarket_order_contact_amo_manager_id',235,746),(2,'emarket_order_contact_tags',235,747),(2,'emarket_order_contact_amo_custom_fields',235,748),(2,'emarket_order_lead_enable',235,749),(2,'emarket_order_lead_name_pattern',235,750),(2,'emarket_order_lead_amo_manager_id',235,751),(2,'emarket_order_lead_tags',235,752),(2,'emarket_order_lead_amo_custom_fields',235,753),(2,'emarket_order_lead_status_id',235,754),(2,'sid',35,64),(2,'auth_token',51,767),(2,'social_uid',51,768),(2,'include_fees',96,769),(2,'keep_log',100,636),(2,'keep_log',103,636),(2,'keep_log',104,636),(2,'keep_log',108,636),(2,'format',115,421),(2,'elements',115,422),(2,'excluded_elements',115,423),(2,'cache_time',115,424),(2,'source_name',115,425),(2,'encoding_export',115,426),(2,'dengionline_id',28,770),(2,'dengionline_id',226,771),(2,'dengionline_id',227,771),(2,'receipt_data_send_enable',104,384),(2,'domain_id_list',52,772),(2,'language_id_list',52,773),(2,'price_type_id',41,774),(2,'promocode',237,775),(2,'rule_type_id',237,62),(124,'title',3,2),(124,'h1',3,3),(124,'content',3,4),(124,'meta_descriptions',3,5),(124,'meta_keywords',3,6),(124,'tags',3,7),(124,'robots_deny',3,11),(124,'show_submenu',3,12),(124,'is_expanded',3,13),(124,'is_unindexed',3,14),(124,'rate_voters',3,15),(124,'rate_sum',3,16),(124,'expiration_date',3,17),(124,'notification_date',3,18),(124,'publish_comments',3,19),(124,'publish_status',3,20),(124,'publish_status_id',2,1),(124,'locktime',3,21),(124,'lockuser',3,22),(124,'title',82,2),(124,'h1',82,3),(124,'meta_keywords',82,6),(124,'meta_descriptions',82,5),(124,'tags',82,7),(124,'date_create_object',82,302),(124,'photo',82,268),(124,'description',82,455),(124,'recommended_items',82,456),(124,'photos',82,457),(124,'strana_proizvodstva',82,574),(124,'brend',82,575),(124,'tax_rate_id',82,303),(124,'yandex_id',28,51),(124,'robokassa_id',28,520),(124,'payonline_id',28,634),(124,'payanyway_id',28,635),(124,'sberbank_id',28,646),(124,'tax',28,667),(124,'dengionline_id',28,770),(124,'price',82,304),(124,'old_price',82,454),(124,'payment_mode',82,688),(124,'yandex_id',227,682),(124,'robokassa_id',227,520),(124,'payanyway_id',227,680),(124,'payonline_id',227,681),(124,'sberbank_id',227,646),(124,'dengionline_id',227,771),(124,'payment_subject',82,689),(124,'yandex_id',226,679),(124,'robokassa_id',226,520),(124,'payanyway_id',226,680),(124,'payonline_id',226,681),(124,'sberbank_id',226,646),(124,'dengionline_id',226,771),(124,'dopolnitelnaya_garantiya',82,540),(124,'best_offers',82,459),(124,'new',82,460),(124,'stores_state',82,305),(124,'primary',81,301),(124,'reserved',82,306),(124,'common_quantity',82,307),(124,'rate_voters',82,15),(124,'rate_sum',82,16),(124,'expiration_date',82,17),(124,'notification_date',82,18),(124,'publish_comments',82,19),(124,'publish_status',82,20),(124,'locktime',82,21),(124,'lockuser',82,22),(124,'robots_deny',82,11),(124,'is_unindexed',82,14),(124,'trade_offer_image',82,670),(124,'trade_offer_list',82,671),(124,'title',170,2),(124,'h1',170,3),(124,'meta_keywords',170,6),(124,'meta_descriptions',170,5),(124,'tags',170,7),(124,'date_create_object',170,302),(124,'photo',170,268),(124,'description',170,455),(124,'recommended_items',170,456),(124,'photos',170,457),(124,'tip_mehanizma',170,541),(124,'novoe_pole',170,542),(124,'tip_mehanizm',170,547),(124,'material_korpusa',170,543),(124,'steklo',170,544),(124,'cvet_korpusa',170,545),(124,'nalichie_budilnika',170,546),(124,'strana_proizvodstva',170,574),(124,'brend',170,575),(124,'tax_rate_id',170,303),(124,'price',170,304),(124,'old_price',170,454),(124,'payment_mode',170,688),(124,'payment_subject',170,689),(124,'dopolnitelnaya_garantiya',170,540),(124,'best_offers',170,459),(124,'new',170,460),(124,'stores_state',170,305),(124,'reserved',170,306),(124,'common_quantity',170,307),(124,'rate_voters',170,15),(124,'rate_sum',170,16),(124,'expiration_date',170,17),(124,'notification_date',170,18),(124,'publish_comments',170,19),(124,'publish_status',170,20),(124,'locktime',170,21),(124,'lockuser',170,22),(124,'robots_deny',170,11),(124,'is_unindexed',170,14),(124,'trade_offer_image',170,668),(124,'trade_offer_list',170,669),(124,'title',177,2),(124,'h1',177,3),(124,'meta_keywords',177,6),(124,'meta_descriptions',177,5),(124,'tags',177,7),(124,'date_create_object',177,302),(124,'photo',177,268),(124,'description',177,455),(124,'recommended_items',177,456),(124,'photos',177,457),(124,'ves_velosipeda',177,561),(124,'razmer_ramy_dyujmy',177,566),(124,'vid',177,548),(124,'naznachenie',177,549),(124,'tip',177,550),(124,'cvet',177,462),(124,'shirina_sm',177,562),(124,'vysota_sm',177,563),(124,'dlinna_sm',177,564),(124,'sostoyanie_postavki',177,567),(124,'sistema_tormozheniya',177,568),(124,'strana_proizvodstva',177,574),(124,'brend',177,575),(124,'tax_rate_id',177,303),(124,'price',177,304),(124,'old_price',177,454),(124,'payment_mode',177,688),(124,'payment_subject',177,689),(124,'best_offers',177,459),(124,'new',177,460),(124,'stores_state',177,305),(124,'reserved',177,306),(124,'common_quantity',177,307),(124,'rate_voters',177,15),(124,'rate_sum',177,16),(124,'expiration_date',177,17),(124,'notification_date',177,18),(124,'publish_comments',177,19),(124,'publish_status',177,20),(124,'locktime',177,21),(124,'lockuser',177,22),(124,'robots_deny',177,11),(124,'is_unindexed',177,14),(124,'trade_offer_image',177,668),(124,'trade_offer_attachment_equipment',177,678),(124,'trade_offer_list',177,669),(124,'trade_offer_wheel_diameter',177,565),(124,'title',178,2),(124,'h1',178,3),(124,'meta_keywords',178,6),(124,'meta_descriptions',178,5),(124,'tags',178,7),(124,'date_create_object',178,302),(124,'photo',178,268),(124,'description',178,455),(124,'recommended_items',178,456),(124,'photos',178,457),(124,'vid_upakovki',178,551),(124,'vozrast',178,552),(124,'razmer_pitomca',178,553),(124,'ingridienty',178,554),(124,'ves_upakovki',178,555),(124,'strana_proizvodstva',178,574),(124,'brend',178,575),(124,'tax_rate_id',178,303),(124,'price',178,304),(124,'old_price',178,454),(124,'payment_mode',178,688),(124,'payment_subject',178,689),(124,'dopolnitelnaya_garantiya',178,540),(124,'best_offers',178,459),(124,'new',178,460),(124,'stores_state',178,305),(124,'reserved',178,306),(124,'common_quantity',178,307),(124,'rate_voters',178,15),(124,'rate_sum',178,16),(124,'expiration_date',178,17),(124,'notification_date',178,18),(124,'publish_comments',178,19),(124,'publish_status',178,20),(124,'locktime',178,21),(124,'lockuser',178,22),(124,'robots_deny',178,11),(124,'is_unindexed',178,14),(124,'trade_offer_image',178,668),(124,'trade_offer_packing',178,677),(124,'trade_offer_list',178,669),(124,'title',180,2),(124,'h1',180,3),(124,'meta_keywords',180,6),(124,'meta_descriptions',180,5),(124,'tags',180,7),(124,'date_create_object',180,302),(124,'photo',180,268),(124,'description',180,455),(124,'recommended_items',180,456),(124,'photos',180,457),(124,'ves',180,556),(124,'razmer_granul_napolnitelya',180,557),(124,'sostav_napolnitelya',180,558),(124,'obem_upakovki',180,559),(124,'aromatizatory_napolnitelya',180,560),(124,'strana_proizvodstva',180,574),(124,'brend',180,575),(124,'tax_rate_id',180,303),(124,'price',180,304),(124,'old_price',180,454),(124,'payment_mode',180,688),(124,'payment_subject',180,689),(124,'dopolnitelnaya_garantiya',180,540),(124,'best_offers',180,459),(124,'new',180,460),(124,'stores_state',180,305),(124,'reserved',180,306),(124,'common_quantity',180,307),(124,'rate_voters',180,15),(124,'rate_sum',180,16),(124,'expiration_date',180,17),(124,'notification_date',180,18),(124,'publish_comments',180,19),(124,'publish_status',180,20),(124,'locktime',180,21),(124,'lockuser',180,22),(124,'robots_deny',180,11),(124,'is_unindexed',180,14),(124,'trade_offer_image',180,668),(124,'trade_offer_packing',180,677),(124,'trade_offer_list',180,669),(124,'title',184,2),(124,'h1',184,3),(124,'meta_keywords',184,6),(124,'meta_descriptions',184,5),(124,'tags',184,7),(124,'date_create_object',184,302),(124,'photo',184,268),(124,'description',184,455),(124,'recommended_items',184,456),(124,'photos',184,457),(124,'ves',184,556),(124,'shirina',184,569),(124,'vysota',184,570),(124,'dlinna',184,571),(124,'vmestimost',184,572),(124,'forma',184,573),(124,'strana_proizvodstva',184,574),(124,'brend',184,575),(124,'tax_rate_id',184,303),(124,'price',184,304),(124,'old_price',184,454),(124,'payment_mode',184,688),(124,'payment_subject',184,689),(124,'dopolnitelnaya_garantiya',184,540),(124,'best_offers',184,459),(124,'new',184,460),(124,'stores_state',184,305),(124,'reserved',184,306),(124,'common_quantity',184,307),(124,'rate_voters',184,15),(124,'rate_sum',184,16),(124,'expiration_date',184,17),(124,'notification_date',184,18),(124,'publish_comments',184,19),(124,'publish_status',184,20),(124,'locktime',184,21),(124,'lockuser',184,22),(124,'robots_deny',184,11),(124,'is_unindexed',184,14),(124,'trade_offer_image',184,668),(124,'trade_offer_list',184,669),(124,'title',185,2),(124,'h1',185,3),(124,'meta_keywords',185,6),(124,'meta_descriptions',185,5),(124,'tags',185,7),(124,'date_create_object',185,302),(124,'photo',185,268),(124,'description',185,455),(124,'recommended_items',185,456),(124,'photos',185,457),(124,'strana_proizvodstva',185,574),(124,'brend',185,575),(124,'sostav',185,576),(124,'razmer',185,577),(124,'sezon',185,578),(124,'cvet',185,579),(124,'zastezhka',185,580),(124,'tax_rate_id',185,303),(124,'price',185,304),(124,'old_price',185,454),(124,'payment_mode',185,688),(124,'payment_subject',185,689),(124,'dopolnitelnaya_garantiya',185,540),(124,'best_offers',185,459),(124,'new',185,460),(124,'stores_state',185,305),(124,'reserved',185,306),(124,'common_quantity',185,307),(124,'rate_voters',185,15),(124,'rate_sum',185,16),(124,'expiration_date',185,17),(124,'notification_date',185,18),(124,'publish_comments',185,19),(124,'publish_status',185,20),(124,'locktime',185,21),(124,'lockuser',185,22),(124,'robots_deny',185,11),(124,'is_unindexed',185,14),(124,'trade_offer_image',185,668),(124,'trade_offer_size',185,673),(124,'trade_offer_color',185,674),(124,'trade_offer_list',185,669),(124,'title',191,2),(124,'h1',191,3),(124,'meta_keywords',191,6),(124,'meta_descriptions',191,5),(124,'tags',191,7),(124,'date_create_object',191,302),(124,'photo',191,268),(124,'description',191,455),(124,'recommended_items',191,456),(124,'photos',191,457),(124,'strana_proizvodstva',191,574),(124,'brend',191,575),(124,'gruppa_ottenkov',191,581),(124,'linejkaseriya',191,582),(124,'tax_rate_id',191,303),(124,'price',191,304),(124,'old_price',191,454),(124,'payment_mode',191,688),(124,'payment_subject',191,689),(124,'best_offers',191,459),(124,'new',191,460),(124,'stores_state',191,305),(124,'reserved',191,306),(124,'common_quantity',191,307),(124,'rate_voters',191,15),(124,'rate_sum',191,16),(124,'expiration_date',191,17),(124,'notification_date',191,18),(124,'publish_comments',191,19),(124,'publish_status',191,20),(124,'locktime',191,21),(124,'lockuser',191,22),(124,'robots_deny',191,11),(124,'is_unindexed',191,14),(124,'trade_offer_image',191,668),(124,'trade_offer_list',191,669),(124,'title',200,2),(124,'h1',200,3),(124,'meta_keywords',200,6),(124,'meta_descriptions',200,5),(124,'tags',200,7),(124,'date_create_object',200,302),(124,'photo',200,268),(124,'description',200,455),(124,'recommended_items',200,456),(124,'photos',200,457),(124,'strana_proizvodstva',200,574),(124,'brend',200,575),(124,'razmery',200,585),(124,'cvet',200,462),(124,'material',200,586),(124,'tax_rate_id',200,303),(124,'price',200,304),(124,'old_price',200,454),(124,'payment_mode',200,688),(124,'payment_subject',200,689),(124,'dopolnitelnaya_garantiya',200,540),(124,'best_offers',200,459),(124,'new',200,460),(124,'stores_state',200,305),(124,'reserved',200,306),(124,'common_quantity',200,307),(124,'rate_voters',200,15),(124,'rate_sum',200,16),(124,'expiration_date',200,17),(124,'notification_date',200,18),(124,'publish_comments',200,19),(124,'publish_status',200,20),(124,'locktime',200,21),(124,'lockuser',200,22),(124,'robots_deny',200,11),(124,'is_unindexed',200,14),(124,'trade_offer_image',200,668),(124,'trade_offer_list',200,669),(124,'title',202,2),(124,'h1',202,3),(124,'meta_keywords',202,6),(124,'meta_descriptions',202,5),(124,'tags',202,7),(124,'date_create_object',202,302),(124,'photo',202,268),(124,'description',202,455),(124,'recommended_items',202,456),(124,'photos',202,457),(124,'cvet',202,588),(124,'strana_proizvodstva',202,574),(124,'proizvoditel',202,587),(124,'obem_duhovki',202,589),(124,'tip',202,590),(124,'razmer',202,583),(124,'tax_rate_id',202,303),(124,'price',202,304),(124,'old_price',202,454),(124,'payment_mode',202,688),(124,'payment_subject',202,689),(124,'dopolnitelnaya_garantiya',202,540),(124,'best_offers',202,459),(124,'new',202,460),(124,'stores_state',202,305),(124,'reserved',202,306),(124,'common_quantity',202,307),(124,'rate_voters',202,15),(124,'rate_sum',202,16),(124,'expiration_date',202,17),(124,'notification_date',202,18),(124,'publish_comments',202,19),(124,'publish_status',202,20),(124,'locktime',202,21),(124,'lockuser',202,22),(124,'robots_deny',202,11),(124,'is_unindexed',202,14),(124,'trade_offer_image',202,668),(124,'trade_offer_color',202,674),(124,'trade_offer_additional_guarantee',202,675),(124,'trade_offer_list',202,669),(124,'trade_offer_ustanovka',202,690),(124,'trade_offer_predprodazhnaya_podgotovka',202,691),(124,'title',204,2),(124,'h1',204,3),(124,'meta_keywords',204,6),(124,'meta_descriptions',204,5),(124,'tags',204,7),(124,'date_create_object',204,302),(124,'photo',204,268),(124,'description',204,455),(124,'recommended_items',204,456),(124,'photos',204,457),(124,'brend',204,596),(124,'klass_stirki',204,591),(124,'maksimalnaya_zagruzka',204,592),(124,'kolichestvo_programm_stirki',204,593),(124,'razmer',204,583),(124,'cvet',204,594),(124,'ves',204,595),(124,'strana_proizvodstva',204,574),(124,'tax_rate_id',204,303),(124,'price',204,304),(124,'old_price',204,454),(124,'payment_mode',204,688),(124,'payment_subject',204,689),(124,'dopolnitelnaya_garantiya',204,540),(124,'best_offers',204,459),(124,'new',204,460),(124,'stores_state',204,305),(124,'reserved',204,306),(124,'common_quantity',204,307),(124,'rate_voters',204,15),(124,'rate_sum',204,16),(124,'expiration_date',204,17),(124,'notification_date',204,18),(124,'publish_comments',204,19),(124,'publish_status',204,20),(124,'locktime',204,21),(124,'lockuser',204,22),(124,'robots_deny',204,11),(124,'is_unindexed',204,14),(124,'trade_offer_image',204,668),(124,'trade_offer_color',204,674),(124,'trade_offer_additional_guarantee',204,675),(124,'trade_offer_control_type',204,676),(124,'trade_offer_list',204,669),(124,'title',206,2),(124,'h1',206,3),(124,'meta_keywords',206,6),(124,'meta_descriptions',206,5),(124,'tags',206,7),(124,'date_create_object',206,302),(124,'photo',206,268),(124,'description',206,455),(124,'recommended_items',206,456),(124,'photos',206,457),(124,'strana_proizvodstva',206,574),(124,'brend',206,575),(124,'uroven_shuma',206,597),(124,'radius_dejstviya',206,598),(124,'tip_pylesbornika',206,599),(124,'gabarity',206,600),(124,'tax_rate_id',206,303),(124,'price',206,304),(124,'old_price',206,454),(124,'payment_mode',206,688),(124,'payment_subject',206,689),(124,'dopolnitelnaya_garantiya',206,540),(124,'best_offers',206,459),(124,'new',206,460),(124,'stores_state',206,305),(124,'reserved',206,306),(124,'common_quantity',206,307),(124,'rate_voters',206,15),(124,'rate_sum',206,16),(124,'expiration_date',206,17),(124,'notification_date',206,18),(124,'publish_comments',206,19),(124,'publish_status',206,20),(124,'locktime',206,21),(124,'lockuser',206,22),(124,'robots_deny',206,11),(124,'is_unindexed',206,14),(124,'trade_offer_image',206,668),(124,'trade_offer_color',206,674),(124,'trade_offer_additional_guarantee',206,675),(124,'trade_offer_control_type',206,676),(124,'trade_offer_list',206,669),(124,'title',208,2),(124,'h1',208,3),(124,'meta_keywords',208,6),(124,'meta_descriptions',208,5),(124,'tags',208,7),(124,'date_create_object',208,302),(124,'photo',208,268),(124,'description',208,455),(124,'recommended_items',208,456),(124,'photos',208,457),(124,'strana_proizvodstva',208,574),(124,'brend',208,575),(124,'novoe_pole',208,601),(124,'sistema_razmorazhivaniya',208,602),(124,'raspolozhenie_morozilnoj_kamery',208,603),(124,'gabarity',208,600),(124,'obem',208,604),(124,'tax_rate_id',208,303),(124,'price',208,304),(124,'old_price',208,454),(124,'payment_mode',208,688),(124,'payment_subject',208,689),(124,'dopolnitelnaya_garantiya',208,540),(124,'best_offers',208,459),(124,'new',208,460),(124,'stores_state',208,305),(124,'reserved',208,306),(124,'common_quantity',208,307),(124,'rate_voters',208,15),(124,'rate_sum',208,16),(124,'expiration_date',208,17),(124,'notification_date',208,18),(124,'publish_comments',208,19),(124,'publish_status',208,20),(124,'locktime',208,21),(124,'lockuser',208,22),(124,'robots_deny',208,11),(124,'is_unindexed',208,14),(124,'trade_offer_image',208,668),(124,'trade_offer_color',208,674),(124,'trade_offer_additional_guarantee',208,675),(124,'trade_offer_control_type',208,676),(124,'trade_offer_list',208,669),(124,'title',209,2),(124,'h1',209,3),(124,'meta_keywords',209,6),(124,'meta_descriptions',209,5),(124,'tags',209,7),(124,'date_create_object',209,302),(124,'photo',209,268),(124,'description',209,455),(124,'recommended_items',209,456),(124,'photos',209,457),(124,'strana_proizvodstva',209,574),(124,'brend',209,575),(124,'sezon',209,605),(124,'cvet',209,594),(124,'material',209,606),(124,'vozrast',209,607),(124,'tax_rate_id',209,303),(124,'price',209,304),(124,'old_price',209,454),(124,'payment_mode',209,688),(124,'payment_subject',209,689),(124,'dopolnitelnaya_garantiya',209,540),(124,'best_offers',209,459),(124,'new',209,460),(124,'stores_state',209,305),(124,'reserved',209,306),(124,'common_quantity',209,307),(124,'rate_voters',209,15),(124,'rate_sum',209,16),(124,'expiration_date',209,17),(124,'notification_date',209,18),(124,'publish_comments',209,19),(124,'publish_status',209,20),(124,'locktime',209,21),(124,'lockuser',209,22),(124,'robots_deny',209,11),(124,'is_unindexed',209,14),(124,'trade_offer_image',209,668),(124,'trade_offer_list',209,669),(124,'title',211,2),(124,'h1',211,3),(124,'meta_keywords',211,6),(124,'meta_descriptions',211,5),(124,'tags',211,7),(124,'date_create_object',211,302),(124,'photo',211,268),(124,'description',211,455),(124,'recommended_items',211,456),(124,'photos',211,457),(124,'strana_proizvodstva',211,574),(124,'brend',211,575),(124,'naznachenie',211,608),(124,'obem',211,609),(124,'tax_rate_id',211,303),(124,'price',211,304),(124,'old_price',211,454),(124,'payment_mode',211,688),(124,'payment_subject',211,689),(124,'dopolnitelnaya_garantiya',211,540),(124,'best_offers',211,459),(124,'new',211,460),(124,'stores_state',211,305),(124,'reserved',211,306),(124,'common_quantity',211,307),(124,'rate_voters',211,15),(124,'rate_sum',211,16),(124,'expiration_date',211,17),(124,'notification_date',211,18),(124,'publish_comments',211,19),(124,'publish_status',211,20),(124,'locktime',211,21),(124,'lockuser',211,22),(124,'robots_deny',211,11),(124,'is_unindexed',211,14),(124,'trade_offer_image',211,668),(124,'trade_offer_list',211,669),(124,'title',215,2),(124,'h1',215,3),(124,'meta_keywords',215,6),(124,'meta_descriptions',215,5),(124,'tags',215,7),(124,'date_create_object',215,302),(124,'photo',215,268),(124,'description',215,455),(124,'recommended_items',215,456),(124,'photos',215,457),(124,'strana_proizvodstva',215,574),(124,'brend',215,575),(124,'aromat_parfyuma',215,610),(124,'obem',215,611),(124,'tax_rate_id',215,303),(124,'price',215,304),(124,'old_price',215,454),(124,'payment_mode',215,688),(124,'payment_subject',215,689),(124,'dopolnitelnaya_garantiya',215,540),(124,'best_offers',215,459),(124,'new',215,460),(124,'stores_state',215,305),(124,'reserved',215,306),(124,'common_quantity',215,307),(124,'rate_voters',215,15),(124,'rate_sum',215,16),(124,'expiration_date',215,17),(124,'notification_date',215,18),(124,'publish_comments',215,19),(124,'publish_status',215,20),(124,'locktime',215,21),(124,'lockuser',215,22),(124,'robots_deny',215,11),(124,'is_unindexed',215,14),(124,'trade_offer_image',215,668),(124,'trade_offer_list',215,669),(124,'title',219,2),(124,'h1',219,3),(124,'meta_keywords',219,6),(124,'meta_descriptions',219,5),(124,'tags',219,7),(124,'date_create_object',219,302),(124,'photo',219,268),(124,'description',219,455),(124,'recommended_items',219,456),(124,'photos',219,457),(124,'strana_proizvodstva',219,574),(124,'brend',219,575),(124,'ves',219,612),(124,'dlina_deki',219,613),(124,'shirina',219,614),(124,'vysota_rulya',219,615),(124,'dlya_vesa',219,616),(124,'tax_rate_id',219,303),(124,'price',219,304),(124,'old_price',219,454),(124,'payment_mode',219,688),(124,'payment_subject',219,689),(124,'dopolnitelnaya_garantiya',219,540),(124,'best_offers',219,459),(124,'new',219,460),(124,'stores_state',219,305),(124,'reserved',219,306),(124,'common_quantity',219,307),(124,'rate_voters',219,15),(124,'rate_sum',219,16),(124,'expiration_date',219,17),(124,'notification_date',219,18),(124,'publish_comments',219,19),(124,'publish_status',219,20),(124,'locktime',219,21),(124,'lockuser',219,22),(124,'robots_deny',219,11),(124,'is_unindexed',219,14),(124,'trade_offer_image',219,668),(124,'trade_offer_list',219,669),(124,'title',55,2),(124,'h1',55,3),(124,'meta_keywords',55,6),(124,'meta_descriptions',55,5),(124,'tags',55,7),(124,'content',55,4),(124,'robots_deny',55,11),(124,'show_submenu',55,12),(124,'is_expanded',55,13),(124,'is_unindexed',55,14),(124,'info_page',55,453),(124,'rate_voters',55,15),(124,'rate_sum',55,16),(124,'expiration_date',55,17),(124,'notification_date',55,18),(124,'publish_comments',55,19),(124,'publish_status',55,20),(124,'locktime',55,21),(124,'lockuser',55,22),(124,'title',142,2),(124,'h1',142,3),(124,'meta_keywords',142,6),(124,'meta_descriptions',142,5),(124,'tags',142,7),(124,'content',142,4),(124,'robots_deny',142,11),(124,'show_submenu',142,12),(124,'is_expanded',142,13),(124,'is_unindexed',142,14),(124,'info_page',142,453),(124,'rate_voters',142,15),(124,'rate_sum',142,16),(124,'expiration_date',142,17),(124,'notification_date',142,18),(124,'publish_comments',142,19),(124,'publish_status',142,20),(124,'locktime',142,21),(124,'lockuser',142,22),(124,'field_under_slider',142,650),(124,'field_above_news',142,651),(124,'field_under_news',142,652),(124,'quality_image',142,655),(124,'quality',142,515),(124,'delivery_image',142,656),(124,'delivery',142,516),(124,'protection_image',142,657),(124,'protection',142,517),(124,'support_image',142,658),(124,'support',142,518),(124,'domain_id',120,497),(124,'lang_id',120,498),(124,'custom_id',120,521),(124,'domain_id',141,497),(124,'lang_id',141,498),(124,'custom_id',141,521),(124,'site_name',141,499),(124,'header_under_name',141,500),(124,'logo',141,501),(124,'phone',141,502),(124,'call_order_text',141,503),(124,'schedule_header',141,506),(124,'schedule',141,504),(124,'copyright',141,514),(124,'after_copyright_text',141,508),(124,'dispatches_text',141,511),(124,'footer_category_list_limit',141,692),(124,'footer_sub_category_list_limit',141,693),(124,'personal_data_text',141,519),(124,'contacts-address',141,617),(124,'contacts-phone',141,618),(124,'contacts-skype',141,619),(124,'contacts-email',141,620),(124,'contacts-header',141,621),(124,'contacts-map',141,622),(124,'news_root_rubric',141,639),(124,'catalog_root_category',141,640),(124,'not_found_page',141,641),(124,'is_check_stock',141,643),(124,'is_show_product_comments',141,644),(124,'is_show_product_rating',141,645),(124,'new_items_name',141,659),(124,'new_items_amount',141,661),(124,'best_offers_name',141,662),(124,'best_offers_amount',141,664),(124,'disable_new_items',141,660),(124,'disable_best_offers',141,663),(124,'user_css',141,666),(124,'is_registrated',58,227),(124,'user_id',58,228),(124,'login',51,175),(124,'password',51,176),(124,'e-mail',51,177),(124,'groups',51,178),(124,'nazvanie',36,65),(124,'activate_code',51,179),(124,'loginza',51,180),(124,'is_activated',51,181),(124,'last_request_time',51,182),(124,'subscribed_pages',51,183),(124,'rated_pages',51,184),(124,'is_online',51,185),(124,'messages_count',51,186),(124,'auth_token',51,767),(124,'social_uid',51,768),(124,'orders_refs',51,187),(124,'delivery_addresses',51,188),(124,'country',37,66),(124,'country_iso_code',10,30),(124,'index',37,67),(124,'region',37,68),(124,'city',37,69),(124,'street',37,70),(124,'house',37,71),(124,'flat',37,72),(124,'order_comments',37,450),(124,'user_dock',51,189),(124,'preffered_currency',51,190),(124,'codename',22,35),(124,'nominal',22,36),(124,'rate',22,37),(124,'prefix',22,38),(124,'suffix',22,39),(124,'user_settings_data',51,191),(124,'last_order',51,192),(124,'order_items',50,119),(124,'item_amount',41,79),(124,'item_price',41,80),(124,'item_total_original_price',41,81),(124,'item_total_price',41,82),(124,'item_type_id',41,83),(124,'class_name',38,73),(124,'item_link',41,84),(124,'item_discount_id',41,85),(124,'discount_type_id',39,74),(124,'codename',29,34),(124,'description',29,52),(124,'discount_modificator_id',39,75),(124,'discount_rules_id',39,76),(124,'is_active',39,77),(124,'description',39,78),(124,'item_discount_value',41,86),(124,'weight',41,87),(124,'width',41,88),(124,'height',41,89),(124,'length',41,90),(124,'tax_rate_id',41,91),(124,'item_actual_price',41,627),(124,'payment_mode',41,683),(124,'payment_subject',41,684),(124,'price_type_id',41,774),(124,'options',41,92),(124,'trade_offer',41,685),(124,'number',50,120),(124,'social_order_id',50,121),(124,'customer_id',50,123),(124,'domain_id',50,124),(124,'manager_id',50,125),(124,'status_id',50,126),(124,'codename',42,40),(124,'priority',42,93),(124,'total_original_price',50,127),(124,'total_price',50,128),(124,'total_amount',50,129),(124,'status_change_date',50,130),(124,'order_date',50,131),(124,'order_discount_value',50,132),(124,'is_reserved',50,133),(124,'service_info',50,647),(124,'order_comment',50,696),(124,'http_referer',50,141),(124,'http_target',50,142),(124,'source_domain',50,143),(124,'utm_medium',50,144),(124,'utm_term',50,145),(124,'utm_campaign',50,146),(124,'utm_content',50,147),(124,'order_create_date',50,148),(124,'payment_id',50,149),(124,'payment_type_id',44,97),(124,'class_name',43,94),(124,'payment_type_id',43,95),(124,'payment_type_guid',43,96),(124,'disabled',44,628),(124,'domain_id_list',44,629),(124,'payment_status_id',50,150),(124,'codename',45,40),(124,'priority',45,93),(124,'payment_date',50,151),(124,'payment_document_num',50,152),(124,'legal_person',50,153),(124,'contact_person',46,98),(124,'phone_number',46,99),(124,'fax',46,100),(124,'email',46,49),(124,'name',46,101),(124,'legal_address',46,102),(124,'defacto_address',46,103),(124,'post_address',46,104),(124,'inn',46,105),(124,'account',46,106),(124,'bank',46,107),(124,'bank_account',46,108),(124,'bik',46,109),(124,'ogrn',46,110),(124,'kpp',46,111),(124,'payment_name',50,632),(124,'delivery_id',50,154),(124,'description',48,115),(124,'delivery_type_id',48,116),(124,'class_name',47,112),(124,'delivery_type_id',47,113),(124,'delivery_type_guid',47,114),(124,'price',48,117),(124,'tax_rate_id',48,118),(124,'disabled',48,630),(124,'domain_id_list',48,631),(124,'payment_mode',48,686),(124,'payment_subject',48,687),(124,'disabled_types_of_payment',48,695),(124,'delivery_status_id',50,155),(124,'codename',49,40),(124,'priority',49,93),(124,'delivery_address',50,156),(124,'delivery_date',50,157),(124,'pickup_date',50,158),(124,'delivery_provider',50,159),(124,'delivery_tariff',50,160),(124,'delivery_type',50,161),(124,'pickup_type',50,162),(124,'delivery_price',50,163),(124,'delivery_point_in',50,164),(124,'delivery_point_out',50,165),(124,'total_weight',50,166),(124,'total_width',50,167),(124,'total_height',50,168),(124,'total_length',50,169),(124,'delivery_allow_date',50,170),(124,'delivery_name',50,633),(124,'order_discount_id',50,171),(124,'bonus',50,172),(124,'need_export',50,173),(124,'purchaser_one_click',50,174),(124,'lname',26,46),(124,'fname',26,47),(124,'father_name',26,48),(124,'email',26,49),(124,'phone',26,50),(124,'bonus',51,193),(124,'legal_persons',51,194),(124,'spent_bonus',51,195),(124,'filemanager_directory',51,196),(124,'fm_prefix',122,451),(124,'appended_file_extensions',51,197),(124,'register_date',51,198),(124,'tickets_color',51,199),(124,'filemanager',51,452),(124,'favorite_domain_list',51,648),(124,'lname',51,200),(124,'fname',51,201),(124,'father_name',51,202),(124,'phone',51,203),(124,'referer',51,204),(124,'target',51,205),(124,'nickname',58,229),(124,'email',58,230),(124,'ip',58,231),(124,'count',65,241),(124,'poll_rel',65,242),(124,'title',66,2),(124,'h1',66,3),(124,'meta_keywords',66,6),(124,'meta_descriptions',66,5),(124,'tags',66,7),(124,'robots_deny',66,11),(124,'show_submenu',66,12),(124,'is_expanded',66,13),(124,'is_unindexed',66,14),(124,'is_closed',66,243),(124,'question',66,244),(124,'publish_time',66,211),(124,'answers',66,245),(124,'total_count',66,246),(124,'rate_voters',66,15),(124,'rate_sum',66,16),(124,'expiration_date',66,17),(124,'notification_date',66,18),(124,'publish_comments',66,19),(124,'publish_status',66,20),(124,'locktime',66,21),(124,'lockuser',66,22),(124,'destination_address',68,248),(124,'sender_ip',68,249),(124,'sending_time',68,250),(124,'wf_message',68,251),(124,'destination_address',139,248),(124,'sender_ip',139,249),(124,'sending_time',139,250),(124,'name',139,494),(124,'phone',139,495),(124,'comment',139,496),(124,'destination_address',221,248),(124,'sender_ip',221,249),(124,'sending_time',221,250),(124,'wf_message',221,251),(124,'name',221,623),(124,'phone',221,624),(124,'comment',221,625),(124,'lname',79,288),(124,'fname',79,289),(124,'father_name',79,290),(124,'gender',79,291),(124,'uid',79,292),(124,'subscriber_dispatches',79,293),(124,'disp_last_release',76,270),(124,'disp_description',76,271),(124,'forced_subscribers',76,272),(124,'news_relation',76,273),(124,'title',7,2),(124,'h1',7,3),(124,'meta_keywords',7,6),(124,'meta_descriptions',7,5),(124,'tags',7,7),(124,'readme',7,24),(124,'robots_deny',7,11),(124,'show_submenu',7,12),(124,'is_expanded',7,13),(124,'is_unindexed',7,14),(124,'rate_voters',7,15),(124,'rate_sum',7,16),(124,'expiration_date',7,17),(124,'notification_date',7,18),(124,'publish_comments',7,19),(124,'publish_status',7,20),(124,'locktime',7,21),(124,'lockuser',7,22),(124,'is_active',76,274),(124,'load_from_forum',76,275),(124,'days',76,276),(124,'number',17,32),(124,'hours',76,277),(124,'number',16,32),(124,'subscribe_date',79,294),(124,'sent_release_list',79,694),(124,'status',77,278),(124,'date',77,279),(124,'disp_reference',77,280),(124,'menu_id',52,206),(124,'menuhierarchy',52,207),(124,'domain_id_list',52,772),(124,'language_id_list',52,773),(124,'title',80,2),(124,'h1',80,3),(124,'meta_keywords',80,6),(124,'meta_descriptions',80,5),(124,'tags',80,7),(124,'robots_deny',80,11),(124,'show_submenu',80,12),(124,'is_expanded',80,13),(124,'is_unindexed',80,14),(124,'descr',80,235),(124,'photo',80,642),(124,'rate_voters',80,15),(124,'rate_sum',80,16),(124,'expiration_date',80,17),(124,'notification_date',80,18),(124,'publish_comments',80,19),(124,'publish_status',80,20),(124,'locktime',80,21),(124,'lockuser',80,22),(124,'index_source',80,296),(124,'index_state',80,297),(124,'index_date',80,298),(124,'index_choose',80,299),(124,'index_level',80,300),(124,'text_above_catalog',80,653),(124,'text_under_catalog',80,654),(124,'description',93,115),(124,'delivery_type_id',93,116),(124,'price',93,117),(124,'tax_rate_id',93,118),(124,'disabled',93,630),(124,'domain_id_list',93,631),(124,'payment_mode',93,686),(124,'payment_subject',93,687),(124,'disabled_types_of_payment',93,695),(124,'payment_type_id',99,97),(124,'disabled',99,628),(124,'domain_id_list',99,629),(124,'description',95,115),(124,'delivery_type_id',95,116),(124,'tax_rate_id',95,118),(124,'disabled',95,630),(124,'domain_id_list',95,631),(124,'payment_mode',95,686),(124,'payment_subject',95,687),(124,'disabled_types_of_payment',95,695),(124,'viewpost',95,328),(124,'identifier',14,31),(124,'zip_code',95,649),(124,'description',96,115),(124,'delivery_type_id',96,116),(124,'tax_rate_id',96,118),(124,'payment_mode',96,686),(124,'payment_subject',96,687),(124,'disabled_types_of_payment',96,695),(124,'login',96,332),(124,'password',96,333),(124,'dev_mode',96,334),(124,'keep_log',96,335),(124,'providers',96,336),(124,'yandex_map_api_key',96,700),(124,'delivery_types',96,337),(124,'pickup_types',96,338),(124,'settings',96,339),(124,'disabled',96,630),(124,'domain_id_list',96,631),(124,'include_fees',96,769),(124,'payment_type_id',102,97),(124,'disabled',102,628),(124,'domain_id_list',102,629),(124,'name',102,354),(124,'legal_address',102,355),(124,'phone_number',102,356),(124,'inn',102,357),(124,'kpp',102,358),(124,'account',102,359),(124,'bank',102,360),(124,'bank_account',102,361),(124,'bik',102,344),(124,'sign_image',102,362),(124,'payment_type_id',222,97),(124,'disabled',222,628),(124,'domain_id_list',222,629),(124,'shop_id',222,637),(124,'secret_key',222,638),(124,'receipt_data_send_enable',222,384),(124,'keep_log',222,636),(124,'open_the_payment_result_waiting_page',222,697),(124,'disable_auto_capture',222,701),(124,'modificator_type_id',31,57),(124,'modificator_codename',30,53),(124,'modificator_type_id',30,54),(124,'modificator_discount_types',30,55),(124,'modificator_type_guid',30,56),(124,'proc',84,315),(124,'modificator_type_id',84,57),(124,'rule_type_id',33,62),(124,'rule_codename',32,58),(124,'rule_type_id',32,59),(124,'rule_discount_types',32,60),(124,'rule_type_guid',32,61),(124,'rule_type_id',86,62),(124,'catalog_items',86,317),(124,'rule_type_id',87,62),(124,'start_date',87,318),(124,'end_date',87,319),(124,'fname',83,47),(124,'lname',83,46),(124,'father_name',83,48),(124,'last_order',83,308),(124,'preffered_currency',83,309),(124,'bonus',83,310),(124,'spent_bonus',83,311),(124,'email',83,49),(124,'phone',83,50),(124,'ip',83,312),(124,'delivery_addresses',83,313),(124,'legal_persons',83,314),(124,'modificator_type_id',85,57),(124,'size',85,316),(124,'rule_type_id',89,62),(124,'minimal',89,322),(124,'maximum',89,323),(124,'rule_type_id',88,62),(124,'minimum',88,320),(124,'maximum',88,321),(124,'rule_type_id',90,62),(124,'user_groups',90,324),(124,'address_description',70,263),(124,'address_list',70,264),(124,'form_id',70,265),(124,'from_email_template',69,252),(124,'from_template',69,253),(124,'subject_template',69,254),(124,'master_template',69,255),(124,'autoreply_from_email_template',69,256),(124,'autoreply_from_template',69,257),(124,'autoreply_subject_template',69,258),(124,'autoreply_email_recipient',69,259),(124,'autoreply_template',69,260),(124,'posted_message',69,261),(124,'form_id',69,262),(124,'id',109,388),(124,'descr',109,389),(124,'is_show_rand_banner',109,390),(124,'is_active',110,391),(124,'tags',110,392),(124,'url',110,393),(124,'open_in_new_window',110,394),(124,'views_count',110,395),(124,'clicks_count',110,396),(124,'max_views',110,397),(124,'show_start_date',110,398),(124,'show_till_date',110,399),(124,'user_tags',110,400),(124,'view_pages',110,401),(124,'place',110,402),(124,'not_view_pages',110,403),(124,'time_targeting_by_month_days',110,404),(124,'time_targeting_by_month',110,405),(124,'time_targeting_by_week_days',110,406),(124,'time_targeting_by_hours',110,407),(124,'time_targeting_is_active',110,408),(124,'city_targeting_city',110,409),(124,'city_targeting_is_active',110,410),(124,'priority',110,411),(124,'is_active',111,391),(124,'tags',111,392),(124,'image',111,412),(124,'width',111,413),(124,'height',111,414),(124,'alt',111,415),(124,'url',111,393),(124,'open_in_new_window',111,394),(124,'views_count',111,395),(124,'clicks_count',111,396),(124,'max_views',111,397),(124,'show_start_date',111,398),(124,'show_till_date',111,399),(124,'user_tags',111,400),(124,'view_pages',111,401),(124,'place',111,402),(124,'not_view_pages',111,403),(124,'time_targeting_by_month_days',111,404),(124,'time_targeting_by_month',111,405),(124,'time_targeting_by_week_days',111,406),(124,'time_targeting_by_hours',111,407),(124,'time_targeting_is_active',111,408),(124,'city_targeting_city',111,409),(124,'city_targeting_is_active',111,410),(124,'priority',111,411),(124,'format',115,421),(124,'sid',35,64),(124,'elements',115,422),(124,'excluded_elements',115,423),(124,'cache_time',115,424),(124,'source_name',115,425),(124,'encoding_export',115,426),(124,'title',54,2),(124,'h1',54,3),(124,'meta_keywords',54,6),(124,'meta_descriptions',54,5),(124,'tags',54,7),(124,'anons',54,208),(124,'content',54,4),(124,'source',54,209),(124,'source_url',54,210),(124,'publish_time',54,211),(124,'begin_time',54,212),(124,'end_time',54,213),(124,'robots_deny',54,11),(124,'show_submenu',54,12),(124,'is_expanded',54,13),(124,'is_unindexed',54,14),(124,'anons_pic',54,214),(124,'publish_pic',54,215),(124,'subjects',54,216),(124,'rate_voters',54,15),(124,'rate_sum',54,16),(124,'expiration_date',54,17),(124,'notification_date',54,18),(124,'publish_comments',54,19),(124,'publish_status',54,20),(124,'locktime',54,21),(124,'lockuser',54,22),(124,'title',57,2),(124,'h1',57,3),(124,'description',57,225),(124,'meta_descriptions',57,5),(124,'meta_keywords',57,6),(124,'tags',57,7),(124,'friendlist',57,226),(124,'robots_deny',57,11),(124,'show_submenu',57,12),(124,'is_expanded',57,13),(124,'is_unindexed',57,14),(124,'rate_voters',57,15),(124,'rate_sum',57,16),(124,'title',60,2),(124,'h1',60,3),(124,'content',60,4),(124,'meta_descriptions',60,5),(124,'meta_keywords',60,6),(124,'tags',60,7),(124,'publish_time',60,211),(124,'robots_deny',60,11),(124,'show_submenu',60,12),(124,'is_expanded',60,13),(124,'is_unindexed',60,14),(124,'rate_voters',60,15),(124,'rate_sum',60,16),(124,'expiration_date',60,17),(124,'notification_date',60,18),(124,'publish_comments',60,19),(124,'publish_status',60,20),(124,'locktime',60,21),(124,'lockuser',60,22),(124,'only_for_friends',60,234),(124,'is_spam',60,233),(124,'content',59,4),(124,'author_id',59,232),(124,'publish_time',59,211),(124,'rate_voters',59,15),(124,'rate_sum',59,16),(124,'is_spam',59,233),(124,'title',73,2),(124,'h1',73,3),(124,'content',73,4),(124,'meta_descriptions',73,5),(124,'meta_keywords',73,6),(124,'tags',73,7),(124,'robots_deny',73,11),(124,'show_submenu',73,12),(124,'is_expanded',73,13),(124,'is_unindexed',73,14),(124,'rate_voters',73,15),(124,'rate_sum',73,16),(124,'expiration_date',73,17),(124,'notification_date',73,18),(124,'publish_comments',73,19),(124,'publish_status',73,20),(124,'locktime',73,21),(124,'lockuser',73,22),(124,'title',74,2),(124,'h1',74,3),(124,'content',74,4),(124,'meta_descriptions',74,5),(124,'meta_keywords',74,6),(124,'tags',74,7),(124,'robots_deny',74,11),(124,'show_submenu',74,12),(124,'is_expanded',74,13),(124,'is_unindexed',74,14),(124,'rate_voters',74,15),(124,'rate_sum',74,16),(124,'expiration_date',74,17),(124,'notification_date',74,18),(124,'publish_comments',74,19),(124,'publish_status',74,20),(124,'locktime',74,21),(124,'lockuser',74,22),(124,'title',75,2),(124,'h1',75,3),(124,'meta_descriptions',75,5),(124,'meta_keywords',75,6),(124,'tags',75,7),(124,'question',75,244),(124,'answer',75,269),(124,'author_id',75,232),(124,'publish_time',75,211),(124,'robots_deny',75,11),(124,'show_submenu',75,12),(124,'is_expanded',75,13),(124,'is_unindexed',75,14),(124,'expiration_date',75,17),(124,'notification_date',75,18),(124,'publish_comments',75,19),(124,'publish_status',75,20),(124,'locktime',75,21),(124,'lockuser',75,22),(124,'is_spam',75,233),(124,'title',61,2),(124,'h1',61,3),(124,'meta_keywords',61,6),(124,'meta_descriptions',61,5),(124,'tags',61,7),(124,'descr',61,235),(124,'topics_count',61,236),(124,'messages_count',61,237),(124,'last_message',61,238),(124,'robots_deny',61,11),(124,'show_submenu',61,12),(124,'is_expanded',61,13),(124,'is_unindexed',61,14),(124,'rate_voters',61,15),(124,'rate_sum',61,16),(124,'expiration_date',61,17),(124,'notification_date',61,18),(124,'publish_comments',61,19),(124,'publish_status',61,20),(124,'locktime',61,21),(124,'lockuser',61,22),(124,'title',63,2),(124,'h1',63,3),(124,'meta_keywords',63,6),(124,'meta_descriptions',63,5),(124,'tags',63,7),(124,'robots_deny',63,11),(124,'show_submenu',63,12),(124,'is_expanded',63,13),(124,'is_unindexed',63,14),(124,'message',63,240),(124,'author_id',63,232),(124,'publish_time',63,211),(124,'rate_voters',63,15),(124,'rate_sum',63,16),(124,'expiration_date',63,17),(124,'notification_date',63,18),(124,'publish_comments',63,19),(124,'publish_status',63,20),(124,'locktime',63,21),(124,'lockuser',63,22),(124,'title',62,2),(124,'h1',62,3),(124,'meta_keywords',62,6),(124,'meta_descriptions',62,5),(124,'tags',62,7),(124,'messages_count',62,237),(124,'last_message',62,238),(124,'robots_deny',62,11),(124,'show_submenu',62,12),(124,'is_expanded',62,13),(124,'is_unindexed',62,14),(124,'publish_time',62,211),(124,'author_id',62,232),(124,'last_post_time',62,239),(124,'rate_voters',62,15),(124,'rate_sum',62,16),(124,'expiration_date',62,17),(124,'notification_date',62,18),(124,'publish_comments',62,19),(124,'publish_status',62,20),(124,'locktime',62,21),(124,'lockuser',62,22),(124,'title',71,2),(124,'h1',71,3),(124,'meta_descriptions',71,5),(124,'meta_keywords',71,6),(124,'tags',71,7),(124,'robots_deny',71,11),(124,'show_submenu',71,12),(124,'is_expanded',71,13),(124,'is_unindexed',71,14),(124,'descr',71,235),(124,'create_time',71,266),(124,'user_id',71,267),(124,'rate_voters',71,15),(124,'rate_sum',71,16),(124,'expiration_date',71,17),(124,'notification_date',71,18),(124,'publish_comments',71,19),(124,'publish_status',71,20),(124,'locktime',71,21),(124,'lockuser',71,22),(124,'title',72,2),(124,'h1',72,3),(124,'meta_descriptions',72,5),(124,'meta_keywords',72,6),(124,'tags',72,7),(124,'robots_deny',72,11),(124,'show_submenu',72,12),(124,'is_expanded',72,13),(124,'is_unindexed',72,14),(124,'photo',72,268),(124,'descr',72,235),(124,'create_time',72,266),(124,'user_id',72,267),(124,'rate_voters',72,15),(124,'rate_sum',72,16),(124,'expiration_date',72,17),(124,'notification_date',72,18),(124,'publish_comments',72,19),(124,'publish_status',72,20),(124,'locktime',72,21),(124,'lockuser',72,22),(124,'title',121,2),(124,'h1',121,3),(124,'content',121,4),(124,'meta_descriptions',121,5),(124,'meta_keywords',121,6),(124,'tags',121,7),(124,'robots_deny',121,11),(124,'show_submenu',121,12),(124,'is_expanded',121,13),(124,'is_unindexed',121,14),(124,'rate_voters',121,15),(124,'rate_sum',121,16),(124,'expiration_date',121,17),(124,'notification_date',121,18),(124,'publish_comments',121,19),(124,'publish_status',121,20),(124,'locktime',121,21),(124,'lockuser',121,22),(124,'appoint_service_choice_title',121,439),(124,'appoint_hint_step_text',121,440),(124,'appoint_personal_step_title',121,441),(124,'appoint_personal_choice_title',121,442),(124,'appoint_dont_care_button',121,443),(124,'appoint_dont_care_hint',121,444),(124,'appoint_date_step_title',121,445),(124,'appoint_date_choice_title',121,446),(124,'appoint_confirm_step_title',121,447),(124,'appoint_book_time_button',121,448),(124,'appoint_book_time_hint',121,449),(124,'title',67,2),(124,'h1',67,3),(124,'content',67,4),(124,'meta_descriptions',67,5),(124,'meta_keywords',67,6),(124,'tags',67,7),(124,'robots_deny',67,11),(124,'show_submenu',67,12),(124,'is_expanded',67,13),(124,'is_unindexed',67,14),(124,'rate_voters',67,15),(124,'rate_sum',67,16),(124,'expiration_date',67,17),(124,'notification_date',67,18),(124,'publish_comments',67,19),(124,'publish_status',67,20),(124,'locktime',67,21),(124,'lockuser',67,22),(124,'form_id',67,247),(2,'is_deactivated_by_manager',51,776),(2,'disabled_user_groups',44,777),(2,'disabled_user_groups',97,777),(2,'disabled_user_groups',98,777),(2,'disabled_user_groups',99,777),(2,'disabled_user_groups',100,777),(2,'disabled_user_groups',102,777),(2,'disabled_user_groups',103,777),(2,'disabled_user_groups',104,777),(2,'disabled_user_groups',108,777),(2,'disabled_user_groups',222,777),(2,'locktime',57,21),(2,'lockuser',57,22),(2,'locktime',59,21),(2,'lockuser',59,22),(2,'format',236,421),(2,'elements',236,422),(2,'excluded_elements',236,423),(2,'cache_time',236,424),(2,'source_name',236,425),(2,'channel_header',236,755),(2,'channel_description',236,756),(2,'channel_site',236,757),(2,'channel_item_limit',236,758),(2,'web_analytics_type',236,759),(2,'web_analytics_id',236,760),(2,'web_analytics_params',236,761),(2,'web_analytics_pixel_url',236,762),(2,'advertising_type',236,763),(2,'advertising_block_id',236,764),(2,'advertising_place_id',236,765),(2,'advertising_code',236,766);
/*!40000 ALTER TABLE `cms3_import_fields` ENABLE KEYS */;
UNLOCK TABLES;

--
-- Table structure for table `cms3_import_groups`
--

DROP TABLE IF EXISTS `cms3_import_groups`;
/*!40101 SET @saved_cs_client     = @@character_set_client */;
/*!50503 SET character_set_client = utf8mb4 */;
CREATE TABLE `cms3_import_groups` (
  `source_id` int unsigned NOT NULL,
  `group_name` varchar(48) NOT NULL,
  `type_id` int unsigned NOT NULL,
  `new_id` int unsigned NOT NULL,
  KEY `source_id` (`source_id`),
  KEY `type_id` (`type_id`),
  KEY `group_name` (`group_name`),
  KEY `new_id` (`new_id`),
  CONSTRAINT `FK_GroupSourceId_To_Source` FOREIGN KEY (`source_id`) REFERENCES `cms3_import_sources` (`id`) ON DELETE CASCADE ON UPDATE CASCADE,
  CONSTRAINT `FK_NewGroupId_To_ObjectTypeId` FOREIGN KEY (`type_id`) REFERENCES `cms3_import_types` (`new_id`) ON DELETE CASCADE ON UPDATE CASCADE,
  CONSTRAINT `FK_NewId_To_ObjectTypeGroupId` FOREIGN KEY (`new_id`) REFERENCES `cms3_object_field_groups` (`id`) ON DELETE CASCADE ON UPDATE CASCADE
) ENGINE=InnoDB DEFAULT CHARSET=utf8mb3;
/*!40101 SET character_set_client = @saved_cs_client */;

--
-- Dumping data for table `cms3_import_groups`
--

LOCK TABLES `cms3_import_groups` WRITE;
/*!40000 ALTER TABLE `cms3_import_groups` DISABLE KEYS */;
INSERT INTO `cms3_import_groups` VALUES (2,'svojstva_statusa_stranicy',2,1),(2,'common',3,2),(2,'more_params',3,4),(2,'rate_props',3,5),(2,'svojstva_publikacii',3,6),(2,'locks',3,7),(2,'common',6,8),(2,'common',7,9),(2,'more_params',7,11),(2,'rate_voters',7,12),(2,'svojstva_publikacii',7,13),(2,'locks',7,14),(2,'common',8,15),(2,'props',9,16),(2,'params_more',10,17),(2,'common',14,18),(2,'common',15,19),(2,'additional',16,20),(2,'additional',17,21),(2,'props_currency',22,24),(2,'common',24,26),(2,'common',25,27),(2,'personal',26,28),(2,'common',28,29),(2,'discount_type_props',29,30),(2,'discount_modificator_type_props',30,31),(2,'discount_modificator_props',31,32),(2,'discount_rule_type_props',32,33),(2,'discount_rule_props',33,34),(2,'common',34,35),(2,'svojstva_gruppy_polzovatelej',36,37),(2,'common',37,38),(2,'item_type_props',38,39),(2,'discount_props',39,40),(2,'item_props',41,41),(2,'item_optioned_props',41,42),(2,'order_status_props',42,43),(2,'payment_type_props',43,44),(2,'payment_props',44,45),(2,'order_status_props',45,46),(2,'general',46,47),(2,'addresses',46,48),(2,'payment',46,49),(2,'delivery_type_props',47,50),(2,'delivery_description_props',48,51),(2,'order_status_props',49,52),(2,'order_props',50,53),(2,'statistic_info',50,55),(2,'order_payment_props',50,56),(2,'order_delivery_props',50,57),(2,'order_discount_props',50,58),(2,'integration_date',50,59),(2,'purchase_one_click',50,60),(2,'idetntify_data',51,61),(2,'more_info',51,62),(2,'short_info',51,63),(2,'delivery',51,64),(2,'statistic_info',51,65),(2,'common',52,66),(2,'common',54,67),(2,'item_props',54,68),(2,'more_params',54,70),(2,'news_images',54,71),(2,'subjects_block',54,72),(2,'rate_voters',54,73),(2,'svojstva_publikacii',54,74),(2,'locks',54,75),(2,'common',55,76),(2,'more_params',55,78),(2,'rate_voters',55,79),(2,'svojstva_publikacii',55,80),(2,'locks',55,81),(2,'props',56,82),(2,'common',57,83),(2,'more_params',57,85),(2,'rate_props',57,86),(2,'props',58,87),(2,'common',59,88),(2,'rate_props',59,89),(2,'antispam',59,90),(2,'common',60,91),(2,'more_params',60,93),(2,'rate_props',60,94),(2,'svojstva_publikacii',60,95),(2,'locks',60,96),(2,'privacy',60,97),(2,'antispam',60,98),(2,'common',61,99),(2,'more_params',61,101),(2,'rate_voters',61,102),(2,'svojstva_publikacii',61,103),(2,'locks',61,104),(2,'common',62,105),(2,'more_params',62,107),(2,'topic_props',62,108),(2,'rate_voters',62,109),(2,'svojstva_publikacii',62,110),(2,'locks',62,111),(2,'common',63,112),(2,'more_params',63,114),(2,'message_props',63,115),(2,'rate_voters',63,116),(2,'svojstva_publikacii',63,117),(2,'locks',63,118),(2,'common',64,119),(2,'more_params',64,121),(2,'comment_props',64,122),(2,'rate_voters',64,123),(2,'svojstva_publikacii',64,124),(2,'locks',64,125),(2,'antispam',64,126),(2,'common_props',65,127),(2,'common',66,128),(2,'more_params',66,130),(2,'poll_props',66,131),(2,'rate_voters',66,132),(2,'svojstva_publikacii',66,133),(2,'locks',66,134),(2,'common',67,135),(2,'more_params',67,137),(2,'rate_props',67,138),(2,'svojstva_publikacii',67,139),(2,'locks',67,140),(2,'binding',67,141),(2,'sendingdata',68,142),(2,'templates',69,143),(2,'auto_reply',69,144),(2,'messages',69,145),(2,'binding',69,146),(2,'list',70,147),(2,'common',71,148),(2,'more_params',71,150),(2,'album_props',71,151),(2,'rate_voters',71,152),(2,'svojstva_publikacii',71,153),(2,'locks',71,154),(2,'common',72,155),(2,'more_params',72,157),(2,'photo_props',72,158),(2,'rate_voters',72,159),(2,'svojstva_publikacii',72,160),(2,'locks',72,161),(2,'common',73,162),(2,'more_params',73,164),(2,'rate_voters',73,165),(2,'svojstva_publikacii',73,166),(2,'locks',73,167),(2,'common',74,168),(2,'more_params',74,170),(2,'rate_voters',74,171),(2,'svojstva_publikacii',74,172),(2,'locks',74,173),(2,'common',75,174),(2,'more_params',75,176),(2,'svojstva_publikacii',75,177),(2,'locks',75,178),(2,'antispam',75,179),(2,'grp_disp_props',76,180),(2,'auto_settings',76,181),(2,'grp_disp_release_props',77,182),(2,'grp_disp_msg_props',78,183),(2,'grp_disp_msg_extended',78,184),(2,'grp_sbs_props',79,185),(2,'grp_sbs_extended',79,186),(2,'common',80,187),(2,'more_params',80,189),(2,'dopolnitelno',80,190),(2,'rate_voters',80,191),(2,'svojstva_publikacii',80,192),(2,'locks',80,193),(2,'filter_index',80,194),(2,'store_props',81,195),(2,'common',82,196),(2,'more_params',82,198),(2,'cenovye_svojstva',82,199),(2,'catalog_option_props',82,200),(2,'catalog_stores_props',82,201),(2,'rate_voters',82,202),(2,'svojstva_publikacii',82,203),(2,'locks',82,204),(2,'personal_info',83,205),(2,'contact_props',83,206),(2,'delivery',83,207),(2,'yuridicheskie_dannye',83,208),(2,'discount_modificator_props',84,209),(2,'discount_modificator_props',85,210),(2,'discount_rule_props',86,211),(2,'discount_rule_props',87,212),(2,'discount_rule_props',88,213),(2,'discount_rule_props',89,214),(2,'discount_rule_props',90,215),(2,'discount_rule_props',91,216),(2,'discount_rule_props',92,217),(2,'delivery_description_props',93,218),(2,'delivery_description_props',94,219),(2,'delivery_courier_props',94,220),(2,'delivery_description_props',95,221),(2,'settings',95,222),(2,'delivery_description_props',96,223),(2,'settings',96,224),(2,'payment_props',97,225),(2,'settings',97,226),(2,'payment_props',98,227),(2,'settings',98,228),(2,'payment_props',99,229),(2,'payment_props',100,230),(2,'settings',100,231),(2,'payment_props',102,234),(2,'organization',102,235),(2,'payment_props',103,236),(2,'settings',103,237),(2,'payment_props',104,238),(2,'settings',104,239),(2,'payment_props',108,245),(2,'settings',108,246),(2,'common_props',109,247),(2,'common',110,248),(2,'redirect_props',110,249),(2,'view_params',110,250),(2,'view_pages',110,251),(2,'time_targeting',110,252),(2,'city_targeting',110,253),(2,'view_settings',110,254),(2,'common',111,255),(2,'banner_custom_props',111,256),(2,'redirect_props',111,257),(2,'view_params',111,258),(2,'view_pages',111,259),(2,'time_targeting',111,260),(2,'city_targeting',111,261),(2,'view_settings',111,262),(2,'common',112,263),(2,'banner_custom_props',112,264),(2,'redirect_props',112,265),(2,'view_params',112,266),(2,'view_pages',112,267),(2,'time_targeting',112,268),(2,'city_targeting',112,269),(2,'view_settings',112,270),(2,'common',113,271),(2,'banner_custom_props',113,272),(2,'redirect_props',113,273),(2,'view_params',113,274),(2,'view_pages',113,275),(2,'time_targeting',113,276),(2,'city_targeting',113,277),(2,'view_settings',113,278),(2,'svojstva',114,279),(2,'common',116,281),(2,'network_system_props',117,282),(2,'props',118,283),(2,'pages',118,284),(2,'network_system_props',118,285),(2,'common',119,286),(2,'more_params',119,288),(2,'fs_file_props',119,289),(2,'rate_voters',119,290),(2,'svojstva_publikacii',119,291),(2,'locks',119,292),(2,'common',120,293),(2,'common',121,294),(2,'more_params',121,296),(2,'rate_props',121,297),(2,'svojstva_publikacii',121,298),(2,'locks',121,299),(2,'appointment',121,300),(2,'payment_props',222,759),(2,'settings',222,760),(2,'trade_offers',82,768),(2,'trade_offers',170,769),(2,'trade_offers',177,770),(2,'trade_offers',178,771),(2,'trade_offers',180,772),(2,'trade_offers',184,773),(2,'trade_offers',185,774),(2,'trade_offers',191,775),(2,'trade_offers',200,777),(2,'trade_offers',202,778),(2,'trade_offers',204,779),(2,'trade_offers',206,780),(2,'trade_offers',208,781),(2,'trade_offers',209,782),(2,'trade_offers',211,783),(2,'trade_offers',215,784),(2,'trade_offers',219,785),(2,'common',226,786),(2,'common',227,787),(2,'trade_offers',41,788),(2,'common',19,789),(2,'common',230,790),(2,'common',231,791),(2,'basic_params',232,792),(2,'basic_params',235,793),(2,'auth_params',235,794),(2,'users_user',235,795),(2,'users_author',235,796),(2,'dispatches_subscriber',235,797),(2,'emarket_order',235,798),(2,'common',35,36),(2,'common',115,280),(2,'order_credit_props',50,803),(2,'discount_rule_props',237,804),(2,'locks',57,805),(2,'locks',59,806),(2,'common',236,799),(2,'channel_meta',236,800),(2,'channel_web_analytics',236,801),(2,'channel_advertising',236,802);
/*!40000 ALTER TABLE `cms3_import_groups` ENABLE KEYS */;
UNLOCK TABLES;

--
-- Table structure for table `cms3_import_langs`
--

DROP TABLE IF EXISTS `cms3_import_langs`;
/*!40101 SET @saved_cs_client     = @@character_set_client */;
/*!50503 SET character_set_client = utf8mb4 */;
CREATE TABLE `cms3_import_langs` (
  `source_id` int unsigned NOT NULL,
  `old_id` varchar(255) NOT NULL,
  `new_id` int unsigned NOT NULL,
  KEY `source_id` (`source_id`,`old_id`,`new_id`),
  KEY `old_id` (`old_id`,`new_id`),
  KEY `new_id` (`new_id`),
  CONSTRAINT `FK_LangSourceId_To_Source` FOREIGN KEY (`source_id`) REFERENCES `cms3_import_sources` (`id`) ON DELETE CASCADE ON UPDATE CASCADE,
  CONSTRAINT `FK_NewId_To_LangId` FOREIGN KEY (`new_id`) REFERENCES `cms3_langs` (`id`) ON DELETE CASCADE ON UPDATE CASCADE
) ENGINE=InnoDB DEFAULT CHARSET=utf8mb3;
/*!40101 SET character_set_client = @saved_cs_client */;

--
-- Dumping data for table `cms3_import_langs`
--

LOCK TABLES `cms3_import_langs` WRITE;
/*!40000 ALTER TABLE `cms3_import_langs` DISABLE KEYS */;
INSERT INTO `cms3_import_langs` VALUES (1,'1',1),(2,'1',1),(2,'2',2),(3,'1',1),(124,'1',1);
/*!40000 ALTER TABLE `cms3_import_langs` ENABLE KEYS */;
UNLOCK TABLES;

--
-- Table structure for table `cms3_import_links`
--

DROP TABLE IF EXISTS `cms3_import_links`;
/*!40101 SET @saved_cs_client     = @@character_set_client */;
/*!50503 SET character_set_client = utf8mb4 */;
CREATE TABLE `cms3_import_links` (
  `external_id` int unsigned NOT NULL,
  `internal_id` int unsigned NOT NULL,
  `source_id` int unsigned NOT NULL,
  KEY `external_id` (`external_id`,`source_id`),
  KEY `internal_id` (`internal_id`,`source_id`),
  KEY `source_id` (`source_id`),
  CONSTRAINT `cms3_import_links_ibfk_1` FOREIGN KEY (`internal_id`) REFERENCES `cms3_links` (`id`) ON DELETE CASCADE ON UPDATE CASCADE,
  CONSTRAINT `cms3_import_links_ibfk_2` FOREIGN KEY (`source_id`) REFERENCES `cms3_import_sources` (`id`) ON DELETE CASCADE ON UPDATE CASCADE
) ENGINE=InnoDB DEFAULT CHARSET=utf8mb3;
/*!40101 SET character_set_client = @saved_cs_client */;

--
-- Dumping data for table `cms3_import_links`
--

LOCK TABLES `cms3_import_links` WRITE;
/*!40000 ALTER TABLE `cms3_import_links` DISABLE KEYS */;
/*!40000 ALTER TABLE `cms3_import_links` ENABLE KEYS */;
UNLOCK TABLES;

--
-- Table structure for table `cms3_import_links_sources`
--

DROP TABLE IF EXISTS `cms3_import_links_sources`;
/*!40101 SET @saved_cs_client     = @@character_set_client */;
/*!50503 SET character_set_client = utf8mb4 */;
CREATE TABLE `cms3_import_links_sources` (
  `external_id` int unsigned NOT NULL,
  `internal_id` int unsigned NOT NULL,
  `source_id` int unsigned NOT NULL,
  KEY `external_id` (`external_id`,`source_id`),
  KEY `internal_id` (`internal_id`,`source_id`),
  KEY `source_id` (`source_id`),
  CONSTRAINT `cms3_import_links_sources_ibfk_1` FOREIGN KEY (`internal_id`) REFERENCES `cms3_links_sources` (`id`) ON DELETE CASCADE ON UPDATE CASCADE,
  CONSTRAINT `cms3_import_links_sources_ibfk_2` FOREIGN KEY (`source_id`) REFERENCES `cms3_import_sources` (`id`) ON DELETE CASCADE ON UPDATE CASCADE
) ENGINE=InnoDB DEFAULT CHARSET=utf8mb3;
/*!40101 SET character_set_client = @saved_cs_client */;

--
-- Dumping data for table `cms3_import_links_sources`
--

LOCK TABLES `cms3_import_links_sources` WRITE;
/*!40000 ALTER TABLE `cms3_import_links_sources` DISABLE KEYS */;
/*!40000 ALTER TABLE `cms3_import_links_sources` ENABLE KEYS */;
UNLOCK TABLES;

--
-- Table structure for table `cms3_import_mail_notifications`
--

DROP TABLE IF EXISTS `cms3_import_mail_notifications`;
/*!40101 SET @saved_cs_client     = @@character_set_client */;
/*!50503 SET character_set_client = utf8mb4 */;
CREATE TABLE `cms3_import_mail_notifications` (
  `external_id` int unsigned NOT NULL,
  `internal_id` int unsigned NOT NULL,
  `source_id` int unsigned NOT NULL,
  KEY `external_id` (`external_id`,`source_id`),
  KEY `internal_id` (`internal_id`,`source_id`),
  KEY `source_id` (`source_id`),
  CONSTRAINT `cms3_import_mail_notifications_ibfk_1` FOREIGN KEY (`internal_id`) REFERENCES `cms3_mail_notifications` (`id`) ON DELETE CASCADE ON UPDATE CASCADE,
  CONSTRAINT `cms3_import_mail_notifications_ibfk_2` FOREIGN KEY (`source_id`) REFERENCES `cms3_import_sources` (`id`) ON DELETE CASCADE ON UPDATE CASCADE
) ENGINE=InnoDB DEFAULT CHARSET=utf8mb3;
/*!40101 SET character_set_client = @saved_cs_client */;

--
-- Dumping data for table `cms3_import_mail_notifications`
--

LOCK TABLES `cms3_import_mail_notifications` WRITE;
/*!40000 ALTER TABLE `cms3_import_mail_notifications` DISABLE KEYS */;
/*!40000 ALTER TABLE `cms3_import_mail_notifications` ENABLE KEYS */;
UNLOCK TABLES;

--
-- Table structure for table `cms3_import_mail_templates`
--

DROP TABLE IF EXISTS `cms3_import_mail_templates`;
/*!40101 SET @saved_cs_client     = @@character_set_client */;
/*!50503 SET character_set_client = utf8mb4 */;
CREATE TABLE `cms3_import_mail_templates` (
  `external_id` int unsigned NOT NULL,
  `internal_id` int unsigned NOT NULL,
  `source_id` int unsigned NOT NULL,
  KEY `external_id` (`external_id`,`source_id`),
  KEY `internal_id` (`internal_id`,`source_id`),
  KEY `source_id` (`source_id`),
  CONSTRAINT `cms3_import_mail_templates_ibfk_1` FOREIGN KEY (`internal_id`) REFERENCES `cms3_mail_templates` (`id`) ON DELETE CASCADE ON UPDATE CASCADE,
  CONSTRAINT `cms3_import_mail_templates_ibfk_2` FOREIGN KEY (`source_id`) REFERENCES `cms3_import_sources` (`id`) ON DELETE CASCADE ON UPDATE CASCADE
) ENGINE=InnoDB DEFAULT CHARSET=utf8mb3;
/*!40101 SET character_set_client = @saved_cs_client */;

--
-- Dumping data for table `cms3_import_mail_templates`
--

LOCK TABLES `cms3_import_mail_templates` WRITE;
/*!40000 ALTER TABLE `cms3_import_mail_templates` DISABLE KEYS */;
/*!40000 ALTER TABLE `cms3_import_mail_templates` ENABLE KEYS */;
UNLOCK TABLES;

--
-- Table structure for table `cms3_import_mail_variables`
--

DROP TABLE IF EXISTS `cms3_import_mail_variables`;
/*!40101 SET @saved_cs_client     = @@character_set_client */;
/*!50503 SET character_set_client = utf8mb4 */;
CREATE TABLE `cms3_import_mail_variables` (
  `external_id` int unsigned NOT NULL,
  `internal_id` int unsigned NOT NULL,
  `source_id` int unsigned NOT NULL,
  KEY `external_id` (`external_id`,`source_id`),
  KEY `internal_id` (`internal_id`,`source_id`),
  KEY `source_id` (`source_id`),
  CONSTRAINT `cms3_import_mail_variables_ibfk_1` FOREIGN KEY (`internal_id`) REFERENCES `cms3_mail_variables` (`id`) ON DELETE CASCADE ON UPDATE CASCADE,
  CONSTRAINT `cms3_import_mail_variables_ibfk_2` FOREIGN KEY (`source_id`) REFERENCES `cms3_import_sources` (`id`) ON DELETE CASCADE ON UPDATE CASCADE
) ENGINE=InnoDB DEFAULT CHARSET=utf8mb3;
/*!40101 SET character_set_client = @saved_cs_client */;

--
-- Dumping data for table `cms3_import_mail_variables`
--

LOCK TABLES `cms3_import_mail_variables` WRITE;
/*!40000 ALTER TABLE `cms3_import_mail_variables` DISABLE KEYS */;
INSERT INTO `cms3_import_mail_variables` VALUES (1,1,2),(2,2,2),(3,3,2),(4,4,2),(5,5,2),(6,6,2),(7,7,2),(8,8,2),(9,9,2),(10,10,2),(11,11,2),(12,12,2),(13,13,2),(14,14,2),(15,15,2),(16,16,2),(17,17,2),(18,18,2),(19,19,2),(20,20,2),(21,21,2),(22,22,2),(23,23,2),(24,24,2),(25,25,2),(26,26,2),(27,27,2),(28,28,2),(29,29,2),(30,30,2),(31,31,2),(32,32,2),(33,33,2),(34,34,2),(35,35,2),(36,36,2),(37,37,2),(38,38,2),(39,39,2),(40,40,2),(41,41,2),(42,42,2),(43,43,2),(44,44,2),(45,45,2),(46,46,2),(47,47,2),(48,48,2),(49,49,2),(50,50,2),(51,51,2),(52,52,2),(53,53,2),(54,54,2),(55,55,2),(56,56,2),(57,57,2),(58,58,2),(59,59,2),(60,60,2),(61,61,2),(62,62,2),(63,63,2),(64,64,2),(65,65,2),(66,66,2),(67,67,2),(68,68,2),(69,69,2),(70,70,2),(71,71,2),(72,72,2),(73,73,2),(74,74,2),(75,75,2),(76,76,2),(77,77,2),(78,78,2),(79,79,2),(80,80,2),(81,81,2),(82,82,2),(83,83,2),(84,84,2),(85,85,2),(86,86,2),(87,87,2),(88,88,2),(89,89,2),(90,90,2),(91,91,2),(92,92,2),(93,93,2),(94,94,2),(95,95,2),(96,96,2),(97,97,2),(98,98,2),(99,99,2),(100,100,2),(101,101,2),(102,102,2),(103,103,2),(104,104,2),(105,105,2),(106,106,2),(107,107,2),(108,108,2),(109,109,2),(110,110,2),(111,111,2),(112,112,2),(113,113,2),(114,114,2),(115,115,2),(116,116,2),(117,117,2),(118,118,2),(119,119,2),(120,120,2),(121,121,2),(122,122,2),(123,123,2),(124,124,2),(125,125,2),(126,126,2),(127,127,2),(128,128,2),(129,129,2),(130,130,2),(131,131,2),(132,132,2),(133,133,2),(134,134,2),(135,135,2),(136,136,2),(137,137,2),(138,138,2),(139,139,2),(140,140,2),(141,141,2),(142,142,2),(143,143,2),(144,144,2),(145,145,2),(146,146,2),(147,147,2),(148,148,2),(149,149,2),(150,150,2),(151,151,2),(152,152,2),(153,153,2),(154,154,2),(155,155,2),(156,156,2),(157,157,2),(158,158,2),(159,159,2),(160,160,2),(161,161,2),(162,162,2),(163,163,2),(164,164,2),(165,165,2),(166,166,2),(167,167,2),(168,168,2),(169,169,2),(170,170,2),(171,171,2),(172,172,2),(173,173,2),(174,174,2),(175,175,2),(176,176,2),(177,177,2),(178,178,2),(179,179,2),(180,180,2);
/*!40000 ALTER TABLE `cms3_import_mail_variables` ENABLE KEYS */;
UNLOCK TABLES;

--
-- Table structure for table `cms3_import_objects`
--

DROP TABLE IF EXISTS `cms3_import_objects`;
/*!40101 SET @saved_cs_client     = @@character_set_client */;
/*!50503 SET character_set_client = utf8mb4 */;
CREATE TABLE `cms3_import_objects` (
  `source_id` int unsigned NOT NULL,
  `old_id` varchar(255) NOT NULL,
  `new_id` int unsigned NOT NULL,
  KEY `source_id` (`source_id`,`old_id`,`new_id`),
  KEY `old_id` (`old_id`,`new_id`),
  KEY `new_id` (`new_id`),
  CONSTRAINT `FK_NewId_To_ObjectsId` FOREIGN KEY (`new_id`) REFERENCES `cms3_objects` (`id`) ON DELETE CASCADE ON UPDATE CASCADE,
  CONSTRAINT `FK_ObjectSourceId_To_Source` FOREIGN KEY (`source_id`) REFERENCES `cms3_import_sources` (`id`) ON DELETE CASCADE ON UPDATE CASCADE
) ENGINE=InnoDB DEFAULT CHARSET=utf8mb3;
/*!40101 SET character_set_client = @saved_cs_client */;

--
-- Dumping data for table `cms3_import_objects`
--

LOCK TABLES `cms3_import_objects` WRITE;
/*!40000 ALTER TABLE `cms3_import_objects` DISABLE KEYS */;
INSERT INTO `cms3_import_objects` VALUES (1,'1833',1833),(1,'1852',1852),(1,'1858',1858),(1,'1860',1860),(1,'1865',1865),(1,'1866',1866),(1,'1869',1869),(1,'1871',1871),(1,'1872',1872),(1,'1879',1879),(1,'1891',1891),(1,'1898',1898),(1,'1901',1901),(1,'1906',1906),(1,'1912',1912),(1,'1915',1915),(1,'1918',1918),(1,'1921',1921),(1,'1923',1923),(1,'1924',1924),(1,'1929',1929),(1,'1935',1935),(1,'1938',1938),(1,'1940',1940),(1,'1942',1942),(1,'1943',1943),(1,'1944',1944),(1,'1946',1946),(1,'1954',1954),(1,'1959',1959),(1,'1965',1965),(1,'1968',1968),(1,'1973',1973),(1,'1976',1976),(1,'1980',1980),(1,'1991',1991),(1,'1993',1993),(1,'1995',1995),(1,'1997',1997),(1,'1999',1999),(1,'2001',2001),(1,'2003',2003),(1,'2005',2005),(1,'2007',2007),(1,'2008',2008),(1,'2009',2009),(1,'2010',2010),(1,'2011',2011),(1,'2012',2012),(1,'2013',2013),(1,'2014',2014),(1,'2016',2016),(1,'2017',2017),(1,'2018',2018),(1,'2020',2020),(1,'2029',2029),(1,'2035',2035),(1,'2041',2041),(1,'2043',2043),(1,'2046',2046),(1,'2051',2051),(1,'2052',2052),(1,'2069',2069),(1,'2070',2070),(1,'2071',2071),(1,'2073',2073),(1,'2074',2074),(1,'2077',2077),(1,'2078',2078),(1,'2080',2080),(1,'2084',2084),(1,'2090',2090),(1,'2092',2092),(1,'2093',2093),(1,'2095',2095),(1,'2096',2096),(1,'2099',2099),(1,'2100',2100),(1,'2103',2103),(1,'2104',2104),(1,'2106',2106),(1,'2107',2107),(1,'2109',2109),(1,'2110',2110),(1,'2113',2113),(1,'2115',2115),(1,'2116',2116),(1,'2118',2118),(1,'2121',2121),(1,'2124',2124),(1,'2130',2130),(1,'2134',2134),(1,'2138',2138),(1,'2143',2143),(1,'2148',2148),(1,'2151',2151),(1,'2162',2162),(1,'2163',2163),(1,'2164',2164),(1,'2165',2165),(1,'2166',2166),(1,'2168',2168),(1,'2170',2170),(1,'2177',2177),(1,'2179',2179),(1,'2180',2180),(1,'2183',2183),(1,'2185',2185),(1,'2187',2187),(1,'2190',2190),(1,'2192',2192),(1,'2199',2199),(1,'2201',2201),(1,'2203',2203),(1,'2205',2205),(1,'2207',2207),(1,'2209',2209),(1,'2210',2210),(1,'2211',2211),(1,'2212',2212),(1,'2213',2213),(1,'2214',2214),(1,'2215',2215),(1,'2216',2216),(1,'2219',2219),(1,'2220',2220),(1,'2221',2221),(1,'2223',2223),(1,'2224',2224),(1,'2225',2225),(1,'2226',2226),(1,'2227',2227),(1,'2228',2228),(1,'2229',2229),(1,'2231',2231),(1,'2232',2232),(1,'2233',2233),(1,'2234',2234),(1,'2235',2235),(1,'2236',2236),(1,'2238',2238),(1,'2239',2239),(1,'2240',2240),(1,'2241',2241),(1,'2242',2242),(1,'2244',2244),(1,'2245',2245),(1,'2246',2246),(1,'2247',2247),(1,'2248',2248),(1,'2249',2249),(1,'2250',2250),(1,'2251',2251),(1,'2252',2252),(1,'2253',2253),(1,'2254',2254),(1,'2255',2255),(1,'2256',2256),(1,'2258',2258),(1,'2259',2259),(1,'2260',2260),(1,'2261',2261),(1,'2262',2262),(1,'2263',2263),(1,'2264',2264),(1,'2265',2265),(1,'2266',2266),(1,'2267',2267),(1,'2268',2268),(1,'2269',2269),(1,'2270',2270),(1,'2271',2271),(1,'2324',2324),(1,'2326',2326),(1,'2330',2330),(2,'14',25),(2,'15',24),(2,'2373',46),(2,'2374',35),(2,'2376',12),(2,'2377',13),(2,'25974',333),(2,'25975',334),(2,'25976',335),(2,'26315',36),(2,'26341',37),(2,'26905',165),(2,'26906',166),(2,'26907',167),(2,'26908',168),(2,'26909',169),(2,'26910',170),(2,'26911',171),(2,'26912',172),(2,'26913',173),(2,'26914',174),(2,'26915',175),(2,'26916',176),(2,'26917',177),(2,'26918',178),(2,'26919',179),(2,'26920',180),(2,'26921',181),(2,'26922',182),(2,'26923',183),(2,'26924',184),(2,'26925',185),(2,'26926',186),(2,'26927',187),(2,'26928',188),(2,'26929',189),(2,'26930',190),(2,'26931',191),(2,'26932',192),(2,'26933',193),(2,'26934',194),(2,'26935',195),(2,'26936',196),(2,'26937',197),(2,'26938',198),(2,'26939',199),(2,'26940',200),(2,'26941',201),(2,'26942',202),(2,'26943',203),(2,'26944',204),(2,'26945',205),(2,'26946',206),(2,'26947',207),(2,'26948',208),(2,'26949',209),(2,'26950',210),(2,'26951',211),(2,'26952',212),(2,'26953',213),(2,'26954',214),(2,'26955',215),(2,'26956',216),(2,'26957',217),(2,'26958',218),(2,'26959',219),(2,'26960',220),(2,'26961',221),(2,'26962',222),(2,'26963',223),(2,'26964',224),(2,'26965',225),(2,'26966',226),(2,'26967',227),(2,'26968',228),(2,'26969',229),(2,'26970',230),(2,'26971',231),(2,'26972',232),(2,'26973',233),(2,'26974',234),(2,'26975',235),(2,'26976',236),(2,'26977',237),(2,'26978',238),(2,'26979',239),(2,'26980',240),(2,'26981',241),(2,'26982',242),(2,'26983',243),(2,'26984',244),(2,'26985',245),(2,'26986',246),(2,'26987',247),(2,'26988',248),(2,'26989',249),(2,'26990',250),(2,'26991',251),(2,'26992',252),(2,'26993',253),(2,'26994',254),(2,'26995',255),(2,'26996',256),(2,'26997',257),(2,'26998',258),(2,'26999',259),(2,'27000',260),(2,'27001',261),(2,'27002',262),(2,'27003',263),(2,'27004',264),(2,'27005',265),(2,'27006',266),(2,'27007',267),(2,'27008',268),(2,'27009',269),(2,'27010',270),(2,'27011',271),(2,'27012',272),(2,'27013',273),(2,'27014',274),(2,'27015',275),(2,'27016',276),(2,'27017',277),(2,'27018',278),(2,'27019',279),(2,'27020',280),(2,'27021',281),(2,'27022',282),(2,'27023',283),(2,'27024',284),(2,'27025',285),(2,'27026',286),(2,'27027',287),(2,'27028',288),(2,'27029',289),(2,'27030',290),(2,'27031',291),(2,'27032',292),(2,'27033',293),(2,'27034',294),(2,'27035',295),(2,'27036',296),(2,'27037',297),(2,'27038',298),(2,'27039',299),(2,'27040',300),(2,'27041',301),(2,'27042',302),(2,'27043',303),(2,'27044',304),(2,'27045',305),(2,'27046',306),(2,'27047',307),(2,'27048',308),(2,'27049',309),(2,'27050',310),(2,'27051',311),(2,'27052',312),(2,'27053',313),(2,'27054',314),(2,'27055',315),(2,'27056',316),(2,'27057',317),(2,'27058',318),(2,'27059',319),(2,'27060',320),(2,'27061',321),(2,'27062',322),(2,'27063',323),(2,'27064',324),(2,'27065',325),(2,'27066',326),(2,'27067',327),(2,'27068',328),(2,'27069',329),(2,'27070',330),(2,'27071',331),(2,'27072',332),(2,'27085',9),(2,'27086',10),(2,'27087',11),(2,'27131',21),(2,'27132',22),(2,'27135',642),(2,'27136',26),(2,'27147',153),(2,'27150',28),(2,'27180',38),(2,'27181',39),(2,'27226',16),(2,'27227',17),(2,'27228',18),(2,'27230',85),(2,'27233',86),(2,'27236',68),(2,'27258',47),(2,'27259',48),(2,'27260',49),(2,'27261',50),(2,'27262',51),(2,'27263',52),(2,'27264',53),(2,'27377',89),(2,'27378',90),(2,'27379',91),(2,'27380',80),(2,'27381',81),(2,'27382',82),(2,'27383',83),(2,'27393',29),(2,'27394',30),(2,'27395',31),(2,'27396',32),(2,'27397',33),(2,'27398',34),(2,'27438',668),(2,'27456',27),(2,'27457',69),(2,'27458',70),(2,'27459',338),(2,'27461',339),(2,'27462',1),(2,'27463',2),(2,'27464',3),(2,'27465',4),(2,'27466',5),(2,'27470',154),(2,'27471',155),(2,'27472',156),(2,'27473',157),(2,'27474',158),(2,'27475',159),(2,'27476',160),(2,'27477',161),(2,'27478',162),(2,'27479',163),(2,'27480',164),(2,'27481',87),(2,'27486',71),(2,'27488',114),(2,'27489',125),(2,'27490',124),(2,'27491',123),(2,'27492',122),(2,'27493',121),(2,'27494',120),(2,'27495',119),(2,'27496',118),(2,'27497',117),(2,'27498',116),(2,'27499',115),(2,'27500',102),(2,'27501',113),(2,'27502',112),(2,'27503',111),(2,'27504',110),(2,'27505',109),(2,'27506',108),(2,'27507',107),(2,'27508',106),(2,'27509',105),(2,'27510',104),(2,'27511',103),(2,'27512',95),(2,'27513',96),(2,'27514',97),(2,'27515',98),(2,'27516',99),(2,'27517',100),(2,'27518',101),(2,'27519',73),(2,'27520',340),(2,'27521',6),(2,'27522',341),(2,'27523',7),(2,'2780',126),(2,'2781',127),(2,'27915',342),(2,'27922',74),(2,'27926',75),(2,'27927',54),(2,'27928',23),(2,'27943',8),(2,'27944',19),(2,'27945',20),(2,'27946',84),(2,'27947',92),(2,'27949',14),(2,'27950',15),(2,'27955',79),(2,'27956',336),(2,'27957',337),(2,'27958',88),(2,'27959',93),(2,'27960',94),(2,'27961',40),(2,'27962',41),(2,'27963',42),(2,'27964',43),(2,'27965',44),(2,'27966',45),(2,'27967',2333),(2,'27968',2334),(2,'27969',2335),(2,'27970',2336),(2,'27971',2337),(2,'27972',2338),(2,'27973',2339),(2,'27974',2340),(2,'27975',2341),(2,'27976',2342),(2,'27977',2343),(2,'27978',2344),(2,'27979',2345),(2,'27980',2346),(2,'27981',2347),(2,'27982',2348),(2,'27983',2349),(2,'27984',2350),(2,'27985',2351),(2,'27986',2352),(2,'27987',2353),(2,'27988',2354),(2,'27989',2355),(2,'27990',2356),(2,'27991',2357),(2,'27992',2358),(2,'27993',2359),(2,'27994',2360),(2,'27995',2361),(2,'27996',2362),(2,'27997',2363),(2,'27998',2364),(2,'27999',2365),(2,'28000',2366),(2,'28001',2367),(2,'28002',2368),(2,'28003',2369),(2,'28004',2370),(2,'28005',2371),(2,'28006',2372),(2,'28007',2373),(2,'28008',2374),(2,'28009',2375),(2,'28010',2376),(2,'28011',2377),(2,'28012',2378),(2,'28013',2379),(2,'28014',2380),(2,'28015',2381),(2,'28016',2382),(2,'28017',2383),(2,'28018',2384),(2,'28019',2385),(2,'28020',2386),(2,'28021',2387),(2,'28022',2388),(2,'28023',2389),(2,'28024',2390),(2,'28025',2391),(2,'28026',2392),(2,'28027',2393),(2,'28028',2394),(2,'28029',2395),(2,'28030',2396),(2,'28031',2397),(2,'28032',2398),(2,'28033',2399),(2,'28034',2400),(2,'28035',2401),(2,'28036',2402),(2,'28037',2403),(2,'28038',2404),(2,'28039',2405),(2,'28040',2406),(2,'28041',2407),(2,'28042',2408),(2,'28043',2409),(2,'28044',2410),(2,'28045',2411),(2,'28046',2412),(2,'28047',2413),(2,'28048',2414),(2,'28049',2415),(2,'28050',2416),(2,'28051',2417),(2,'28052',2418),(2,'28053',2419),(2,'28054',2420),(2,'28055',2421),(2,'28056',2422),(2,'28057',2423),(2,'28058',2424),(2,'28059',2425),(2,'28060',2426),(2,'28061',2427),(2,'28062',2428),(2,'28063',2429),(2,'28064',2430),(2,'28065',2431),(2,'28066',2432),(2,'28067',2433),(2,'28068',2434),(2,'28069',2435),(2,'28070',2436),(2,'28071',2437),(2,'28072',2438),(2,'28073',2439),(2,'28074',2440),(2,'28075',2441),(2,'28076',2442),(2,'28077',2443),(2,'28078',2444),(2,'28079',2445),(2,'28080',2446),(2,'28081',2447),(2,'28082',2448),(2,'28083',2449),(2,'28084',2450),(2,'28085',2451),(2,'28086',2452),(2,'28087',2453),(2,'28088',2454),(2,'28089',2455),(2,'28090',2456),(2,'28091',2457),(2,'28092',2458),(2,'28093',2459),(2,'28094',2460),(2,'28095',2461),(2,'28096',2462),(2,'28097',2463),(2,'28098',2464),(2,'28099',2465),(2,'28100',2466),(2,'28101',2467),(2,'28102',2468),(2,'28103',2469),(2,'28104',2470),(2,'28105',2471),(2,'28106',2472),(2,'28107',2473),(2,'28108',2474),(2,'28109',2475),(2,'28110',2476),(2,'28111',2477),(2,'28112',2478),(2,'28113',2479),(2,'28114',2480),(2,'28115',2481),(2,'28116',2482),(2,'28117',2483),(2,'28118',2484),(2,'28119',2485),(2,'28120',2486),(2,'28121',2487),(2,'28122',2488),(2,'28123',2489),(2,'28124',2490),(2,'28125',2491),(2,'28126',2492),(2,'28127',2493),(2,'28128',2494),(2,'28129',2495),(2,'28130',2496),(2,'28131',2497),(2,'28132',2498),(2,'28133',2499),(2,'28134',2500),(2,'28135',2501),(2,'28136',2502),(2,'28137',2503),(2,'28138',2504),(2,'28139',2505),(2,'28140',2506),(2,'28141',2507),(2,'28142',2508),(2,'28143',2509),(2,'28144',2510),(2,'28145',2511),(2,'28146',2512),(2,'28147',2513),(2,'28148',2514),(2,'28149',2515),(2,'28150',2516),(2,'28151',2517),(2,'28152',2518),(2,'28153',2519),(2,'28154',2520),(2,'28155',2521),(2,'28156',2522),(2,'28157',2523),(2,'28158',2524),(2,'28159',2525),(2,'28160',2526),(2,'28161',2527),(2,'28162',2528),(2,'28163',2529),(2,'28164',2530),(2,'28165',2531),(2,'28166',2532),(2,'28167',2533),(2,'28168',2534),(2,'28169',2535),(2,'28170',2536),(2,'28171',2537),(2,'28172',2538),(2,'28173',2539),(2,'28174',2540),(2,'28175',2541),(2,'28176',2542),(2,'28177',2543),(2,'28178',2544),(2,'28179',2545),(2,'28180',2546),(2,'28181',2547),(2,'28182',2548),(2,'28183',2549),(2,'28184',2550),(2,'28185',2551),(2,'28186',2552),(2,'28187',2553),(2,'28188',2554),(2,'28189',2555),(2,'28190',2556),(2,'28191',2557),(2,'28192',2558),(2,'28193',2559),(2,'28194',2560),(2,'28195',2561),(2,'28196',2562),(2,'28197',2563),(2,'28198',2564),(2,'28199',2565),(2,'28200',2566),(2,'28201',2567),(2,'28202',2568),(2,'28203',2569),(2,'28204',2570),(2,'28205',2571),(2,'28206',2572),(2,'28207',2573),(2,'28208',2574),(2,'28209',2575),(2,'28210',2576),(2,'28211',2577),(2,'28212',2578),(2,'28213',2579),(2,'28214',2580),(2,'28215',2581),(2,'28216',2582),(2,'28217',2583),(2,'28218',2584),(2,'28219',2589),(2,'28220',2590),(2,'28221',2591),(2,'28222',2592),(2,'28223',2612),(2,'28224',2613),(2,'28225',2614),(2,'28226',2616),(2,'28227',2618),(2,'28228',2620),(2,'28229',2622),(2,'28230',2624),(2,'28231',2626),(2,'28232',2628),(2,'28233',2629),(2,'28234',2630),(2,'28235',2631),(2,'28236',2632),(2,'28237',2633),(2,'28238',2615),(2,'28239',2617),(2,'28240',2619),(2,'28241',2621),(2,'28242',2623),(2,'28243',2625),(2,'28244',2627),(2,'28245',3060),(2,'28246',3061),(2,'28247',3063),(2,'28248',3058),(3,'1602',1602),(3,'1662',1662),(3,'1663',1663),(3,'1768',1768),(3,'1772',1772),(3,'1773',1773),(3,'1777',1777),(3,'1825',1825),(3,'1845',1845),(3,'1847',1847),(3,'1848',1848),(3,'1857',1857),(3,'1860',1860),(3,'1866',1866),(3,'1882',1882),(3,'1883',1883),(3,'1885',1885),(3,'1886',1886),(3,'1887',1887),(3,'1888',1888),(3,'1889',1889),(3,'1890',1890),(3,'1891',1891),(3,'1892',1892),(3,'1893',1893),(3,'1894',1894),(3,'1895',1895),(3,'1896',1896),(3,'1897',1897),(3,'1898',1898),(3,'1899',1899),(3,'1900',1900),(3,'1901',1901),(3,'1902',1902),(3,'1903',1903),(3,'1904',1904),(3,'1905',1905),(3,'1906',1906),(3,'1907',1907),(3,'1908',1908),(3,'1909',1909),(3,'1910',1910),(3,'1911',1911),(3,'1912',1912),(3,'1913',1913),(3,'1914',1914),(3,'1915',1915),(3,'1916',1916),(3,'1917',1917),(3,'1918',1918),(3,'1919',1919),(3,'1920',1920),(3,'1921',1921),(3,'1922',1922),(3,'1923',1923),(3,'1924',1924),(3,'1996',1996),(3,'1999',1999),(3,'2000',2000),(3,'2001',2001),(3,'2002',2002),(3,'2003',2003),(3,'2004',2004),(3,'2005',2005),(3,'2006',2006),(3,'2009',2009),(3,'2010',2010),(3,'2011',2011),(3,'2012',2012),(3,'2013',2013),(3,'2016',2016),(3,'2017',2017),(3,'2020',2020),(3,'2023',2023),(3,'21',21),(3,'22',22),(3,'23',23),(3,'24',24),(3,'25',25),(3,'27',27),(3,'30',30),(3,'343',343),(3,'37',37),(3,'40',40),(3,'41',41),(3,'417',417),(3,'46',46),(3,'49',49),(3,'80',80),(3,'85',85),(124,'10',10),(124,'100',100),(124,'101',101),(124,'102',102),(124,'1021',1021),(124,'1023',1023),(124,'1024',1024),(124,'103',103),(124,'104',104),(124,'105',105),(124,'106',106),(124,'107',107),(124,'108',108),(124,'109',109),(124,'11',11),(124,'110',110),(124,'111',111),(124,'112',112),(124,'113',113),(124,'114',114),(124,'115',115),(124,'116',116),(124,'117',117),(124,'118',118),(124,'119',119),(124,'120',120),(124,'121',121),(124,'122',122),(124,'123',123),(124,'124',124),(124,'125',125),(124,'126',126),(124,'127',127),(124,'1280',1280),(124,'1281',1281),(124,'1282',1282),(124,'1283',1283),(124,'1284',1284),(124,'1441',1441),(124,'153',153),(124,'154',154),(124,'1594',1594),(124,'1597',1597),(124,'1599',1599),(124,'16',16),(124,'1600',1600),(124,'1601',1601),(124,'1602',1602),(124,'1603',1603),(124,'1604',1604),(124,'1605',1605),(124,'1606',1606),(124,'1609',1609),(124,'1610',1610),(124,'1612',1612),(124,'1613',1613),(124,'1614',1614),(124,'1615',1615),(124,'1616',1616),(124,'1617',1617),(124,'1618',1618),(124,'1619',1619),(124,'1622',1622),(124,'1623',1623),(124,'1624',1624),(124,'1625',1625),(124,'1626',1626),(124,'1627',1627),(124,'1628',1628),(124,'1629',1629),(124,'1631',1631),(124,'1632',1632),(124,'1633',1633),(124,'1634',1634),(124,'1638',1638),(124,'1639',1639),(124,'1652',1652),(124,'1653',1653),(124,'1654',1654),(124,'1655',1655),(124,'1656',1656),(124,'1657',1657),(124,'1658',1658),(124,'1659',1659),(124,'1660',1660),(124,'1662',1662),(124,'1663',1663),(124,'1664',1664),(124,'1665',1665),(124,'1666',1666),(124,'1670',1670),(124,'1671',1671),(124,'1672',1672),(124,'1673',1673),(124,'1674',1674),(124,'1675',1675),(124,'1677',1677),(124,'1678',1678),(124,'1679',1679),(124,'1680',1680),(124,'1681',1681),(124,'1682',1682),(124,'1683',1683),(124,'1684',1684),(124,'1685',1685),(124,'1686',1686),(124,'1687',1687),(124,'1688',1688),(124,'1689',1689),(124,'1691',1691),(124,'1692',1692),(124,'1693',1693),(124,'1694',1694),(124,'1695',1695),(124,'1697',1697),(124,'1698',1698),(124,'1699',1699),(124,'17',17),(124,'1700',1700),(124,'1701',1701),(124,'1702',1702),(124,'1703',1703),(124,'1704',1704),(124,'1705',1705),(124,'1706',1706),(124,'1717',1717),(124,'1718',1718),(124,'1719',1719),(124,'1720',1720),(124,'1721',1721),(124,'1726',1726),(124,'1727',1727),(124,'1728',1728),(124,'1765',1765),(124,'1766',1766),(124,'1767',1767),(124,'1768',1768),(124,'1769',1769),(124,'1770',1770),(124,'1772',1772),(124,'1773',1773),(124,'1775',1775),(124,'1776',1776),(124,'1777',1777),(124,'1778',1778),(124,'1782',1782),(124,'1787',1787),(124,'1793',1793),(124,'1794',1794),(124,'1795',1795),(124,'1796',1796),(124,'1797',1797),(124,'1798',1798),(124,'1799',1799),(124,'18',18),(124,'1801',1801),(124,'1803',1803),(124,'1806',1806),(124,'1807',1807),(124,'1823',1823),(124,'1824',1824),(124,'1825',1825),(124,'1826',1826),(124,'1828',1828),(124,'1829',1829),(124,'1831',1831),(124,'1832',1832),(124,'1833',1833),(124,'1840',1840),(124,'1841',1841),(124,'1845',1845),(124,'1846',1846),(124,'1847',1847),(124,'1848',1848),(124,'1849',1849),(124,'1850',1850),(124,'1851',1851),(124,'1852',1852),(124,'1853',1853),(124,'1854',1854),(124,'1855',1855),(124,'1856',1856),(124,'1857',1857),(124,'1858',1858),(124,'1859',1859),(124,'1860',1860),(124,'1861',1861),(124,'1862',1862),(124,'1863',1863),(124,'1864',1864),(124,'1865',1865),(124,'1866',1866),(124,'1867',1867),(124,'1868',1868),(124,'1869',1869),(124,'1870',1870),(124,'1871',1871),(124,'1872',1872),(124,'1874',1874),(124,'1875',1875),(124,'1876',1876),(124,'1877',1877),(124,'1878',1878),(124,'1879',1879),(124,'1880',1880),(124,'1882',1882),(124,'1883',1883),(124,'1885',1885),(124,'1886',1886),(124,'1887',1887),(124,'1888',1888),(124,'1889',1889),(124,'1890',1890),(124,'1891',1891),(124,'1892',1892),(124,'1893',1893),(124,'1894',1894),(124,'1895',1895),(124,'1896',1896),(124,'1897',1897),(124,'1898',1898),(124,'1899',1899),(124,'1900',1900),(124,'1901',1901),(124,'1902',1902),(124,'1903',1903),(124,'1904',1904),(124,'1905',1905),(124,'1906',1906),(124,'1907',1907),(124,'1908',1908),(124,'1909',1909),(124,'1910',1910),(124,'1911',1911),(124,'1912',1912),(124,'1913',1913),(124,'1914',1914),(124,'1915',1915),(124,'1916',1916),(124,'1917',1917),(124,'1918',1918),(124,'1919',1919),(124,'1920',1920),(124,'1921',1921),(124,'1922',1922),(124,'1923',1923),(124,'1924',1924),(124,'1925',1925),(124,'1926',1926),(124,'1927',1927),(124,'1928',1928),(124,'1929',1929),(124,'1930',1930),(124,'1931',1931),(124,'1932',1932),(124,'1933',1933),(124,'1934',1934),(124,'1935',1935),(124,'1936',1936),(124,'1937',1937),(124,'1938',1938),(124,'1939',1939),(124,'1940',1940),(124,'1941',1941),(124,'1942',1942),(124,'1943',1943),(124,'1944',1944),(124,'1945',1945),(124,'1946',1946),(124,'1947',1947),(124,'1948',1948),(124,'1949',1949),(124,'1950',1950),(124,'1951',1951),(124,'1952',1952),(124,'1953',1953),(124,'1954',1954),(124,'1955',1955),(124,'1956',1956),(124,'1957',1957),(124,'1958',1958),(124,'1959',1959),(124,'1960',1960),(124,'1961',1961),(124,'1962',1962),(124,'1963',1963),(124,'1964',1964),(124,'1965',1965),(124,'1966',1966),(124,'1967',1967),(124,'1968',1968),(124,'1969',1969),(124,'1970',1970),(124,'1972',1972),(124,'1973',1973),(124,'1974',1974),(124,'1975',1975),(124,'1976',1976),(124,'1977',1977),(124,'1978',1978),(124,'1979',1979),(124,'1980',1980),(124,'1981',1981),(124,'1982',1982),(124,'1983',1983),(124,'1984',1984),(124,'1985',1985),(124,'1986',1986),(124,'1988',1988),(124,'1989',1989),(124,'1991',1991),(124,'1992',1992),(124,'1993',1993),(124,'1994',1994),(124,'1995',1995),(124,'1996',1996),(124,'1997',1997),(124,'1998',1998),(124,'1999',1999),(124,'2000',2000),(124,'2001',2001),(124,'2002',2002),(124,'2003',2003),(124,'2004',2004),(124,'2005',2005),(124,'2006',2006),(124,'2007',2007),(124,'2008',2008),(124,'2009',2009),(124,'2010',2010),(124,'2011',2011),(124,'2012',2012),(124,'2013',2013),(124,'2014',2014),(124,'2016',2016),(124,'2017',2017),(124,'2018',2018),(124,'2020',2020),(124,'2021',2021),(124,'2022',2022),(124,'2023',2023),(124,'2025',2025),(124,'2026',2026),(124,'2027',2027),(124,'2028',2028),(124,'2029',2029),(124,'2030',2030),(124,'2031',2031),(124,'2032',2032),(124,'2033',2033),(124,'2034',2034),(124,'2035',2035),(124,'2037',2037),(124,'2038',2038),(124,'2039',2039),(124,'2040',2040),(124,'2041',2041),(124,'2042',2042),(124,'2043',2043),(124,'2044',2044),(124,'2045',2045),(124,'2046',2046),(124,'2047',2047),(124,'2048',2048),(124,'2049',2049),(124,'2050',2050),(124,'2051',2051),(124,'2052',2052),(124,'2053',2053),(124,'2054',2054),(124,'2055',2055),(124,'2056',2056),(124,'2057',2057),(124,'2058',2058),(124,'2059',2059),(124,'2060',2060),(124,'2061',2061),(124,'2062',2062),(124,'2063',2063),(124,'2064',2064),(124,'2065',2065),(124,'2066',2066),(124,'2067',2067),(124,'2068',2068),(124,'2069',2069),(124,'2070',2070),(124,'2071',2071),(124,'2072',2072),(124,'2073',2073),(124,'2074',2074),(124,'2075',2075),(124,'2076',2076),(124,'2077',2077),(124,'2078',2078),(124,'2079',2079),(124,'2080',2080),(124,'2081',2081),(124,'2082',2082),(124,'2083',2083),(124,'2084',2084),(124,'2085',2085),(124,'2086',2086),(124,'2088',2088),(124,'2089',2089),(124,'2090',2090),(124,'2091',2091),(124,'2092',2092),(124,'2093',2093),(124,'2094',2094),(124,'2095',2095),(124,'2096',2096),(124,'2097',2097),(124,'2098',2098),(124,'2099',2099),(124,'21',21),(124,'2100',2100),(124,'2101',2101),(124,'2102',2102),(124,'2103',2103),(124,'2104',2104),(124,'2105',2105),(124,'2106',2106),(124,'2107',2107),(124,'2108',2108),(124,'2109',2109),(124,'2110',2110),(124,'2111',2111),(124,'2112',2112),(124,'2113',2113),(124,'2114',2114),(124,'2115',2115),(124,'2116',2116),(124,'2117',2117),(124,'2118',2118),(124,'2119',2119),(124,'2120',2120),(124,'2121',2121),(124,'2122',2122),(124,'2123',2123),(124,'2124',2124),(124,'2125',2125),(124,'2126',2126),(124,'2127',2127),(124,'2128',2128),(124,'2129',2129),(124,'2130',2130),(124,'2131',2131),(124,'2133',2133),(124,'2134',2134),(124,'2135',2135),(124,'2136',2136),(124,'2137',2137),(124,'2138',2138),(124,'2139',2139),(124,'2140',2140),(124,'2141',2141),(124,'2142',2142),(124,'2143',2143),(124,'2144',2144),(124,'2145',2145),(124,'2146',2146),(124,'2147',2147),(124,'2148',2148),(124,'2149',2149),(124,'2150',2150),(124,'2151',2151),(124,'2154',2154),(124,'2155',2155),(124,'2156',2156),(124,'2161',2161),(124,'2162',2162),(124,'2163',2163),(124,'2164',2164),(124,'2165',2165),(124,'2166',2166),(124,'2167',2167),(124,'2168',2168),(124,'2170',2170),(124,'2171',2171),(124,'2172',2172),(124,'2173',2173),(124,'2174',2174),(124,'2175',2175),(124,'2177',2177),(124,'2178',2178),(124,'2179',2179),(124,'2180',2180),(124,'2181',2181),(124,'2182',2182),(124,'2183',2183),(124,'2184',2184),(124,'2185',2185),(124,'2186',2186),(124,'2187',2187),(124,'2188',2188),(124,'2189',2189),(124,'2190',2190),(124,'2191',2191),(124,'2192',2192),(124,'2193',2193),(124,'2194',2194),(124,'2195',2195),(124,'2196',2196),(124,'2197',2197),(124,'2198',2198),(124,'2199',2199),(124,'22',22),(124,'2200',2200),(124,'2201',2201),(124,'2202',2202),(124,'2203',2203),(124,'2204',2204),(124,'2205',2205),(124,'2206',2206),(124,'2207',2207),(124,'2208',2208),(124,'2209',2209),(124,'2210',2210),(124,'2211',2211),(124,'2212',2212),(124,'2213',2213),(124,'2214',2214),(124,'2215',2215),(124,'2216',2216),(124,'2217',2217),(124,'2218',2218),(124,'2219',2219),(124,'2220',2220),(124,'2221',2221),(124,'2222',2222),(124,'2223',2223),(124,'2224',2224),(124,'2225',2225),(124,'2226',2226),(124,'2227',2227),(124,'2228',2228),(124,'2229',2229),(124,'2230',2230),(124,'2231',2231),(124,'2232',2232),(124,'2233',2233),(124,'2234',2234),(124,'2235',2235),(124,'2236',2236),(124,'2237',2237),(124,'2238',2238),(124,'2239',2239),(124,'2240',2240),(124,'2241',2241),(124,'2242',2242),(124,'2243',2243),(124,'2244',2244),(124,'2245',2245),(124,'2246',2246),(124,'2247',2247),(124,'2248',2248),(124,'2249',2249),(124,'2250',2250),(124,'2251',2251),(124,'2252',2252),(124,'2253',2253),(124,'2254',2254),(124,'2255',2255),(124,'2256',2256),(124,'2257',2257),(124,'2258',2258),(124,'2259',2259),(124,'2260',2260),(124,'2261',2261),(124,'2262',2262),(124,'2263',2263),(124,'2264',2264),(124,'2265',2265),(124,'2266',2266),(124,'2267',2267),(124,'2268',2268),(124,'2269',2269),(124,'2270',2270),(124,'2271',2271),(124,'2272',2272),(124,'2273',2273),(124,'2274',2274),(124,'2275',2275),(124,'2276',2276),(124,'2277',2277),(124,'2278',2278),(124,'2279',2279),(124,'2280',2280),(124,'2281',2281),(124,'2282',2282),(124,'2283',2283),(124,'2284',2284),(124,'2285',2285),(124,'2286',2286),(124,'2287',2287),(124,'2288',2288),(124,'2289',2289),(124,'2290',2290),(124,'2291',2291),(124,'2292',2292),(124,'2293',2293),(124,'2294',2294),(124,'2295',2295),(124,'2296',2296),(124,'2297',2297),(124,'2298',2298),(124,'2299',2299),(124,'23',23),(124,'2300',2300),(124,'2301',2301),(124,'2302',2302),(124,'2303',2303),(124,'2304',2304),(124,'2305',2305),(124,'2306',2306),(124,'2307',2307),(124,'2308',2308),(124,'2309',2309),(124,'2310',2310),(124,'2311',2311),(124,'2312',2312),(124,'2313',2313),(124,'2314',2314),(124,'2315',2315),(124,'2316',2316),(124,'2317',2317),(124,'2318',2318),(124,'2319',2319),(124,'2320',2320),(124,'2321',2321),(124,'2322',2322),(124,'2323',2323),(124,'2324',2324),(124,'2325',2325),(124,'2326',2326),(124,'2327',2327),(124,'2328',2328),(124,'2329',2329),(124,'2330',2330),(124,'2331',2331),(124,'2332',2332),(124,'2333',2333),(124,'2334',2334),(124,'2335',2335),(124,'2336',2336),(124,'2337',2337),(124,'2338',2338),(124,'2339',2339),(124,'2340',2340),(124,'2341',2341),(124,'2342',2342),(124,'2343',2343),(124,'2344',2344),(124,'2345',2345),(124,'2346',2346),(124,'2347',2347),(124,'2348',2348),(124,'2349',2349),(124,'2350',2350),(124,'2351',2351),(124,'2352',2352),(124,'2353',2353),(124,'2354',2354),(124,'2355',2355),(124,'2356',2356),(124,'2357',2357),(124,'2358',2358),(124,'2359',2359),(124,'2360',2360),(124,'2361',2361),(124,'2362',2362),(124,'2363',2363),(124,'2364',2364),(124,'2365',2365),(124,'2366',2366),(124,'2367',2367),(124,'2368',2368),(124,'2369',2369),(124,'2370',2370),(124,'2371',2371),(124,'2372',2372),(124,'2373',2373),(124,'2374',2374),(124,'2375',2375),(124,'2376',2376),(124,'2377',2377),(124,'2378',2378),(124,'2379',2379),(124,'2380',2380),(124,'2381',2381),(124,'2382',2382),(124,'2383',2383),(124,'2384',2384),(124,'2385',2385),(124,'2386',2386),(124,'2387',2387),(124,'2388',2388),(124,'2389',2389),(124,'2390',2390),(124,'2391',2391),(124,'2392',2392),(124,'2393',2393),(124,'2394',2394),(124,'2395',2395),(124,'2396',2396),(124,'2397',2397),(124,'2398',2398),(124,'2399',2399),(124,'24',24),(124,'2400',2400),(124,'2401',2401),(124,'2402',2402),(124,'2403',2403),(124,'2404',2404),(124,'2405',2405),(124,'2406',2406),(124,'2407',2407),(124,'2408',2408),(124,'2409',2409),(124,'2410',2410),(124,'2411',2411),(124,'2412',2412),(124,'2413',2413),(124,'2414',2414),(124,'2415',2415),(124,'2416',2416),(124,'2417',2417),(124,'2418',2418),(124,'2419',2419),(124,'2420',2420),(124,'2421',2421),(124,'2422',2422),(124,'2423',2423),(124,'2424',2424),(124,'2425',2425),(124,'2426',2426),(124,'2427',2427),(124,'2428',2428),(124,'2429',2429),(124,'2430',2430),(124,'2431',2431),(124,'2432',2432),(124,'2433',2433),(124,'2434',2434),(124,'2435',2435),(124,'2436',2436),(124,'2437',2437),(124,'2438',2438),(124,'2439',2439),(124,'2440',2440),(124,'2441',2441),(124,'2442',2442),(124,'2443',2443),(124,'2444',2444),(124,'2445',2445),(124,'2446',2446),(124,'2447',2447),(124,'2448',2448),(124,'2449',2449),(124,'2450',2450),(124,'2451',2451),(124,'2452',2452),(124,'2453',2453),(124,'2454',2454),(124,'2455',2455),(124,'2456',2456),(124,'2457',2457),(124,'2458',2458),(124,'2459',2459),(124,'2460',2460),(124,'2461',2461),(124,'2462',2462),(124,'2463',2463),(124,'2464',2464),(124,'2465',2465),(124,'2466',2466),(124,'2467',2467),(124,'2468',2468),(124,'2469',2469),(124,'2470',2470),(124,'2471',2471),(124,'2472',2472),(124,'2473',2473),(124,'2474',2474),(124,'2475',2475),(124,'2476',2476),(124,'2477',2477),(124,'2478',2478),(124,'2479',2479),(124,'2480',2480),(124,'2481',2481),(124,'2482',2482),(124,'2483',2483),(124,'2484',2484),(124,'2485',2485),(124,'2486',2486),(124,'2487',2487),(124,'2488',2488),(124,'2489',2489),(124,'2490',2490),(124,'2491',2491),(124,'2492',2492),(124,'2493',2493),(124,'2494',2494),(124,'2495',2495),(124,'2496',2496),(124,'2497',2497),(124,'2498',2498),(124,'2499',2499),(124,'25',25),(124,'2500',2500),(124,'2501',2501),(124,'2502',2502),(124,'2503',2503),(124,'2504',2504),(124,'2505',2505),(124,'2506',2506),(124,'2507',2507),(124,'2508',2508),(124,'2509',2509),(124,'2510',2510),(124,'2511',2511),(124,'2512',2512),(124,'2513',2513),(124,'2514',2514),(124,'2515',2515),(124,'2516',2516),(124,'2517',2517),(124,'2518',2518),(124,'2519',2519),(124,'2520',2520),(124,'2521',2521),(124,'2522',2522),(124,'2523',2523),(124,'2524',2524),(124,'2525',2525),(124,'2526',2526),(124,'2527',2527),(124,'2528',2528),(124,'2529',2529),(124,'2530',2530),(124,'2531',2531),(124,'2532',2532),(124,'2533',2533),(124,'2534',2534),(124,'2535',2535),(124,'2536',2536),(124,'2537',2537),(124,'2538',2538),(124,'2539',2539),(124,'2540',2540),(124,'2541',2541),(124,'2542',2542),(124,'2543',2543),(124,'2544',2544),(124,'2545',2545),(124,'2546',2546),(124,'2547',2547),(124,'2548',2548),(124,'2549',2549),(124,'2550',2550),(124,'2551',2551),(124,'2552',2552),(124,'2553',2553),(124,'2554',2554),(124,'2555',2555),(124,'2556',2556),(124,'2557',2557),(124,'2558',2558),(124,'2559',2559),(124,'2560',2560),(124,'2561',2561),(124,'2562',2562),(124,'2563',2563),(124,'2564',2564),(124,'2565',2565),(124,'2566',2566),(124,'2567',2567),(124,'2568',2568),(124,'2569',2569),(124,'2570',2570),(124,'2571',2571),(124,'2572',2572),(124,'2573',2573),(124,'2574',2574),(124,'2575',2575),(124,'2576',2576),(124,'2577',2577),(124,'2578',2578),(124,'2579',2579),(124,'2580',2580),(124,'2581',2581),(124,'2582',2582),(124,'2583',2583),(124,'2584',2584),(124,'2585',2585),(124,'2593',2593),(124,'2594',2594),(124,'2595',2595),(124,'2596',2596),(124,'2597',2597),(124,'2598',2598),(124,'2599',2599),(124,'26',26),(124,'2600',2600),(124,'2601',2601),(124,'2602',2602),(124,'2603',2603),(124,'2604',2604),(124,'2606',2606),(124,'2607',2607),(124,'2608',2608),(124,'2609',2609),(124,'2610',2610),(124,'2611',2611),(124,'2612',2612),(124,'2613',2613),(124,'2614',2614),(124,'2615',2615),(124,'2616',2616),(124,'2617',2617),(124,'2618',2618),(124,'2619',2619),(124,'2620',2620),(124,'2621',2621),(124,'2622',2622),(124,'2623',2623),(124,'2624',2624),(124,'2625',2625),(124,'2626',2626),(124,'2627',2627),(124,'2628',2628),(124,'2629',2629),(124,'2630',2630),(124,'2631',2631),(124,'2632',2632),(124,'2633',2633),(124,'2634',2634),(124,'2635',2635),(124,'2636',2636),(124,'2637',2637),(124,'2638',2638),(124,'2639',2639),(124,'2640',2640),(124,'2641',2641),(124,'2642',2642),(124,'2643',2643),(124,'2644',2644),(124,'2645',2645),(124,'2646',2646),(124,'2647',2647),(124,'2648',2648),(124,'2649',2649),(124,'2650',2650),(124,'2651',2651),(124,'2652',2652),(124,'2653',2653),(124,'2654',2654),(124,'2655',2655),(124,'2656',2656),(124,'2657',2657),(124,'2658',2658),(124,'2659',2659),(124,'2660',2660),(124,'2661',2661),(124,'2662',2662),(124,'2663',2663),(124,'2664',2664),(124,'2665',2665),(124,'2666',2666),(124,'2667',2667),(124,'2668',2668),(124,'2669',2669),(124,'2670',2670),(124,'2671',2671),(124,'2672',2672),(124,'2673',2673),(124,'2674',2674),(124,'2675',2675),(124,'2676',2676),(124,'2677',2677),(124,'2678',2678),(124,'2679',2679),(124,'2680',2680),(124,'2681',2681),(124,'2682',2682),(124,'2683',2683),(124,'2684',2684),(124,'2685',2685),(124,'2686',2686),(124,'2687',2687),(124,'2688',2688),(124,'2689',2689),(124,'2690',2690),(124,'2691',2691),(124,'2692',2692),(124,'2693',2693),(124,'2694',2694),(124,'2695',2695),(124,'2696',2696),(124,'2697',2697),(124,'2698',2698),(124,'2699',2699),(124,'27',27),(124,'2700',2700),(124,'2701',2701),(124,'2702',2702),(124,'2703',2703),(124,'2704',2704),(124,'2705',2705),(124,'2706',2706),(124,'2707',2707),(124,'2708',2708),(124,'2709',2709),(124,'2710',2710),(124,'2711',2711),(124,'2712',2712),(124,'2713',2713),(124,'2714',2714),(124,'2715',2715),(124,'2716',2716),(124,'2717',2717),(124,'2718',2718),(124,'2719',2719),(124,'2720',2720),(124,'2721',2721),(124,'2722',2722),(124,'2723',2723),(124,'2724',2724),(124,'2725',2725),(124,'2726',2726),(124,'2727',2727),(124,'2728',2728),(124,'2729',2729),(124,'2730',2730),(124,'2731',2731),(124,'2732',2732),(124,'2733',2733),(124,'2734',2734),(124,'2735',2735),(124,'2736',2736),(124,'2737',2737),(124,'2738',2738),(124,'2739',2739),(124,'2740',2740),(124,'2741',2741),(124,'2742',2742),(124,'2743',2743),(124,'2744',2744),(124,'2745',2745),(124,'2746',2746),(124,'2747',2747),(124,'2748',2748),(124,'2749',2749),(124,'2750',2750),(124,'2752',2752),(124,'2753',2753),(124,'2754',2754),(124,'2755',2755),(124,'2756',2756),(124,'2757',2757),(124,'2758',2758),(124,'2759',2759),(124,'2760',2760),(124,'2761',2761),(124,'2762',2762),(124,'2763',2763),(124,'2764',2764),(124,'2765',2765),(124,'2766',2766),(124,'2767',2767),(124,'2768',2768),(124,'2769',2769),(124,'2770',2770),(124,'2771',2771),(124,'2772',2772),(124,'2773',2773),(124,'2774',2774),(124,'2775',2775),(124,'2776',2776),(124,'2777',2777),(124,'2778',2778),(124,'2779',2779),(124,'2780',2780),(124,'2781',2781),(124,'2782',2782),(124,'2783',2783),(124,'2784',2784),(124,'2785',2785),(124,'2786',2786),(124,'2787',2787),(124,'2788',2788),(124,'2789',2789),(124,'2790',2790),(124,'2791',2791),(124,'2793',2793),(124,'2794',2794),(124,'2795',2795),(124,'2796',2796),(124,'2797',2797),(124,'2798',2798),(124,'2799',2799),(124,'28',28),(124,'2800',2800),(124,'2801',2801),(124,'2802',2802),(124,'2803',2803),(124,'2804',2804),(124,'2805',2805),(124,'2806',2806),(124,'2807',2807),(124,'2808',2808),(124,'2809',2809),(124,'2810',2810),(124,'2811',2811),(124,'2812',2812),(124,'2813',2813),(124,'2814',2814),(124,'2815',2815),(124,'2816',2816),(124,'2817',2817),(124,'2818',2818),(124,'2819',2819),(124,'2820',2820),(124,'2821',2821),(124,'2822',2822),(124,'2823',2823),(124,'2824',2824),(124,'2825',2825),(124,'2826',2826),(124,'2827',2827),(124,'2828',2828),(124,'2829',2829),(124,'2830',2830),(124,'2831',2831),(124,'2832',2832),(124,'2833',2833),(124,'2834',2834),(124,'2835',2835),(124,'2836',2836),(124,'2837',2837),(124,'2838',2838),(124,'2839',2839),(124,'2840',2840),(124,'2841',2841),(124,'2842',2842),(124,'2843',2843),(124,'2844',2844),(124,'2845',2845),(124,'2846',2846),(124,'2847',2847),(124,'2848',2848),(124,'2849',2849),(124,'2850',2850),(124,'2851',2851),(124,'2852',2852),(124,'2853',2853),(124,'2854',2854),(124,'2855',2855),(124,'2856',2856),(124,'2857',2857),(124,'2858',2858),(124,'2859',2859),(124,'2860',2860),(124,'2861',2861),(124,'2862',2862),(124,'2863',2863),(124,'2864',2864),(124,'2865',2865),(124,'2866',2866),(124,'2867',2867),(124,'2868',2868),(124,'2869',2869),(124,'2870',2870),(124,'2871',2871),(124,'2872',2872),(124,'2873',2873),(124,'2874',2874),(124,'2875',2875),(124,'2876',2876),(124,'2877',2877),(124,'2878',2878),(124,'2879',2879),(124,'2880',2880),(124,'2881',2881),(124,'2882',2882),(124,'2883',2883),(124,'2884',2884),(124,'2885',2885),(124,'2887',2887),(124,'2888',2888),(124,'2889',2889),(124,'2890',2890),(124,'2891',2891),(124,'2892',2892),(124,'2893',2893),(124,'2894',2894),(124,'2895',2895),(124,'2896',2896),(124,'2897',2897),(124,'2898',2898),(124,'2899',2899),(124,'29',29),(124,'2900',2900),(124,'2901',2901),(124,'2902',2902),(124,'2903',2903),(124,'2904',2904),(124,'2905',2905),(124,'2906',2906),(124,'2907',2907),(124,'2908',2908),(124,'2909',2909),(124,'2910',2910),(124,'2911',2911),(124,'2912',2912),(124,'2913',2913),(124,'2914',2914),(124,'2915',2915),(124,'2916',2916),(124,'2917',2917),(124,'2918',2918),(124,'2919',2919),(124,'2920',2920),(124,'2921',2921),(124,'2927',2927),(124,'2930',2930),(124,'2931',2931),(124,'2949',2949),(124,'2950',2950),(124,'2951',2951),(124,'2952',2952),(124,'2953',2953),(124,'2954',2954),(124,'2955',2955),(124,'2956',2956),(124,'2957',2957),(124,'2958',2958),(124,'2959',2959),(124,'2960',2960),(124,'2961',2961),(124,'2962',2962),(124,'2963',2963),(124,'2964',2964),(124,'2965',2965),(124,'2967',2967),(124,'2970',2970),(124,'2971',2971),(124,'2972',2972),(124,'2973',2973),(124,'2974',2974),(124,'2975',2975),(124,'2976',2976),(124,'2977',2977),(124,'2978',2978),(124,'2979',2979),(124,'2980',2980),(124,'2981',2981),(124,'2982',2982),(124,'2983',2983),(124,'2984',2984),(124,'2985',2985),(124,'2986',2986),(124,'2987',2987),(124,'2988',2988),(124,'2989',2989),(124,'2990',2990),(124,'2991',2991),(124,'2992',2992),(124,'2993',2993),(124,'2994',2994),(124,'2995',2995),(124,'2996',2996),(124,'2997',2997),(124,'2998',2998),(124,'2999',2999),(124,'30',30),(124,'3000',3000),(124,'3001',3001),(124,'3002',3002),(124,'3003',3003),(124,'3007',3007),(124,'3008',3008),(124,'3009',3009),(124,'3010',3010),(124,'3011',3011),(124,'3012',3012),(124,'3013',3013),(124,'3014',3014),(124,'3015',3015),(124,'3016',3016),(124,'3017',3017),(124,'3018',3018),(124,'3019',3019),(124,'3020',3020),(124,'3021',3021),(124,'3022',3022),(124,'3023',3023),(124,'3024',3024),(124,'3025',3025),(124,'3026',3026),(124,'3027',3027),(124,'3028',3028),(124,'3029',3029),(124,'3030',3030),(124,'3031',3031),(124,'3032',3032),(124,'3033',3033),(124,'3034',3034),(124,'3035',3035),(124,'3036',3036),(124,'3037',3037),(124,'3038',3038),(124,'3039',3039),(124,'3040',3040),(124,'3041',3041),(124,'3042',3042),(124,'3043',3043),(124,'3044',3044),(124,'3045',3045),(124,'3046',3046),(124,'3047',3047),(124,'3048',3048),(124,'3049',3049),(124,'3050',3050),(124,'3051',3051),(124,'3052',3052),(124,'3053',3053),(124,'3059',3059),(124,'3060',3060),(124,'3061',3061),(124,'31',31),(124,'32',32),(124,'336',336),(124,'343',343),(124,'345',345),(124,'347',347),(124,'35',35),(124,'352',352),(124,'355',355),(124,'356',356),(124,'357',357),(124,'358',358),(124,'359',359),(124,'36',36),(124,'362',362),(124,'363',363),(124,'364',364),(124,'365',365),(124,'366',366),(124,'367',367),(124,'368',368),(124,'369',369),(124,'37',37),(124,'370',370),(124,'371',371),(124,'372',372),(124,'373',373),(124,'374',374),(124,'375',375),(124,'38',38),(124,'39',39),(124,'393',393),(124,'394',394),(124,'395',395),(124,'396',396),(124,'4',4),(124,'40',40),(124,'41',41),(124,'415',415),(124,'417',417),(124,'42',42),(124,'420',420),(124,'421',421),(124,'425',425),(124,'426',426),(124,'427',427),(124,'43',43),(124,'435',435),(124,'437',437),(124,'44',44),(124,'449',449),(124,'45',45),(124,'458',458),(124,'46',46),(124,'463',463),(124,'47',47),(124,'48',48),(124,'49',49),(124,'50',50),(124,'505',505),(124,'51',51),(124,'52',52),(124,'53',53),(124,'537',537),(124,'538',538),(124,'54',54),(124,'556',556),(124,'557',557),(124,'558',558),(124,'559',559),(124,'560',560),(124,'561',561),(124,'562',562),(124,'563',563),(124,'564',564),(124,'565',565),(124,'6',6),(124,'645',645),(124,'646',646),(124,'647',647),(124,'648',648),(124,'649',649),(124,'650',650),(124,'651',651),(124,'652',652),(124,'653',653),(124,'68',68),(124,'680',680),(124,'682',682),(124,'684',684),(124,'685',685),(124,'687',687),(124,'688',688),(124,'689',689),(124,'69',69),(124,'70',70),(124,'71',71),(124,'73',73),(124,'737',737),(124,'74',74),(124,'75',75),(124,'763',763),(124,'764',764),(124,'79',79),(124,'80',80),(124,'81',81),(124,'82',82),(124,'83',83),(124,'84',84),(124,'85',85),(124,'86',86),(124,'87',87),(124,'88',88),(124,'89',89),(124,'9',9),(124,'90',90),(124,'91',91),(124,'92',92),(124,'93',93),(124,'94',94),(124,'95',95),(124,'96',96),(124,'97',97),(124,'98',98),(124,'99',99);
/*!40000 ALTER TABLE `cms3_import_objects` ENABLE KEYS */;
UNLOCK TABLES;

--
-- Table structure for table `cms3_import_offer_list`
--

DROP TABLE IF EXISTS `cms3_import_offer_list`;
/*!40101 SET @saved_cs_client     = @@character_set_client */;
/*!50503 SET character_set_client = utf8mb4 */;
CREATE TABLE `cms3_import_offer_list` (
  `external_id` varchar(255) NOT NULL,
  `internal_id` int unsigned NOT NULL,
  `source_id` int unsigned NOT NULL,
  KEY `external_id` (`external_id`,`source_id`),
  KEY `internal_id` (`internal_id`,`source_id`),
  KEY `source_id` (`source_id`),
  CONSTRAINT `internal id to offer` FOREIGN KEY (`internal_id`) REFERENCES `cms3_offer_list` (`id`) ON DELETE CASCADE ON UPDATE CASCADE,
  CONSTRAINT `offer source id to import source` FOREIGN KEY (`source_id`) REFERENCES `cms3_import_sources` (`id`) ON DELETE CASCADE ON UPDATE CASCADE
) ENGINE=InnoDB DEFAULT CHARSET=utf8mb3;
/*!40101 SET character_set_client = @saved_cs_client */;

--
-- Dumping data for table `cms3_import_offer_list`
--

LOCK TABLES `cms3_import_offer_list` WRITE;
/*!40000 ALTER TABLE `cms3_import_offer_list` DISABLE KEYS */;
INSERT INTO `cms3_import_offer_list` VALUES ('1',1,124),('2',2,124),('3',3,124),('4',4,124),('5',5,124),('6',6,124),('7',7,124),('8',8,124),('9',9,124),('10',10,124),('11',11,124),('12',12,124),('13',13,124),('14',14,124),('15',15,124),('16',16,124),('17',17,124),('18',18,124),('19',19,124),('20',20,124),('21',21,124),('22',22,124),('23',23,124),('24',24,124),('25',25,124),('26',26,124),('27',27,124),('28',28,124),('29',29,124),('30',30,124),('31',31,124),('32',32,124),('33',33,124),('34',34,124),('35',35,124),('36',36,124),('37',37,124),('38',38,124),('39',39,124),('40',40,124),('41',41,124),('42',42,124),('43',43,124),('44',44,124),('45',45,124),('46',46,124),('47',47,124),('48',48,124),('49',49,124),('50',50,124),('51',51,124),('52',52,124),('53',53,124),('54',54,124),('55',55,124),('56',56,124),('57',57,124),('58',58,124),('59',59,124),('60',60,124),('61',61,124),('62',62,124),('63',63,124),('64',64,124),('65',65,124),('66',66,124),('67',67,124),('68',68,124),('69',69,124),('70',70,124),('71',71,124),('72',72,124),('73',73,124),('74',74,124),('75',75,124),('76',76,124),('77',77,124),('78',78,124),('79',79,124),('80',80,124),('81',81,124),('82',82,124),('83',83,124),('84',84,124),('85',85,124),('86',86,124),('87',87,124),('88',88,124),('89',89,124),('90',90,124),('91',91,124),('92',92,124),('93',93,124),('94',94,124),('95',95,124),('96',96,124),('97',97,124),('98',98,124),('99',99,124),('100',100,124),('101',101,124),('102',102,124),('103',103,124),('104',104,124),('105',105,124),('106',106,124),('107',107,124),('108',108,124),('109',109,124),('110',110,124),('111',111,124),('112',112,124),('113',113,124),('114',114,124),('115',115,124),('116',116,124),('117',117,124),('118',118,124),('119',119,124),('121',121,124),('122',122,124),('123',123,124),('124',124,124),('125',125,124),('126',126,124),('127',127,124),('128',128,124),('129',129,124),('130',130,124),('131',131,124),('132',132,124),('133',133,124),('134',134,124),('135',135,124),('136',136,124),('137',137,124),('138',138,124),('139',139,124),('140',140,124),('141',141,124),('142',142,124),('143',143,124),('144',144,124),('145',145,124),('146',146,124),('147',147,124),('148',148,124),('149',149,124),('150',150,124),('151',151,124),('152',152,124),('153',153,124),('154',154,124),('155',155,124),('156',156,124),('157',157,124),('158',158,124),('159',159,124),('160',160,124),('161',161,124),('162',162,124),('163',163,124),('164',164,124),('165',165,124),('166',166,124),('167',167,124),('168',168,124),('169',169,124),('170',170,124),('171',171,124),('172',172,124),('173',173,124),('174',174,124),('175',175,124),('176',176,124),('177',177,124),('178',178,124),('179',179,124),('180',180,124),('181',181,124),('182',182,124),('183',183,124),('184',184,124),('185',185,124),('186',186,124),('187',187,124),('188',188,124),('189',189,124),('190',190,124),('191',191,124),('192',192,124),('193',193,124),('194',194,124),('195',195,124),('196',196,124),('197',197,124),('198',198,124),('199',199,124),('200',200,124),('201',201,124),('202',202,124),('203',203,124),('204',204,124),('205',205,124),('206',206,124),('207',207,124),('208',208,124),('209',209,124),('210',210,124),('211',211,124),('212',212,124),('213',213,124),('214',214,124),('215',215,124),('216',216,124),('217',217,124),('218',218,124),('219',219,124),('220',220,124),('221',221,124),('222',222,124),('223',223,124),('224',224,124),('225',225,124),('226',226,124),('227',227,124),('228',228,124),('229',229,124),('230',230,124),('231',231,124),('232',232,124),('233',233,124),('234',234,124),('235',235,124),('236',236,124),('237',237,124),('238',238,124),('239',239,124),('240',240,124),('241',241,124),('243',243,124),('244',244,124),('245',245,124),('246',246,124),('247',247,124),('248',248,124),('249',249,124),('250',250,124),('251',251,124),('252',252,124),('253',253,124),('254',254,124),('255',255,124),('256',256,124),('257',257,124),('258',258,124),('259',259,124),('260',260,124),('261',261,124),('262',262,124),('263',263,124),('264',264,124),('265',265,124),('266',266,124),('267',267,124),('268',268,124),('269',269,124),('270',270,124),('271',271,124),('272',272,124),('273',273,124),('274',274,124),('275',275,124),('276',276,124),('277',277,124),('283',283,124),('286',286,124),('287',287,124),('305',305,124),('306',306,124),('307',307,124),('308',308,124),('309',309,124),('310',310,124),('311',311,124),('312',312,124),('313',313,124),('314',314,124),('315',315,124),('316',316,124),('317',317,124),('318',318,124),('319',319,124),('320',320,124),('321',321,124),('323',323,124),('326',326,124),('327',327,124),('328',328,124),('329',329,124),('330',330,124),('331',331,124),('332',332,124),('333',333,124),('334',334,124),('335',335,124),('336',336,124),('337',337,124),('338',338,124),('339',339,124),('340',340,124),('341',341,124),('342',342,124),('343',343,124),('344',344,124),('345',345,124),('346',346,124),('347',347,124),('348',348,124),('349',349,124),('350',350,124),('351',351,124),('352',352,124),('353',353,124),('354',354,124),('355',355,124),('356',356,124),('357',357,124),('358',358,124),('359',359,124),('363',363,124),('364',364,124),('365',365,124),('366',366,124),('367',367,124),('368',368,124),('369',369,124),('370',370,124),('371',371,124),('372',372,124),('373',373,124),('374',374,124),('375',375,124),('376',376,124),('377',377,124),('378',378,124),('379',379,124),('380',380,124),('381',381,124),('382',382,124),('383',383,124),('384',384,124),('385',385,124),('386',386,124),('387',387,124),('388',388,124),('389',389,124),('390',390,124),('391',391,124),('392',392,124),('393',393,124),('394',394,124),('395',395,124),('396',396,124),('397',397,124),('398',398,124),('399',399,124),('400',400,124),('401',401,124),('402',402,124),('403',403,124);
/*!40000 ALTER TABLE `cms3_import_offer_list` ENABLE KEYS */;
UNLOCK TABLES;

--
-- Table structure for table `cms3_import_offer_price_list`
--

DROP TABLE IF EXISTS `cms3_import_offer_price_list`;
/*!40101 SET @saved_cs_client     = @@character_set_client */;
/*!50503 SET character_set_client = utf8mb4 */;
CREATE TABLE `cms3_import_offer_price_list` (
  `external_id` varchar(255) NOT NULL,
  `internal_id` int unsigned NOT NULL,
  `source_id` int unsigned NOT NULL,
  KEY `external_id` (`external_id`,`source_id`),
  KEY `internal_id` (`internal_id`,`source_id`),
  KEY `source_id` (`source_id`),
  CONSTRAINT `internal id to price` FOREIGN KEY (`internal_id`) REFERENCES `cms3_offer_price_list` (`id`) ON DELETE CASCADE ON UPDATE CASCADE,
  CONSTRAINT `price source id to import source` FOREIGN KEY (`source_id`) REFERENCES `cms3_import_sources` (`id`) ON DELETE CASCADE ON UPDATE CASCADE
) ENGINE=InnoDB DEFAULT CHARSET=utf8mb3;
/*!40101 SET character_set_client = @saved_cs_client */;

--
-- Dumping data for table `cms3_import_offer_price_list`
--

LOCK TABLES `cms3_import_offer_price_list` WRITE;
/*!40000 ALTER TABLE `cms3_import_offer_price_list` DISABLE KEYS */;
INSERT INTO `cms3_import_offer_price_list` VALUES ('1',1,124),('2',2,124),('3',3,124),('4',4,124),('5',5,124),('6',6,124),('7',7,124),('8',8,124),('9',9,124),('10',10,124),('11',11,124),('12',12,124),('13',13,124),('14',14,124),('15',15,124),('16',16,124),('17',17,124),('18',18,124),('19',19,124),('20',20,124),('21',21,124),('22',22,124),('23',23,124),('24',24,124),('25',25,124),('26',26,124),('27',27,124),('28',28,124),('29',29,124),('30',30,124),('31',31,124),('32',32,124),('33',33,124),('34',34,124),('35',35,124),('36',36,124),('37',37,124),('38',38,124),('39',39,124),('40',40,124),('41',41,124),('42',42,124),('43',43,124),('44',44,124),('45',45,124),('46',46,124),('47',47,124),('48',48,124),('49',49,124),('50',50,124),('51',51,124),('52',52,124),('53',53,124),('54',54,124),('55',55,124),('56',56,124),('57',57,124),('58',58,124),('59',59,124),('60',60,124),('61',61,124),('62',62,124),('63',63,124),('64',64,124),('65',65,124),('66',66,124),('67',67,124),('68',68,124),('69',69,124),('70',70,124),('71',71,124),('72',72,124),('73',73,124),('74',74,124),('75',75,124),('76',76,124),('77',77,124),('78',78,124),('79',79,124),('80',80,124),('81',81,124),('82',82,124),('83',83,124),('84',84,124),('85',85,124),('86',86,124),('87',87,124),('88',88,124),('89',89,124),('90',90,124),('91',91,124),('92',92,124),('93',93,124),('94',94,124),('95',95,124),('96',96,124),('97',97,124),('98',98,124),('99',99,124),('100',100,124),('101',101,124),('102',102,124),('103',103,124),('104',104,124),('105',105,124),('106',106,124),('107',107,124),('108',108,124),('109',109,124),('110',110,124),('111',111,124),('112',112,124),('113',113,124),('114',114,124),('115',115,124),('116',116,124),('117',117,124),('118',118,124),('119',119,124),('122',122,124),('123',123,124),('124',124,124),('125',125,124),('126',126,124),('127',127,124),('128',128,124),('129',129,124),('130',130,124),('131',131,124),('132',132,124),('133',133,124),('134',134,124),('135',135,124),('136',136,124),('137',137,124),('138',138,124),('139',139,124),('140',140,124),('141',141,124),('142',142,124),('143',143,124),('144',144,124),('145',145,124),('146',146,124),('147',147,124),('148',148,124),('149',149,124),('150',150,124),('151',151,124),('152',152,124),('153',153,124),('154',154,124),('155',155,124),('156',156,124),('157',157,124),('158',158,124),('159',159,124),('160',160,124),('161',161,124),('162',162,124),('163',163,124),('164',164,124),('165',165,124),('166',166,124),('167',167,124),('168',168,124),('169',169,124),('170',170,124),('171',171,124),('172',172,124),('173',173,124),('174',174,124),('175',175,124),('176',176,124),('177',177,124),('178',178,124),('179',179,124),('180',180,124),('181',181,124),('182',182,124),('183',183,124),('184',184,124),('185',185,124),('186',186,124),('187',187,124),('188',188,124),('189',189,124),('190',190,124),('191',191,124),('192',192,124),('193',193,124),('194',194,124),('195',195,124),('196',196,124),('197',197,124),('198',198,124),('199',199,124),('200',200,124),('201',201,124),('202',202,124),('203',203,124),('204',204,124),('205',205,124),('206',206,124),('207',207,124),('208',208,124),('209',209,124),('210',210,124),('211',211,124),('212',212,124),('213',213,124),('214',214,124),('215',215,124),('216',216,124),('217',217,124),('218',218,124),('219',219,124),('220',220,124),('221',221,124),('222',222,124),('223',223,124),('224',224,124),('225',225,124),('226',226,124),('227',227,124),('228',228,124),('229',229,124),('230',230,124),('231',231,124),('232',232,124),('233',233,124),('234',234,124),('235',235,124),('236',236,124),('237',237,124),('238',238,124),('239',239,124),('240',240,124),('241',241,124),('242',242,124),('244',244,124),('245',245,124),('246',246,124),('247',247,124),('248',248,124),('249',249,124),('250',250,124),('251',251,124),('252',252,124),('253',253,124),('254',254,124),('255',255,124),('256',256,124),('257',257,124),('258',258,124),('259',259,124),('260',260,124),('261',261,124),('262',262,124),('263',263,124),('264',264,124),('265',265,124),('266',266,124),('267',267,124),('268',268,124),('269',269,124),('270',270,124),('271',271,124),('272',272,124),('273',273,124),('274',274,124),('275',275,124),('276',276,124),('277',277,124),('278',278,124),('284',284,124),('287',287,124),('288',288,124),('306',306,124),('307',307,124),('308',308,124),('309',309,124),('310',310,124),('311',311,124),('312',312,124),('313',313,124),('314',314,124),('315',315,124),('316',316,124),('317',317,124),('318',318,124),('319',319,124),('320',320,124),('321',321,124),('322',322,124),('324',324,124),('327',327,124),('328',328,124),('329',329,124),('330',330,124),('331',331,124),('332',332,124),('333',333,124),('334',334,124),('335',335,124),('336',336,124),('337',337,124),('338',338,124),('339',339,124),('340',340,124),('341',341,124),('342',342,124),('343',343,124),('344',344,124),('345',345,124),('346',346,124),('347',347,124),('348',348,124),('349',349,124),('350',350,124),('351',351,124),('352',352,124),('353',353,124),('354',354,124),('355',355,124),('356',356,124),('357',357,124),('358',358,124),('359',359,124),('360',360,124),('361',361,124),('365',365,124),('366',366,124),('367',367,124),('368',368,124),('369',369,124),('370',370,124),('371',371,124),('372',372,124),('373',373,124),('374',374,124),('375',375,124),('376',376,124),('377',377,124),('378',378,124),('379',379,124),('380',380,124),('381',381,124),('382',382,124),('383',383,124),('384',384,124),('385',385,124),('386',386,124),('387',387,124),('388',388,124),('389',389,124),('390',390,124),('391',391,124),('392',392,124),('393',393,124),('394',394,124),('395',395,124),('396',396,124),('397',397,124),('398',398,124),('399',399,124),('400',400,124),('401',401,124),('402',402,124),('403',403,124),('404',404,124),('405',405,124);
/*!40000 ALTER TABLE `cms3_import_offer_price_list` ENABLE KEYS */;
UNLOCK TABLES;

--
-- Table structure for table `cms3_import_offer_price_type_list`
--

DROP TABLE IF EXISTS `cms3_import_offer_price_type_list`;
/*!40101 SET @saved_cs_client     = @@character_set_client */;
/*!50503 SET character_set_client = utf8mb4 */;
CREATE TABLE `cms3_import_offer_price_type_list` (
  `external_id` varchar(255) NOT NULL,
  `internal_id` int unsigned NOT NULL,
  `source_id` int unsigned NOT NULL,
  KEY `external_id` (`external_id`,`source_id`),
  KEY `internal_id` (`internal_id`,`source_id`),
  KEY `source_id` (`source_id`),
  CONSTRAINT `internal id to price type` FOREIGN KEY (`internal_id`) REFERENCES `cms3_offer_price_type_list` (`id`) ON DELETE CASCADE ON UPDATE CASCADE,
  CONSTRAINT `price type source id to import source` FOREIGN KEY (`source_id`) REFERENCES `cms3_import_sources` (`id`) ON DELETE CASCADE ON UPDATE CASCADE
) ENGINE=InnoDB DEFAULT CHARSET=utf8mb3;
/*!40101 SET character_set_client = @saved_cs_client */;

--
-- Dumping data for table `cms3_import_offer_price_type_list`
--

LOCK TABLES `cms3_import_offer_price_type_list` WRITE;
/*!40000 ALTER TABLE `cms3_import_offer_price_type_list` DISABLE KEYS */;
INSERT INTO `cms3_import_offer_price_type_list` VALUES ('1',1,2),('1',1,124);
/*!40000 ALTER TABLE `cms3_import_offer_price_type_list` ENABLE KEYS */;
UNLOCK TABLES;

--
-- Table structure for table `cms3_import_push_message_list`
--

DROP TABLE IF EXISTS `cms3_import_push_message_list`;
/*!40101 SET @saved_cs_client     = @@character_set_client */;
/*!50503 SET character_set_client = utf8mb4 */;
CREATE TABLE `cms3_import_push_message_list` (
  `external_id` varchar(255) NOT NULL,
  `internal_id` int unsigned NOT NULL,
  `source_id` int unsigned NOT NULL,
  KEY `external_id` (`external_id`,`source_id`),
  KEY `internal_id` (`internal_id`,`source_id`),
  KEY `source_id` (`source_id`),
  CONSTRAINT `internal id to message` FOREIGN KEY (`internal_id`) REFERENCES `cms3_push_message_list` (`id`) ON DELETE CASCADE ON UPDATE CASCADE,
  CONSTRAINT `message source id to import source` FOREIGN KEY (`source_id`) REFERENCES `cms3_import_sources` (`id`) ON DELETE CASCADE ON UPDATE CASCADE
) ENGINE=InnoDB DEFAULT CHARSET=utf8mb3;
/*!40101 SET character_set_client = @saved_cs_client */;

--
-- Dumping data for table `cms3_import_push_message_list`
--

LOCK TABLES `cms3_import_push_message_list` WRITE;
/*!40000 ALTER TABLE `cms3_import_push_message_list` DISABLE KEYS */;
/*!40000 ALTER TABLE `cms3_import_push_message_list` ENABLE KEYS */;
UNLOCK TABLES;

--
-- Table structure for table `cms3_import_push_subscriber_list`
--

DROP TABLE IF EXISTS `cms3_import_push_subscriber_list`;
/*!40101 SET @saved_cs_client     = @@character_set_client */;
/*!50503 SET character_set_client = utf8mb4 */;
CREATE TABLE `cms3_import_push_subscriber_list` (
  `external_id` varchar(255) NOT NULL,
  `internal_id` int unsigned NOT NULL,
  `source_id` int unsigned NOT NULL,
  KEY `external_id` (`external_id`,`source_id`),
  KEY `internal_id` (`internal_id`,`source_id`),
  KEY `source_id` (`source_id`),
  CONSTRAINT `internal id to subscriber` FOREIGN KEY (`internal_id`) REFERENCES `cms3_push_subscriber_list` (`id`) ON DELETE CASCADE ON UPDATE CASCADE,
  CONSTRAINT `subscriber source id to import source` FOREIGN KEY (`source_id`) REFERENCES `cms3_import_sources` (`id`) ON DELETE CASCADE ON UPDATE CASCADE
) ENGINE=InnoDB DEFAULT CHARSET=utf8mb3;
/*!40101 SET character_set_client = @saved_cs_client */;

--
-- Dumping data for table `cms3_import_push_subscriber_list`
--

LOCK TABLES `cms3_import_push_subscriber_list` WRITE;
/*!40000 ALTER TABLE `cms3_import_push_subscriber_list` DISABLE KEYS */;
/*!40000 ALTER TABLE `cms3_import_push_subscriber_list` ENABLE KEYS */;
UNLOCK TABLES;

--
-- Table structure for table `cms3_import_push_topic_list`
--

DROP TABLE IF EXISTS `cms3_import_push_topic_list`;
/*!40101 SET @saved_cs_client     = @@character_set_client */;
/*!50503 SET character_set_client = utf8mb4 */;
CREATE TABLE `cms3_import_push_topic_list` (
  `external_id` varchar(255) NOT NULL,
  `internal_id` int unsigned NOT NULL,
  `source_id` int unsigned NOT NULL,
  KEY `external_id` (`external_id`,`source_id`),
  KEY `internal_id` (`internal_id`,`source_id`),
  KEY `source_id` (`source_id`),
  CONSTRAINT `internal id to topic` FOREIGN KEY (`internal_id`) REFERENCES `cms3_push_topic_list` (`id`) ON DELETE CASCADE ON UPDATE CASCADE,
  CONSTRAINT `topic source id to import source` FOREIGN KEY (`source_id`) REFERENCES `cms3_import_sources` (`id`) ON DELETE CASCADE ON UPDATE CASCADE
) ENGINE=InnoDB DEFAULT CHARSET=utf8mb3;
/*!40101 SET character_set_client = @saved_cs_client */;

--
-- Dumping data for table `cms3_import_push_topic_list`
--

LOCK TABLES `cms3_import_push_topic_list` WRITE;
/*!40000 ALTER TABLE `cms3_import_push_topic_list` DISABLE KEYS */;
INSERT INTO `cms3_import_push_topic_list` VALUES ('1',1,1),('1',1,2);
/*!40000 ALTER TABLE `cms3_import_push_topic_list` ENABLE KEYS */;
UNLOCK TABLES;

--
-- Table structure for table `cms3_import_redirects`
--

DROP TABLE IF EXISTS `cms3_import_redirects`;
/*!40101 SET @saved_cs_client     = @@character_set_client */;
/*!50503 SET character_set_client = utf8mb4 */;
CREATE TABLE `cms3_import_redirects` (
  `external_id` int NOT NULL,
  `internal_id` int NOT NULL,
  `source_id` int unsigned NOT NULL,
  KEY `external_id` (`external_id`,`source_id`),
  KEY `internal_id` (`internal_id`,`source_id`),
  KEY `source_id` (`source_id`),
  CONSTRAINT `cms3_import_redirects_ibfk_1` FOREIGN KEY (`internal_id`) REFERENCES `cms3_redirects` (`id`) ON DELETE CASCADE ON UPDATE CASCADE,
  CONSTRAINT `cms3_import_redirects_ibfk_2` FOREIGN KEY (`source_id`) REFERENCES `cms3_import_sources` (`id`) ON DELETE CASCADE ON UPDATE CASCADE
) ENGINE=InnoDB DEFAULT CHARSET=utf8mb3;
/*!40101 SET character_set_client = @saved_cs_client */;

--
-- Dumping data for table `cms3_import_redirects`
--

LOCK TABLES `cms3_import_redirects` WRITE;
/*!40000 ALTER TABLE `cms3_import_redirects` DISABLE KEYS */;
/*!40000 ALTER TABLE `cms3_import_redirects` ENABLE KEYS */;
UNLOCK TABLES;

--
-- Table structure for table `cms3_import_relations`
--

DROP TABLE IF EXISTS `cms3_import_relations`;
/*!40101 SET @saved_cs_client     = @@character_set_client */;
/*!50503 SET character_set_client = utf8mb4 */;
CREATE TABLE `cms3_import_relations` (
  `source_id` int unsigned NOT NULL,
  `old_id` varchar(255) NOT NULL,
  `new_id` int unsigned NOT NULL,
  KEY `source_id` (`source_id`,`old_id`,`new_id`),
  KEY `old_id` (`old_id`,`new_id`),
  KEY `new_id` (`new_id`),
  CONSTRAINT `FK_NewId_To_HierarchyId` FOREIGN KEY (`new_id`) REFERENCES `cms3_hierarchy` (`id`) ON DELETE CASCADE ON UPDATE CASCADE,
  CONSTRAINT `FK_SourceId_To_Source` FOREIGN KEY (`source_id`) REFERENCES `cms3_import_sources` (`id`) ON DELETE CASCADE ON UPDATE CASCADE
) ENGINE=InnoDB DEFAULT CHARSET=utf8mb3;
/*!40101 SET character_set_client = @saved_cs_client */;

--
-- Dumping data for table `cms3_import_relations`
--

LOCK TABLES `cms3_import_relations` WRITE;
/*!40000 ALTER TABLE `cms3_import_relations` DISABLE KEYS */;
INSERT INTO `cms3_import_relations` VALUES (1,'264',264),(1,'268',268),(1,'273',273),(1,'283',283),(1,'284',284),(1,'285',285),(1,'287',287),(1,'289',289),(1,'314',314),(1,'321',321),(1,'322',322),(1,'326',326),(1,'328',328),(1,'330',330),(1,'332',332),(1,'334',334),(1,'335',335),(1,'336',336),(1,'338',338),(1,'339',339),(1,'340',340),(1,'343',343),(1,'344',344),(1,'345',345),(1,'348',348),(1,'349',349),(1,'350',350),(1,'351',351),(1,'352',352),(1,'353',353),(1,'354',354),(1,'355',355),(1,'356',356),(1,'357',357),(1,'358',358),(1,'360',360),(1,'362',362),(1,'364',364),(1,'365',365),(1,'366',366),(1,'367',367),(1,'368',368),(1,'370',370),(1,'372',372),(1,'374',374),(1,'376',376),(1,'378',378),(1,'380',380),(1,'382',382),(1,'384',384),(1,'387',387),(1,'388',388),(1,'389',389),(1,'391',391),(1,'392',392),(1,'394',394),(1,'395',395),(1,'396',396),(1,'398',398),(1,'400',400),(1,'402',402),(1,'404',404),(1,'406',406),(1,'408',408),(1,'410',410),(1,'411',411),(1,'412',412),(1,'413',413),(1,'414',414),(1,'415',415),(1,'416',416),(1,'417',417),(1,'419',419),(1,'420',420),(1,'421',421),(1,'423',423),(1,'424',424),(1,'425',425),(1,'427',427),(1,'428',428),(1,'429',429),(1,'430',430),(1,'431',431),(1,'432',432),(1,'433',433),(1,'434',434),(1,'435',435),(1,'436',436),(1,'437',437),(1,'438',438),(1,'439',439),(1,'440',440),(1,'442',442),(1,'443',443),(1,'444',444),(1,'445',445),(1,'446',446),(1,'447',447),(1,'448',448),(1,'449',449),(1,'450',450),(1,'451',451),(1,'452',452),(1,'453',453),(1,'454',454),(1,'455',455),(1,'456',456),(1,'457',457),(1,'458',458),(1,'459',459),(1,'460',460),(1,'461',461),(1,'462',462),(1,'466',466),(1,'468',468),(1,'470',470),(1,'472',472),(1,'474',474),(1,'480',480),(1,'481',481),(1,'482',482),(1,'483',483),(1,'484',484),(1,'485',485),(1,'486',486),(1,'488',488),(1,'490',490),(1,'492',492),(1,'493',493),(1,'494',494),(1,'495',495),(1,'496',496),(1,'497',497),(1,'498',498),(1,'499',499),(1,'500',500),(1,'501',501),(1,'502',502),(1,'503',503),(1,'504',504),(1,'505',505),(1,'506',506),(1,'507',507),(1,'508',508),(1,'509',509),(1,'510',510),(1,'511',511),(1,'512',512),(1,'513',513),(1,'514',514),(1,'515',515),(1,'516',516),(1,'517',517),(1,'518',518),(1,'519',519),(1,'520',520),(1,'521',521),(1,'522',522),(1,'523',523),(1,'524',524),(1,'525',525),(1,'526',526),(1,'527',527),(1,'528',528),(1,'529',529),(1,'530',530),(1,'531',531),(1,'532',532),(1,'533',533),(1,'534',534),(1,'535',535),(1,'536',536),(1,'537',537),(1,'538',538),(1,'539',539),(1,'540',540),(1,'541',541),(1,'542',542),(1,'543',543),(1,'544',544),(1,'545',545),(1,'546',546),(1,'547',547),(1,'548',548),(1,'549',549),(1,'550',550),(1,'551',551),(1,'552',552),(1,'553',553),(1,'554',554),(1,'555',555),(1,'556',556),(1,'557',557),(1,'558',558),(1,'559',559),(1,'560',560),(1,'561',561),(1,'562',562),(1,'563',563),(1,'600',600),(1,'601',601),(1,'602',602),(3,'264',264),(3,'268',268),(3,'332',332),(3,'336',336),(3,'343',343),(3,'344',344),(3,'348',348),(3,'349',349),(3,'350',350),(3,'351',351),(3,'352',352),(3,'353',353),(3,'354',354),(3,'355',355),(3,'356',356),(3,'357',357),(3,'399',399),(3,'402',402),(3,'403',403),(3,'404',404),(3,'405',405),(3,'406',406),(3,'407',407),(3,'408',408),(3,'409',409),(3,'412',412),(3,'413',413),(3,'414',414),(3,'415',415),(3,'416',416),(3,'419',419),(3,'420',420),(3,'423',423),(124,'10',10),(124,'11',11),(124,'12',12),(124,'13',13),(124,'131',131),(124,'132',132),(124,'14',14),(124,'149',149),(124,'15',15),(124,'150',150),(124,'151',151),(124,'152',152),(124,'153',153),(124,'154',154),(124,'155',155),(124,'156',156),(124,'157',157),(124,'158',158),(124,'16',16),(124,'17',17),(124,'235',235),(124,'261',261),(124,'262',262),(124,'264',264),(124,'268',268),(124,'273',273),(124,'279',279),(124,'280',280),(124,'281',281),(124,'282',282),(124,'283',283),(124,'284',284),(124,'285',285),(124,'287',287),(124,'289',289),(124,'292',292),(124,'293',293),(124,'3',3),(124,'309',309),(124,'310',310),(124,'312',312),(124,'314',314),(124,'321',321),(124,'322',322),(124,'326',326),(124,'327',327),(124,'328',328),(124,'329',329),(124,'330',330),(124,'331',331),(124,'332',332),(124,'333',333),(124,'334',334),(124,'335',335),(124,'336',336),(124,'337',337),(124,'338',338),(124,'339',339),(124,'340',340),(124,'342',342),(124,'343',343),(124,'344',344),(124,'345',345),(124,'348',348),(124,'349',349),(124,'350',350),(124,'351',351),(124,'352',352),(124,'353',353),(124,'354',354),(124,'355',355),(124,'356',356),(124,'357',357),(124,'358',358),(124,'359',359),(124,'360',360),(124,'361',361),(124,'362',362),(124,'363',363),(124,'364',364),(124,'365',365),(124,'366',366),(124,'367',367),(124,'368',368),(124,'369',369),(124,'370',370),(124,'371',371),(124,'372',372),(124,'373',373),(124,'374',374),(124,'375',375),(124,'376',376),(124,'377',377),(124,'378',378),(124,'379',379),(124,'380',380),(124,'381',381),(124,'382',382),(124,'383',383),(124,'384',384),(124,'385',385),(124,'386',386),(124,'387',387),(124,'388',388),(124,'389',389),(124,'391',391),(124,'392',392),(124,'394',394),(124,'395',395),(124,'396',396),(124,'397',397),(124,'398',398),(124,'399',399),(124,'4',4),(124,'400',400),(124,'401',401),(124,'402',402),(124,'403',403),(124,'404',404),(124,'405',405),(124,'406',406),(124,'407',407),(124,'408',408),(124,'409',409),(124,'410',410),(124,'411',411),(124,'412',412),(124,'413',413),(124,'414',414),(124,'415',415),(124,'416',416),(124,'417',417),(124,'419',419),(124,'420',420),(124,'421',421),(124,'423',423),(124,'424',424),(124,'425',425),(124,'427',427),(124,'428',428),(124,'429',429),(124,'430',430),(124,'431',431),(124,'432',432),(124,'433',433),(124,'434',434),(124,'435',435),(124,'436',436),(124,'437',437),(124,'438',438),(124,'439',439),(124,'440',440),(124,'442',442),(124,'443',443),(124,'444',444),(124,'445',445),(124,'446',446),(124,'447',447),(124,'448',448),(124,'449',449),(124,'450',450),(124,'451',451),(124,'452',452),(124,'453',453),(124,'454',454),(124,'455',455),(124,'456',456),(124,'457',457),(124,'458',458),(124,'459',459),(124,'460',460),(124,'461',461),(124,'462',462),(124,'463',463),(124,'465',465),(124,'466',466),(124,'467',467),(124,'468',468),(124,'469',469),(124,'470',470),(124,'471',471),(124,'472',472),(124,'473',473),(124,'474',474),(124,'475',475),(124,'480',480),(124,'481',481),(124,'482',482),(124,'483',483),(124,'484',484),(124,'485',485),(124,'486',486),(124,'488',488),(124,'489',489),(124,'490',490),(124,'492',492),(124,'493',493),(124,'494',494),(124,'495',495),(124,'496',496),(124,'497',497),(124,'498',498),(124,'499',499),(124,'5',5),(124,'500',500),(124,'501',501),(124,'502',502),(124,'503',503),(124,'504',504),(124,'505',505),(124,'506',506),(124,'507',507),(124,'508',508),(124,'509',509),(124,'510',510),(124,'511',511),(124,'512',512),(124,'513',513),(124,'514',514),(124,'515',515),(124,'516',516),(124,'517',517),(124,'518',518),(124,'519',519),(124,'520',520),(124,'521',521),(124,'522',522),(124,'523',523),(124,'524',524),(124,'525',525),(124,'526',526),(124,'527',527),(124,'528',528),(124,'529',529),(124,'530',530),(124,'531',531),(124,'532',532),(124,'533',533),(124,'534',534),(124,'535',535),(124,'536',536),(124,'537',537),(124,'538',538),(124,'539',539),(124,'540',540),(124,'541',541),(124,'542',542),(124,'543',543),(124,'544',544),(124,'545',545),(124,'546',546),(124,'547',547),(124,'548',548),(124,'549',549),(124,'550',550),(124,'551',551),(124,'552',552),(124,'553',553),(124,'554',554),(124,'555',555),(124,'556',556),(124,'557',557),(124,'558',558),(124,'559',559),(124,'560',560),(124,'561',561),(124,'562',562),(124,'563',563),(124,'564',564),(124,'565',565),(124,'566',566),(124,'567',567),(124,'568',568),(124,'569',569),(124,'570',570),(124,'571',571),(124,'572',572),(124,'573',573),(124,'574',574),(124,'575',575),(124,'576',576),(124,'577',577),(124,'578',578),(124,'579',579),(124,'580',580),(124,'581',581),(124,'582',582),(124,'583',583),(124,'584',584),(124,'585',585),(124,'586',586),(124,'587',587),(124,'588',588),(124,'589',589),(124,'590',590),(124,'591',591),(124,'592',592),(124,'593',593),(124,'594',594),(124,'595',595),(124,'596',596),(124,'597',597),(124,'598',598),(124,'599',599),(124,'6',6),(124,'600',600),(124,'601',601),(124,'602',602),(124,'603',603),(124,'7',7),(124,'9',9);
/*!40000 ALTER TABLE `cms3_import_relations` ENABLE KEYS */;
UNLOCK TABLES;

--
-- Table structure for table `cms3_import_restrictions`
--

DROP TABLE IF EXISTS `cms3_import_restrictions`;
/*!40101 SET @saved_cs_client     = @@character_set_client */;
/*!50503 SET character_set_client = utf8mb4 */;
CREATE TABLE `cms3_import_restrictions` (
  `source_id` int unsigned NOT NULL,
  `old_id` varchar(255) NOT NULL,
  `new_id` int unsigned NOT NULL,
  KEY `source_id` (`source_id`,`old_id`,`new_id`),
  KEY `old_id` (`old_id`,`new_id`),
  KEY `new_id` (`new_id`),
  CONSTRAINT `FK_NewId_To_RestrictionId` FOREIGN KEY (`new_id`) REFERENCES `cms3_object_fields_restrictions` (`id`) ON DELETE CASCADE ON UPDATE CASCADE,
  CONSTRAINT `FK_RestrictionSourceId_To_Source` FOREIGN KEY (`source_id`) REFERENCES `cms3_import_sources` (`id`) ON DELETE CASCADE ON UPDATE CASCADE
) ENGINE=InnoDB DEFAULT CHARSET=utf8mb3;
/*!40101 SET character_set_client = @saved_cs_client */;

--
-- Dumping data for table `cms3_import_restrictions`
--

LOCK TABLES `cms3_import_restrictions` WRITE;
/*!40000 ALTER TABLE `cms3_import_restrictions` DISABLE KEYS */;
INSERT INTO `cms3_import_restrictions` VALUES (2,'1',6),(2,'2',3),(2,'3',4),(2,'4',1),(2,'5',2),(2,'7',5);
/*!40000 ALTER TABLE `cms3_import_restrictions` ENABLE KEYS */;
UNLOCK TABLES;

--
-- Table structure for table `cms3_import_sliders`
--

DROP TABLE IF EXISTS `cms3_import_sliders`;
/*!40101 SET @saved_cs_client     = @@character_set_client */;
/*!50503 SET character_set_client = utf8mb4 */;
CREATE TABLE `cms3_import_sliders` (
  `external_id` int unsigned NOT NULL,
  `internal_id` int unsigned NOT NULL,
  `source_id` int unsigned NOT NULL,
  KEY `external_id` (`external_id`,`source_id`),
  KEY `internal_id` (`internal_id`,`source_id`),
  KEY `source_id` (`source_id`),
  CONSTRAINT `cms3_import_sliders_ibfk_1` FOREIGN KEY (`internal_id`) REFERENCES `cms3_sliders` (`id`) ON DELETE CASCADE ON UPDATE CASCADE,
  CONSTRAINT `cms3_import_sliders_ibfk_2` FOREIGN KEY (`source_id`) REFERENCES `cms3_import_sources` (`id`) ON DELETE CASCADE ON UPDATE CASCADE
) ENGINE=InnoDB DEFAULT CHARSET=utf8mb3;
/*!40101 SET character_set_client = @saved_cs_client */;

--
-- Dumping data for table `cms3_import_sliders`
--

LOCK TABLES `cms3_import_sliders` WRITE;
/*!40000 ALTER TABLE `cms3_import_sliders` DISABLE KEYS */;
INSERT INTO `cms3_import_sliders` VALUES (1,1,124);
/*!40000 ALTER TABLE `cms3_import_sliders` ENABLE KEYS */;
UNLOCK TABLES;

--
-- Table structure for table `cms3_import_slides`
--

DROP TABLE IF EXISTS `cms3_import_slides`;
/*!40101 SET @saved_cs_client     = @@character_set_client */;
/*!50503 SET character_set_client = utf8mb4 */;
CREATE TABLE `cms3_import_slides` (
  `external_id` int unsigned NOT NULL,
  `internal_id` int unsigned NOT NULL,
  `source_id` int unsigned NOT NULL,
  KEY `external_id` (`external_id`,`source_id`),
  KEY `internal_id` (`internal_id`,`source_id`),
  KEY `source_id` (`source_id`),
  CONSTRAINT `cms3_import_slides_ibfk_1` FOREIGN KEY (`internal_id`) REFERENCES `cms3_slides` (`id`) ON DELETE CASCADE ON UPDATE CASCADE,
  CONSTRAINT `cms3_import_slides_ibfk_2` FOREIGN KEY (`source_id`) REFERENCES `cms3_import_sources` (`id`) ON DELETE CASCADE ON UPDATE CASCADE
) ENGINE=InnoDB DEFAULT CHARSET=utf8mb3;
/*!40101 SET character_set_client = @saved_cs_client */;

--
-- Dumping data for table `cms3_import_slides`
--

LOCK TABLES `cms3_import_slides` WRITE;
/*!40000 ALTER TABLE `cms3_import_slides` DISABLE KEYS */;
INSERT INTO `cms3_import_slides` VALUES (1,1,124),(2,2,124);
/*!40000 ALTER TABLE `cms3_import_slides` ENABLE KEYS */;
UNLOCK TABLES;

--
-- Table structure for table `cms3_import_sources`
--

DROP TABLE IF EXISTS `cms3_import_sources`;
/*!40101 SET @saved_cs_client     = @@character_set_client */;
/*!50503 SET character_set_client = utf8mb4 */;
CREATE TABLE `cms3_import_sources` (
  `id` int unsigned NOT NULL AUTO_INCREMENT,
  `source_name` varchar(128) DEFAULT NULL,
  PRIMARY KEY (`id`),
  KEY `source_name` (`source_name`)
) ENGINE=InnoDB AUTO_INCREMENT=125 DEFAULT CHARSET=utf8mb3;
/*!40101 SET character_set_client = @saved_cs_client */;

--
-- Dumping data for table `cms3_import_sources`
--

LOCK TABLES `cms3_import_sources` WRITE;
/*!40000 ALTER TABLE `cms3_import_sources` DISABLE KEYS */;
INSERT INTO `cms3_import_sources` VALUES (3,'demomarket'),(124,'demomarket-dev'),(2,'system'),(123,'umiHelpers'),(1,'yml');
/*!40000 ALTER TABLE `cms3_import_sources` ENABLE KEYS */;
UNLOCK TABLES;

--
-- Table structure for table `cms3_import_stock_balance_list`
--

DROP TABLE IF EXISTS `cms3_import_stock_balance_list`;
/*!40101 SET @saved_cs_client     = @@character_set_client */;
/*!50503 SET character_set_client = utf8mb4 */;
CREATE TABLE `cms3_import_stock_balance_list` (
  `external_id` varchar(255) NOT NULL,
  `internal_id` int unsigned NOT NULL,
  `source_id` int unsigned NOT NULL,
  KEY `external_id` (`external_id`,`source_id`),
  KEY `internal_id` (`internal_id`,`source_id`),
  KEY `source_id` (`source_id`),
  CONSTRAINT `internal id to stock balance` FOREIGN KEY (`internal_id`) REFERENCES `cms3_stock_balance_list` (`id`) ON DELETE CASCADE ON UPDATE CASCADE,
  CONSTRAINT `stock balance source id to import source` FOREIGN KEY (`source_id`) REFERENCES `cms3_import_sources` (`id`) ON DELETE CASCADE ON UPDATE CASCADE
) ENGINE=InnoDB DEFAULT CHARSET=utf8mb3;
/*!40101 SET character_set_client = @saved_cs_client */;

--
-- Dumping data for table `cms3_import_stock_balance_list`
--

LOCK TABLES `cms3_import_stock_balance_list` WRITE;
/*!40000 ALTER TABLE `cms3_import_stock_balance_list` DISABLE KEYS */;
INSERT INTO `cms3_import_stock_balance_list` VALUES ('1',1,124),('2',2,124),('3',3,124),('4',4,124),('5',5,124),('6',6,124),('7',7,124),('8',8,124),('9',9,124),('10',10,124),('11',11,124),('12',12,124),('13',13,124),('14',14,124),('15',15,124),('16',16,124),('17',17,124),('18',18,124),('19',19,124),('20',20,124),('21',21,124),('22',22,124),('23',23,124),('24',24,124),('25',25,124),('26',26,124),('27',27,124),('28',28,124),('29',29,124),('30',30,124),('31',31,124),('32',32,124),('33',33,124),('34',34,124),('35',35,124),('36',36,124),('37',37,124),('38',38,124),('39',39,124),('40',40,124),('41',41,124),('42',42,124),('43',43,124),('44',44,124),('45',45,124),('46',46,124),('47',47,124),('48',48,124),('49',49,124),('50',50,124),('51',51,124),('52',52,124),('53',53,124),('54',54,124),('55',55,124),('56',56,124),('57',57,124),('58',58,124),('59',59,124),('60',60,124),('61',61,124),('62',62,124),('63',63,124),('64',64,124),('65',65,124),('66',66,124),('67',67,124),('68',68,124),('69',69,124),('70',70,124),('71',71,124),('72',72,124),('73',73,124),('74',74,124),('75',75,124),('76',76,124),('77',77,124),('78',78,124),('79',79,124),('80',80,124),('81',81,124),('82',82,124),('83',83,124),('84',84,124),('85',85,124),('86',86,124),('87',87,124),('88',88,124),('89',89,124),('90',90,124),('91',91,124),('92',92,124),('93',93,124),('94',94,124),('95',95,124),('96',96,124),('97',97,124),('98',98,124),('99',99,124),('100',100,124),('101',101,124),('102',102,124),('103',103,124),('104',104,124),('105',105,124),('106',106,124),('107',107,124),('108',108,124),('109',109,124),('110',110,124),('111',111,124),('112',112,124),('113',113,124),('114',114,124),('115',115,124),('116',116,124),('117',117,124),('118',118,124),('119',119,124),('120',120,124),('121',121,124),('122',122,124),('123',123,124),('124',124,124),('125',125,124),('126',126,124),('127',127,124),('128',128,124),('129',129,124),('130',130,124),('131',131,124),('132',132,124),('133',133,124),('134',134,124),('135',135,124),('136',136,124),('137',137,124),('138',138,124),('139',139,124),('140',140,124),('141',141,124),('142',142,124),('143',143,124),('144',144,124),('145',145,124),('146',146,124),('147',147,124),('148',148,124),('149',149,124),('150',150,124),('151',151,124),('152',152,124),('153',153,124),('154',154,124),('155',155,124),('156',156,124),('157',157,124),('158',158,124),('159',159,124),('160',160,124),('161',161,124),('162',162,124),('163',163,124),('164',164,124),('165',165,124),('166',166,124),('167',167,124),('168',168,124),('169',169,124),('170',170,124),('171',171,124),('172',172,124),('173',173,124),('174',174,124),('175',175,124),('176',176,124),('177',177,124),('178',178,124),('179',179,124),('180',180,124),('181',181,124),('182',182,124),('183',183,124),('184',184,124),('185',185,124),('186',186,124),('187',187,124),('188',188,124),('189',189,124),('190',190,124),('191',191,124),('192',192,124),('193',193,124),('194',194,124),('195',195,124),('196',196,124),('197',197,124),('198',198,124),('199',199,124),('200',200,124),('201',201,124),('202',202,124),('203',203,124),('204',204,124),('205',205,124),('206',206,124),('207',207,124),('208',208,124),('209',209,124),('210',210,124),('211',211,124),('212',212,124),('213',213,124),('214',214,124),('215',215,124),('216',216,124),('217',217,124),('218',218,124),('219',219,124),('220',220,124),('221',221,124),('222',222,124),('223',223,124),('224',224,124),('225',225,124),('226',226,124),('227',227,124),('228',228,124),('229',229,124),('230',230,124),('231',231,124),('232',232,124),('233',233,124),('234',234,124),('235',235,124),('236',236,124),('237',237,124),('238',238,124),('239',239,124),('240',240,124),('241',241,124),('242',242,124),('243',243,124),('244',244,124),('245',245,124),('246',246,124),('247',247,124),('248',248,124),('249',249,124),('250',250,124),('251',251,124),('252',252,124),('253',253,124),('254',254,124),('255',255,124),('256',256,124),('257',257,124),('258',258,124),('259',259,124),('260',260,124),('261',261,124),('262',262,124),('263',263,124),('264',264,124),('265',265,124),('266',266,124),('267',267,124),('268',268,124),('269',269,124),('270',270,124),('271',271,124),('272',272,124),('273',273,124),('274',274,124),('275',275,124),('276',276,124),('277',277,124),('278',278,124),('279',279,124),('280',280,124),('281',281,124),('282',282,124),('283',283,124),('284',284,124),('285',285,124),('286',286,124),('287',287,124),('288',288,124),('289',289,124),('290',290,124),('291',291,124),('292',292,124),('293',293,124),('294',294,124),('295',295,124),('296',296,124),('297',297,124),('298',298,124),('299',299,124),('300',300,124),('301',301,124),('302',302,124),('303',303,124),('304',304,124),('305',305,124),('306',306,124),('307',307,124),('308',308,124),('309',309,124),('310',310,124),('311',311,124),('312',312,124),('313',313,124),('314',314,124),('315',315,124),('316',316,124),('317',317,124),('318',318,124),('319',319,124),('320',320,124),('321',321,124),('322',322,124),('323',323,124),('324',324,124),('325',325,124),('326',326,124),('327',327,124),('328',328,124),('329',329,124),('330',330,124),('331',331,124),('332',332,124),('333',333,124),('334',334,124),('335',335,124),('336',336,124),('337',337,124),('338',338,124),('339',339,124),('340',340,124),('341',341,124),('342',342,124),('343',343,124),('344',344,124),('345',345,124),('346',346,124),('347',347,124),('348',348,124),('349',349,124),('350',350,124),('351',351,124),('352',352,124),('353',353,124),('354',354,124),('355',355,124),('356',356,124),('357',357,124),('358',358,124),('359',359,124),('360',360,124),('361',361,124),('362',362,124),('363',363,124),('364',364,124),('365',365,124),('366',366,124),('367',367,124),('368',368,124),('369',369,124),('370',370,124),('371',371,124),('372',372,124),('373',373,124),('374',374,124),('375',375,124),('376',376,124),('377',377,124),('378',378,124),('379',379,124),('380',380,124),('381',381,124),('382',382,124),('383',383,124),('384',384,124),('385',385,124),('386',386,124),('387',387,124),('388',388,124),('389',389,124),('390',390,124),('391',391,124),('392',392,124),('393',393,124),('394',394,124),('395',395,124),('396',396,124),('397',397,124),('398',398,124),('399',399,124),('400',400,124),('401',401,124),('402',402,124),('403',403,124),('404',404,124),('405',405,124),('406',406,124),('407',407,124),('408',408,124),('409',409,124),('410',410,124),('411',411,124),('412',412,124),('413',413,124),('414',414,124),('415',415,124),('416',416,124),('417',417,124),('418',418,124),('419',419,124),('420',420,124),('421',421,124),('422',422,124),('423',423,124),('424',424,124),('425',425,124),('426',426,124),('427',427,124),('428',428,124),('429',429,124),('430',430,124),('431',431,124),('432',432,124),('433',433,124),('434',434,124),('435',435,124),('436',436,124),('437',437,124),('438',438,124),('439',439,124),('440',440,124),('441',441,124),('442',442,124),('443',443,124),('444',444,124),('445',445,124),('446',446,124),('447',447,124),('448',448,124),('449',449,124),('450',450,124),('451',451,124),('452',452,124),('453',453,124),('454',454,124),('455',455,124),('456',456,124),('457',457,124),('458',458,124),('459',459,124),('460',460,124),('461',461,124),('462',462,124),('463',463,124),('464',464,124),('465',465,124),('466',466,124),('467',467,124),('468',468,124),('469',469,124),('470',470,124),('471',471,124),('472',472,124),('473',473,124),('474',474,124),('475',475,124),('476',476,124),('485',485,124),('486',486,124),('487',487,124),('488',488,124),('489',489,124),('490',490,124),('491',491,124),('492',492,124),('493',493,124),('494',494,124),('495',495,124),('496',496,124),('497',497,124),('498',498,124),('499',499,124),('500',500,124),('501',501,124),('502',502,124),('503',503,124),('504',504,124),('505',505,124),('506',506,124),('507',507,124),('508',508,124),('509',509,124),('510',510,124),('511',511,124),('512',512,124),('513',513,124),('514',514,124),('515',515,124),('516',516,124),('517',517,124),('518',518,124),('519',519,124),('520',520,124),('521',521,124),('522',522,124),('523',523,124),('524',524,124),('525',525,124),('526',526,124),('527',527,124),('528',528,124),('529',529,124),('530',530,124),('531',531,124),('532',532,124),('533',533,124),('534',534,124),('535',535,124),('536',536,124),('537',537,124),('538',538,124),('539',539,124),('540',540,124),('541',541,124),('542',542,124),('543',543,124),('544',544,124),('545',545,124),('546',546,124),('547',547,124),('548',548,124),('549',549,124),('550',550,124),('551',551,124),('552',552,124),('553',553,124),('554',554,124),('555',555,124),('556',556,124),('557',557,124),('558',558,124),('559',559,124),('560',560,124),('561',561,124),('562',562,124),('563',563,124),('564',564,124),('565',565,124),('566',566,124),('567',567,124),('568',568,124),('569',569,124),('570',570,124),('571',571,124),('572',572,124),('573',573,124),('574',574,124),('575',575,124),('576',576,124),('577',577,124),('578',578,124),('579',579,124),('580',580,124),('581',581,124),('582',582,124),('583',583,124),('584',584,124),('585',585,124),('586',586,124),('587',587,124),('588',588,124),('589',589,124),('590',590,124),('591',591,124),('592',592,124),('593',593,124),('594',594,124),('595',595,124),('596',596,124),('597',597,124),('598',598,124),('599',599,124),('600',600,124),('601',601,124),('602',602,124),('603',603,124),('604',604,124),('605',605,124),('606',606,124),('607',607,124),('608',608,124),('609',609,124),('610',610,124),('611',611,124),('612',612,124),('613',613,124),('614',614,124),('615',615,124),('616',616,124),('617',617,124),('618',618,124),('619',619,124),('620',620,124),('621',621,124),('622',622,124),('623',623,124),('624',624,124),('625',625,124),('626',626,124),('627',627,124),('628',628,124),('629',629,124),('630',630,124),('631',631,124),('632',632,124),('633',633,124),('634',634,124),('635',635,124),('636',636,124),('637',637,124),('638',638,124),('639',639,124),('640',640,124),('641',641,124),('642',642,124),('643',643,124),('644',644,124),('645',645,124),('646',646,124),('647',647,124),('648',648,124),('649',649,124),('650',650,124),('651',651,124),('652',652,124),('653',653,124),('654',654,124),('655',655,124),('656',656,124),('657',657,124),('658',658,124),('659',659,124),('660',660,124),('661',661,124),('662',662,124),('663',663,124),('664',664,124),('665',665,124),('666',666,124),('667',667,124),('668',668,124),('669',669,124),('670',670,124),('671',671,124),('672',672,124),('673',673,124),('674',674,124),('675',675,124),('676',676,124),('677',677,124),('678',678,124),('679',679,124),('680',680,124),('681',681,124),('682',682,124),('683',683,124),('684',684,124),('685',685,124),('686',686,124),('687',687,124),('688',688,124),('689',689,124),('690',690,124),('691',691,124),('692',692,124),('693',693,124),('694',694,124),('695',695,124),('696',696,124),('697',697,124),('698',698,124),('699',699,124),('700',700,124),('701',701,124),('702',702,124),('703',703,124),('704',704,124),('705',705,124),('706',706,124),('707',707,124),('708',708,124),('709',709,124),('710',710,124),('711',711,124),('712',712,124),('713',713,124),('714',714,124),('715',715,124),('716',716,124),('717',717,124),('718',718,124),('719',719,124),('720',720,124),('721',721,124),('722',722,124),('723',723,124),('724',724,124),('725',725,124),('726',726,124),('727',727,124),('728',728,124),('729',729,124),('730',730,124),('731',731,124),('732',732,124),('733',733,124),('734',734,124),('735',735,124),('736',736,124),('737',737,124),('738',738,124),('739',739,124),('740',740,124),('741',741,124),('742',742,124),('743',743,124),('744',744,124),('745',745,124),('746',746,124),('747',747,124),('748',748,124),('749',749,124),('750',750,124),('751',751,124),('752',752,124),('753',753,124),('754',754,124),('755',755,124),('756',756,124),('757',757,124),('758',758,124),('759',759,124),('760',760,124),('761',761,124),('762',762,124),('763',763,124),('764',764,124),('765',765,124),('766',766,124),('767',767,124),('768',768,124),('769',769,124),('770',770,124),('771',771,124),('772',772,124),('773',773,124),('774',774,124),('775',775,124),('776',776,124),('777',777,124),('778',778,124),('779',779,124),('780',780,124),('781',781,124),('782',782,124),('783',783,124),('784',784,124),('785',785,124),('786',786,124),('787',787,124),('788',788,124),('789',789,124),('790',790,124),('791',791,124),('792',792,124),('793',793,124),('794',794,124),('795',795,124),('796',796,124),('797',797,124),('798',798,124),('799',799,124),('800',800,124),('801',801,124),('802',802,124),('803',803,124),('804',804,124),('805',805,124),('806',806,124),('807',807,124),('808',808,124),('809',809,124),('810',810,124),('811',811,124),('812',812,124),('813',813,124),('814',814,124),('815',815,124),('816',816,124),('817',817,124),('818',818,124),('819',819,124),('820',820,124),('821',821,124),('822',822,124),('823',823,124),('824',824,124),('825',825,124),('826',826,124),('827',827,124),('828',828,124),('829',829,124),('830',830,124),('831',831,124),('832',832,124),('833',833,124),('834',834,124),('835',835,124),('836',836,124),('837',837,124),('838',838,124),('839',839,124),('840',840,124),('841',841,124),('842',842,124),('843',843,124),('844',844,124),('845',845,124),('846',846,124),('847',847,124),('848',848,124),('849',849,124),('850',850,124),('851',851,124),('852',852,124),('853',853,124),('854',854,124),('855',855,124),('856',856,124),('857',857,124),('858',858,124),('859',859,124),('860',860,124),('861',861,124),('862',862,124),('863',863,124),('864',864,124),('865',865,124),('866',866,124),('867',867,124),('868',868,124),('869',869,124),('870',870,124),('871',871,124),('872',872,124),('873',873,124),('874',874,124),('875',875,124),('876',876,124),('877',877,124),('878',878,124),('879',879,124),('880',880,124),('881',881,124),('882',882,124),('883',883,124),('884',884,124),('885',885,124),('886',886,124),('887',887,124),('888',888,124),('889',889,124),('890',890,124),('891',891,124),('892',892,124),('893',893,124),('894',894,124),('895',895,124),('896',896,124),('897',897,124),('898',898,124),('899',899,124),('900',900,124),('901',901,124),('902',902,124),('903',903,124),('904',904,124),('905',905,124),('906',906,124),('907',907,124),('908',908,124),('909',909,124),('910',910,124),('911',911,124),('912',912,124),('913',913,124),('914',914,124),('915',915,124),('916',916,124),('917',917,124),('918',918,124),('919',919,124),('920',920,124),('921',921,124),('922',922,124),('923',923,124),('924',924,124),('925',925,124),('926',926,124),('927',927,124),('928',928,124),('929',929,124),('930',930,124),('931',931,124),('932',932,124),('933',933,124),('934',934,124),('935',935,124),('936',936,124),('937',937,124),('938',938,124),('939',939,124),('940',940,124),('941',941,124),('942',942,124),('943',943,124),('944',944,124),('945',945,124),('946',946,124),('947',947,124),('948',948,124),('949',949,124),('950',950,124),('951',951,124),('952',952,124),('953',953,124),('954',954,124),('955',955,124),('956',956,124),('957',957,124),('958',958,124),('959',959,124),('960',960,124),('961',961,124),('962',962,124),('963',963,124),('964',964,124),('965',965,124),('966',966,124),('967',967,124),('968',968,124),('973',973,124),('974',974,124),('975',975,124),('976',976,124),('977',977,124),('978',978,124),('979',979,124),('980',980,124),('981',981,124),('982',982,124),('983',983,124),('984',984,124),('985',985,124),('986',986,124),('987',987,124),('988',988,124),('989',989,124),('990',990,124),('991',991,124),('992',992,124),('993',993,124),('994',994,124),('995',995,124),('996',996,124),('997',997,124),('998',998,124),('999',999,124),('1000',1000,124),('1001',1001,124),('1002',1002,124),('1003',1003,124),('1004',1004,124),('1005',1005,124),('1006',1006,124),('1007',1007,124),('1008',1008,124),('1009',1009,124),('1010',1010,124),('1011',1011,124),('1012',1012,124),('1013',1013,124),('1014',1014,124),('1015',1015,124),('1016',1016,124),('1017',1017,124),('1018',1018,124),('1019',1019,124),('1020',1020,124),('1021',1021,124),('1022',1022,124),('1023',1023,124),('1024',1024,124),('1025',1025,124),('1026',1026,124),('1027',1027,124),('1028',1028,124),('1029',1029,124),('1030',1030,124),('1031',1031,124),('1032',1032,124),('1033',1033,124),('1034',1034,124),('1035',1035,124),('1036',1036,124),('1037',1037,124),('1038',1038,124),('1039',1039,124),('1040',1040,124),('1041',1041,124),('1042',1042,124),('1043',1043,124),('1044',1044,124),('1045',1045,124),('1046',1046,124),('1047',1047,124),('1048',1048,124),('1049',1049,124),('1050',1050,124),('1051',1051,124),('1052',1052,124),('1053',1053,124),('1054',1054,124),('1055',1055,124),('1056',1056,124),('1057',1057,124),('1058',1058,124),('1059',1059,124),('1060',1060,124),('1061',1061,124),('1062',1062,124),('1063',1063,124),('1064',1064,124),('1065',1065,124),('1066',1066,124),('1067',1067,124),('1068',1068,124),('1069',1069,124),('1070',1070,124),('1071',1071,124),('1072',1072,124),('1073',1073,124),('1074',1074,124),('1075',1075,124),('1076',1076,124),('1077',1077,124),('1078',1078,124),('1079',1079,124),('1080',1080,124),('1081',1081,124),('1082',1082,124),('1083',1083,124),('1084',1084,124),('1085',1085,124),('1086',1086,124),('1087',1087,124),('1088',1088,124),('1089',1089,124),('1090',1090,124),('1091',1091,124),('1092',1092,124),('1093',1093,124),('1094',1094,124),('1095',1095,124),('1096',1096,124),('1097',1097,124),('1098',1098,124),('1099',1099,124),('1100',1100,124),('1101',1101,124),('1102',1102,124),('1103',1103,124),('1104',1104,124),('1105',1105,124),('1106',1106,124),('1107',1107,124),('1108',1108,124),('1109',1109,124),('1110',1110,124),('1111',1111,124),('1113',1113,124),('1115',1115,124),('1117',1117,124),('1131',1131,124),('1133',1133,124),('1136',1136,124),('1138',1138,124),('1143',1143,124),('1146',1146,124),('1148',1148,124),('1150',1150,124),('1151',1151,124),('1153',1153,124),('1155',1155,124),('1157',1157,124),('1223',1223,124),('1224',1224,124),('1225',1225,124),('1226',1226,124),('1227',1227,124),('1228',1228,124),('1229',1229,124),('1230',1230,124),('1231',1231,124),('1232',1232,124),('1233',1233,124),('1234',1234,124),('1235',1235,124),('1236',1236,124),('1237',1237,124),('1238',1238,124),('1239',1239,124),('1240',1240,124),('1241',1241,124),('1242',1242,124),('1243',1243,124),('1244',1244,124),('1245',1245,124),('1246',1246,124),('1247',1247,124),('1248',1248,124),('1249',1249,124),('1250',1250,124),('1251',1251,124),('1252',1252,124),('1253',1253,124),('1254',1254,124),('1255',1255,124),('1256',1256,124),('1257',1257,124),('1258',1258,124),('1259',1259,124),('1260',1260,124),('1261',1261,124),('1262',1262,124),('1263',1263,124),('1264',1264,124),('1265',1265,124),('1266',1266,124),('1267',1267,124),('1268',1268,124),('1269',1269,124),('1270',1270,124),('1271',1271,124),('1272',1272,124),('1273',1273,124),('1274',1274,124),('1275',1275,124),('1276',1276,124),('1277',1277,124),('1278',1278,124),('1279',1279,124),('1280',1280,124),('1281',1281,124),('1282',1282,124),('1283',1283,124),('1284',1284,124),('1285',1285,124),('1286',1286,124),('1287',1287,124),('1288',1288,124),('1289',1289,124),('1290',1290,124),('1292',1292,124),('1293',1293,124),('1295',1295,124),('1298',1298,124),('1307',1307,124),('1308',1308,124),('1309',1309,124),('1310',1310,124),('1311',1311,124),('1312',1312,124),('1313',1313,124),('1314',1314,124),('1315',1315,124),('1316',1316,124),('1317',1317,124),('1318',1318,124),('1319',1319,124),('1320',1320,124),('1321',1321,124),('1322',1322,124),('1323',1323,124),('1324',1324,124),('1325',1325,124),('1326',1326,124),('1327',1327,124),('1328',1328,124),('1329',1329,124),('1330',1330,124),('1331',1331,124),('1332',1332,124),('1333',1333,124),('1334',1334,124),('1335',1335,124),('1336',1336,124),('1337',1337,124),('1338',1338,124),('1339',1339,124),('1340',1340,124),('1341',1341,124),('1342',1342,124),('1343',1343,124),('1344',1344,124),('1345',1345,124),('1346',1346,124),('1347',1347,124),('1348',1348,124),('1349',1349,124),('1350',1350,124),('1351',1351,124),('1352',1352,124),('1353',1353,124),('1354',1354,124),('1355',1355,124),('1356',1356,124),('1357',1357,124),('1358',1358,124),('1359',1359,124),('1360',1360,124),('1361',1361,124),('1362',1362,124),('1363',1363,124),('1364',1364,124),('1365',1365,124),('1366',1366,124),('1367',1367,124),('1368',1368,124),('1369',1369,124),('1370',1370,124),('1371',1371,124),('1372',1372,124),('1373',1373,124),('1374',1374,124),('1375',1375,124),('1376',1376,124),('1377',1377,124),('1378',1378,124),('1379',1379,124),('1380',1380,124),('1381',1381,124),('1382',1382,124),('1383',1383,124),('1384',1384,124),('1385',1385,124),('1386',1386,124),('1387',1387,124),('1388',1388,124),('1389',1389,124),('1390',1390,124),('1391',1391,124),('1392',1392,124),('1393',1393,124),('1394',1394,124),('1395',1395,124),('1396',1396,124),('1397',1397,124),('1398',1398,124),('1399',1399,124),('1400',1400,124),('1401',1401,124),('1402',1402,124),('1403',1403,124),('1404',1404,124),('1405',1405,124),('1406',1406,124),('1407',1407,124),('1408',1408,124),('1409',1409,124),('1410',1410,124),('1411',1411,124),('1412',1412,124),('1413',1413,124),('1414',1414,124),('1415',1415,124),('1416',1416,124),('1417',1417,124),('1418',1418,124),('1419',1419,124),('1420',1420,124),('1421',1421,124),('1422',1422,124),('1423',1423,124),('1424',1424,124),('1425',1425,124),('1426',1426,124),('1427',1427,124),('1428',1428,124),('1429',1429,124),('1430',1430,124),('1431',1431,124),('1432',1432,124),('1433',1433,124),('1434',1434,124),('1435',1435,124),('1436',1436,124),('1437',1437,124),('1438',1438,124),('1439',1439,124),('1440',1440,124),('1441',1441,124),('1442',1442,124),('1443',1443,124),('1444',1444,124),('1457',1457,124),('1458',1458,124),('1459',1459,124),('1460',1460,124),('1461',1461,124),('1462',1462,124),('1463',1463,124),('1464',1464,124),('1465',1465,124),('1466',1466,124),('1467',1467,124),('1468',1468,124),('1469',1469,124),('1470',1470,124),('1471',1471,124),('1472',1472,124),('1473',1473,124),('1474',1474,124),('1475',1475,124),('1476',1476,124),('1477',1477,124),('1478',1478,124),('1479',1479,124),('1480',1480,124),('1481',1481,124),('1482',1482,124),('1483',1483,124),('1484',1484,124),('1485',1485,124),('1486',1486,124),('1487',1487,124),('1488',1488,124),('1489',1489,124),('1490',1490,124),('1491',1491,124),('1492',1492,124),('1493',1493,124),('1494',1494,124),('1495',1495,124),('1496',1496,124),('1497',1497,124),('1498',1498,124),('1499',1499,124),('1500',1500,124),('1501',1501,124),('1502',1502,124),('1503',1503,124),('1504',1504,124),('1505',1505,124),('1506',1506,124),('1507',1507,124),('1508',1508,124),('1509',1509,124),('1510',1510,124),('1511',1511,124),('1512',1512,124),('1513',1513,124),('1514',1514,124),('1515',1515,124),('1516',1516,124),('1517',1517,124),('1518',1518,124),('1519',1519,124),('1520',1520,124),('1521',1521,124),('1522',1522,124),('1523',1523,124),('1524',1524,124),('1525',1525,124),('1526',1526,124),('1527',1527,124),('1528',1528,124),('1529',1529,124),('1530',1530,124),('1531',1531,124),('1532',1532,124),('1533',1533,124),('1534',1534,124),('1535',1535,124),('1536',1536,124),('1537',1537,124),('1538',1538,124),('1539',1539,124),('1540',1540,124),('1541',1541,124),('1542',1542,124),('1543',1543,124),('1544',1544,124),('1545',1545,124),('1546',1546,124),('1547',1547,124),('1548',1548,124),('1549',1549,124),('1550',1550,124),('1551',1551,124),('1552',1552,124),('1553',1553,124),('1554',1554,124),('1555',1555,124),('1556',1556,124),('1557',1557,124),('1558',1558,124),('1559',1559,124),('1560',1560,124),('1561',1561,124),('1562',1562,124),('1563',1563,124),('1564',1564,124),('1565',1565,124),('1566',1566,124),('1567',1567,124),('1568',1568,124),('1569',1569,124),('1570',1570,124),('1571',1571,124),('1572',1572,124),('1573',1573,124),('1574',1574,124),('1575',1575,124),('1576',1576,124),('1577',1577,124),('1578',1578,124),('1579',1579,124),('1580',1580,124),('1581',1581,124),('1582',1582,124),('1583',1583,124),('1584',1584,124),('1585',1585,124),('1586',1586,124),('1587',1587,124),('1588',1588,124),('1589',1589,124),('1590',1590,124),('1591',1591,124),('1592',1592,124),('1593',1593,124),('1594',1594,124),('1595',1595,124),('1596',1596,124),('1597',1597,124),('1598',1598,124),('1599',1599,124),('1600',1600,124),('1601',1601,124),('1602',1602,124),('1603',1603,124),('1604',1604,124),('1605',1605,124),('1606',1606,124),('1607',1607,124),('1608',1608,124),('1609',1609,124),('1610',1610,124),('1611',1611,124),('1612',1612,124),('1613',1613,124),('1614',1614,124),('1615',1615,124),('1616',1616,124),('1617',1617,124),('1618',1618,124),('1619',1619,124),('1620',1620,124);
/*!40000 ALTER TABLE `cms3_import_stock_balance_list` ENABLE KEYS */;
UNLOCK TABLES;

--
-- Table structure for table `cms3_import_templates`
--

DROP TABLE IF EXISTS `cms3_import_templates`;
/*!40101 SET @saved_cs_client     = @@character_set_client */;
/*!50503 SET character_set_client = utf8mb4 */;
CREATE TABLE `cms3_import_templates` (
  `source_id` int unsigned NOT NULL,
  `old_id` varchar(255) NOT NULL,
  `new_id` int unsigned NOT NULL,
  KEY `source_id` (`source_id`,`old_id`,`new_id`),
  KEY `old_id` (`old_id`,`new_id`),
  KEY `new_id` (`new_id`),
  CONSTRAINT `FK_NewId_To_TemplateId` FOREIGN KEY (`new_id`) REFERENCES `cms3_templates` (`id`) ON DELETE CASCADE ON UPDATE CASCADE,
  CONSTRAINT `FK_TemplateSourceId_To_Source` FOREIGN KEY (`source_id`) REFERENCES `cms3_import_sources` (`id`) ON DELETE CASCADE ON UPDATE CASCADE
) ENGINE=InnoDB DEFAULT CHARSET=utf8mb3;
/*!40101 SET character_set_client = @saved_cs_client */;

--
-- Dumping data for table `cms3_import_templates`
--

LOCK TABLES `cms3_import_templates` WRITE;
/*!40000 ALTER TABLE `cms3_import_templates` DISABLE KEYS */;
INSERT INTO `cms3_import_templates` VALUES (1,'2',2),(3,'2',2),(124,'2',2);
/*!40000 ALTER TABLE `cms3_import_templates` ENABLE KEYS */;
UNLOCK TABLES;

--
-- Table structure for table `cms3_import_types`
--

DROP TABLE IF EXISTS `cms3_import_types`;
/*!40101 SET @saved_cs_client     = @@character_set_client */;
/*!50503 SET character_set_client = utf8mb4 */;
CREATE TABLE `cms3_import_types` (
  `source_id` int unsigned NOT NULL,
  `old_id` varchar(255) NOT NULL,
  `new_id` int unsigned NOT NULL,
  KEY `source_id` (`source_id`,`old_id`,`new_id`),
  KEY `old_id` (`old_id`,`new_id`),
  KEY `new_id` (`new_id`),
  CONSTRAINT `FK_NewId_To_ObjectTypeId` FOREIGN KEY (`new_id`) REFERENCES `cms3_object_types` (`id`) ON DELETE CASCADE ON UPDATE CASCADE,
  CONSTRAINT `FK_TypeSourceId_To_Source` FOREIGN KEY (`source_id`) REFERENCES `cms3_import_sources` (`id`) ON DELETE CASCADE ON UPDATE CASCADE
) ENGINE=InnoDB DEFAULT CHARSET=utf8mb3;
/*!40101 SET character_set_client = @saved_cs_client */;

--
-- Dumping data for table `cms3_import_types`
--

LOCK TABLES `cms3_import_types` WRITE;
/*!40000 ALTER TABLE `cms3_import_types` DISABLE KEYS */;
INSERT INTO `cms3_import_types` VALUES (1,'170',170),(1,'177',177),(1,'178',178),(1,'180',180),(1,'184',184),(1,'185',185),(1,'191',191),(1,'200',200),(1,'202',202),(1,'204',204),(1,'206',206),(1,'208',208),(1,'209',209),(1,'82',82),(1,'{root-pages-type}',3),(2,'10',55),(2,'11',82),(2,'131',232),(2,'132',235),(2,'133',233),(2,'134',234),(2,'170',170),(2,'177',177),(2,'178',178),(2,'18',7),(2,'180',180),(2,'184',184),(2,'185',185),(2,'191',191),(2,'200',200),(2,'202',202),(2,'204',204),(2,'206',206),(2,'208',208),(2,'209',209),(2,'21',5),(2,'211',211),(2,'215',215),(2,'219',219),(2,'22',8),(2,'23',54),(2,'34',53),(2,'39',65),(2,'4',51),(2,'40',66),(2,'5',110),(2,'6',36),(2,'648',61),(2,'649',62),(2,'650',63),(2,'651',64),(2,'671',109),(2,'672',111),(2,'673',112),(2,'674',9),(2,'675',113),(2,'680',76),(2,'681',77),(2,'682',78),(2,'683',79),(2,'688',58),(2,'689',56),(2,'693',10),(2,'696',71),(2,'697',72),(2,'699',73),(2,'7',1),(2,'700',74),(2,'701',75),(2,'702',119),(2,'739',11),(2,'740',68),(2,'741',69),(2,'742',70),(2,'743',114),(2,'745',2),(2,'746',57),(2,'747',59),(2,'748',60),(2,'750',67),(2,'751',42),(2,'752',49),(2,'753',45),(2,'754',81),(2,'755',50),(2,'756',41),(2,'757',40),(2,'760',83),(2,'762',29),(2,'765',39),(2,'767',31),(2,'768',84),(2,'770',30),(2,'772',32),(2,'773',33),(2,'777',86),(2,'779',38),(2,'780',22),(2,'781',48),(2,'782',47),(2,'783',93),(2,'784',94),(2,'787',43),(2,'788',44),(2,'791',97),(2,'792',12),(2,'793',13),(2,'794',87),(2,'795',88),(2,'796',89),(2,'797',90),(2,'798',91),(2,'799',92),(2,'8',4),(2,'800',85),(2,'801',98),(2,'802',99),(2,'803',37),(2,'804',115),(2,'805',116),(2,'806',34),(2,'807',35),(2,'808',95),(2,'809',14),(2,'810',15),(2,'812',100),(2,'814',16),(2,'815',17),(2,'816',102),(2,'817',46),(2,'818',18),(2,'819',19),(2,'822',117),(2,'823',118),(2,'824',103),(2,'826',104),(2,'830',24),(2,'831',25),(2,'832',6),(2,'837',108),(2,'838',26),(2,'839',52),(2,'840',27),(2,'841',121),(2,'842',96),(2,'843',120),(2,'844',28),(2,'845',222),(2,'846',226),(2,'847',227),(2,'848',230),(2,'849',231),(2,'850',237),(2,'851',236),(2,'9',80),(2,'{root-pages-type}',3),(3,'1',1),(3,'10',10),(3,'12',12),(3,'120',120),(3,'122',122),(3,'123',123),(3,'124',124),(3,'13',13),(3,'139',139),(3,'141',141),(3,'142',142),(3,'146',146),(3,'148',148),(3,'149',149),(3,'150',150),(3,'151',151),(3,'152',152),(3,'153',153),(3,'154',154),(3,'157',157),(3,'158',158),(3,'159',159),(3,'16',16),(3,'160',160),(3,'161',161),(3,'162',162),(3,'164',164),(3,'166',166),(3,'17',17),(3,'170',170),(3,'171',171),(3,'172',172),(3,'173',173),(3,'174',174),(3,'175',175),(3,'176',176),(3,'177',177),(3,'178',178),(3,'179',179),(3,'180',180),(3,'181',181),(3,'182',182),(3,'183',183),(3,'184',184),(3,'185',185),(3,'186',186),(3,'187',187),(3,'188',188),(3,'189',189),(3,'191',191),(3,'197',197),(3,'198',198),(3,'2',2),(3,'200',200),(3,'201',201),(3,'202',202),(3,'203',203),(3,'204',204),(3,'205',205),(3,'206',206),(3,'207',207),(3,'208',208),(3,'209',209),(3,'211',211),(3,'213',213),(3,'215',215),(3,'217',217),(3,'218',218),(3,'219',219),(3,'22',22),(3,'220',220),(3,'221',221),(3,'223',223),(3,'224',224),(3,'225',225),(3,'226',226),(3,'227',227),(3,'228',228),(3,'229',229),(3,'26',26),(3,'28',28),(3,'29',29),(3,'30',30),(3,'31',31),(3,'32',32),(3,'33',33),(3,'36',36),(3,'37',37),(3,'38',38),(3,'39',39),(3,'4',4),(3,'40',40),(3,'41',41),(3,'42',42),(3,'43',43),(3,'44',44),(3,'45',45),(3,'46',46),(3,'47',47),(3,'48',48),(3,'49',49),(3,'50',50),(3,'51',51),(3,'52',52),(3,'55',55),(3,'58',58),(3,'65',65),(3,'66',66),(3,'68',68),(3,'7',7),(3,'76',76),(3,'77',77),(3,'79',79),(3,'81',81),(3,'82',82),(3,'85',85),(3,'88',88),(3,'93',93),(3,'{root-pages-type}',3),(124,'1',1),(124,'10',10),(124,'102',102),(124,'109',109),(124,'11',11),(124,'110',110),(124,'111',111),(124,'115',115),(124,'12',12),(124,'120',120),(124,'121',121),(124,'122',122),(124,'123',123),(124,'124',124),(124,'13',13),(124,'139',139),(124,'14',14),(124,'141',141),(124,'142',142),(124,'146',146),(124,'148',148),(124,'149',149),(124,'150',150),(124,'151',151),(124,'152',152),(124,'153',153),(124,'154',154),(124,'157',157),(124,'158',158),(124,'159',159),(124,'16',16),(124,'160',160),(124,'161',161),(124,'162',162),(124,'164',164),(124,'166',166),(124,'17',17),(124,'170',170),(124,'171',171),(124,'172',172),(124,'173',173),(124,'174',174),(124,'175',175),(124,'176',176),(124,'177',177),(124,'178',178),(124,'179',179),(124,'180',180),(124,'181',181),(124,'182',182),(124,'183',183),(124,'184',184),(124,'185',185),(124,'186',186),(124,'187',187),(124,'188',188),(124,'189',189),(124,'191',191),(124,'197',197),(124,'198',198),(124,'2',2),(124,'200',200),(124,'201',201),(124,'202',202),(124,'203',203),(124,'204',204),(124,'205',205),(124,'206',206),(124,'207',207),(124,'208',208),(124,'209',209),(124,'211',211),(124,'213',213),(124,'215',215),(124,'217',217),(124,'218',218),(124,'219',219),(124,'22',22),(124,'220',220),(124,'221',221),(124,'222',222),(124,'223',223),(124,'224',224),(124,'225',225),(124,'226',226),(124,'227',227),(124,'228',228),(124,'229',229),(124,'26',26),(124,'27',27),(124,'28',28),(124,'29',29),(124,'30',30),(124,'31',31),(124,'32',32),(124,'33',33),(124,'35',35),(124,'36',36),(124,'37',37),(124,'38',38),(124,'39',39),(124,'4',4),(124,'40',40),(124,'41',41),(124,'42',42),(124,'43',43),(124,'44',44),(124,'45',45),(124,'46',46),(124,'47',47),(124,'48',48),(124,'49',49),(124,'50',50),(124,'51',51),(124,'52',52),(124,'53',53),(124,'54',54),(124,'55',55),(124,'57',57),(124,'58',58),(124,'59',59),(124,'60',60),(124,'61',61),(124,'62',62),(124,'63',63),(124,'65',65),(124,'66',66),(124,'67',67),(124,'68',68),(124,'69',69),(124,'7',7),(124,'70',70),(124,'71',71),(124,'72',72),(124,'73',73),(124,'74',74),(124,'75',75),(124,'76',76),(124,'77',77),(124,'79',79),(124,'80',80),(124,'81',81),(124,'82',82),(124,'83',83),(124,'84',84),(124,'85',85),(124,'86',86),(124,'87',87),(124,'88',88),(124,'89',89),(124,'90',90),(124,'93',93),(124,'95',95),(124,'96',96),(124,'99',99),(124,'{root-pages-type}',3);
/*!40000 ALTER TABLE `cms3_import_types` ENABLE KEYS */;
UNLOCK TABLES;

--
-- Table structure for table `cms3_langs`
--

DROP TABLE IF EXISTS `cms3_langs`;
/*!40101 SET @saved_cs_client     = @@character_set_client */;
/*!50503 SET character_set_client = utf8mb4 */;
CREATE TABLE `cms3_langs` (
  `id` int unsigned NOT NULL AUTO_INCREMENT,
  `prefix` varchar(16) NOT NULL,
  `title` varchar(255) NOT NULL,
  `is_default` tinyint(1) DEFAULT NULL,
  PRIMARY KEY (`id`),
  UNIQUE KEY `prefix` (`prefix`)
) ENGINE=InnoDB AUTO_INCREMENT=5 DEFAULT CHARSET=utf8mb3;
/*!40101 SET character_set_client = @saved_cs_client */;

--
-- Dumping data for table `cms3_langs`
--

LOCK TABLES `cms3_langs` WRITE;
/*!40000 ALTER TABLE `cms3_langs` DISABLE KEYS */;
INSERT INTO `cms3_langs` VALUES (1,'ru','Русский',1),(2,'en','English',0),(3,'jp','日本語',0),(4,'arab','العربية',0);
/*!40000 ALTER TABLE `cms3_langs` ENABLE KEYS */;
UNLOCK TABLES;

--
-- Table structure for table `cms3_links`
--

DROP TABLE IF EXISTS `cms3_links`;
/*!40101 SET @saved_cs_client     = @@character_set_client */;
/*!50503 SET character_set_client = utf8mb4 */;
CREATE TABLE `cms3_links` (
  `id` int unsigned NOT NULL AUTO_INCREMENT,
  `address` varchar(1024) NOT NULL,
  `address_hash` varchar(32) NOT NULL,
  `place` varchar(255) NOT NULL,
  `broken` tinyint(1) DEFAULT '0',
  PRIMARY KEY (`id`),
  UNIQUE KEY `address_hash` (`address_hash`),
  KEY `broken` (`broken`)
) ENGINE=InnoDB DEFAULT CHARSET=utf8mb3;
/*!40101 SET character_set_client = @saved_cs_client */;

--
-- Dumping data for table `cms3_links`
--

LOCK TABLES `cms3_links` WRITE;
/*!40000 ALTER TABLE `cms3_links` DISABLE KEYS */;
/*!40000 ALTER TABLE `cms3_links` ENABLE KEYS */;
UNLOCK TABLES;

--
-- Table structure for table `cms3_links_sources`
--

DROP TABLE IF EXISTS `cms3_links_sources`;
/*!40101 SET @saved_cs_client     = @@character_set_client */;
/*!50503 SET character_set_client = utf8mb4 */;
CREATE TABLE `cms3_links_sources` (
  `id` int unsigned NOT NULL AUTO_INCREMENT,
  `link_id` int unsigned NOT NULL,
  `place` varchar(255) NOT NULL,
  `type` enum('object','template') NOT NULL,
  PRIMARY KEY (`id`),
  UNIQUE KEY `link_source` (`link_id`,`place`),
  CONSTRAINT `source link_id` FOREIGN KEY (`link_id`) REFERENCES `cms3_links` (`id`) ON DELETE CASCADE ON UPDATE CASCADE
) ENGINE=InnoDB DEFAULT CHARSET=utf8mb3;
/*!40101 SET character_set_client = @saved_cs_client */;

--
-- Dumping data for table `cms3_links_sources`
--

LOCK TABLES `cms3_links_sources` WRITE;
/*!40000 ALTER TABLE `cms3_links_sources` DISABLE KEYS */;
/*!40000 ALTER TABLE `cms3_links_sources` ENABLE KEYS */;
UNLOCK TABLES;

--
-- Table structure for table `cms3_mail_notifications`
--

DROP TABLE IF EXISTS `cms3_mail_notifications`;
/*!40101 SET @saved_cs_client     = @@character_set_client */;
/*!50503 SET character_set_client = utf8mb4 */;
CREATE TABLE `cms3_mail_notifications` (
  `id` int unsigned NOT NULL AUTO_INCREMENT,
  `lang_id` int unsigned NOT NULL,
  `domain_id` int unsigned NOT NULL,
  `name` varchar(255) DEFAULT NULL,
  `module` varchar(255) DEFAULT NULL,
  PRIMARY KEY (`id`),
  UNIQUE KEY `name-domain-lang` (`name`,`domain_id`,`lang_id`),
  KEY `lang_id` (`lang_id`),
  KEY `domain_id` (`domain_id`),
  KEY `name` (`name`),
  CONSTRAINT `notification to domain` FOREIGN KEY (`domain_id`) REFERENCES `cms3_domains` (`id`) ON UPDATE CASCADE,
  CONSTRAINT `notification to lang` FOREIGN KEY (`lang_id`) REFERENCES `cms3_langs` (`id`) ON UPDATE CASCADE
) ENGINE=InnoDB AUTO_INCREMENT=463 DEFAULT CHARSET=utf8mb3;
/*!40101 SET character_set_client = @saved_cs_client */;

--
-- Dumping data for table `cms3_mail_notifications`
--

LOCK TABLES `cms3_mail_notifications` WRITE;
/*!40000 ALTER TABLE `cms3_mail_notifications` DISABLE KEYS */;
INSERT INTO `cms3_mail_notifications` VALUES (1,1,1,'notification-new-record-admin','appointment'),(2,1,1,'notification-new-record-user','appointment'),(3,1,1,'notification-record-status-changed-user','appointment'),(4,1,1,'notification-banners-expiration-date','banners'),(5,1,1,'notification-blogs-post-comment','blogs20'),(6,1,1,'notification-blogs-comment-comment','blogs20'),(7,1,1,'notification-content-expiration-date','content'),(8,1,1,'notification-content-unpublish-page','content'),(9,1,1,'notification-dispatches-release','dispatches'),(10,1,1,'notification-dispatches-subscribe','dispatches'),(11,1,1,'notification-emarket-status-change','emarket'),(12,1,1,'notification-emarket-new-order','emarket'),(13,1,1,'notification-emarket-invoice','emarket'),(14,1,1,'notification-faq-answer','faq'),(15,1,1,'notification-faq-confirm-user','faq'),(16,1,1,'notification-faq-confirm-admin','faq'),(17,1,1,'notification-forum-new-message','forum'),(18,1,1,'notification-users-new-registration-admin','users'),(19,1,1,'notification-users-restore-password','users'),(20,1,1,'notification-users-registered','users'),(21,1,1,'notification-users-registered-no-activation','users'),(22,1,1,'notification-users-new-password','users');
/*!40000 ALTER TABLE `cms3_mail_notifications` ENABLE KEYS */;
UNLOCK TABLES;

--
-- Table structure for table `cms3_mail_templates`
--

DROP TABLE IF EXISTS `cms3_mail_templates`;
/*!40101 SET @saved_cs_client     = @@character_set_client */;
/*!50503 SET character_set_client = utf8mb4 */;
CREATE TABLE `cms3_mail_templates` (
  `id` int unsigned NOT NULL AUTO_INCREMENT,
  `notification_id` int unsigned NOT NULL,
  `name` varchar(255) DEFAULT NULL,
  `type` varchar(255) DEFAULT NULL,
  `content` mediumtext,
  PRIMARY KEY (`id`),
  UNIQUE KEY `name-notification` (`name`,`notification_id`),
  KEY `name` (`name`),
  KEY `notification_id` (`notification_id`),
  CONSTRAINT `mail template to notification` FOREIGN KEY (`notification_id`) REFERENCES `cms3_mail_notifications` (`id`) ON DELETE CASCADE
) ENGINE=InnoDB AUTO_INCREMENT=1030 DEFAULT CHARSET=utf8mb3;
/*!40101 SET character_set_client = @saved_cs_client */;

--
-- Dumping data for table `cms3_mail_templates`
--

LOCK TABLES `cms3_mail_templates` WRITE;
/*!40000 ALTER TABLE `cms3_mail_templates` DISABLE KEYS */;
INSERT INTO `cms3_mail_templates` VALUES (1,1,'new-record-admin-notify-content','content','<table style=\"max-width: 400px; width: 100%;\">\n  <tbody>\n    <tr>\n      <td>Имя</td>\n      <td>%name%</td>\n    </tr>\n    <tr>\n      <td>Телефон</td>\n      <td>%phone%</td>\n    </tr>\n    <tr>\n      <td>E-Mail</td>\n      <td>%email%</td>\n    </tr>\n    <tr>\n      <td>Комментарий</td>\n      <td>%comment%</td>\n    </tr>\n    <tr>\n      <td>Дата</td>\n      <td>%date%</td>\n    </tr>\n    <tr>\n      <td>Время</td>\n      <td>%time%</td>\n    </tr>\n    <tr>\n      <td>Услуга</td>\n      <td>%service%</td>\n    </tr>\n    <tr>\n      <td>Категория</td>\n      <td>%category%</td>\n    </tr>\n    <tr>\n      <td>Специалист</td>\n      <td>%specialist%</td>\n  </tr>\n  </tbody>\n</table>'),(2,1,'new-record-admin-notify-subject','subject','Запись на приём \\ %category% \\ %service% \\'),(3,2,'new-record-user-notify-content','content','<table style=\"max-width: 400px; width: 100%;\">\n  <tbody>\n    <tr>\n      <td>Дата</td>\n      <td>%date%</td>\n    </tr>\n    <tr>\n      <td>Время</td>\n      <td>%time%</td>\n    </tr>\n    <tr>\n      <td>Услуга</td>\n      <td>%service%</td>\n    </tr>\n    <tr>\n      <td>Категория</td>\n      <td>%category%</td>\n    </tr>\n    <tr>\n      <td>Специалист</td>\n      <td>%specialist%</td>\n    </tr>\n  </tbody>\n</table>'),(4,2,'new-record-user-notify-subject','subject','Вы записались на приём \\ %category% \\ %service% \\'),(5,3,'record-status-changed-user-notify-content','content','<table style=\"max-width: 400px; width: 100%;\">\n  <tbody>\n    <tr>\n      <td>Группа</td>\n      <td>%category%</td>\n    </tr>\n    <tr>\n      <td>Услуга</td>\n      <td>%service%</td>\n    </tr>\n    <tr>\n      <td>Дата</td>\n      <td>%date%&nbsp;</td>\n    </tr>\n    <tr>\n      <td>Время</td>\n      <td>&nbsp;%time%</td>\n    </tr>\n    <tr>\n      <td>Специалист</td>\n      <td>%specialist%</td>\n    </tr>\n    <tr>\n      <td>Статус</td>\n      <td>%new-status%</td>\n    </tr>\n  </tbody>\n</table>'),(6,3,'record-status-changed-user-notify-subject','subject','Ваша заявка на запись \\ %category% \\ %service% \\ была обновлена'),(7,4,'banners-expiration-date-subject','subject','Оповещение о приближении окончания показа баннеров'),(8,4,'banners-expiration-date-content','content','У следующих баннеров истекает срок показа:<br>%parse.banners-expiration-date-item.items%'),(9,4,'banners-expiration-date-item','item','%bannerName% %tillDate% Ссылка для редактирования: <a href=\"%link%\">%link%</a><br>'),(10,5,'blogs-post-comment-subject','subject','Новый ответ на Вашу публикацию'),(11,5,'blogs-post-comment-content','content','%name%, на Вашу публикацию получен новый ответ.<br>\nПосмотреть его Вы можете, перейдя по ссылке:<br><a href=\"%link%\">%link%</a>'),(12,6,'blogs-comment-comment-subject','subject','Новый ответ на Ваш комментарий'),(13,6,'blogs-comment-comment-content','content','%name%, на Ваш комментарий получен новый ответ.<br>\nПосмотреть его Вы можете, перейдя по ссылке:<br><a href=\"%link%\">%link%</a>'),(14,7,'content-expiration-date-subject','subject','Оповещение о приближении окончания публикации'),(15,7,'content-expiration-date-content','content','У страницы <a href=\"%page_link%\">%page_header%</a><br>приближается время потери актуальности<br>Комментарии к публикации: <br><p>%publish_comments%</p>'),(16,8,'content-unpublish-page-subject','subject','Оповещение о снятии страницы с публикации'),(17,8,'content-unpublish-page-content','content','Страница <a href=\"%page_link%\">%page_header%</a><br> снята с публикации<br>\n    Комментарии к публикации: <br />\n    <p>%publish_comments%</p>'),(18,9,'dispatches-release-subject','subject','Новая рассылка: %header%'),(19,9,'dispatches-release-content','content','%parse.dispatches-release-message.messages%<hr><b>Отписаться:</b> Отписаться от рассылки можно <a href=\"%unsubscribe_link%\">по этой ссылке</a>'),(20,9,'dispatches-release-message','message','<h3>%header%</h3>%body%<hr>'),(21,10,'dispatches-subscribe-subject','subject','Подписка на рассылку'),(22,10,'dispatches-subscribe-content','content','<p>Доброго времени суток!</p><p>Вы подписались на рассылку.</p><p>Если вы не хотите ее получать, перейдите по этой ссылке: <a href=\"%unsubscribe_link%\">%unsubscribe_link%</a></p>'),(23,11,'emarket-status-notification-subject','subject','%header%'),(24,11,'emarket-status-notification-content','content','<p>Ваш заказ #%order_number% %status%</p>\n<div>\n  <hr/>\n  <p>Товары:</p>\n  %parse.emarket-status-notification-item.items%\n  <hr/>\n  <p>Всего товаров: %total_amount% шт.</p>\n  <p>На сумму: %total_price% %suffix%. </p>\n</div>\nПосмотреть историю заказов вы можете в своем <a href=\"http://%domain%/emarket/personal/\">личном кабинете</a>.'),(25,11,'emarket-status-notification-receipt','content','<p>Ваш заказ #%order_number% %status%</p>\n<div>\n  <hr/>\n  <p>Товары:</p>\n  %parse.emarket-status-notification-item.items%\n  <hr/>\n  <p>Всего товаров: %total_amount% шт.</p>\n  <p>На сумму: %total_price% %suffix%. </p>\n</div>\n    Посмотреть историю заказов вы можете в своем <a href=\"http://%domain%/emarket/personal/\">личном кабинете</a>.\n    <br/><br/>\n    Квитанцию на оплату вы можете получить, перейдя по <a href=\"http://%domain%/emarket/receipt/%order_id%/%receipt_signature%/\">этой ссылке</a>.'),(26,11,'emarket-status-notification-item','content','<p><a href=\"%link%\">%name%</a></p>\n<p>Цена:  %price% %suffix%. Количество: %amount% шт.</p>'),(27,12,'emarket-neworder-notification-subject','subject','%header%'),(28,12,'emarket-neworder-notification-content','content','Поступил новый заказ #%order_number% (<a href=\"http://%domain%/admin/emarket/order_edit/%order_id%/\">Просмотр</a>)\n    <br/><br/>\n<div>\n  <hr/>\n  <p>Товары:</p>\n  %parse.emarket-neworder-notification-item.items%\n  <hr/>\n  <p>Всего товаров: %total_amount% шт.</p>\n  <p>На сумму: %total_price% %suffix%. </p>\n</div>\n\n<div>\n  <p>Информация о покупателе:</p>\n  <p>Имя: %first_name%</p>\n  <p>Фамилия: %last_name%</p>\n  <p>email: %email%</p>\n  <p>Телефон: %phone%</p>\n\n  <p>Способ доставки: %delivery%</p>\n  <p>Адрес доставки: %address%</p>\n</div>\n\n  <p>Способ оплаты: %payment_type%</p>\n  <p>Статус оплаты: %payment_status%</p>'),(29,12,'emarket-neworder-notification-item','content','<p><a href=\"%link%\">%name%</a></p>\n<p>Цена:  %price% %suffix%. Количество: %amount% шт.</p>'),(30,13,'emarket-invoice-subject','subject','На сайте %domain% успешно сформирован счет'),(31,13,'emarket-invoice-content','content','Вы можете распечатать счет для юридических лиц, перейдя по следующей ссылке:\n    <p>\n      <a href=\"http://%domain%%invoice_link%\">http://%domain%%invoice_link%</a>\n    </p>'),(32,14,'faq-answer-subject','subject','[#%ticket%] Ответ на Ваш вопрос'),(33,14,'faq-answer-content','content','Здравствуйте, <br /><br />\n\nОтвет на Ваш вопрос Вы можете прочитать по следующему адресу:<br />\n<a href=\"%question_link%\">%question_link%</a><br />\n\n<br /><hr />\nС уважением, <br />\nАдминистрация сайта <b>%domain%</b>'),(34,15,'faq-confirm-user-subject','subject','Спасибо за Ваш вопрос'),(35,15,'faq-confirm-user-content','content','Вашему вопросу присвоен тикет #%ticket% <br />\nМы ответим Вам в ближайшее время.<br />\n<br /><hr />\nС уважением, <br />\nАдминистрация сайта <b>%domain%</b>'),(36,16,'faq-confirm-admin-subject','subject','Новый вопрос в FAQ'),(37,16,'faq-confirm-admin-content','content','В базу знаний поступил новый вопрос:<br />\n<a href=\"%question_link%\">%question_link%</a><br />\n<hr />\n%question%\n<hr />'),(38,17,'forum-new-message-subject','subject','Новое сообщение на форуме'),(39,17,'forum-new-message-content','content','<h1>%h1%</h1>\n%message%'),(40,18,'users-new-registration-admin-subject','subject','Зарегистрировался новый пользователь'),(41,18,'users-new-registration-admin-content','content','<p>Зарегистрировался новый пользователь \"%login%\".</p>'),(42,19,'users-restore-password-subject','subject','Восстановление пароля'),(43,19,'users-restore-password-content','content','<p>\n    Здравствуйте!<br />\n    Кто-то, возможно Вы, пытается восстановить пароль для пользователя \"%login%\" на сайте <a href=\"http://%domain%\">%domain%</a>.\n  </p>\n\n\n  <p>\n    Если это не Вы, просто проигнорируйте данное письмо.\n  </p>\n\n  <p>\n    Если Вы действительно хотите восстановить пароль, кликните по этой ссылке:<br />\n    <a href=\"%restore_link%\">%restore_link%</a>\n  </p>\n\n  <p>\n    С уважением,<br />\n    <b>Администрация сайта <a href=\"http://%domain%\">%domain%</a></b>\n  </p>'),(44,20,'users-registered-subject','subject','Регистрация на UMI.CMS Demo Site'),(45,20,'users-registered-content','content','<p>\n    Здравствуйте, %lname% %fname% %father_name%, <br />\n    Вы зарегистрировались на сайте <a href=\"http://%domain%\">%domain%</a>.\n  </p>\n\n\n  <p>\n    Логин: %login%<br />\n    Пароль: %password%\n  </p>\n\n\n  <p>\n    <div class=\"notice\">\n      Чтобы активировать Ваш аккаунт, необходимо перейти по ссылке, либо скопировать ее в адресную строку браузера:<br />\n      <a href=\"%activate_link%\">%activate_link%</a>\n    </div>\n  </p>'),(46,21,'users-registered-no-activation-subject','subject','Регистрация на сайте %domain%'),(47,21,'users-registered-no-activation-content','content','<p>\n    Здравствуйте, %lname% %fname% %father_name%, <br />\n    Вы зарегистрировались на сайте <a href=\"http://%domain%\">%domain%</a>.\n  </p>\n  <p>\n    Логин: %login%<br />\n    Пароль: %password%\n  </p>'),(48,22,'users-new-password-subject','subject','Новый пароль для сайта'),(49,22,'users-new-password-content','content','<p>\n    Здравствуйте!<br />\n\n    Ваш новый пароль от сайта <a href=\"http://%domain%\">%domain%</a>.\n  </p>\n\n\n  <p>\n    Логин:  %login%<br />\n    Пароль: %password%\n  </p>\n\n  <p>\n    С уважением,<br />\n    <b>Администрация сайта <a href=\"http://%domain%\">%domain%</a></b>\n  </p>');
/*!40000 ALTER TABLE `cms3_mail_templates` ENABLE KEYS */;
UNLOCK TABLES;

--
-- Table structure for table `cms3_mail_variables`
--

DROP TABLE IF EXISTS `cms3_mail_variables`;
/*!40101 SET @saved_cs_client     = @@character_set_client */;
/*!50503 SET character_set_client = utf8mb4 */;
CREATE TABLE `cms3_mail_variables` (
  `id` int unsigned NOT NULL AUTO_INCREMENT,
  `template_id` int unsigned NOT NULL,
  `variable` varchar(255) DEFAULT NULL,
  PRIMARY KEY (`id`),
  KEY `field_name` (`variable`),
  KEY `template_name` (`template_id`),
  CONSTRAINT `cms3_mail_variables_ibfk_1` FOREIGN KEY (`template_id`) REFERENCES `cms3_mail_templates` (`id`),
  CONSTRAINT `mail variable to template` FOREIGN KEY (`template_id`) REFERENCES `cms3_mail_templates` (`id`) ON DELETE CASCADE
) ENGINE=InnoDB AUTO_INCREMENT=181 DEFAULT CHARSET=utf8mb3;
/*!40101 SET character_set_client = @saved_cs_client */;

--
-- Dumping data for table `cms3_mail_variables`
--

LOCK TABLES `cms3_mail_variables` WRITE;
/*!40000 ALTER TABLE `cms3_mail_variables` DISABLE KEYS */;
INSERT INTO `cms3_mail_variables` VALUES (1,1,'category'),(2,1,'service'),(3,1,'name'),(4,1,'phone'),(5,1,'email'),(6,1,'comment'),(7,1,'date'),(8,1,'time'),(9,1,'specialist'),(10,2,'category'),(11,2,'service'),(12,3,'category'),(13,3,'service'),(14,3,'date'),(15,3,'time'),(16,3,'specialist'),(17,4,'category'),(18,4,'service'),(19,5,'category'),(20,5,'service'),(21,5,'date'),(22,5,'time'),(23,5,'specialist'),(24,5,'new-status'),(25,6,'category'),(26,6,'service'),(27,8,'parse.banners-expiration-date-item.items'),(28,9,'bannerName'),(29,9,'tillDate'),(30,9,'link'),(31,10,'name'),(32,10,'link'),(33,11,'name'),(34,11,'link'),(35,12,'name'),(36,12,'link'),(37,13,'name'),(38,13,'link'),(39,15,'page_link'),(40,15,'page_header'),(41,15,'publish_comments'),(42,17,'page_link'),(43,17,'page_header'),(44,17,'publish_comments'),(45,18,'header'),(46,19,'header'),(47,19,'parse.dispatches-release-message.messages'),(48,19,'unsubscribe_link'),(49,20,'header'),(50,20,'id'),(51,20,'body'),(52,22,'unsubscribe_link'),(53,23,'header'),(54,24,'order_id'),(55,24,'order_name'),(56,24,'order_number'),(57,24,'domain'),(58,24,'total_amount'),(59,24,'total_price'),(60,24,'suffix'),(61,24,'parse.emarket-status-notification-item.items'),(62,24,'status'),(63,24,'personal_params'),(64,25,'order_id'),(65,25,'order_name'),(66,25,'order_number'),(67,25,'domain'),(68,25,'total_amount'),(69,25,'total_price'),(70,25,'suffix'),(71,25,'parse.emarket-status-notification-item.items'),(72,25,'status'),(73,25,'personal_params'),(74,25,'receipt_signature'),(75,26,'link'),(76,26,'name'),(77,26,'price'),(78,26,'suffix'),(79,26,'amount'),(80,27,'header'),(81,28,'order_id'),(82,28,'order_name'),(83,28,'order_number'),(84,28,'domain'),(85,28,'total_amount'),(86,28,'total_price'),(87,28,'suffix'),(88,28,'parse.emarket-neworder-notification-item.items'),(89,28,'payment_type'),(90,28,'payment_status'),(91,28,'first_name'),(92,28,'last_name'),(93,28,'email'),(94,28,'phone'),(95,28,'delivery'),(96,28,'address'),(97,29,'link'),(98,29,'name'),(99,29,'price'),(100,29,'suffix'),(101,29,'amount'),(102,30,'domain'),(103,30,'invoice_link'),(104,31,'domain'),(105,31,'invoice_link'),(106,32,'domain'),(107,32,'element_id'),(108,32,'author_id'),(109,32,'question_link'),(110,32,'ticket'),(111,33,'domain'),(112,33,'element_id'),(113,33,'author_id'),(114,33,'question_link'),(115,33,'ticket'),(116,34,'domain'),(117,34,'question'),(118,34,'ticket'),(119,35,'domain'),(120,35,'question'),(121,35,'ticket'),(122,36,'domain'),(123,36,'question'),(124,36,'question_link'),(125,37,'domain'),(126,37,'question'),(127,37,'question_link'),(128,39,'h1'),(129,39,'message'),(130,39,'unsubscribe_link'),(131,40,'user_id'),(132,40,'login'),(133,41,'user_id'),(134,41,'login'),(135,42,'domain'),(136,42,'restore_link'),(137,42,'email'),(138,42,'login'),(139,43,'domain'),(140,43,'restore_link'),(141,43,'email'),(142,43,'login'),(143,44,'user_id'),(144,44,'domain'),(145,44,'login'),(146,44,'activate_link'),(147,44,'password'),(148,44,'lname'),(149,44,'fname'),(150,44,'father_name'),(151,45,'user_id'),(152,45,'domain'),(153,45,'login'),(154,45,'activate_link'),(155,45,'password'),(156,45,'lname'),(157,45,'fname'),(158,45,'father_name'),(159,46,'user_id'),(160,46,'domain'),(161,46,'login'),(162,46,'activate_link'),(163,46,'password'),(164,46,'lname'),(165,46,'fname'),(166,46,'father_name'),(167,47,'user_id'),(168,47,'domain'),(169,47,'login'),(170,47,'activate_link'),(171,47,'password'),(172,47,'lname'),(173,47,'fname'),(174,47,'father_name'),(175,48,'domain'),(176,48,'login'),(177,48,'password'),(178,49,'domain'),(179,49,'login'),(180,49,'password');
/*!40000 ALTER TABLE `cms3_mail_variables` ENABLE KEYS */;
UNLOCK TABLES;

--
-- Table structure for table `cms3_messages`
--

DROP TABLE IF EXISTS `cms3_messages`;
/*!40101 SET @saved_cs_client     = @@character_set_client */;
/*!50503 SET character_set_client = utf8mb4 */;
CREATE TABLE `cms3_messages` (
  `id` int unsigned NOT NULL AUTO_INCREMENT,
  `title` varchar(255) NOT NULL,
  `content` mediumtext NOT NULL,
  `sender_id` int unsigned DEFAULT NULL,
  `create_time` int NOT NULL,
  `type` enum('private','sys-event','sys-log') NOT NULL,
  `priority` int DEFAULT '0',
  `is_sended` int DEFAULT '0',
  PRIMARY KEY (`id`),
  KEY `title` (`title`),
  KEY `create_time` (`create_time`),
  KEY `priority` (`priority`),
  KEY `type` (`type`),
  KEY `is_sended` (`is_sended`),
  KEY `FK_Messages to user relation` (`sender_id`),
  CONSTRAINT `FK_Messages to user relation` FOREIGN KEY (`sender_id`) REFERENCES `cms3_objects` (`id`) ON DELETE CASCADE ON UPDATE CASCADE
) ENGINE=InnoDB AUTO_INCREMENT=4 DEFAULT CHARSET=utf8mb3;
/*!40101 SET character_set_client = @saved_cs_client */;

--
-- Dumping data for table `cms3_messages`
--

LOCK TABLES `cms3_messages` WRITE;
/*!40000 ALTER TABLE `cms3_messages` DISABLE KEYS */;
/*!40000 ALTER TABLE `cms3_messages` ENABLE KEYS */;
UNLOCK TABLES;

--
-- Table structure for table `cms3_messages_inbox`
--

DROP TABLE IF EXISTS `cms3_messages_inbox`;
/*!40101 SET @saved_cs_client     = @@character_set_client */;
/*!50503 SET character_set_client = utf8mb4 */;
CREATE TABLE `cms3_messages_inbox` (
  `message_id` int unsigned DEFAULT NULL,
  `recipient_id` int unsigned DEFAULT NULL,
  `is_opened` int DEFAULT '0',
  KEY `message_id` (`message_id`),
  KEY `recipient_id` (`recipient_id`),
  KEY `is_opened` (`is_opened`),
  KEY `FK_MessagesInbox to Messages` (`message_id`),
  KEY `FK_MessagesInbox to User` (`recipient_id`),
  CONSTRAINT `FK_MessagesInbox to Messages` FOREIGN KEY (`message_id`) REFERENCES `cms3_messages` (`id`) ON DELETE CASCADE ON UPDATE CASCADE,
  CONSTRAINT `FK_MessagesInbox to User` FOREIGN KEY (`recipient_id`) REFERENCES `cms3_objects` (`id`) ON DELETE CASCADE ON UPDATE CASCADE
) ENGINE=InnoDB DEFAULT CHARSET=utf8mb3;
/*!40101 SET character_set_client = @saved_cs_client */;

--
-- Dumping data for table `cms3_messages_inbox`
--

LOCK TABLES `cms3_messages_inbox` WRITE;
/*!40000 ALTER TABLE `cms3_messages_inbox` DISABLE KEYS */;
/*!40000 ALTER TABLE `cms3_messages_inbox` ENABLE KEYS */;
UNLOCK TABLES;

--
-- Table structure for table `cms3_object_content`
--

DROP TABLE IF EXISTS `cms3_object_content`;
/*!40101 SET @saved_cs_client     = @@character_set_client */;
/*!50503 SET character_set_client = utf8mb4 */;
CREATE TABLE `cms3_object_content` (
  `obj_id` int unsigned DEFAULT NULL,
  `field_id` int unsigned DEFAULT NULL,
  `int_val` bigint DEFAULT NULL,
  `varchar_val` varchar(255) DEFAULT NULL,
  `text_val` mediumtext,
  `rel_val` int unsigned DEFAULT NULL,
  `tree_val` int unsigned DEFAULT NULL,
  `float_val` double DEFAULT NULL,
  KEY `Content to object relation_FK` (`obj_id`),
  KEY `Contents field id relation_FK` (`field_id`),
  KEY `Relation value reference_FK` (`rel_val`),
  KEY `content2tree_FK` (`tree_val`),
  KEY `int_val` (`int_val`),
  KEY `varchar_val` (`varchar_val`),
  KEY `float_val` (`float_val`),
  KEY `text_val` (`text_val`(8)),
  KEY `K_Complex_FieldIdAndRelVal` (`field_id`,`rel_val`),
  KEY `K_Complex_FieldIdAndTreeVal` (`field_id`,`tree_val`),
  KEY `K_Complex_ObjIdAndFieldId` (`obj_id`,`field_id`),
  CONSTRAINT `FK_Content to object relation` FOREIGN KEY (`obj_id`) REFERENCES `cms3_objects` (`id`) ON DELETE CASCADE ON UPDATE CASCADE,
  CONSTRAINT `FK_content2tree` FOREIGN KEY (`tree_val`) REFERENCES `cms3_hierarchy` (`id`) ON DELETE CASCADE ON UPDATE CASCADE,
  CONSTRAINT `FK_Contents field id relation` FOREIGN KEY (`field_id`) REFERENCES `cms3_object_fields` (`id`) ON DELETE CASCADE ON UPDATE CASCADE,
  CONSTRAINT `FK_Relation value reference` FOREIGN KEY (`rel_val`) REFERENCES `cms3_objects` (`id`) ON DELETE CASCADE ON UPDATE CASCADE
) ENGINE=InnoDB DEFAULT CHARSET=utf8mb3;
/*!40101 SET character_set_client = @saved_cs_client */;

--
-- Dumping data for table `cms3_object_content`
--

LOCK TABLES `cms3_object_content` WRITE;
/*!40000 ALTER TABLE `cms3_object_content` DISABLE KEYS */;
INSERT INTO `cms3_object_content` VALUES (1,64,NULL,'catalogCommerceML',NULL,NULL,NULL,NULL),(2,64,NULL,'offersCommerceML',NULL,NULL,NULL,NULL),(3,64,NULL,'ordersCommerceML',NULL,NULL,NULL,NULL),(4,64,NULL,'YML',NULL,NULL,NULL,NULL),(5,64,NULL,'umiDump20',NULL,NULL,NULL,NULL),(6,64,NULL,'CSV',NULL,NULL,NULL,NULL),(7,64,NULL,'transfer',NULL,NULL,NULL,NULL),(8,64,NULL,'commerceML',NULL,NULL,NULL,NULL),(9,1,NULL,'page_status_publish',NULL,NULL,NULL,NULL),(10,1,NULL,'page_status_unpublish',NULL,NULL,NULL,NULL),(11,1,NULL,'page_status_preunpublish',NULL,NULL,NULL,NULL),(14,23,NULL,'cp1251',NULL,NULL,NULL,NULL),(15,23,NULL,'utf-8',NULL,NULL,NULL,NULL),(16,35,NULL,'RUR',NULL,NULL,NULL,NULL),(16,36,1,NULL,NULL,NULL,NULL,NULL),(16,37,NULL,NULL,NULL,NULL,NULL,1),(16,39,NULL,'руб',NULL,NULL,NULL,NULL),(17,35,NULL,'USD',NULL,NULL,NULL,NULL),(17,36,1,NULL,NULL,NULL,NULL,NULL),(17,38,NULL,'$',NULL,NULL,NULL,NULL),(18,35,NULL,'EUR',NULL,NULL,NULL,NULL),(18,36,1,NULL,NULL,NULL,NULL,NULL),(18,38,NULL,'€',NULL,NULL,NULL,NULL),(19,41,NULL,'android',NULL,NULL,NULL,NULL),(20,41,NULL,'ios',NULL,NULL,NULL,NULL),(21,34,NULL,'item',NULL,NULL,NULL,NULL),(21,52,NULL,'Скидки этого типа могут быть применены к товарам, либо разделам в каталоге',NULL,NULL,NULL,NULL),(22,34,NULL,'order',NULL,NULL,NULL,NULL),(22,52,NULL,'Данный тип скидок используется для расчета итоговой цены заказа',NULL,NULL,NULL,NULL),(23,34,NULL,'bonus',NULL,NULL,NULL,NULL),(23,52,NULL,'Зачисление бонусов за оплаченный заказ',NULL,NULL,NULL,NULL),(24,65,NULL,'Супервайзеры',NULL,NULL,NULL,NULL),(25,181,1,NULL,NULL,NULL,NULL,NULL),(25,186,0,NULL,NULL,NULL,NULL,NULL),(25,189,NULL,'content,users,emarket,catalog,data,trash',NULL,NULL,NULL,NULL),(26,53,NULL,'proc',NULL,NULL,NULL,NULL),(26,56,NULL,'emarket-discountmodificator-768',NULL,NULL,NULL,NULL),(27,53,NULL,'absolute',NULL,NULL,NULL,NULL),(27,56,NULL,'emarket-discountmodificator-800',NULL,NULL,NULL,NULL),(28,58,NULL,'items',NULL,NULL,NULL,NULL),(28,61,NULL,'emarket-discountrule-777',NULL,NULL,NULL,NULL),(29,58,NULL,'dateRange',NULL,NULL,NULL,NULL),(29,61,NULL,'emarket-discountrule-794',NULL,NULL,NULL,NULL),(30,58,NULL,'orderPrice',NULL,NULL,NULL,NULL),(30,61,NULL,'emarket-discountrule-795',NULL,NULL,NULL,NULL),(31,58,NULL,'allOrdersPrices',NULL,NULL,NULL,NULL),(31,61,NULL,'emarket-discountrule-796',NULL,NULL,NULL,NULL),(32,58,NULL,'userGroups',NULL,NULL,NULL,NULL),(32,61,NULL,'emarket-discountrule-797',NULL,NULL,NULL,NULL),(33,58,NULL,'users',NULL,NULL,NULL,NULL),(33,61,NULL,'emarket-discountrule-798',NULL,NULL,NULL,NULL),(34,58,NULL,'relatedItems',NULL,NULL,NULL,NULL),(34,61,NULL,'emarket-discountrule-799',NULL,NULL,NULL,NULL),(25,178,NULL,NULL,NULL,24,NULL,NULL),(26,55,NULL,NULL,NULL,22,NULL,NULL),(26,55,NULL,NULL,NULL,23,NULL,NULL),(26,55,NULL,NULL,NULL,21,NULL,NULL),(28,60,NULL,NULL,NULL,21,NULL,NULL),(29,60,NULL,NULL,NULL,22,NULL,NULL),(29,60,NULL,NULL,NULL,23,NULL,NULL),(29,60,NULL,NULL,NULL,21,NULL,NULL),(30,60,NULL,NULL,NULL,22,NULL,NULL),(30,60,NULL,NULL,NULL,23,NULL,NULL),(31,60,NULL,NULL,NULL,22,NULL,NULL),(31,60,NULL,NULL,NULL,23,NULL,NULL),(31,60,NULL,NULL,NULL,21,NULL,NULL),(32,60,NULL,NULL,NULL,22,NULL,NULL),(32,60,NULL,NULL,NULL,23,NULL,NULL),(32,60,NULL,NULL,NULL,21,NULL,NULL),(33,60,NULL,NULL,NULL,22,NULL,NULL),(33,60,NULL,NULL,NULL,23,NULL,NULL),(33,60,NULL,NULL,NULL,21,NULL,NULL),(34,60,NULL,NULL,NULL,21,NULL,NULL),(35,65,NULL,'Зарегистрированные пользователи',NULL,NULL,NULL,NULL),(36,30,NULL,'US',NULL,NULL,NULL,NULL),(37,30,NULL,'RU',NULL,NULL,NULL,NULL),(38,73,NULL,'digital',NULL,NULL,NULL,NULL),(39,73,NULL,'optioned',NULL,NULL,NULL,NULL),(40,51,1,NULL,NULL,NULL,NULL,NULL),(41,51,2,NULL,NULL,NULL,NULL,NULL),(42,51,3,NULL,NULL,NULL,NULL,NULL),(43,51,4,NULL,NULL,NULL,NULL,NULL),(44,51,5,NULL,NULL,NULL,NULL,NULL),(45,51,6,NULL,NULL,NULL,NULL,NULL),(46,175,NULL,'Гость',NULL,NULL,NULL,NULL),(46,176,NULL,'084e0343a0486ff05530df6c705c8bb4',NULL,NULL,NULL,NULL),(46,177,NULL,'anonymous@somedomain.com',NULL,NULL,NULL,NULL),(46,181,1,NULL,NULL,NULL,NULL,NULL),(46,182,0,NULL,NULL,NULL,NULL,NULL),(46,186,0,NULL,NULL,NULL,NULL,NULL),(46,201,NULL,'Посетитель',NULL,NULL,NULL,NULL),(47,40,NULL,'canceled',NULL,NULL,NULL,NULL),(47,93,50,NULL,NULL,NULL,NULL,NULL),(48,40,NULL,'rejected',NULL,NULL,NULL,NULL),(48,93,40,NULL,NULL,NULL,NULL,NULL),(49,40,NULL,'payment',NULL,NULL,NULL,NULL),(49,93,60,NULL,NULL,NULL,NULL,NULL),(50,40,NULL,'delivery',NULL,NULL,NULL,NULL),(50,93,70,NULL,NULL,NULL,NULL,NULL),(51,40,NULL,'waiting',NULL,NULL,NULL,NULL),(51,93,100,NULL,NULL,NULL,NULL,NULL),(52,40,NULL,'accepted',NULL,NULL,NULL,NULL),(52,93,80,NULL,NULL,NULL,NULL,NULL),(53,40,NULL,'ready',NULL,NULL,NULL,NULL),(53,93,30,NULL,NULL,NULL,NULL,NULL),(54,40,NULL,'editing',NULL,NULL,NULL,NULL),(54,93,90,NULL,NULL,NULL,NULL,NULL),(68,94,NULL,'receipt',NULL,NULL,NULL,NULL),(68,96,NULL,'emarket-payment-791',NULL,NULL,NULL,NULL),(69,94,NULL,'payonline',NULL,NULL,NULL,NULL),(69,96,NULL,'emarket-payment-801',NULL,NULL,NULL,NULL),(70,94,NULL,'courier',NULL,NULL,NULL,NULL),(70,96,NULL,'emarket-payment-802',NULL,NULL,NULL,NULL),(71,94,NULL,'robox',NULL,NULL,NULL,NULL),(71,96,NULL,'emarket-payment-812',NULL,NULL,NULL,NULL),(73,94,NULL,'invoice',NULL,NULL,NULL,NULL),(73,96,NULL,'emarket-payment-816',NULL,NULL,NULL,NULL),(74,94,NULL,'payanyway',NULL,NULL,NULL,NULL),(74,96,NULL,'emarket-payment-payanyway',NULL,NULL,NULL,NULL),(75,94,NULL,'dengionline',NULL,NULL,NULL,NULL),(75,96,NULL,'emarket-payment-dengionline',NULL,NULL,NULL,NULL),(79,94,NULL,'paypal',NULL,NULL,NULL,NULL),(79,96,NULL,'emarket-payment-paypal',NULL,NULL,NULL,NULL),(80,40,NULL,'initialized',NULL,NULL,NULL,NULL),(80,93,40,NULL,NULL,NULL,NULL,NULL),(81,40,NULL,'validated',NULL,NULL,NULL,NULL),(81,93,60,NULL,NULL,NULL,NULL,NULL),(82,40,NULL,'declined',NULL,NULL,NULL,NULL),(82,93,70,NULL,NULL,NULL,NULL,NULL),(83,40,NULL,'accepted',NULL,NULL,NULL,NULL),(83,93,50,NULL,NULL,NULL,NULL,NULL),(84,40,NULL,'not_defined',NULL,NULL,NULL,NULL),(84,93,30,NULL,NULL,NULL,NULL,NULL),(85,112,NULL,'self',NULL,NULL,NULL,NULL),(85,114,NULL,'emarket-delivery-783',NULL,NULL,NULL,NULL),(86,112,NULL,'courier',NULL,NULL,NULL,NULL),(86,114,NULL,'emarket-delivery-784',NULL,NULL,NULL,NULL),(87,112,NULL,'russianpost',NULL,NULL,NULL,NULL),(87,114,NULL,'emarket-delivery-808',NULL,NULL,NULL,NULL),(88,112,NULL,'ApiShip',NULL,NULL,NULL,NULL),(88,114,NULL,'emarket-delivery-842',NULL,NULL,NULL,NULL),(89,40,NULL,'waiting_shipping',NULL,NULL,NULL,NULL),(89,93,40,NULL,NULL,NULL,NULL,NULL),(90,40,NULL,'shipping',NULL,NULL,NULL,NULL),(90,93,50,NULL,NULL,NULL,NULL,NULL),(91,40,NULL,'ready',NULL,NULL,NULL,NULL),(91,93,60,NULL,NULL,NULL,NULL,NULL),(92,40,NULL,'not_defined',NULL,NULL,NULL,NULL),(92,93,30,NULL,NULL,NULL,NULL,NULL),(93,40,NULL,'canceled',NULL,NULL,NULL,NULL),(93,93,50,NULL,NULL,NULL,NULL,NULL),(94,40,NULL,'return',NULL,NULL,NULL,NULL),(94,93,60,NULL,NULL,NULL,NULL,NULL),(95,32,1,NULL,NULL,NULL,NULL,NULL),(96,32,2,NULL,NULL,NULL,NULL,NULL),(97,32,3,NULL,NULL,NULL,NULL,NULL),(98,32,4,NULL,NULL,NULL,NULL,NULL),(99,32,5,NULL,NULL,NULL,NULL,NULL),(100,32,6,NULL,NULL,NULL,NULL,NULL),(101,32,7,NULL,NULL,NULL,NULL,NULL),(102,32,12,NULL,NULL,NULL,NULL,NULL),(103,32,23,NULL,NULL,NULL,NULL,NULL),(104,32,22,NULL,NULL,NULL,NULL,NULL),(105,32,21,NULL,NULL,NULL,NULL,NULL),(106,32,20,NULL,NULL,NULL,NULL,NULL),(107,32,19,NULL,NULL,NULL,NULL,NULL),(108,32,18,NULL,NULL,NULL,NULL,NULL),(109,32,17,NULL,NULL,NULL,NULL,NULL),(110,32,16,NULL,NULL,NULL,NULL,NULL),(111,32,15,NULL,NULL,NULL,NULL,NULL),(112,32,14,NULL,NULL,NULL,NULL,NULL),(113,32,13,NULL,NULL,NULL,NULL,NULL),(114,32,0,NULL,NULL,NULL,NULL,NULL),(115,32,11,NULL,NULL,NULL,NULL,NULL),(116,32,10,NULL,NULL,NULL,NULL,NULL),(117,32,9,NULL,NULL,NULL,NULL,NULL),(118,32,8,NULL,NULL,NULL,NULL,NULL),(119,32,7,NULL,NULL,NULL,NULL,NULL),(120,32,6,NULL,NULL,NULL,NULL,NULL),(121,32,5,NULL,NULL,NULL,NULL,NULL),(122,32,4,NULL,NULL,NULL,NULL,NULL),(123,32,3,NULL,NULL,NULL,NULL,NULL),(124,32,2,NULL,NULL,NULL,NULL,NULL),(125,32,1,NULL,NULL,NULL,NULL,NULL),(153,301,1,NULL,NULL,NULL,NULL,NULL),(161,31,1,NULL,NULL,NULL,NULL,NULL),(162,31,2,NULL,NULL,NULL,NULL,NULL),(163,31,3,NULL,NULL,NULL,NULL,NULL),(164,31,4,NULL,NULL,NULL,NULL,NULL),(333,29,NULL,'low',NULL,NULL,NULL,NULL),(334,29,NULL,'normal',NULL,NULL,NULL,NULL),(335,29,NULL,'high',NULL,NULL,NULL,NULL),(338,63,NULL,'commerceML2',NULL,NULL,NULL,NULL),(339,63,NULL,'umiDump20',NULL,NULL,NULL,NULL),(340,63,NULL,'CSV',NULL,NULL,NULL,NULL),(341,63,NULL,'transfer',NULL,NULL,NULL,NULL),(342,434,NULL,'Демонстрационный магазин UMI.CMS',NULL,NULL,NULL,NULL),(342,435,1,NULL,NULL,NULL,NULL,NULL),(342,431,NULL,'vkontakte',NULL,NULL,NULL,NULL),(343,67,198262,NULL,NULL,NULL,NULL,NULL),(343,68,NULL,'Ленинградская область',NULL,NULL,NULL,NULL),(343,69,NULL,'Санкт-Петербург',NULL,NULL,NULL,NULL),(343,70,NULL,'ул. Большая Пушкарская',NULL,NULL,NULL,NULL),(343,71,NULL,'2',NULL,NULL,NULL,NULL),(343,72,NULL,'44',NULL,NULL,NULL,NULL),(46,179,NULL,'4058e818884b6d627074fd6e85603021',NULL,NULL,NULL,NULL),(68,95,97,NULL,NULL,NULL,NULL,NULL),(86,113,94,NULL,NULL,NULL,NULL,NULL),(25,179,NULL,'098e4633f39979d3001ea609c2865be7',NULL,NULL,NULL,NULL),(25,182,1437742854,NULL,NULL,NULL,NULL,NULL),(356,3,NULL,'Каталог товаров',NULL,NULL,NULL,NULL),(356,299,1,NULL,NULL,NULL,NULL,NULL),(356,300,9999,NULL,NULL,NULL,NULL,NULL),(357,3,NULL,'Новости',NULL,NULL,NULL,NULL),(358,3,NULL,'Доставка и оплата',NULL,NULL,NULL,NULL),(358,4,NULL,NULL,'<div>Вы находитесь в разделе \"Доставка и оплата\" демонстрационного интернет-магазина на платформе UMI.CMS</div>\r\n<div></div>\r\n<div>На этой странице Вы сможете разместить информацию о вариантах доставки и способах оплаты.</div>',NULL,NULL,NULL),(358,12,1,NULL,NULL,NULL,NULL,NULL),(358,453,1,NULL,NULL,NULL,NULL,NULL),(359,3,NULL,'Помощь',NULL,NULL,NULL,NULL),(359,4,NULL,NULL,'<div>Вы находитесь в разделе помощи демонстрационного сайта на платформе UMI.CMS</div>\r\n<div></div>\r\n<div>Разместите на этой странице справочную информацию для ваших покупателей и партнеров.</div>',NULL,NULL,NULL),(359,12,1,NULL,NULL,NULL,NULL,NULL),(359,453,1,NULL,NULL,NULL,NULL,NULL),(362,3,NULL,'О магазине',NULL,NULL,NULL,NULL),(362,4,NULL,NULL,'<div>Добро пожаловать на демонстрационный сайт - Интернет-магазин на платформе UMI.CMS</div>\r\n<div></div>\r\n<div>На этой странице Вы сможете рассказать о своём магазине, описать его достоинства и преимущества.</div>',NULL,NULL,NULL),(362,12,1,NULL,NULL,NULL,NULL,NULL),(362,453,1,NULL,NULL,NULL,NULL,NULL),(363,3,NULL,'Страница не найдена',NULL,NULL,NULL,NULL),(365,241,496,NULL,NULL,NULL,NULL,NULL),(367,241,25,NULL,NULL,NULL,NULL,NULL),(368,3,NULL,'Готовы ли вы купить iPad?',NULL,NULL,NULL,NULL),(368,244,NULL,NULL,'iPad - революционное устройство, которое называют новинкой года. Готовы ли вы приобрести его, не дожидаясь естественного падения цен?',NULL,NULL,NULL),(369,2,NULL,'Обзоры новинок техники',NULL,NULL,NULL,NULL),(369,225,NULL,'В нашем блоге мы публикуем обзоры самых последних новинок в мире бытовой электроники',NULL,NULL,NULL,NULL),(370,2,NULL,'Ремонт бытовой техники на дому',NULL,NULL,NULL,NULL),(370,3,NULL,'Вопросы и ответы',NULL,NULL,NULL,NULL),(370,4,NULL,NULL,'<p>Как отремонтировать технику в домашних условиях, не тратя время на вызов специалистов.</p>',NULL,NULL,NULL),(371,227,1,NULL,NULL,NULL,NULL,NULL),(372,2,NULL,'Поделитесь мнениями',NULL,NULL,NULL,NULL),(372,3,NULL,'Поделитесь мнениями',NULL,NULL,NULL,NULL),(372,240,NULL,NULL,'Что вы думаете об этом? Сложно ли делать электропроводку?',NULL,NULL,NULL),(373,2,NULL,'Я выбрал M-150. Что скажете?',NULL,NULL,NULL,NULL),(373,3,NULL,'Я выбрал M-150. Что скажете?',NULL,NULL,NULL,NULL),(373,237,2,NULL,NULL,NULL,NULL,NULL),(373,211,1272623404,NULL,NULL,NULL,NULL,NULL),(374,2,NULL,'Фан-клуб Pioneer',NULL,NULL,NULL,NULL),(374,3,NULL,'Фан-клуб Pioneer',NULL,NULL,NULL,NULL),(374,235,NULL,NULL,'<p>Весь модельный ряд акустических систем Pioneer. Подбираем и обсуждаем.</p>',NULL,NULL,NULL),(374,236,1,NULL,NULL,NULL,NULL,NULL),(374,237,2,NULL,NULL,NULL,NULL,NULL),(375,2,NULL,'Фотогалерея кабелей',NULL,NULL,NULL,NULL),(375,3,NULL,'Фотогалерея кабелей',NULL,NULL,NULL,NULL),(393,241,756,NULL,NULL,NULL,NULL,NULL),(394,241,496,NULL,NULL,NULL,NULL,NULL),(395,241,186,NULL,NULL,NULL,NULL,NULL),(396,241,28,NULL,NULL,NULL,NULL,NULL),(537,3,NULL,'Спешите, акция!',NULL,NULL,NULL,NULL),(537,208,NULL,NULL,'<p>Успейте <a href=\"/shop/dvd_tehnika/dvd_pleery/sony_ps6750\">купить Sony ps6750</a> по сниженной цене!</p>',NULL,NULL,NULL),(537,4,NULL,NULL,'<p>Успейте <a href=\"/shop/dvd_tehnika/dvd_pleery/sony_ps6750\">купить Sony ps6750</a> по сниженной цене!</p>',NULL,NULL,NULL),(538,3,NULL,'Только семь дней',NULL,NULL,NULL,NULL),(538,208,NULL,NULL,'<p>Только в течение семи дней вы можете получить персональную скидку на новинки нашего магазина!</p>',NULL,NULL,NULL),(538,4,NULL,NULL,'<p>Вы можете разместить здесь подробный текст описания Вашей новости, акции или события.</p>',NULL,NULL,NULL),(556,3,NULL,'Электроника 432-Д',NULL,NULL,NULL,NULL),(556,4,NULL,NULL,'<p>Переносной телевизионный приёмник цветного изображения <a href=\"/obzory_novinok_tehniki/elektronika_432d/\">\"Электроника Ц-432/Д\"</a> по своим характеристикам может дать фору многим современным изделиям. Он способен принимать программы цветного и чёрно-белого телевидения на любом канале в метровом диапазоне волн, а данная модель (с индексом \"Д\") - в том числе на любом из каналов дециметрового диапазона. Экран, или как его называли раньше - кинескоп, имеет размер диагонали 25 см.</p>\r\n<p>Телевизор можно подключить к сети переменного тока с напряжением от 176 до 243 В (забудьте о дорогих стабилизаторах!) или от источника постоянного тока напряжением 11...14,5 В - например, прямо в вашем автомобиле.</p>',NULL,NULL,NULL),(556,211,1360819800,NULL,NULL,NULL,NULL,NULL),(557,4,NULL,NULL,'<p>Это один из лучших обзоров, который мне доводилось читать. Пишите ещё!</p>',NULL,NULL,NULL),(557,211,1360824000,NULL,NULL,NULL,NULL,NULL),(558,2,NULL,'С чего начать?',NULL,NULL,NULL,NULL),(558,3,NULL,'С чего начать?',NULL,NULL,NULL,NULL),(558,4,NULL,NULL,'<p>Как приступить к работе? В какой руке правильно держать отвёртку, а в какой - плоскогубцы?</p>',NULL,NULL,NULL),(559,2,NULL,'Как снять корпус?',NULL,NULL,NULL,NULL),(559,3,NULL,'Как снять корпус?',NULL,NULL,NULL,NULL),(559,244,NULL,NULL,'Как снять корпус? Там столько разных винтиков, я не понимаю какие нужно откручивать.',NULL,NULL,NULL),(559,269,NULL,NULL,'Чтобы разобрать аппарат, вам потребуется отвёртка с длинным тонким жалом. В большинстве случаев все корпусные винты отмечены в документации на прибор, так что вы легко их найдёте.',NULL,NULL,NULL),(560,2,NULL,'Нужно ли выключать прибор?',NULL,NULL,NULL,NULL),(560,3,NULL,'Нужно ли выключать прибор?',NULL,NULL,NULL,NULL),(560,244,NULL,NULL,'Нужно ли выключать прибор перед тем, как разбирать его?',NULL,NULL,NULL),(560,269,NULL,NULL,'Обязательно. Внутри прибора могут быть участки электрической цепи с напряжением более 15 кВ.',NULL,NULL,NULL),(561,2,NULL,'Я выбрал M-150. Что скажете?',NULL,NULL,NULL,NULL),(561,3,NULL,'Я выбрал M-150. Что скажете?',NULL,NULL,NULL,NULL),(561,240,NULL,NULL,'После долгих размышлений я выбрал для себя именно эту акустику. Она должна органично вписаться в интерьер нашей гостиной.',NULL,NULL,NULL),(562,2,NULL,'Оптоволоконный разъем',NULL,NULL,NULL,NULL),(562,3,NULL,'Оптоволоконный разъем',NULL,NULL,NULL,NULL),(562,235,NULL,NULL,'<p>Оптоволоконный разъем для установки в кабельной системе</p>',NULL,NULL,NULL),(563,3,NULL,'BNC-коннектор',NULL,NULL,NULL,NULL),(563,235,NULL,NULL,'<p>BNC-коннектор для телевизионного сигнала</p>',NULL,NULL,NULL),(564,3,NULL,'Разъем для PSP',NULL,NULL,NULL,NULL),(564,235,NULL,NULL,'<p>Разъем для подключения игровой приставки PSP</p>',NULL,NULL,NULL),(565,3,NULL,'Разъем firewire',NULL,NULL,NULL,NULL),(565,235,NULL,NULL,'<p>Разъем для аппаратуры FireWire</p>',NULL,NULL,NULL),(26,54,84,NULL,NULL,NULL,NULL,NULL),(642,315,NULL,NULL,NULL,NULL,NULL,12),(28,59,86,NULL,NULL,NULL,NULL,NULL),(643,315,NULL,NULL,NULL,NULL,NULL,2),(654,315,NULL,NULL,NULL,NULL,NULL,7),(656,315,NULL,NULL,NULL,NULL,NULL,50),(85,113,93,NULL,NULL,NULL,NULL,NULL),(29,59,87,NULL,NULL,NULL,NULL,NULL),(30,59,88,NULL,NULL,NULL,NULL,NULL),(31,59,89,NULL,NULL,NULL,NULL,NULL),(32,59,90,NULL,NULL,NULL,NULL,NULL),(33,59,91,NULL,NULL,NULL,NULL,NULL),(34,59,92,NULL,NULL,NULL,NULL,NULL),(673,320,NULL,NULL,NULL,NULL,NULL,1000),(673,321,NULL,NULL,NULL,NULL,NULL,100000),(676,322,NULL,NULL,NULL,NULL,NULL,12),(676,323,NULL,NULL,NULL,NULL,NULL,23123),(27,54,85,NULL,NULL,NULL,NULL,NULL),(69,95,98,NULL,NULL,NULL,NULL,NULL),(70,95,99,NULL,NULL,NULL,NULL,NULL),(680,67,192123,NULL,NULL,NULL,NULL,NULL),(680,68,NULL,'Ленинградская область',NULL,NULL,NULL,NULL),(680,69,NULL,'Санкт-Петербург',NULL,NULL,NULL,NULL),(680,70,NULL,'ул. Большая Пушкарская',NULL,NULL,NULL,NULL),(680,71,NULL,'2',NULL,NULL,NULL,NULL),(680,72,NULL,'44',NULL,NULL,NULL,NULL),(684,280,26073,NULL,NULL,NULL,NULL,NULL),(685,391,1,NULL,NULL,NULL,NULL,NULL),(685,396,4,NULL,NULL,NULL,NULL,NULL),(687,271,NULL,NULL,'Самые последние новинки в мире портативных устройств',NULL,NULL,NULL),(687,274,1,NULL,NULL,NULL,NULL,NULL),(688,280,101626,NULL,NULL,NULL,NULL,NULL),(87,113,95,NULL,NULL,NULL,NULL,NULL),(71,95,100,NULL,NULL,NULL,NULL,NULL),(73,95,102,NULL,NULL,NULL,NULL,NULL),(74,95,103,NULL,NULL,NULL,NULL,NULL),(75,95,104,NULL,NULL,NULL,NULL,NULL),(737,451,NULL,'elfinder',NULL,NULL,NULL,NULL),(79,95,108,NULL,NULL,NULL,NULL,NULL),(763,263,NULL,'Получатель формы',NULL,NULL,NULL,NULL),(763,264,NULL,'admin@example.com',NULL,NULL,NULL,NULL),(764,252,NULL,'mailer@umisoft.ru',NULL,NULL,NULL,NULL),(764,253,NULL,'UMI mailer',NULL,NULL,NULL,NULL),(764,254,NULL,'Заказ обратного звонка',NULL,NULL,NULL,NULL),(764,255,NULL,NULL,'<p>%name% просил перезвонить ему по телефону %phone%</p>\r\n<p>Комментарий: %comment%</p>',NULL,NULL,NULL),(764,262,139,NULL,NULL,NULL,NULL,NULL),(1021,354,NULL,'ООО \"Компания получателя\"',NULL,NULL,NULL,NULL),(1021,355,NULL,'198262, Санкт-Петербург, ул. Большая Пушкарская 44',NULL,NULL,NULL,NULL),(1021,356,NULL,'765-43-21',NULL,NULL,NULL,NULL),(1021,357,NULL,'6692468686',NULL,NULL,NULL,NULL),(1021,358,NULL,'345639487',NULL,NULL,NULL,NULL),(1021,359,NULL,'81919019398316809636',NULL,NULL,NULL,NULL),(1021,360,NULL,'ОАО \"Банк получателя\"',NULL,NULL,NULL,NULL),(1021,361,NULL,'68508600456452256934',NULL,NULL,NULL,NULL),(1021,344,NULL,'652403536',NULL,NULL,NULL,NULL),(1023,117,NULL,NULL,NULL,NULL,NULL,100),(1024,117,NULL,NULL,NULL,NULL,NULL,50),(369,7,NULL,'бытовая техника',NULL,NULL,NULL,NULL),(369,7,NULL,'гаджеты',NULL,NULL,NULL,NULL),(369,7,NULL,'электроника',NULL,NULL,NULL,NULL),(374,7,NULL,'акустика',NULL,NULL,NULL,NULL),(374,7,NULL,'звук',NULL,NULL,NULL,NULL),(374,7,NULL,'колонки',NULL,NULL,NULL,NULL),(375,7,NULL,'провода',NULL,NULL,NULL,NULL),(375,7,NULL,'коннекторы',NULL,NULL,NULL,NULL),(375,7,NULL,'соединения',NULL,NULL,NULL,NULL),(343,66,NULL,NULL,NULL,37,NULL,NULL),(352,97,NULL,NULL,NULL,68,NULL,NULL),(25,188,NULL,NULL,NULL,343,NULL,NULL),(364,242,NULL,NULL,NULL,368,NULL,NULL),(365,242,NULL,NULL,NULL,368,NULL,NULL),(366,242,NULL,NULL,NULL,368,NULL,NULL),(367,242,NULL,NULL,NULL,368,NULL,NULL),(368,245,NULL,NULL,NULL,364,NULL,NULL),(368,245,NULL,NULL,NULL,365,NULL,NULL),(368,245,NULL,NULL,NULL,366,NULL,NULL),(368,245,NULL,NULL,NULL,367,NULL,NULL),(371,228,NULL,NULL,NULL,25,NULL,NULL),(372,232,NULL,NULL,NULL,371,NULL,NULL),(373,232,NULL,NULL,NULL,371,NULL,NULL),(557,232,NULL,NULL,NULL,371,NULL,NULL),(560,232,NULL,NULL,NULL,371,NULL,NULL),(561,232,NULL,NULL,NULL,371,NULL,NULL),(642,57,NULL,NULL,NULL,26,NULL,NULL),(643,57,NULL,NULL,NULL,26,NULL,NULL),(644,62,NULL,NULL,NULL,28,NULL,NULL),(654,57,NULL,NULL,NULL,26,NULL,NULL),(655,62,NULL,NULL,NULL,28,NULL,NULL),(656,57,NULL,NULL,NULL,26,NULL,NULL),(658,57,NULL,NULL,NULL,26,NULL,NULL),(659,62,NULL,NULL,NULL,28,NULL,NULL),(660,62,NULL,NULL,NULL,30,NULL,NULL),(661,62,NULL,NULL,NULL,30,NULL,NULL),(662,62,NULL,NULL,NULL,30,NULL,NULL),(663,62,NULL,NULL,NULL,32,NULL,NULL),(664,62,NULL,NULL,NULL,30,NULL,NULL),(665,62,NULL,NULL,NULL,32,NULL,NULL),(666,62,NULL,NULL,NULL,30,NULL,NULL),(667,62,NULL,NULL,NULL,32,NULL,NULL),(668,62,NULL,NULL,NULL,33,NULL,NULL),(669,62,NULL,NULL,NULL,30,NULL,NULL),(670,62,NULL,NULL,NULL,32,NULL,NULL),(671,62,NULL,NULL,NULL,33,NULL,NULL),(672,62,NULL,NULL,NULL,31,NULL,NULL),(673,62,NULL,NULL,NULL,30,NULL,NULL),(674,62,NULL,NULL,NULL,32,NULL,NULL),(674,324,NULL,NULL,NULL,35,NULL,NULL),(674,324,NULL,NULL,NULL,24,NULL,NULL),(675,62,NULL,NULL,NULL,33,NULL,NULL),(675,325,NULL,NULL,NULL,25,NULL,NULL),(676,62,NULL,NULL,NULL,31,NULL,NULL),(677,62,NULL,NULL,NULL,29,NULL,NULL),(678,62,NULL,NULL,NULL,32,NULL,NULL),(679,62,NULL,NULL,NULL,31,NULL,NULL),(680,66,NULL,NULL,NULL,37,NULL,NULL),(685,402,NULL,NULL,NULL,682,NULL,NULL),(687,273,NULL,NULL,NULL,357,NULL,NULL),(1021,97,NULL,NULL,NULL,73,NULL,NULL),(1023,116,NULL,NULL,NULL,85,NULL,NULL),(1024,116,NULL,NULL,NULL,85,NULL,NULL),(356,296,4,NULL,NULL,NULL,NULL,NULL),(356,297,NULL,NULL,NULL,NULL,NULL,100),(1280,2,NULL,'Запись на прием',NULL,NULL,NULL,NULL),(25,203,NULL,'88123090315',NULL,NULL,NULL,NULL),(1281,116,NULL,NULL,NULL,88,NULL,NULL),(1281,332,NULL,'test',NULL,NULL,NULL,NULL),(1281,333,NULL,'test',NULL,NULL,NULL,NULL),(1281,334,1,NULL,NULL,NULL,NULL,NULL),(1281,335,1,NULL,NULL,NULL,NULL,NULL),(1281,337,NULL,'[\"1\"]',NULL,NULL,NULL,NULL),(1281,338,NULL,'[\"1\"]',NULL,NULL,NULL,NULL),(25,175,NULL,'sv',NULL,NULL,NULL,NULL),(25,177,NULL,'ab@umisoft.ru',NULL,NULL,NULL,NULL),(25,200,NULL,'Бабейкин',NULL,NULL,NULL,NULL),(25,201,NULL,'Артем',NULL,NULL,NULL,NULL),(25,202,NULL,'Александрович',NULL,NULL,NULL,NULL),(1283,206,NULL,'top_left',NULL,NULL,NULL,NULL),(1284,206,NULL,'top_right',NULL,NULL,NULL,NULL),(1282,206,NULL,'main_mobile',NULL,NULL,NULL,NULL),(355,15,30,NULL,NULL,NULL,NULL,NULL),(355,16,30,NULL,NULL,NULL,NULL,NULL),(1441,503,NULL,'Заказать звонок',NULL,NULL,NULL,NULL),(1441,504,NULL,'Пн-Пт с 10:00 — 20:00',NULL,NULL,NULL,NULL),(1441,506,NULL,'Режим работы',NULL,NULL,NULL,NULL),(1441,511,NULL,'Подпишитесь на новости и акции и будьте в курсе всего!',NULL,NULL,NULL,NULL),(364,241,757,NULL,NULL,NULL,NULL,NULL),(1441,514,NULL,'© Demomarket',NULL,NULL,NULL,NULL),(355,4,NULL,NULL,'',NULL,NULL,NULL),(355,515,NULL,NULL,'<h4 class=\"media-heading\">Гарантия качества</h4>\r\n<p><span class=\"gray_text\">Вернем деньги за товар ненадлежащего качества</span></p>',NULL,NULL,NULL),(355,516,NULL,NULL,'<h4 class=\"media-heading\">Бесплатная доставка</h4>\r\n<p><span class=\"gray_text\">Мы доствляем заказы по всей России</span></p>',NULL,NULL,NULL),(355,517,NULL,NULL,'<h4 class=\"media-heading\">Защита заказов</h4>\r\n<p><span class=\"gray_text\"> Мы страхуем все направления </span></p>',NULL,NULL,NULL),(355,518,NULL,NULL,'<h4 class=\"media-heading\">Бесплатная поддержка</h4>\r\n<p><span class=\"gray_text\"> 24/7 </span></p>',NULL,NULL,NULL),(682,389,NULL,NULL,'Баннер на главной странице',NULL,NULL,NULL),(685,398,1499676060,NULL,NULL,NULL,NULL,NULL),(685,415,NULL,'Успейте купить акустику PIONEER GL-HF!',NULL,NULL,NULL,NULL),(685,394,1,NULL,NULL,NULL,NULL,NULL),(1441,519,NULL,NULL,'<p>Я даю согласие на обработку персональных данных и соглашаюсь с <a href=\"/files/pdn.doc\">правилами обработки персональных данных</a>.</p>',NULL,NULL,NULL),(366,241,187,NULL,NULL,NULL,NULL,NULL),(356,15,35,NULL,NULL,NULL,NULL,NULL),(356,16,47,NULL,NULL,NULL,NULL,NULL),(1281,339,NULL,NULL,'{\"a1\":{\"tin\":{\"description\":\"ИНН организации\",\"type\":\"string\",\"required\":true,\"value\":\"test\"},\"phone\":{\"description\":\"Телефон контактного лица\",\"type\":\"string\",\"required\":true,\"value\":\"123\"},\"contactName\":{\"description\":\"ФИО контактного лица\",\"type\":\"string\",\"required\":false,\"value\":\"test\"},\"name\":{\"description\":\"Наименование организации\",\"type\":\"string\",\"required\":false,\"value\":\"test\"},\"test\":{\"description\":\"Тестовый доступ\",\"type\":\"boolean\",\"required\":true,\"value\":true},\"isCodAllowed\":{\"description\":\"Поддержка наложенного платежа\",\"type\":\"boolean\",\"required\":false,\"value\":false},\"is_connected\":{\"value\":false}},\"b2cpl\":{\"client\":{\"description\":\"Id клиента\",\"type\":\"string\",\"required\":true,\"value\":\"test\"},\"key\":{\"description\":\"Ключ/пароль для доступа к сервису\",\"type\":\"string\",\"required\":true,\"value\":\"test\"},\"isCodAllowed\":{\"description\":\"Поддержка наложенного платежа\",\"type\":\"boolean\",\"required\":false,\"value\":false},\"is_connected\":{\"value\":false}},\"boxberry\":{\"token\":{\"description\":\"Уникальный ключ (API-token) для авторизации\",\"type\":\"string\",\"required\":true,\"value\":\"test\"},\"isCodAllowed\":{\"description\":\"Поддержка наложенного платежа\",\"type\":\"boolean\",\"required\":false,\"value\":false},\"is_connected\":{\"value\":false}},\"cdek\":{\"account\":{\"description\":\"Учетная запись\",\"type\":\"string\",\"required\":true,\"value\":\"test\"},\"password\":{\"description\":\"Секретный код (secure_password)\",\"type\":\"string\",\"required\":true,\"password\":null,\"value\":\"test\"},\"isCodAllowed\":{\"description\":\"Поддержка наложенного платежа\",\"type\":\"boolean\",\"required\":false,\"value\":false},\"is_connected\":{\"value\":false}},\"dpd\":{\"clientNumber\":{\"description\":\"Клиентский номер в системе DPD (номер договора с DPD)\",\"type\":\"string\",\"required\":true,\"value\":\"test\"},\"clientKey\":{\"description\":\"Уникальный ключ для авторизации, полученный у сотрудника DPD\",\"type\":\"string\",\"required\":true,\"value\":\"test\"},\"test\":{\"description\":\"Тестовый доступ\",\"type\":\"boolean\",\"required\":true,\"value\":true},\"isCodAllowed\":{\"description\":\"Поддержка наложенного платежа\",\"type\":\"boolean\",\"required\":false,\"value\":false},\"is_connected\":{\"value\":false}},\"hermes\":{\"login\":{\"description\":\"Логин\",\"type\":\"string\",\"required\":true,\"value\":\"test\"},\"password\":{\"description\":\"Пароль\",\"type\":\"string\",\"required\":true,\"value\":\"test\"},\"businessUnitCode\":{\"description\":\"Бизнес-юнит – структурное подразделение клиента\",\"type\":\"string\",\"required\":true,\"value\":\"test\"},\"test\":{\"description\":\"Тестовый доступ\",\"type\":\"boolean\",\"required\":true,\"value\":true},\"isCodAllowed\":{\"description\":\"Поддержка наложенного платежа\",\"type\":\"boolean\",\"required\":false,\"value\":false},\"is_connected\":{\"value\":false}},\"iml\":{\"user\":{\"description\":\"Логин от кабинета iml\",\"type\":\"string\",\"required\":true,\"value\":\"test\"},\"pass\":{\"description\":\"Пароль\",\"type\":\"string\",\"required\":true,\"value\":\"test\"},\"test\":{\"description\":\"Тестовый доступ\",\"type\":\"boolean\",\"required\":true,\"value\":true},\"isCodAllowed\":{\"description\":\"Поддержка наложенного платежа\",\"type\":\"boolean\",\"required\":false,\"value\":false},\"is_connected\":{\"value\":false}},\"maxi\":{\"login\":{\"description\":\"Логин\",\"type\":\"string\",\"required\":true,\"value\":\"test\"},\"password\":{\"description\":\"Пароль\",\"type\":\"string\",\"required\":true,\"value\":\"test\"},\"test\":{\"description\":\"Тестовый доступ\",\"type\":\"boolean\",\"required\":true,\"value\":true},\"isCodAllowed\":{\"description\":\"Поддержка наложенного платежа\",\"type\":\"boolean\",\"required\":false,\"value\":false},\"is_connected\":{\"value\":false}},\"pickpoint\":{\"login\":{\"description\":\"Логин\",\"type\":\"string\",\"required\":true,\"value\":\"test\"},\"password\":{\"description\":\"Пароль\",\"type\":\"string\",\"required\":true,\"value\":\"test\"},\"ikn\":{\"description\":\"ИКН – номер договора\",\"type\":\"string\",\"required\":true,\"value\":\"test\"},\"test\":{\"description\":\"Тестовый доступ\",\"type\":\"boolean\",\"required\":true,\"value\":true},\"isCodAllowed\":{\"description\":\"Поддержка наложенного платежа\",\"type\":\"boolean\",\"required\":false,\"value\":false},\"is_connected\":{\"value\":false}},\"pony\":{\"soapKey\":{\"description\":\"Ключ доступа партнера к универсальному интерфейсу Пони Экспресс\",\"type\":\"string\",\"required\":true,\"value\":\"test\"},\"isCodAllowed\":{\"description\":\"Поддержка наложенного платежа\",\"type\":\"boolean\",\"required\":false,\"value\":false},\"is_connected\":{\"value\":false}},\"spsr\":{\"login\":{\"description\":\"Логин\",\"type\":\"string\",\"required\":true,\"value\":\"test\"},\"pass\":{\"description\":\"Пароль\",\"type\":\"string\",\"required\":true,\"value\":\"test\"},\"IKN\":{\"description\":\"ИКН – индивидуальный клиентский номер\",\"type\":\"string\",\"required\":true,\"value\":\"test\"},\"agent\":{\"description\":\"Произвольная строка, позволяющая отличить запросы конкретного клиента от общей массы.\\n\\tРекомендуется указывать название вашей компании.\",\"type\":\"string\",\"required\":true,\"value\":\"test\"},\"test\":{\"description\":\"Тестовый доступ\",\"type\":\"boolean\",\"required\":true,\"value\":true},\"calculatorCustomTariffs\":{\"description\":\"Если false, то производится расчет по стандартным тарифам.\\n\\tЕсли true, то производится расчет индивидуального тарифа.\",\"type\":\"boolean\",\"required\":true,\"value\":false},\"isCodAllowed\":{\"description\":\"Поддержка наложенного платежа\",\"type\":\"boolean\",\"required\":false,\"value\":false},\"is_connected\":{\"value\":false}}}',NULL,NULL,NULL),(1281,336,NULL,'[\"a1\",\"b2cpl\",\"boxberry\",\"cdek\",\"dpd\",\"hermes\",\"iml\",\"maxi\",\"pickpoint\",\"pony\",\"spsr\"]',NULL,NULL,NULL,NULL),(1572,247,139,NULL,NULL,NULL,NULL,NULL),(1572,2,NULL,'Заказать звонок',NULL,NULL,NULL,NULL),(1572,3,NULL,'Заказать звонок',NULL,NULL,NULL,NULL),(1572,4,NULL,NULL,'<p>%webforms add(139)%</p>',NULL,NULL,NULL),(1594,249,NULL,'178.16.152.254',NULL,NULL,NULL,NULL),(1594,494,NULL,'Петя',NULL,NULL,NULL,NULL),(1594,495,NULL,'123-45-56',NULL,NULL,NULL,NULL),(1594,496,NULL,'все ок',NULL,NULL,NULL,NULL),(1594,248,NULL,'admin@example.com',NULL,NULL,NULL,NULL),(1594,250,1499777480,NULL,NULL,NULL,NULL,NULL),(685,399,2766513600,NULL,NULL,NULL,NULL,NULL),(1282,207,NULL,NULL,'[{\"isactive\":1,\"name\":\"\\u041b\\u0443\\u0447\\u0448\\u0438\\u0435 \\u043f\\u0440\\u0435\\u0434\\u043b\\u043e\\u0436\\u0435\\u043d\\u0438\\u044f\",\"link\":\"\\/\",\"rel\":3,\"isdeleted\":0},{\"isactive\":1,\"name\":\"\\u041a\\u0430\\u0442\\u0430\\u043b\\u043e\\u0433 \\u0442\\u043e\\u0432\\u0430\\u0440\\u043e\\u0432\",\"link\":\"\\/shop\\/\",\"rel\":4,\"isdeleted\":0},{\"isactive\":1,\"name\":\"\\u041d\\u043e\\u0432\\u043e\\u0441\\u0442\\u0438\",\"link\":\"\\/news1\\/\",\"rel\":5,\"isdeleted\":0},{\"isactive\":1,\"name\":\"\\u041e \\u043c\\u0430\\u0433\\u0430\\u0437\\u0438\\u043d\\u0435\",\"link\":\"\\/about\\/\",\"rel\":9,\"isdeleted\":0},{\"isactive\":1,\"name\":\"\\u0414\\u043e\\u0441\\u0442\\u0430\\u0432\\u043a\\u0430 \\u0438 \\u043e\\u043f\\u043b\\u0430\\u0442\\u0430\",\"link\":\"\\/delivery_and_payment\\/\",\"rel\":6,\"isdeleted\":0},{\"isactive\":1,\"name\":\"\\u041f\\u043e\\u043c\\u043e\\u0449\\u044c\",\"link\":\"\\/help\\/\",\"rel\":7,\"isdeleted\":0},{\"isactive\":1,\"name\":\"\\u041a\\u043e\\u043d\\u0442\\u0430\\u043a\\u0442\\u043d\\u0430\\u044f \\u0438\\u043d\\u0444\\u043e\\u0440\\u043c\\u0430\\u0446\\u0438\\u044f\",\"link\":\"\\/contacts\\/\",\"rel\":8,\"isdeleted\":0}]',NULL,NULL,NULL),(363,4,NULL,NULL,'<h2>404</h2>\r\n<p><strong>Здравствуйте, уважаемый посетитель.</strong></p>\r\n<p><strong>К сожалению, запрашиваемой Вами страницы не существует на нашем сайте.</strong></p>\r\n<p><strong>Возможно, это случилось по одной из этих причин:</strong></p>\r\n<ul>\r\n<li>Вы ошиблись при наборе адреса страницы (URL)</li>\r\n<li>Перешли по \"битой\" (неработающей) ссылке</li>\r\n<li>Запрашиваемой страницы никогда не было на сайте или она была удалена</li>\r\n</ul>\r\n<p><strong>Мы просим прощения за доставленные неудобства и предлагаем следующие пути:</strong></p>\r\n<ul>\r\n<li>Вернуться назад при помощи кнопки браузера \"back\"</li>\r\n<li>Прповерить правильность написания адреса страницы (URL)</li>\r\n<li>Перейти на <a href=\"/\">главную страницу сайта</a></li>\r\n<li>Воспользоваться <a href=\"/content/sitemap/\">картой сайта</a> или поиском</li>\r\n</ul>\r\n<p>Если Вы уверены в правильности набранного адреса страницы и считаете, что эта ошибка произошла по нашей вине, пожалуйста, сообщите об этом при помощи контактной формы.</p>',NULL,NULL,NULL),(363,11,1,NULL,NULL,NULL,NULL,NULL),(363,14,1,NULL,NULL,NULL,NULL,NULL),(1597,129,0,NULL,NULL,NULL,NULL,NULL),(1597,142,NULL,NULL,'/admin/events/last/',NULL,NULL,NULL),(1598,434,NULL,'Демонстрационный магазин UMI.CMS',NULL,NULL,NULL,NULL),(1598,435,1,NULL,NULL,NULL,NULL,NULL),(1598,431,NULL,'vkontakte',NULL,NULL,NULL,NULL),(1598,432,1,NULL,NULL,NULL,NULL,NULL),(685,414,220,NULL,NULL,NULL,NULL,NULL),(685,413,237,NULL,NULL,NULL,NULL,NULL),(1600,123,NULL,NULL,NULL,1599,NULL,NULL),(1600,148,1501084463,NULL,NULL,NULL,NULL,NULL),(1599,308,NULL,NULL,NULL,1600,NULL,1),(1601,80,NULL,NULL,NULL,NULL,NULL,124),(1601,83,NULL,NULL,NULL,39,NULL,NULL),(1601,87,NULL,NULL,NULL,NULL,NULL,1000),(1601,88,NULL,NULL,NULL,NULL,NULL,40),(1601,89,NULL,NULL,NULL,NULL,NULL,60),(1601,90,NULL,NULL,NULL,NULL,NULL,40),(1601,79,1,NULL,NULL,NULL,NULL,NULL),(1601,81,NULL,NULL,NULL,NULL,NULL,124),(1601,82,NULL,NULL,NULL,NULL,NULL,124),(1600,119,NULL,NULL,NULL,1601,NULL,NULL),(1600,127,NULL,NULL,NULL,NULL,NULL,124),(1600,128,NULL,NULL,NULL,NULL,NULL,124),(1600,129,1,NULL,NULL,NULL,NULL,NULL),(1600,142,NULL,NULL,'/',NULL,NULL,NULL),(1600,166,NULL,NULL,NULL,NULL,NULL,1000),(1600,167,NULL,NULL,NULL,NULL,NULL,40),(1600,168,NULL,NULL,NULL,NULL,NULL,60),(1600,169,NULL,NULL,NULL,NULL,NULL,40),(1599,47,NULL,'Елена',NULL,NULL,NULL,NULL),(1599,46,NULL,'Василенко',NULL,NULL,NULL,NULL),(1599,49,NULL,'helen@gmail.umi',NULL,NULL,NULL,NULL),(1599,50,NULL,'+7 90899912234',NULL,NULL,NULL,NULL),(1281,118,NULL,NULL,NULL,40,NULL,NULL),(1023,118,NULL,NULL,NULL,40,NULL,NULL),(1024,118,NULL,NULL,NULL,40,NULL,NULL),(1602,115,NULL,NULL,'Получение товара в офисе/магазине клиентом лично',NULL,NULL,NULL),(1602,116,NULL,NULL,NULL,85,NULL,NULL),(1602,118,NULL,NULL,NULL,40,NULL,NULL),(1603,116,NULL,NULL,NULL,87,NULL,NULL),(1603,118,NULL,NULL,NULL,40,NULL,NULL),(1604,97,NULL,NULL,NULL,70,NULL,NULL),(1605,66,NULL,NULL,NULL,37,NULL,NULL),(1605,67,192500,NULL,NULL,NULL,NULL,NULL),(1605,69,NULL,'Санкт-Петербург',NULL,NULL,NULL,NULL),(1605,70,NULL,'Добрая',NULL,NULL,NULL,NULL),(1605,71,NULL,'55',NULL,NULL,NULL,NULL),(1605,72,NULL,'12',NULL,NULL,NULL,NULL),(1599,313,NULL,NULL,NULL,1605,NULL,NULL),(1606,123,NULL,NULL,NULL,25,NULL,NULL),(1606,148,1501136347,NULL,NULL,NULL,NULL,NULL),(1606,142,NULL,NULL,'/',NULL,NULL,NULL),(1606,156,NULL,NULL,NULL,343,NULL,NULL),(1603,328,NULL,NULL,NULL,154,NULL,NULL),(1610,123,NULL,NULL,NULL,1609,NULL,NULL),(1610,148,1501140716,NULL,NULL,NULL,NULL,NULL),(1609,308,NULL,NULL,NULL,1610,NULL,1),(1612,80,NULL,NULL,NULL,NULL,NULL,2305),(1612,83,NULL,NULL,NULL,39,NULL,NULL),(1612,87,NULL,NULL,NULL,NULL,NULL,1000),(1612,88,NULL,NULL,NULL,NULL,NULL,40),(1612,89,NULL,NULL,NULL,NULL,NULL,60),(1612,90,NULL,NULL,NULL,NULL,NULL,40),(1612,79,1,NULL,NULL,NULL,NULL,NULL),(1612,81,NULL,NULL,NULL,NULL,NULL,2630),(1612,82,NULL,NULL,NULL,NULL,NULL,2630),(1612,92,1,'furnish',NULL,463,NULL,325),(1610,119,NULL,NULL,NULL,1612,NULL,NULL),(1610,127,NULL,NULL,NULL,NULL,NULL,2630),(1610,128,NULL,NULL,NULL,NULL,NULL,2630),(1610,129,1,NULL,NULL,NULL,NULL,NULL),(1610,142,NULL,NULL,'/',NULL,NULL,NULL),(1610,166,NULL,NULL,NULL,NULL,NULL,1000),(1610,167,NULL,NULL,NULL,NULL,NULL,40),(1610,168,NULL,NULL,NULL,NULL,NULL,60),(1610,169,NULL,NULL,NULL,NULL,NULL,40),(1609,47,NULL,'test',NULL,NULL,NULL,NULL),(1609,46,NULL,'test',NULL,NULL,NULL,NULL),(1609,48,NULL,'test',NULL,NULL,NULL,NULL),(1609,49,NULL,'test@test.test',NULL,NULL,NULL,NULL),(1609,50,NULL,'132456',NULL,NULL,NULL,NULL),(1600,156,NULL,NULL,NULL,1023,NULL,NULL),(1600,154,NULL,NULL,NULL,1602,NULL,NULL),(1614,123,NULL,NULL,NULL,1613,NULL,NULL),(1614,148,1501141500,NULL,NULL,NULL,NULL,NULL),(1613,308,NULL,NULL,NULL,1614,NULL,1),(1615,80,NULL,NULL,NULL,NULL,NULL,124),(1615,83,NULL,NULL,NULL,39,NULL,NULL),(1615,87,NULL,NULL,NULL,NULL,NULL,1000),(1615,88,NULL,NULL,NULL,NULL,NULL,40),(1615,89,NULL,NULL,NULL,NULL,NULL,60),(1615,90,NULL,NULL,NULL,NULL,NULL,40),(1615,79,1,NULL,NULL,NULL,NULL,NULL),(1615,81,NULL,NULL,NULL,NULL,NULL,124),(1615,82,NULL,NULL,NULL,NULL,NULL,124),(1614,119,NULL,NULL,NULL,1615,NULL,NULL),(1614,127,NULL,NULL,NULL,NULL,NULL,124),(1614,128,NULL,NULL,NULL,NULL,NULL,124),(1614,129,1,NULL,NULL,NULL,NULL,NULL),(1614,142,NULL,NULL,'/',NULL,NULL,NULL),(1614,166,NULL,NULL,NULL,NULL,NULL,1000),(1614,167,NULL,NULL,NULL,NULL,NULL,40),(1614,168,NULL,NULL,NULL,NULL,NULL,60),(1614,169,NULL,NULL,NULL,NULL,NULL,40),(1613,47,NULL,'Ангелина',NULL,NULL,NULL,NULL),(1613,46,NULL,'Сельская',NULL,NULL,NULL,NULL),(1613,49,NULL,'gel@umiumi.ru',NULL,NULL,NULL,NULL),(1613,50,NULL,'89001233221',NULL,NULL,NULL,NULL),(1617,123,NULL,NULL,NULL,1616,NULL,NULL),(1617,148,1501141766,NULL,NULL,NULL,NULL,NULL),(1616,308,NULL,NULL,NULL,1617,NULL,1),(1618,80,NULL,NULL,NULL,NULL,NULL,428),(1618,83,NULL,NULL,NULL,39,NULL,NULL),(1618,87,NULL,NULL,NULL,NULL,NULL,1000),(1618,88,NULL,NULL,NULL,NULL,NULL,40),(1618,89,NULL,NULL,NULL,NULL,NULL,60),(1618,90,NULL,NULL,NULL,NULL,NULL,40),(1618,79,1,NULL,NULL,NULL,NULL,NULL),(1618,81,NULL,NULL,NULL,NULL,NULL,428),(1618,82,NULL,NULL,NULL,NULL,NULL,428),(1617,119,NULL,NULL,NULL,1618,NULL,NULL),(1617,127,NULL,NULL,NULL,NULL,NULL,428),(1617,128,NULL,NULL,NULL,NULL,NULL,428),(1617,129,1,NULL,NULL,NULL,NULL,NULL),(1617,142,NULL,NULL,'/',NULL,NULL,NULL),(1617,166,NULL,NULL,NULL,NULL,NULL,1000),(1617,167,NULL,NULL,NULL,NULL,NULL,40),(1617,168,NULL,NULL,NULL,NULL,NULL,60),(1617,169,NULL,NULL,NULL,NULL,NULL,40),(1616,47,NULL,'Ольга',NULL,NULL,NULL,NULL),(1616,46,NULL,'Алексеевская',NULL,NULL,NULL,NULL),(1616,49,NULL,'olga_al@exampe.kom',NULL,NULL,NULL,NULL),(1616,50,NULL,'88123210902',NULL,NULL,NULL,NULL),(1619,116,NULL,NULL,NULL,85,NULL,NULL),(1619,118,NULL,NULL,NULL,40,NULL,NULL),(1617,156,NULL,NULL,NULL,1024,NULL,NULL),(1617,149,NULL,NULL,NULL,1604,NULL,NULL),(1617,120,14,NULL,NULL,NULL,NULL,NULL),(1617,173,1,NULL,NULL,NULL,NULL,NULL),(1617,154,NULL,NULL,NULL,1619,NULL,NULL),(1622,65,NULL,'Менеджеры',NULL,NULL,NULL,NULL),(1623,175,NULL,'SalesManager1',NULL,NULL,NULL,NULL),(1623,176,NULL,'200820e3227815ed1756a6b531e7e0d2',NULL,NULL,NULL,NULL),(1623,177,NULL,'manager@sales.umi',NULL,NULL,NULL,NULL),(1623,178,NULL,NULL,NULL,1622,NULL,NULL),(1623,181,1,NULL,NULL,NULL,NULL,NULL),(1623,200,NULL,'Блинов',NULL,NULL,NULL,NULL),(1623,199,NULL,'lightsalmon',NULL,NULL,NULL,NULL),(1623,189,NULL,'seo,content,news,blogs20,forum,comments,vote,webforms,photoalbum,dispatches,catalog,emarket,banners,users,stat,exchange,trash',NULL,NULL,NULL,NULL),(1624,175,NULL,'SalesManager2',NULL,NULL,NULL,NULL),(1624,176,NULL,'200820e3227815ed1756a6b531e7e0d2',NULL,NULL,NULL,NULL),(1624,177,NULL,'manager2@sales.umi',NULL,NULL,NULL,NULL),(1624,178,NULL,NULL,NULL,1622,NULL,NULL),(1624,181,1,NULL,NULL,NULL,NULL,NULL),(1624,200,NULL,'Буров',NULL,NULL,NULL,NULL),(1624,201,NULL,'Константин',NULL,NULL,NULL,NULL),(1624,199,NULL,'burlywood',NULL,NULL,NULL,NULL),(1624,189,NULL,'seo,content,news,blogs20,forum,comments,vote,webforms,photoalbum,dispatches,catalog,emarket,banners,users,stat,exchange,trash',NULL,NULL,NULL,NULL),(1623,201,NULL,'Герман',NULL,NULL,NULL,NULL),(1625,175,NULL,'SalesManager3',NULL,NULL,NULL,NULL),(1625,176,NULL,'200820e3227815ed1756a6b531e7e0d2',NULL,NULL,NULL,NULL),(1625,177,NULL,'manager3@sales.umi',NULL,NULL,NULL,NULL),(1625,178,NULL,NULL,NULL,1622,NULL,NULL),(1625,181,1,NULL,NULL,NULL,NULL,NULL),(1625,200,NULL,'Лобанов',NULL,NULL,NULL,NULL),(1625,201,NULL,'Никита',NULL,NULL,NULL,NULL),(1625,199,NULL,'honeydew',NULL,NULL,NULL,NULL),(1625,189,NULL,'seo,content,news,blogs20,forum,comments,vote,webforms,photoalbum,dispatches,catalog,emarket,banners,users,stat,exchange,trash',NULL,NULL,NULL,NULL),(1617,125,NULL,NULL,NULL,1623,NULL,NULL),(1627,123,NULL,NULL,NULL,1626,NULL,NULL),(1627,148,1501145216,NULL,NULL,NULL,NULL,NULL),(1626,308,NULL,NULL,NULL,1627,NULL,1),(1628,80,NULL,NULL,NULL,NULL,NULL,905),(1628,83,NULL,NULL,NULL,39,NULL,NULL),(1628,87,NULL,NULL,NULL,NULL,NULL,1000),(1628,88,NULL,NULL,NULL,NULL,NULL,40),(1628,89,NULL,NULL,NULL,NULL,NULL,60),(1628,90,NULL,NULL,NULL,NULL,NULL,40),(1628,79,1,NULL,NULL,NULL,NULL,NULL),(1628,81,NULL,NULL,NULL,NULL,NULL,905),(1628,82,NULL,NULL,NULL,NULL,NULL,905),(1627,142,NULL,NULL,'/',NULL,NULL,NULL),(1627,168,NULL,NULL,NULL,NULL,NULL,60),(1627,169,NULL,NULL,NULL,NULL,NULL,40),(1629,80,NULL,NULL,NULL,NULL,NULL,756),(1629,83,NULL,NULL,NULL,39,NULL,NULL),(1629,87,NULL,NULL,NULL,NULL,NULL,1000),(1629,88,NULL,NULL,NULL,NULL,NULL,40),(1629,89,NULL,NULL,NULL,NULL,NULL,60),(1629,90,NULL,NULL,NULL,NULL,NULL,40),(1629,79,1,NULL,NULL,NULL,NULL,NULL),(1629,81,NULL,NULL,NULL,NULL,NULL,756),(1629,82,NULL,NULL,NULL,NULL,NULL,756),(1631,80,NULL,NULL,NULL,NULL,NULL,443),(1631,83,NULL,NULL,NULL,39,NULL,NULL),(1631,87,NULL,NULL,NULL,NULL,NULL,1000),(1631,88,NULL,NULL,NULL,NULL,NULL,40),(1631,89,NULL,NULL,NULL,NULL,NULL,60),(1631,90,NULL,NULL,NULL,NULL,NULL,40),(1631,79,1,NULL,NULL,NULL,NULL,NULL),(1631,81,NULL,NULL,NULL,NULL,NULL,798),(1631,82,NULL,NULL,NULL,NULL,NULL,798),(1631,92,1,'furnish',NULL,425,NULL,355),(1632,80,NULL,NULL,NULL,NULL,NULL,34),(1632,83,NULL,NULL,NULL,39,NULL,NULL),(1632,87,NULL,NULL,NULL,NULL,NULL,1000),(1632,88,NULL,NULL,NULL,NULL,NULL,40),(1632,89,NULL,NULL,NULL,NULL,NULL,60),(1632,90,NULL,NULL,NULL,NULL,NULL,40),(1633,80,NULL,NULL,NULL,NULL,NULL,2900),(1633,83,NULL,NULL,NULL,39,NULL,NULL),(1633,87,NULL,NULL,NULL,NULL,NULL,1000),(1633,88,NULL,NULL,NULL,NULL,NULL,40),(1633,89,NULL,NULL,NULL,NULL,NULL,60),(1633,90,NULL,NULL,NULL,NULL,NULL,40),(1633,79,1,NULL,NULL,NULL,NULL,NULL),(1633,81,NULL,NULL,NULL,NULL,NULL,2900),(1633,82,NULL,NULL,NULL,NULL,NULL,2900),(1627,119,NULL,NULL,NULL,1628,NULL,NULL),(1627,119,NULL,NULL,NULL,1629,NULL,NULL),(1627,119,NULL,NULL,NULL,1631,NULL,NULL),(1627,119,NULL,NULL,NULL,1632,NULL,NULL),(1627,119,NULL,NULL,NULL,1633,NULL,NULL),(1632,79,10,NULL,NULL,NULL,NULL,NULL),(1632,81,NULL,NULL,NULL,NULL,NULL,340),(1632,82,NULL,NULL,NULL,NULL,NULL,340),(1627,127,NULL,NULL,NULL,NULL,NULL,5699),(1627,128,NULL,NULL,NULL,NULL,NULL,5699),(1627,129,14,NULL,NULL,NULL,NULL,NULL),(1627,166,NULL,NULL,NULL,NULL,NULL,14000),(1627,167,NULL,NULL,NULL,NULL,NULL,560),(1626,47,NULL,'Валентин',NULL,NULL,NULL,NULL),(1626,46,NULL,'Орехов',NULL,NULL,NULL,NULL),(1626,49,NULL,'valentin@orehov.ry',NULL,NULL,NULL,NULL),(1626,50,NULL,'8 9325124574',NULL,NULL,NULL,NULL),(1627,156,NULL,NULL,NULL,1024,NULL,NULL),(1627,120,15,NULL,NULL,NULL,NULL,NULL),(1627,173,1,NULL,NULL,NULL,NULL,NULL),(1627,154,NULL,NULL,NULL,1024,NULL,NULL),(1627,125,NULL,NULL,NULL,1625,NULL,NULL),(1627,126,NULL,NULL,NULL,50,NULL,NULL),(1617,131,1501027200,NULL,NULL,NULL,NULL,NULL),(1634,176,NULL,'be31da69fbc9c84f76d2859a5d261a8b2920f3dbfc1b8ef9bc19f33e7e96b06d',NULL,NULL,NULL,NULL),(1634,177,NULL,'ondol198112@mail.ru',NULL,NULL,NULL,NULL),(1634,178,NULL,NULL,NULL,35,NULL,NULL),(1634,179,NULL,'beaef77990d4848932d87e13ca392700',NULL,NULL,NULL,NULL),(1634,205,NULL,NULL,'/',NULL,NULL,NULL),(1634,199,NULL,'aliceblue',NULL,NULL,NULL,NULL),(1634,181,1,NULL,NULL,NULL,NULL,NULL),(1638,80,NULL,NULL,NULL,NULL,NULL,456),(1638,83,NULL,NULL,NULL,39,NULL,NULL),(1638,87,NULL,NULL,NULL,NULL,NULL,1000),(1638,88,NULL,NULL,NULL,NULL,NULL,40),(1638,89,NULL,NULL,NULL,NULL,NULL,60),(1638,90,NULL,NULL,NULL,NULL,NULL,40),(1638,79,1,NULL,NULL,NULL,NULL,NULL),(1638,81,NULL,NULL,NULL,NULL,NULL,981),(1638,82,NULL,NULL,NULL,NULL,NULL,981),(1638,92,1,'furnish',NULL,426,NULL,525),(1639,123,NULL,NULL,NULL,1634,NULL,NULL),(1639,148,1501145871,NULL,NULL,NULL,NULL,NULL),(1634,192,NULL,NULL,NULL,1639,NULL,1),(1639,119,NULL,NULL,NULL,1638,NULL,NULL),(1639,142,NULL,NULL,'/',NULL,NULL,NULL),(1639,166,NULL,NULL,NULL,NULL,NULL,1000),(1639,167,NULL,NULL,NULL,NULL,NULL,40),(1639,168,NULL,NULL,NULL,NULL,NULL,60),(1639,169,NULL,NULL,NULL,NULL,NULL,40),(1639,127,NULL,NULL,NULL,NULL,NULL,981),(1639,128,NULL,NULL,NULL,NULL,NULL,981),(1639,129,1,NULL,NULL,NULL,NULL,NULL),(1639,156,NULL,NULL,NULL,1024,NULL,NULL),(1639,149,NULL,NULL,NULL,1604,NULL,NULL),(1639,120,16,NULL,NULL,NULL,NULL,NULL),(1639,126,NULL,NULL,NULL,51,NULL,NULL),(1639,130,1501145895,NULL,NULL,NULL,NULL,NULL),(1639,131,1501145896,NULL,NULL,NULL,NULL,NULL),(1639,173,1,NULL,NULL,NULL,NULL,NULL),(1639,154,NULL,NULL,NULL,1602,NULL,NULL),(1639,150,NULL,NULL,NULL,83,NULL,NULL),(1639,170,1501146136,NULL,NULL,NULL,NULL,NULL),(1641,57,NULL,NULL,NULL,26,NULL,NULL),(1642,62,NULL,NULL,NULL,31,NULL,NULL),(1643,62,NULL,NULL,NULL,33,NULL,NULL),(1645,57,NULL,NULL,NULL,26,NULL,NULL),(1645,315,NULL,NULL,NULL,NULL,NULL,3),(1647,57,NULL,NULL,NULL,26,NULL,NULL),(1648,62,NULL,NULL,NULL,30,NULL,NULL),(1647,315,NULL,NULL,NULL,NULL,NULL,3),(1648,320,NULL,NULL,NULL,NULL,NULL,10000),(1650,57,NULL,NULL,NULL,26,NULL,NULL),(1651,62,NULL,NULL,NULL,29,NULL,NULL),(1652,74,NULL,NULL,NULL,23,NULL,NULL),(1653,57,NULL,NULL,NULL,26,NULL,NULL),(1652,75,NULL,NULL,NULL,1653,NULL,NULL),(1654,62,NULL,NULL,NULL,31,NULL,NULL),(1652,76,NULL,NULL,NULL,1654,NULL,NULL),(1652,77,1,NULL,NULL,NULL,NULL,NULL),(1653,315,NULL,NULL,NULL,NULL,NULL,3),(1654,322,NULL,NULL,NULL,NULL,NULL,10000),(1654,323,NULL,NULL,NULL,NULL,NULL,20000),(1655,74,NULL,NULL,NULL,23,NULL,NULL),(1656,57,NULL,NULL,NULL,26,NULL,NULL),(1655,75,NULL,NULL,NULL,1656,NULL,NULL),(1657,62,NULL,NULL,NULL,31,NULL,NULL),(1655,76,NULL,NULL,NULL,1657,NULL,NULL),(1656,315,NULL,NULL,NULL,NULL,NULL,5),(1657,322,NULL,NULL,NULL,NULL,NULL,20001),(1657,323,NULL,NULL,NULL,NULL,NULL,50000),(1652,78,NULL,NULL,'Скидка 3% срабатывает при заказах на сумму  от 10000 до 20000',NULL,NULL,NULL),(1655,77,1,NULL,NULL,NULL,NULL,NULL),(1655,78,NULL,NULL,'Скидка 5% срабатывает при заказах на сумму  от 20001 до 50000',NULL,NULL,NULL),(1658,74,NULL,NULL,NULL,23,NULL,NULL),(1659,57,NULL,NULL,NULL,26,NULL,NULL),(1658,75,NULL,NULL,NULL,1659,NULL,NULL),(1660,62,NULL,NULL,NULL,31,NULL,NULL),(1658,76,NULL,NULL,NULL,1660,NULL,NULL),(1658,77,1,NULL,NULL,NULL,NULL,NULL),(1659,315,NULL,NULL,NULL,NULL,NULL,10),(1660,322,NULL,NULL,NULL,NULL,NULL,50001),(1658,78,NULL,NULL,'Скидка 10% срабатывает при заказах на сумму  от 50001',NULL,NULL,NULL),(1662,57,NULL,NULL,NULL,27,NULL,NULL),(1663,62,NULL,NULL,NULL,30,NULL,NULL),(1662,316,NULL,NULL,NULL,NULL,NULL,7),(1663,320,NULL,NULL,NULL,NULL,NULL,7000),(1664,74,NULL,NULL,NULL,22,NULL,NULL),(1665,57,NULL,NULL,NULL,26,NULL,NULL),(1664,75,NULL,NULL,NULL,1665,NULL,NULL),(1666,62,NULL,NULL,NULL,32,NULL,NULL),(1664,76,NULL,NULL,NULL,1666,NULL,NULL),(1664,77,1,NULL,NULL,NULL,NULL,NULL),(1665,315,NULL,NULL,NULL,NULL,NULL,30),(1666,324,NULL,NULL,NULL,1622,NULL,NULL),(1664,78,NULL,NULL,'30% скидка для наших сотрудников, которые входят в группу пользователей \"менеджеры\"',NULL,NULL,NULL),(1668,57,NULL,NULL,NULL,26,NULL,NULL),(1669,62,NULL,NULL,NULL,29,NULL,NULL),(1668,315,NULL,NULL,NULL,NULL,NULL,1),(1669,318,1501189200,NULL,NULL,NULL,NULL,NULL),(1669,319,1501448400,NULL,NULL,NULL,NULL,NULL),(1670,74,NULL,NULL,NULL,21,NULL,NULL),(1671,57,NULL,NULL,NULL,26,NULL,NULL),(1670,75,NULL,NULL,NULL,1671,NULL,NULL),(1672,62,NULL,NULL,NULL,28,NULL,NULL),(1673,62,NULL,NULL,NULL,29,NULL,NULL),(1670,76,NULL,NULL,NULL,1672,NULL,NULL),(1670,76,NULL,NULL,NULL,1673,NULL,NULL),(1670,77,1,NULL,NULL,NULL,NULL,NULL),(1671,315,NULL,NULL,NULL,NULL,NULL,15),(1673,318,1498856400,NULL,NULL,NULL,NULL,NULL),(1673,319,1532725200,NULL,NULL,NULL,NULL,NULL),(1670,78,NULL,NULL,'15% скидки на всю аудиотехнику до 27.08.2018',NULL,NULL,NULL),(1675,123,NULL,NULL,NULL,1674,NULL,NULL),(1675,148,1501147067,NULL,NULL,NULL,NULL,NULL),(1677,80,NULL,NULL,NULL,NULL,NULL,235),(1677,83,NULL,NULL,NULL,39,NULL,NULL),(1677,87,NULL,NULL,NULL,NULL,NULL,1000),(1677,88,NULL,NULL,NULL,NULL,NULL,40),(1677,89,NULL,NULL,NULL,NULL,NULL,60),(1677,90,NULL,NULL,NULL,NULL,NULL,40),(1677,79,1,NULL,NULL,NULL,NULL,NULL),(1677,81,NULL,NULL,NULL,NULL,NULL,742),(1677,82,NULL,NULL,NULL,NULL,NULL,742),(1677,92,1,'furnish',NULL,427,NULL,507),(1675,142,NULL,NULL,'/',NULL,NULL,NULL),(1675,168,NULL,NULL,NULL,NULL,NULL,60),(1675,169,NULL,NULL,NULL,NULL,NULL,40),(1678,176,NULL,'a6f1ba3b3e4858d5b92e67c0cb8de0ca2651b2e796c29305d01956d38ca54d40',NULL,NULL,NULL,NULL),(1678,178,NULL,NULL,NULL,35,NULL,NULL),(1678,205,NULL,NULL,'/',NULL,NULL,NULL),(1678,199,NULL,'ivory',NULL,NULL,NULL,NULL),(1678,179,NULL,'b0bfec44d46b081a690d650130ea9941',NULL,NULL,NULL,NULL),(1678,181,1,NULL,NULL,NULL,NULL,NULL),(1679,123,NULL,NULL,NULL,1678,NULL,NULL),(1679,148,1501147258,NULL,NULL,NULL,NULL,NULL),(1680,80,NULL,NULL,NULL,NULL,NULL,1500),(1680,83,NULL,NULL,NULL,39,NULL,NULL),(1680,87,NULL,NULL,NULL,NULL,NULL,1000),(1680,88,NULL,NULL,NULL,NULL,NULL,40),(1680,89,NULL,NULL,NULL,NULL,NULL,60),(1680,90,NULL,NULL,NULL,NULL,NULL,40),(1680,79,1,NULL,NULL,NULL,NULL,NULL),(1680,81,NULL,NULL,NULL,NULL,NULL,1500),(1680,82,NULL,NULL,NULL,NULL,NULL,1500),(1679,119,NULL,NULL,NULL,1680,NULL,NULL),(1679,127,NULL,NULL,NULL,NULL,NULL,1500),(1679,128,NULL,NULL,NULL,NULL,NULL,1500),(1679,129,1,NULL,NULL,NULL,NULL,NULL),(1679,142,NULL,NULL,'/users/activate/7f338b501d44b7d13817d5fa5ddeee6a/',NULL,NULL,NULL),(1679,166,NULL,NULL,NULL,NULL,NULL,1000),(1679,167,NULL,NULL,NULL,NULL,NULL,40),(1679,168,NULL,NULL,NULL,NULL,NULL,60),(1679,169,NULL,NULL,NULL,NULL,NULL,40),(1679,156,NULL,NULL,NULL,1602,NULL,NULL),(1679,149,NULL,NULL,NULL,1604,NULL,NULL),(1679,120,17,NULL,NULL,NULL,NULL,NULL),(1679,126,NULL,NULL,NULL,51,NULL,NULL),(1679,130,1501147308,NULL,NULL,NULL,NULL,NULL),(1679,131,1501147308,NULL,NULL,NULL,NULL,NULL),(1679,173,1,NULL,NULL,NULL,NULL,NULL),(1678,177,NULL,'korob@umi.ru',NULL,NULL,NULL,NULL),(1681,176,NULL,'72ccb1ff0eeed8548a554864a9deadcd2dd892cc8c9f87f3b257bb950e353fb3',NULL,NULL,NULL,NULL),(1681,177,NULL,'kekman98@yandex.ru',NULL,NULL,NULL,NULL),(1681,178,NULL,NULL,NULL,35,NULL,NULL),(1681,179,NULL,'c4a06cffc02f173e57e6c70abe451f25',NULL,NULL,NULL,NULL),(1681,205,NULL,NULL,'/',NULL,NULL,NULL),(1681,199,NULL,'lightgoldenrodyellow',NULL,NULL,NULL,NULL),(1682,176,NULL,'72ccb1ff0eeed8548a554864a9deadcd2dd892cc8c9f87f3b257bb950e353fb3',NULL,NULL,NULL,NULL),(1682,177,NULL,'samohvalov@gmail.com',NULL,NULL,NULL,NULL),(1682,178,NULL,NULL,NULL,35,NULL,NULL),(1682,179,NULL,'7be544139867115474410e53fc087414',NULL,NULL,NULL,NULL),(1682,205,NULL,NULL,'/',NULL,NULL,NULL),(1682,199,NULL,'paleturquoise',NULL,NULL,NULL,NULL),(1683,176,NULL,'72ccb1ff0eeed8548a554864a9deadcd2dd892cc8c9f87f3b257bb950e353fb3',NULL,NULL,NULL,NULL),(1683,177,NULL,'web-161@gmail.com',NULL,NULL,NULL,NULL),(1683,178,NULL,NULL,NULL,35,NULL,NULL),(1683,179,NULL,'643fa2d9f5eb6886a6b070350604bc92',NULL,NULL,NULL,NULL),(1683,205,NULL,NULL,'/',NULL,NULL,NULL),(1683,199,NULL,'brown',NULL,NULL,NULL,NULL),(1681,181,1,NULL,NULL,NULL,NULL,NULL),(1682,181,1,NULL,NULL,NULL,NULL,NULL),(1683,181,1,NULL,NULL,NULL,NULL,NULL),(1679,154,NULL,NULL,NULL,1602,NULL,NULL),(1627,149,NULL,NULL,NULL,352,NULL,NULL),(1627,130,1501145460,NULL,NULL,NULL,NULL,NULL),(1627,131,1501145400,NULL,NULL,NULL,NULL,NULL),(1627,150,NULL,NULL,NULL,81,NULL,NULL),(1627,151,1501102800,NULL,NULL,NULL,NULL,NULL),(1627,155,NULL,NULL,NULL,90,NULL,NULL),(1685,123,NULL,NULL,NULL,1684,NULL,NULL),(1685,148,1501233617,NULL,NULL,NULL,NULL,NULL),(1684,308,NULL,NULL,NULL,1685,NULL,1),(1686,80,NULL,NULL,NULL,NULL,NULL,88),(1686,83,NULL,NULL,NULL,39,NULL,NULL),(1686,87,NULL,NULL,NULL,NULL,NULL,1000),(1686,88,NULL,NULL,NULL,NULL,NULL,40),(1686,89,NULL,NULL,NULL,NULL,NULL,60),(1686,90,NULL,NULL,NULL,NULL,NULL,40),(1686,79,1,NULL,NULL,NULL,NULL,NULL),(1686,81,NULL,NULL,NULL,NULL,NULL,88),(1686,82,NULL,NULL,NULL,NULL,NULL,88),(1685,119,NULL,NULL,NULL,1686,NULL,NULL),(1685,127,NULL,NULL,NULL,NULL,NULL,88),(1685,128,NULL,NULL,NULL,NULL,NULL,88),(1685,129,1,NULL,NULL,NULL,NULL,NULL),(1685,142,NULL,NULL,'/',NULL,NULL,NULL),(1685,166,NULL,NULL,NULL,NULL,NULL,1000),(1685,167,NULL,NULL,NULL,NULL,NULL,40),(1685,168,NULL,NULL,NULL,NULL,NULL,60),(1685,169,NULL,NULL,NULL,NULL,NULL,40),(1684,47,NULL,'фывфыв',NULL,NULL,NULL,NULL),(1684,46,NULL,'фывфыв',NULL,NULL,NULL,NULL),(1684,49,NULL,'as@umisoft.ru',NULL,NULL,NULL,NULL),(1684,50,NULL,'123123123',NULL,NULL,NULL,NULL),(1688,123,NULL,NULL,NULL,1687,NULL,NULL),(1688,148,1501235993,NULL,NULL,NULL,NULL,NULL),(1687,308,NULL,NULL,NULL,1688,NULL,1),(1689,80,NULL,NULL,NULL,NULL,NULL,345),(1689,83,NULL,NULL,NULL,39,NULL,NULL),(1689,87,NULL,NULL,NULL,NULL,NULL,1000),(1689,88,NULL,NULL,NULL,NULL,NULL,40),(1689,89,NULL,NULL,NULL,NULL,NULL,60),(1689,90,NULL,NULL,NULL,NULL,NULL,40),(1689,79,1,NULL,NULL,NULL,NULL,NULL),(1689,81,NULL,NULL,NULL,NULL,NULL,345),(1689,82,NULL,NULL,NULL,NULL,NULL,293.25),(1689,85,NULL,NULL,NULL,1670,NULL,NULL),(1689,86,NULL,NULL,NULL,NULL,NULL,51.75),(1688,119,NULL,NULL,NULL,1689,NULL,NULL),(1688,127,NULL,NULL,NULL,NULL,NULL,293.25),(1688,128,NULL,NULL,NULL,NULL,NULL,293.25),(1688,129,1,NULL,NULL,NULL,NULL,NULL),(1688,142,NULL,NULL,'/',NULL,NULL,NULL),(1688,166,NULL,NULL,NULL,NULL,NULL,1000),(1688,167,NULL,NULL,NULL,NULL,NULL,40),(1688,168,NULL,NULL,NULL,NULL,NULL,60),(1688,169,NULL,NULL,NULL,NULL,NULL,40),(1691,80,NULL,NULL,NULL,NULL,NULL,523),(1691,83,NULL,NULL,NULL,39,NULL,NULL),(1691,87,NULL,NULL,NULL,NULL,NULL,1000),(1691,88,NULL,NULL,NULL,NULL,NULL,40),(1691,89,NULL,NULL,NULL,NULL,NULL,60),(1691,90,NULL,NULL,NULL,NULL,NULL,40),(1691,85,NULL,NULL,NULL,1670,NULL,NULL),(1691,92,1,'furnish',NULL,463,NULL,24),(1691,86,NULL,NULL,NULL,NULL,NULL,82.05),(1691,79,2,NULL,NULL,NULL,NULL,NULL),(1691,81,NULL,NULL,NULL,NULL,NULL,1094),(1691,82,NULL,NULL,NULL,NULL,NULL,929.9),(1692,80,NULL,NULL,NULL,NULL,NULL,15),(1692,83,NULL,NULL,NULL,39,NULL,NULL),(1692,87,NULL,NULL,NULL,NULL,NULL,1000),(1692,88,NULL,NULL,NULL,NULL,NULL,40),(1692,89,NULL,NULL,NULL,NULL,NULL,60),(1692,90,NULL,NULL,NULL,NULL,NULL,40),(1692,79,1,NULL,NULL,NULL,NULL,NULL),(1692,81,NULL,NULL,NULL,NULL,NULL,15),(1692,82,NULL,NULL,NULL,NULL,NULL,15),(1617,126,NULL,NULL,NULL,53,NULL,NULL),(1617,130,1501237581,NULL,NULL,NULL,NULL,NULL),(1685,156,NULL,NULL,NULL,1602,NULL,NULL),(1693,80,NULL,NULL,NULL,NULL,NULL,188),(1693,83,NULL,NULL,NULL,39,NULL,NULL),(1693,87,NULL,NULL,NULL,NULL,NULL,1000),(1693,88,NULL,NULL,NULL,NULL,NULL,40),(1693,89,NULL,NULL,NULL,NULL,NULL,60),(1693,90,NULL,NULL,NULL,NULL,NULL,40),(1693,79,1,NULL,NULL,NULL,NULL,NULL),(1693,81,NULL,NULL,NULL,NULL,NULL,188),(1693,82,NULL,NULL,NULL,NULL,NULL,188),(1675,119,NULL,NULL,NULL,1677,NULL,NULL),(1675,119,NULL,NULL,NULL,1691,NULL,NULL),(1675,119,NULL,NULL,NULL,1692,NULL,NULL),(1675,119,NULL,NULL,NULL,1693,NULL,NULL),(1675,127,NULL,NULL,NULL,NULL,NULL,1874.9),(1675,128,NULL,NULL,NULL,NULL,NULL,1874.9),(1675,129,5,NULL,NULL,NULL,NULL,NULL),(1675,166,NULL,NULL,NULL,NULL,NULL,5000),(1675,167,NULL,NULL,NULL,NULL,NULL,200),(1674,47,NULL,'Валентин',NULL,NULL,NULL,NULL),(1674,46,NULL,'Стрыкало',NULL,NULL,NULL,NULL),(1674,48,NULL,'Дмитриевич',NULL,NULL,NULL,NULL),(1674,49,NULL,'smirnov@umisoft.ru',NULL,NULL,NULL,NULL),(1674,50,NULL,'89675233398',NULL,NULL,NULL,NULL),(1694,66,NULL,NULL,NULL,37,NULL,NULL),(1694,67,178636,NULL,NULL,NULL,NULL,NULL),(1694,68,NULL,'Краснодарский край',NULL,NULL,NULL,NULL),(1694,69,NULL,'Ейск',NULL,NULL,NULL,NULL),(1694,70,NULL,'Зеленая',NULL,NULL,NULL,NULL),(1694,71,NULL,'8',NULL,NULL,NULL,NULL),(1694,72,NULL,'96',NULL,NULL,NULL,NULL),(1675,156,NULL,NULL,NULL,1694,NULL,NULL),(1674,313,NULL,NULL,NULL,1694,NULL,NULL),(1675,154,NULL,NULL,NULL,1603,NULL,NULL),(1675,149,NULL,NULL,NULL,1604,NULL,NULL),(1675,120,18,NULL,NULL,NULL,NULL,NULL),(1675,126,NULL,NULL,NULL,51,NULL,NULL),(1675,130,1501245461,NULL,NULL,NULL,NULL,NULL),(1675,131,1501245461,NULL,NULL,NULL,NULL,NULL),(1675,173,1,NULL,NULL,NULL,NULL,NULL),(1695,123,NULL,NULL,NULL,1674,NULL,NULL),(1695,148,1501245471,NULL,NULL,NULL,NULL,NULL),(1674,308,NULL,NULL,NULL,1695,NULL,1),(1697,80,NULL,NULL,NULL,NULL,NULL,235),(1697,83,NULL,NULL,NULL,39,NULL,NULL),(1697,87,NULL,NULL,NULL,NULL,NULL,1000),(1697,88,NULL,NULL,NULL,NULL,NULL,40),(1697,89,NULL,NULL,NULL,NULL,NULL,60),(1697,90,NULL,NULL,NULL,NULL,NULL,40),(1697,79,1,NULL,NULL,NULL,NULL,NULL),(1697,81,NULL,NULL,NULL,NULL,NULL,742),(1697,82,NULL,NULL,NULL,NULL,NULL,742),(1697,92,1,'furnish',NULL,427,NULL,507),(1695,119,NULL,NULL,NULL,1697,NULL,NULL),(1695,127,NULL,NULL,NULL,NULL,NULL,742),(1695,128,NULL,NULL,NULL,NULL,NULL,742),(1695,129,1,NULL,NULL,NULL,NULL,NULL),(1695,142,NULL,NULL,'/',NULL,NULL,NULL),(1695,166,NULL,NULL,NULL,NULL,NULL,1000),(1695,167,NULL,NULL,NULL,NULL,NULL,40),(1695,168,NULL,NULL,NULL,NULL,NULL,60),(1695,169,NULL,NULL,NULL,NULL,NULL,40),(1695,156,NULL,NULL,NULL,1024,NULL,NULL),(1699,123,NULL,NULL,NULL,1698,NULL,NULL),(1699,148,1501245525,NULL,NULL,NULL,NULL,NULL),(1698,308,NULL,NULL,NULL,1699,NULL,1),(1700,80,NULL,NULL,NULL,NULL,NULL,34),(1700,83,NULL,NULL,NULL,39,NULL,NULL),(1700,87,NULL,NULL,NULL,NULL,NULL,1000),(1700,88,NULL,NULL,NULL,NULL,NULL,40),(1700,89,NULL,NULL,NULL,NULL,NULL,60),(1700,90,NULL,NULL,NULL,NULL,NULL,40),(1700,79,1,NULL,NULL,NULL,NULL,NULL),(1700,81,NULL,NULL,NULL,NULL,NULL,34),(1700,82,NULL,NULL,NULL,NULL,NULL,28.9),(1700,85,NULL,NULL,NULL,1670,NULL,NULL),(1700,86,NULL,NULL,NULL,NULL,NULL,5.1),(1699,119,NULL,NULL,NULL,1700,NULL,NULL),(1699,127,NULL,NULL,NULL,NULL,NULL,28.9),(1699,128,NULL,NULL,NULL,NULL,NULL,28.9),(1699,129,1,NULL,NULL,NULL,NULL,NULL),(1699,142,NULL,NULL,'/',NULL,NULL,NULL),(1699,166,NULL,NULL,NULL,NULL,NULL,1000),(1699,167,NULL,NULL,NULL,NULL,NULL,40),(1699,168,NULL,NULL,NULL,NULL,NULL,60),(1699,169,NULL,NULL,NULL,NULL,NULL,40),(1698,47,NULL,'Антон',NULL,NULL,NULL,NULL),(1698,46,NULL,'Павлович',NULL,NULL,NULL,NULL),(1698,48,NULL,'Блинов',NULL,NULL,NULL,NULL),(1698,49,NULL,'smirnov@umisoft.ru',NULL,NULL,NULL,NULL),(1698,50,NULL,'89675233398',NULL,NULL,NULL,NULL),(1699,156,NULL,NULL,NULL,1602,NULL,NULL),(1699,154,NULL,NULL,NULL,1603,NULL,NULL),(1699,149,NULL,NULL,NULL,352,NULL,NULL),(1699,120,19,NULL,NULL,NULL,NULL,NULL),(1699,126,NULL,NULL,NULL,51,NULL,NULL),(1699,130,1501245595,NULL,NULL,NULL,NULL,NULL),(1699,131,1501245595,NULL,NULL,NULL,NULL,NULL),(1699,173,1,NULL,NULL,NULL,NULL,NULL),(1699,152,NULL,'1699',NULL,NULL,NULL,NULL),(1701,123,NULL,NULL,NULL,1678,NULL,NULL),(1701,148,1501246015,NULL,NULL,NULL,NULL,NULL),(1678,192,NULL,NULL,NULL,1701,NULL,1),(1702,80,NULL,NULL,NULL,NULL,NULL,905),(1702,83,NULL,NULL,NULL,39,NULL,NULL),(1702,87,NULL,NULL,NULL,NULL,NULL,1000),(1702,88,NULL,NULL,NULL,NULL,NULL,40),(1702,89,NULL,NULL,NULL,NULL,NULL,60),(1702,90,NULL,NULL,NULL,NULL,NULL,40),(1702,79,1,NULL,NULL,NULL,NULL,NULL),(1702,81,NULL,NULL,NULL,NULL,NULL,905),(1702,82,NULL,NULL,NULL,NULL,NULL,905),(1701,119,NULL,NULL,NULL,1702,NULL,NULL),(1701,127,NULL,NULL,NULL,NULL,NULL,905),(1701,128,NULL,NULL,NULL,NULL,NULL,905),(1701,129,1,NULL,NULL,NULL,NULL,NULL),(1701,142,NULL,NULL,'/',NULL,NULL,NULL),(1701,166,NULL,NULL,NULL,NULL,NULL,1000),(1701,167,NULL,NULL,NULL,NULL,NULL,40),(1701,168,NULL,NULL,NULL,NULL,NULL,60),(1701,169,NULL,NULL,NULL,NULL,NULL,40),(1701,156,NULL,NULL,NULL,1023,NULL,NULL),(1701,154,NULL,NULL,NULL,1603,NULL,NULL),(1701,149,NULL,NULL,NULL,1604,NULL,NULL),(1701,120,20,NULL,NULL,NULL,NULL,NULL),(1701,126,NULL,NULL,NULL,51,NULL,NULL),(1701,130,1501246036,NULL,NULL,NULL,NULL,NULL),(1701,131,1501246036,NULL,NULL,NULL,NULL,NULL),(1701,173,1,NULL,NULL,NULL,NULL,NULL),(1704,123,NULL,NULL,NULL,1703,NULL,NULL),(1704,148,1501255771,NULL,NULL,NULL,NULL,NULL),(1703,308,NULL,NULL,NULL,1704,NULL,1),(1705,80,NULL,NULL,NULL,NULL,NULL,289),(1705,83,NULL,NULL,NULL,39,NULL,NULL),(1705,87,NULL,NULL,NULL,NULL,NULL,1000),(1705,88,NULL,NULL,NULL,NULL,NULL,40),(1705,89,NULL,NULL,NULL,NULL,NULL,60),(1705,90,NULL,NULL,NULL,NULL,NULL,40),(1705,79,1,NULL,NULL,NULL,NULL,NULL),(1705,81,NULL,NULL,NULL,NULL,NULL,289),(1705,82,NULL,NULL,NULL,NULL,NULL,289),(1704,142,NULL,NULL,'/',NULL,NULL,NULL),(1704,168,NULL,NULL,NULL,NULL,NULL,60),(1704,169,NULL,NULL,NULL,NULL,NULL,40),(1706,80,NULL,NULL,NULL,NULL,NULL,45),(1706,83,NULL,NULL,NULL,39,NULL,NULL),(1706,87,NULL,NULL,NULL,NULL,NULL,1000),(1706,88,NULL,NULL,NULL,NULL,NULL,40),(1706,89,NULL,NULL,NULL,NULL,NULL,60),(1706,90,NULL,NULL,NULL,NULL,NULL,40),(1706,79,1,NULL,NULL,NULL,NULL,NULL),(1706,81,NULL,NULL,NULL,NULL,NULL,45),(1706,82,NULL,NULL,NULL,NULL,NULL,38.25),(1706,85,NULL,NULL,NULL,1670,NULL,NULL),(1706,86,NULL,NULL,NULL,NULL,NULL,6.75),(1704,119,NULL,NULL,NULL,1705,NULL,NULL),(1704,119,NULL,NULL,NULL,1706,NULL,NULL),(1704,127,NULL,NULL,NULL,NULL,NULL,327.25),(1704,128,NULL,NULL,NULL,NULL,NULL,327.25),(1704,129,2,NULL,NULL,NULL,NULL,NULL),(1704,166,NULL,NULL,NULL,NULL,NULL,2000),(1704,167,NULL,NULL,NULL,NULL,NULL,80),(1718,123,NULL,NULL,NULL,1717,NULL,NULL),(1718,148,1501679524,NULL,NULL,NULL,NULL,NULL),(1717,308,NULL,NULL,NULL,1718,NULL,1),(1719,80,NULL,NULL,NULL,NULL,NULL,236),(1719,83,NULL,NULL,NULL,39,NULL,NULL),(1719,87,NULL,NULL,NULL,NULL,NULL,1000),(1719,88,NULL,NULL,NULL,NULL,NULL,40),(1719,89,NULL,NULL,NULL,NULL,NULL,60),(1719,90,NULL,NULL,NULL,NULL,NULL,40),(1719,79,1,NULL,NULL,NULL,NULL,NULL),(1719,81,NULL,NULL,NULL,NULL,NULL,236),(1719,82,NULL,NULL,NULL,NULL,NULL,236),(1718,119,NULL,NULL,NULL,1719,NULL,NULL),(1718,127,NULL,NULL,NULL,NULL,NULL,236),(1718,129,1,NULL,NULL,NULL,NULL,NULL),(1718,142,NULL,NULL,'/',NULL,NULL,NULL),(1718,166,NULL,NULL,NULL,NULL,NULL,1000),(1718,167,NULL,NULL,NULL,NULL,NULL,40),(1718,168,NULL,NULL,NULL,NULL,NULL,60),(1718,169,NULL,NULL,NULL,NULL,NULL,40),(1717,47,NULL,'Тест',NULL,NULL,NULL,NULL),(1717,46,NULL,'Тестов',NULL,NULL,NULL,NULL),(1717,49,NULL,'sales@umisoft.ru',NULL,NULL,NULL,NULL),(1717,50,NULL,'89001212121',NULL,NULL,NULL,NULL),(1720,66,NULL,NULL,NULL,37,NULL,NULL),(1720,67,192111,NULL,NULL,NULL,NULL,NULL),(1720,68,NULL,'СПб',NULL,NULL,NULL,NULL),(1720,69,NULL,'Санкт-Петербург',NULL,NULL,NULL,NULL),(1720,70,NULL,'Красного Курсанта',NULL,NULL,NULL,NULL),(1720,71,NULL,'23',NULL,NULL,NULL,NULL),(1720,72,NULL,'11',NULL,NULL,NULL,NULL),(1721,66,NULL,NULL,NULL,37,NULL,NULL),(1721,67,192111,NULL,NULL,NULL,NULL,NULL),(1721,68,NULL,'СПб',NULL,NULL,NULL,NULL),(1721,69,NULL,'Санкт-Петербург',NULL,NULL,NULL,NULL),(1721,70,NULL,'Красного Курсанта',NULL,NULL,NULL,NULL),(1721,71,NULL,'23',NULL,NULL,NULL,NULL),(1721,72,NULL,'11',NULL,NULL,NULL,NULL),(1718,156,NULL,NULL,NULL,1721,NULL,NULL),(1717,313,NULL,NULL,NULL,1720,NULL,NULL),(1717,313,NULL,NULL,NULL,1721,NULL,NULL),(18,37,NULL,NULL,NULL,NULL,NULL,72.51),(17,37,NULL,NULL,NULL,NULL,NULL,60.6412),(1718,159,NULL,'cdek',NULL,NULL,NULL,NULL),(1718,160,NULL,'16',NULL,NULL,NULL,NULL),(1718,161,NULL,'1',NULL,NULL,NULL,NULL),(1718,128,NULL,NULL,NULL,NULL,NULL,866.5),(1718,154,NULL,NULL,NULL,1281,NULL,NULL),(1718,163,NULL,NULL,NULL,NULL,NULL,630.5),(1718,149,NULL,NULL,NULL,1604,NULL,NULL),(1718,120,21,NULL,NULL,NULL,NULL,NULL),(1718,126,NULL,NULL,NULL,51,NULL,NULL),(1718,130,1501681271,NULL,NULL,NULL,NULL,NULL),(1718,131,1501681271,NULL,NULL,NULL,NULL,NULL),(1718,173,1,NULL,NULL,NULL,NULL,NULL),(1725,421,NULL,NULL,NULL,6,NULL,NULL),(1725,422,NULL,NULL,NULL,NULL,4,NULL),(1725,426,NULL,NULL,NULL,336,NULL,NULL),(538,211,1500022920,NULL,NULL,NULL,NULL,NULL),(537,211,1498879500,NULL,NULL,NULL,NULL,NULL),(25,199,NULL,'#ebeff2',NULL,NULL,NULL,NULL),(1727,123,NULL,NULL,NULL,1726,NULL,NULL),(1727,148,1501843673,NULL,NULL,NULL,NULL,NULL),(1726,308,NULL,NULL,NULL,1727,NULL,1),(1728,80,NULL,NULL,NULL,NULL,NULL,188),(1728,83,NULL,NULL,NULL,39,NULL,NULL),(1728,87,NULL,NULL,NULL,NULL,NULL,1000),(1728,88,NULL,NULL,NULL,NULL,NULL,40),(1728,89,NULL,NULL,NULL,NULL,NULL,60),(1728,90,NULL,NULL,NULL,NULL,NULL,40),(1728,79,1,NULL,NULL,NULL,NULL,NULL),(1728,81,NULL,NULL,NULL,NULL,NULL,188),(1728,82,NULL,NULL,NULL,NULL,NULL,188),(1727,119,NULL,NULL,NULL,1728,NULL,NULL),(1727,127,NULL,NULL,NULL,NULL,NULL,188),(1727,128,NULL,NULL,NULL,NULL,NULL,188),(1727,129,1,NULL,NULL,NULL,NULL,NULL),(1727,142,NULL,NULL,'/',NULL,NULL,NULL),(1727,166,NULL,NULL,NULL,NULL,NULL,1000),(1727,167,NULL,NULL,NULL,NULL,NULL,40),(1727,168,NULL,NULL,NULL,NULL,NULL,60),(1727,169,NULL,NULL,NULL,NULL,NULL,40),(1726,47,NULL,'asd',NULL,NULL,NULL,NULL),(1726,46,NULL,'asd',NULL,NULL,NULL,NULL),(1726,49,NULL,'as@asdasd.drf',NULL,NULL,NULL,NULL),(1726,50,NULL,'123123',NULL,NULL,NULL,NULL),(1727,156,NULL,NULL,NULL,1602,NULL,NULL),(1729,47,NULL,'ChenorPa',NULL,NULL,NULL,NULL),(1729,46,NULL,'ChenorPa',NULL,NULL,NULL,NULL),(1729,48,NULL,'ChenorPa',NULL,NULL,NULL,NULL),(1729,49,NULL,'polina.asavkina.77@mail.ru',NULL,NULL,NULL,NULL),(1729,50,NULL,'84668552616',NULL,NULL,NULL,NULL),(1731,47,NULL,'NavarasOl',NULL,NULL,NULL,NULL),(1731,46,NULL,'NavarasOl',NULL,NULL,NULL,NULL),(1731,48,NULL,'NavarasOl',NULL,NULL,NULL,NULL),(1731,49,NULL,'vlada.bakhtigulova.1998@mail.ru',NULL,NULL,NULL,NULL),(1731,50,NULL,'83698789769',NULL,NULL,NULL,NULL),(1733,47,NULL,'ZakoshOt',NULL,NULL,NULL,NULL),(1733,46,NULL,'ZakoshOt',NULL,NULL,NULL,NULL),(1733,48,NULL,'ZakoshOt',NULL,NULL,NULL,NULL),(1733,49,NULL,'nina.mistyuk.1988@mail.ru',NULL,NULL,NULL,NULL),(1733,50,NULL,'82975816552',NULL,NULL,NULL,NULL),(1735,47,NULL,'Lucapl',NULL,NULL,NULL,NULL),(1735,46,NULL,'Lucapl',NULL,NULL,NULL,NULL),(1735,48,NULL,'Lucapl',NULL,NULL,NULL,NULL),(1735,49,NULL,'iliya.zakutin.1992@mail.ru',NULL,NULL,NULL,NULL),(1735,50,NULL,'87478121552',NULL,NULL,NULL,NULL),(1737,47,NULL,'LolaHeame',NULL,NULL,NULL,NULL),(1737,46,NULL,'LolaHeame',NULL,NULL,NULL,NULL),(1737,48,NULL,'LolaHeame',NULL,NULL,NULL,NULL),(1737,49,NULL,'l.ola.1.2.3.@typo3.gmailrasta.net',NULL,NULL,NULL,NULL),(1737,50,NULL,'86585941246',NULL,NULL,NULL,NULL),(1441,521,NULL,'demomarket',NULL,NULL,NULL,NULL),(1441,500,NULL,'демонстрационный магазин',NULL,NULL,NULL,NULL),(1752,47,NULL,'Michaeltuh',NULL,NULL,NULL,NULL),(1752,46,NULL,'Michaeltuh',NULL,NULL,NULL,NULL),(1752,48,NULL,'Michaeltuh',NULL,NULL,NULL,NULL),(1752,49,NULL,'michaelLet@gdet.bid',NULL,NULL,NULL,NULL),(1752,50,NULL,'83575965592',NULL,NULL,NULL,NULL),(356,12,1,NULL,NULL,NULL,NULL,NULL),(1765,3,NULL,'Спорт и туризм',NULL,NULL,NULL,NULL),(1766,3,NULL,'Велосипеды и аксессуары',NULL,NULL,NULL,NULL),(1765,12,1,NULL,NULL,NULL,NULL,NULL),(1766,12,1,NULL,NULL,NULL,NULL,NULL),(1778,3,NULL,'Взрослые велосипеды',NULL,NULL,NULL,NULL),(1782,3,NULL,'Детские велосипеды',NULL,NULL,NULL,NULL),(1787,3,NULL,'Велоаксессуары',NULL,NULL,NULL,NULL),(1793,3,NULL,'Зоотовары',NULL,NULL,NULL,NULL),(1794,3,NULL,'Для кошек',NULL,NULL,NULL,NULL),(1795,3,NULL,'Для собак',NULL,NULL,NULL,NULL),(1796,3,NULL,'Для птиц',NULL,NULL,NULL,NULL),(1797,3,NULL,'Наполнители',NULL,NULL,NULL,NULL),(1798,3,NULL,'Сухие корма',NULL,NULL,NULL,NULL),(1799,3,NULL,'Влажные корма',NULL,NULL,NULL,NULL),(1801,3,NULL,'Туалеты',NULL,NULL,NULL,NULL),(1803,3,NULL,'Корма и лакомства',NULL,NULL,NULL,NULL),(1793,12,1,NULL,NULL,NULL,NULL,NULL),(1795,12,1,NULL,NULL,NULL,NULL,NULL),(1796,12,1,NULL,NULL,NULL,NULL,NULL),(1794,12,1,NULL,NULL,NULL,NULL,NULL),(1806,3,NULL,'Бытовая техника',NULL,NULL,NULL,NULL),(1806,12,1,NULL,NULL,NULL,NULL,NULL),(1807,3,NULL,'Парфюмерия и косметика',NULL,NULL,NULL,NULL),(1797,296,4,NULL,NULL,NULL,NULL,NULL),(1766,296,4,NULL,NULL,NULL,NULL,NULL),(1794,296,4,NULL,NULL,NULL,NULL,NULL),(1798,296,4,NULL,NULL,NULL,NULL,NULL),(1801,296,4,NULL,NULL,NULL,NULL,NULL),(1803,296,4,NULL,NULL,NULL,NULL,NULL),(1778,296,4,NULL,NULL,NULL,NULL,NULL),(1795,296,4,NULL,NULL,NULL,NULL,NULL),(1796,296,4,NULL,NULL,NULL,NULL,NULL),(1799,296,4,NULL,NULL,NULL,NULL,NULL),(1782,296,4,NULL,NULL,NULL,NULL,NULL),(1787,296,4,NULL,NULL,NULL,NULL,NULL),(1765,296,4,NULL,NULL,NULL,NULL,NULL),(1793,296,4,NULL,NULL,NULL,NULL,NULL),(1806,296,4,NULL,NULL,NULL,NULL,NULL),(1807,296,4,NULL,NULL,NULL,NULL,NULL),(1823,3,NULL,'Велосипед Carrera Virtuoso Road Bike',NULL,NULL,NULL,NULL),(1823,2,NULL,'Велосипед Carrera Virtuoso Road Bike',NULL,NULL,NULL,NULL),(1823,6,NULL,'Велосипед Carrera Virtuoso Road Bike',NULL,NULL,NULL,NULL),(1823,5,NULL,'Велосипед Carrera Virtuoso Road Bike',NULL,NULL,NULL,NULL),(1823,303,NULL,NULL,NULL,41,NULL,NULL),(1823,462,NULL,NULL,NULL,415,NULL,NULL),(1823,302,1506349885,NULL,NULL,NULL,NULL,NULL),(1823,304,NULL,NULL,NULL,NULL,NULL,14990),(1826,296,4,NULL,NULL,NULL,NULL,NULL),(1823,307,24,NULL,NULL,NULL,NULL,NULL),(1823,460,1,NULL,NULL,NULL,NULL,NULL),(1833,302,1506349920,NULL,NULL,NULL,NULL,NULL),(1833,304,NULL,NULL,NULL,NULL,NULL,39900),(1833,462,NULL,NULL,NULL,1828,NULL,NULL),(1833,3,NULL,'Boardman CX Comp Bike',NULL,NULL,NULL,NULL),(1833,307,5,NULL,NULL,NULL,NULL,NULL),(1826,12,1,NULL,NULL,NULL,NULL,NULL),(1829,12,1,NULL,NULL,NULL,NULL,NULL),(1840,3,NULL,'Летняя ',NULL,NULL,NULL,NULL),(1840,296,4,NULL,NULL,NULL,NULL,NULL),(1829,296,4,NULL,NULL,NULL,NULL,NULL),(1841,3,NULL,'Зимняя',NULL,NULL,NULL,NULL),(1840,12,1,NULL,NULL,NULL,NULL,NULL),(1841,12,1,NULL,NULL,NULL,NULL,NULL),(1841,296,4,NULL,NULL,NULL,NULL,NULL),(1846,3,NULL,'Обувь ',NULL,NULL,NULL,NULL),(1846,12,1,NULL,NULL,NULL,NULL,NULL),(1849,3,NULL,'Велосипед Mizani AR1 Womens Road Bike',NULL,NULL,NULL,NULL),(1849,2,NULL,'Mizani AR1 Womens Road Bike',NULL,NULL,NULL,NULL),(1849,6,NULL,'Mizani AR1 Womens Road Bike',NULL,NULL,NULL,NULL),(1849,5,NULL,'Mizani AR1 Womens Road Bike',NULL,NULL,NULL,NULL),(1849,304,NULL,NULL,NULL,NULL,NULL,13990),(1849,303,NULL,NULL,NULL,41,NULL,NULL),(1849,462,NULL,NULL,NULL,1847,NULL,NULL),(1849,307,12,NULL,NULL,NULL,NULL,NULL),(1849,302,1506351596,NULL,NULL,NULL,NULL,NULL),(1852,3,NULL,'Laura Trott RD 2 Women\'s Road Bike',NULL,NULL,NULL,NULL),(1852,2,NULL,'Laura Trott RD 2 Women\'s Road Bike',NULL,NULL,NULL,NULL),(1852,6,NULL,'Laura Trott RD 2 Women\'s Road Bike',NULL,NULL,NULL,NULL),(1852,5,NULL,'Laura Trott RD 2 Women\'s Road Bike',NULL,NULL,NULL,NULL),(1852,304,NULL,NULL,NULL,NULL,NULL,32900),(1852,307,14,NULL,NULL,NULL,NULL,NULL),(1852,302,1506352362,NULL,NULL,NULL,NULL,NULL),(1852,462,NULL,NULL,NULL,505,NULL,NULL),(1855,3,NULL,'VooDoo Zobop Full Suspension Mountain Bike',NULL,NULL,NULL,NULL),(1855,2,NULL,'VooDoo Zobop Full Suspension Mountain Bike',NULL,NULL,NULL,NULL),(1855,6,NULL,'VooDoo Zobop Full Suspension Mountain Bike',NULL,NULL,NULL,NULL),(1855,5,NULL,'VooDoo Zobop Full Suspension Mountain Bike',NULL,NULL,NULL,NULL),(1855,304,NULL,NULL,NULL,NULL,NULL,69900),(1855,462,NULL,NULL,NULL,458,NULL,NULL),(1855,307,7,NULL,NULL,NULL,NULL,NULL),(1855,302,1506353090,NULL,NULL,NULL,NULL,NULL),(1858,304,NULL,NULL,NULL,NULL,NULL,24900),(1858,462,NULL,NULL,NULL,415,NULL,NULL),(1858,307,2,NULL,NULL,NULL,NULL,NULL),(1858,302,1506353500,NULL,NULL,NULL,NULL,NULL),(1858,2,NULL,'Intuition Lambda Women\'s Road Bike',NULL,NULL,NULL,NULL),(1858,3,NULL,'Intuition Lambda Women\'s Road Bike',NULL,NULL,NULL,NULL),(1858,6,NULL,'Intuition Lambda Women\'s Road Bike',NULL,NULL,NULL,NULL),(1858,5,NULL,'Intuition Lambda Women\'s Road Bike',NULL,NULL,NULL,NULL),(1849,454,NULL,NULL,NULL,NULL,NULL,17800),(1849,459,1,NULL,NULL,NULL,NULL,NULL),(1859,3,NULL,'Apollo Paradox Road Bike',NULL,NULL,NULL,NULL),(1859,2,NULL,'Apollo Paradox Road Bike',NULL,NULL,NULL,NULL),(1859,6,NULL,'Apollo Paradox Road Bike',NULL,NULL,NULL,NULL),(1859,5,NULL,'Apollo Paradox Road Bike',NULL,NULL,NULL,NULL),(1859,304,NULL,NULL,NULL,NULL,NULL,17990),(1859,303,NULL,NULL,NULL,41,NULL,NULL),(1859,462,NULL,NULL,NULL,417,NULL,NULL),(1859,307,2,NULL,NULL,NULL,NULL,NULL),(1859,302,1506354053,NULL,NULL,NULL,NULL,NULL),(1860,3,NULL,'Elswick Harmony Girls Bike',NULL,NULL,NULL,NULL),(1860,2,NULL,'Elswick Harmony Girls Bike',NULL,NULL,NULL,NULL),(1860,6,NULL,'Elswick Harmony Girls Bike',NULL,NULL,NULL,NULL),(1860,5,NULL,'Elswick Harmony Girls Bike',NULL,NULL,NULL,NULL),(1860,304,NULL,NULL,NULL,NULL,NULL,9900),(1860,462,NULL,NULL,NULL,417,NULL,NULL),(1860,302,1506354368,NULL,NULL,NULL,NULL,NULL),(1860,303,NULL,NULL,NULL,41,NULL,NULL),(1860,307,2,NULL,NULL,NULL,NULL,NULL),(1862,3,NULL,'Туристическое снаряжение',NULL,NULL,NULL,NULL),(1863,3,NULL,'Палатки',NULL,NULL,NULL,NULL),(1862,12,1,NULL,NULL,NULL,NULL,NULL),(1865,3,NULL,'TREK PLANET Lite Dome 2',NULL,NULL,NULL,NULL),(1865,304,NULL,NULL,NULL,NULL,NULL,1310),(1865,454,NULL,NULL,NULL,NULL,NULL,1580),(1865,303,NULL,NULL,NULL,41,NULL,NULL),(1865,302,1506354974,NULL,NULL,NULL,NULL,NULL),(1866,3,NULL,'Carrera Star Kids\' Bike',NULL,NULL,NULL,NULL),(1866,2,NULL,'Carrera Star Kids\' Bike',NULL,NULL,NULL,NULL),(1866,6,NULL,'Carrera Star Kids\' Bike',NULL,NULL,NULL,NULL),(1866,5,NULL,'Carrera Star Kids\' Bike',NULL,NULL,NULL,NULL),(1866,304,NULL,NULL,NULL,NULL,NULL,8900),(1866,303,NULL,NULL,NULL,41,NULL,NULL),(1866,462,NULL,NULL,NULL,417,NULL,NULL),(1866,307,1,NULL,NULL,NULL,NULL,NULL),(1866,302,1506355026,NULL,NULL,NULL,NULL,NULL),(1865,307,10,NULL,NULL,NULL,NULL,NULL),(1865,459,1,NULL,NULL,NULL,NULL,NULL),(1868,3,NULL,'Apollo Fade Kids Bike',NULL,NULL,NULL,NULL),(1868,2,NULL,'Apollo Fade Kids Bike',NULL,NULL,NULL,NULL),(1868,6,NULL,'Apollo Fade Kids Bike',NULL,NULL,NULL,NULL),(1868,5,NULL,'Apollo Fade Kids Bike',NULL,NULL,NULL,NULL),(1868,304,NULL,NULL,NULL,NULL,NULL,5900),(1868,462,NULL,NULL,NULL,417,NULL,NULL),(1868,307,2,NULL,NULL,NULL,NULL,NULL),(1868,302,1506355285,NULL,NULL,NULL,NULL,NULL),(1869,3,NULL,'Палатка рыболовная Columbus Sea Shel',NULL,NULL,NULL,NULL),(1869,304,NULL,NULL,NULL,NULL,NULL,2390),(1869,303,NULL,NULL,NULL,41,NULL,NULL),(1869,307,4,NULL,NULL,NULL,NULL,NULL),(1869,302,1506355294,NULL,NULL,NULL,NULL,NULL),(1871,3,NULL,'Палатка Columbus Sea Shell',NULL,NULL,NULL,NULL),(1871,304,NULL,NULL,NULL,NULL,NULL,2950),(1871,303,NULL,NULL,NULL,41,NULL,NULL),(1871,307,6,NULL,NULL,NULL,NULL,NULL),(1871,302,1506355535,NULL,NULL,NULL,NULL,NULL),(1872,3,NULL,'Палатка 2-х местная Larsen A2',NULL,NULL,NULL,NULL),(1872,304,NULL,NULL,NULL,NULL,NULL,2940),(1872,454,NULL,NULL,NULL,NULL,NULL,3400),(1872,303,NULL,NULL,NULL,41,NULL,NULL),(1872,307,11,NULL,NULL,NULL,NULL,NULL),(1872,459,1,NULL,NULL,NULL,NULL,NULL),(1872,302,1506355698,NULL,NULL,NULL,NULL,NULL),(1871,459,1,NULL,NULL,NULL,NULL,NULL),(1863,296,4,NULL,NULL,NULL,NULL,NULL),(1862,296,4,NULL,NULL,NULL,NULL,NULL),(1846,296,4,NULL,NULL,NULL,NULL,NULL),(1874,3,NULL,'Часы',NULL,NULL,NULL,NULL),(1874,2,NULL,'Часы',NULL,NULL,NULL,NULL),(1874,6,NULL,'Часы',NULL,NULL,NULL,NULL),(1874,5,NULL,'Часы',NULL,NULL,NULL,NULL),(1875,3,NULL,'Мужские часы',NULL,NULL,NULL,NULL),(1875,2,NULL,'Мужские часы',NULL,NULL,NULL,NULL),(1875,6,NULL,'Мужские часы',NULL,NULL,NULL,NULL),(1875,5,NULL,'Мужские часы',NULL,NULL,NULL,NULL),(1876,3,NULL,'Женские часы',NULL,NULL,NULL,NULL),(1876,2,NULL,'Женские часы',NULL,NULL,NULL,NULL),(1876,6,NULL,'Женские часы',NULL,NULL,NULL,NULL),(1876,5,NULL,'Женские часы',NULL,NULL,NULL,NULL),(1876,7,NULL,'Женские часы',NULL,NULL,NULL,NULL),(1874,12,1,NULL,NULL,NULL,NULL,NULL),(1879,3,NULL,'Posio Edifice EQB-600D-1A2',NULL,NULL,NULL,NULL),(1879,2,NULL,'Posio Edifice EQB-600D-1A2',NULL,NULL,NULL,NULL),(1879,6,NULL,'Posio Edifice EQB-600D-1A2',NULL,NULL,NULL,NULL),(1879,5,NULL,'Posio Edifice EQB-600D-1A2',NULL,NULL,NULL,NULL),(1879,303,NULL,NULL,NULL,41,NULL,NULL),(1879,454,NULL,NULL,NULL,NULL,NULL,32900),(1891,3,NULL,'Jacques Lemans London 1-1844D',NULL,NULL,NULL,NULL),(1891,2,NULL,'Jacques Lemans London 1-1844D',NULL,NULL,NULL,NULL),(1891,6,NULL,'Jacques Lemans London 1-1844D',NULL,NULL,NULL,NULL),(1891,5,NULL,'Jacques Lemans London 1-1844D',NULL,NULL,NULL,NULL),(1891,304,NULL,NULL,NULL,NULL,NULL,13900),(1891,307,1,NULL,NULL,NULL,NULL,NULL),(1891,541,NULL,NULL,NULL,1882,NULL,NULL),(1891,542,NULL,NULL,NULL,1890,NULL,NULL),(1891,543,NULL,NULL,NULL,1887,NULL,NULL),(1891,544,NULL,NULL,NULL,1885,NULL,NULL),(1891,545,NULL,NULL,NULL,1888,NULL,NULL),(1891,547,NULL,NULL,NULL,1889,NULL,NULL),(1891,302,1506438552,NULL,NULL,NULL,NULL,NULL),(1898,3,NULL,'Epos Passion 3403.193.24.15.25',NULL,NULL,NULL,NULL),(1898,2,NULL,'Epos Passion 3403.193.24.15.25',NULL,NULL,NULL,NULL),(1898,6,NULL,'Epos Passion 3403.193.24.15.25',NULL,NULL,NULL,NULL),(1898,5,NULL,'Epos Passion 3403.193.24.15.25',NULL,NULL,NULL,NULL),(1898,303,NULL,NULL,NULL,41,NULL,NULL),(1898,304,NULL,NULL,NULL,NULL,NULL,70550),(1898,307,4,NULL,NULL,NULL,NULL,NULL),(1898,541,NULL,NULL,NULL,1892,NULL,NULL),(1898,542,NULL,NULL,NULL,1895,NULL,NULL),(1898,543,NULL,NULL,NULL,1896,NULL,NULL),(1898,544,NULL,NULL,NULL,1894,NULL,NULL),(1898,545,NULL,NULL,NULL,1897,NULL,NULL),(1898,547,NULL,NULL,NULL,1893,NULL,NULL),(1898,302,1506438864,NULL,NULL,NULL,NULL,NULL),(1875,296,4,NULL,NULL,NULL,NULL,NULL),(1876,296,4,NULL,NULL,NULL,NULL,NULL),(1874,296,4,NULL,NULL,NULL,NULL,NULL),(1901,2,NULL,'Hublot Classic Fusion 515.NX.0170.LR',NULL,NULL,NULL,NULL),(1901,6,NULL,'Hublot Classic Fusion 515.NX.0170.LR',NULL,NULL,NULL,NULL),(1901,5,NULL,'Hublot Classic Fusion 515.NX.0170.LR',NULL,NULL,NULL,NULL),(1901,303,NULL,NULL,NULL,41,NULL,NULL),(1901,307,6,NULL,NULL,NULL,NULL,NULL),(1901,541,NULL,NULL,NULL,1892,NULL,NULL),(1901,542,NULL,NULL,NULL,1900,NULL,NULL),(1901,543,NULL,NULL,NULL,1899,NULL,NULL),(1901,544,NULL,NULL,NULL,1894,NULL,NULL),(1901,547,NULL,NULL,NULL,1893,NULL,NULL),(1901,302,1506439441,NULL,NULL,NULL,NULL,NULL),(1906,3,NULL,'Suunto Core SS020692000',NULL,NULL,NULL,NULL),(1906,2,NULL,'Suunto Core SS020692000',NULL,NULL,NULL,NULL),(1906,6,NULL,'Suunto Core SS020692000',NULL,NULL,NULL,NULL),(1906,5,NULL,'Suunto Core SS020692000',NULL,NULL,NULL,NULL),(1906,303,NULL,NULL,NULL,41,NULL,NULL),(1906,304,NULL,NULL,NULL,NULL,NULL,14690),(1906,307,7,NULL,NULL,NULL,NULL,NULL),(1906,541,NULL,NULL,NULL,1902,NULL,NULL),(1906,542,NULL,NULL,NULL,1904,NULL,NULL),(1906,543,NULL,NULL,NULL,1887,NULL,NULL),(1906,544,NULL,NULL,NULL,1885,NULL,NULL),(1906,545,NULL,NULL,NULL,1905,NULL,NULL),(1906,547,NULL,NULL,NULL,1903,NULL,NULL),(1906,302,1506439790,NULL,NULL,NULL,NULL,NULL),(1912,2,NULL,'Timex Ironman TW5K95700',NULL,NULL,NULL,NULL),(1912,6,NULL,'Timex Ironman TW5K95700',NULL,NULL,NULL,NULL),(1912,5,NULL,'Timex Ironman TW5K95700',NULL,NULL,NULL,NULL),(1912,303,NULL,NULL,NULL,41,NULL,NULL),(1912,307,4,NULL,NULL,NULL,NULL,NULL),(1912,459,1,NULL,NULL,NULL,NULL,NULL),(1912,541,NULL,NULL,NULL,1907,NULL,NULL),(1912,542,NULL,NULL,NULL,1910,NULL,NULL),(1912,543,NULL,NULL,NULL,1909,NULL,NULL),(1912,544,NULL,NULL,NULL,1908,NULL,NULL),(1912,545,NULL,NULL,NULL,1911,NULL,NULL),(1912,547,NULL,NULL,NULL,1903,NULL,NULL),(1912,302,1506439958,NULL,NULL,NULL,NULL,NULL),(1915,3,NULL,'Victorinox Swiss Army Chrono Classic',NULL,NULL,NULL,NULL),(1915,2,NULL,'Victorinox Swiss Army Chrono Classic',NULL,NULL,NULL,NULL),(1915,6,NULL,'Victorinox Swiss Army Chrono Classic',NULL,NULL,NULL,NULL),(1915,5,NULL,'Victorinox Swiss Army Chrono Classic',NULL,NULL,NULL,NULL),(1915,304,NULL,NULL,NULL,NULL,NULL,34700),(1915,307,4,NULL,NULL,NULL,NULL,NULL),(1915,459,1,NULL,NULL,NULL,NULL,NULL),(1915,541,NULL,NULL,NULL,1907,NULL,NULL),(1915,542,NULL,NULL,NULL,1913,NULL,NULL),(1915,543,NULL,NULL,NULL,1896,NULL,NULL),(1915,544,NULL,NULL,NULL,1894,NULL,NULL),(1915,545,NULL,NULL,NULL,1914,NULL,NULL),(1915,546,1,NULL,NULL,NULL,NULL,NULL),(1915,547,NULL,NULL,NULL,1889,NULL,NULL),(1915,302,1506440295,NULL,NULL,NULL,NULL,NULL),(1918,3,NULL,'Seiko Astron SSE021J1',NULL,NULL,NULL,NULL),(1918,2,NULL,'Seiko Astron SSE021J1',NULL,NULL,NULL,NULL),(1918,6,NULL,'Seiko Astron SSE021J1',NULL,NULL,NULL,NULL),(1918,5,NULL,'Seiko Astron SSE021J1',NULL,NULL,NULL,NULL),(1918,303,NULL,NULL,NULL,41,NULL,NULL),(1918,304,NULL,NULL,NULL,NULL,NULL,22900),(1918,307,4,NULL,NULL,NULL,NULL,NULL),(1918,541,NULL,NULL,NULL,1916,NULL,NULL),(1918,542,NULL,NULL,NULL,1917,NULL,NULL),(1918,543,NULL,NULL,NULL,1887,NULL,NULL),(1918,544,NULL,NULL,NULL,1894,NULL,NULL),(1918,545,NULL,NULL,NULL,1914,NULL,NULL),(1918,547,NULL,NULL,NULL,1889,NULL,NULL),(1918,302,1506440567,NULL,NULL,NULL,NULL,NULL),(1921,3,NULL,'Candino Ceramic C6504.3',NULL,NULL,NULL,NULL),(1921,2,NULL,'Candino Ceramic C6504.3',NULL,NULL,NULL,NULL),(1921,6,NULL,'Candino Ceramic C6504.3',NULL,NULL,NULL,NULL),(1921,5,NULL,'Candino Ceramic C6504.3',NULL,NULL,NULL,NULL),(1921,303,NULL,NULL,NULL,41,NULL,NULL),(1921,304,NULL,NULL,NULL,NULL,NULL,19900),(1921,307,2,NULL,NULL,NULL,NULL,NULL),(1921,541,NULL,NULL,NULL,1892,NULL,NULL),(1921,542,NULL,NULL,NULL,1919,NULL,NULL),(1921,543,NULL,NULL,NULL,1920,NULL,NULL),(1921,544,NULL,NULL,NULL,1894,NULL,NULL),(1921,545,NULL,NULL,NULL,1905,NULL,NULL),(1921,547,NULL,NULL,NULL,1883,NULL,NULL),(1921,302,1506440731,NULL,NULL,NULL,NULL,NULL),(1923,3,NULL,'Michael Kors Runway MK3493',NULL,NULL,NULL,NULL),(1923,2,NULL,'Michael Kors Runway MK3493',NULL,NULL,NULL,NULL),(1923,6,NULL,'Michael Kors Runway MK3493',NULL,NULL,NULL,NULL),(1923,5,NULL,'Michael Kors Runway MK3493',NULL,NULL,NULL,NULL),(1923,303,NULL,NULL,NULL,41,NULL,NULL),(1923,304,NULL,NULL,NULL,NULL,NULL,11500),(1923,454,NULL,NULL,NULL,NULL,NULL,15500),(1923,307,3,NULL,NULL,NULL,NULL,NULL),(1923,459,1,NULL,NULL,NULL,NULL,NULL),(1923,541,NULL,NULL,NULL,1882,NULL,NULL),(1923,542,NULL,NULL,NULL,1922,NULL,NULL),(1923,543,NULL,NULL,NULL,1887,NULL,NULL),(1923,544,NULL,NULL,NULL,1885,NULL,NULL),(1923,545,NULL,NULL,NULL,1897,NULL,NULL),(1923,547,NULL,NULL,NULL,1883,NULL,NULL),(1923,302,1506440920,NULL,NULL,NULL,NULL,NULL),(1924,3,NULL,'Posio Baby-G BGA-130-1B',NULL,NULL,NULL,NULL),(1924,2,NULL,'Posio Baby-G BGA-130-1B',NULL,NULL,NULL,NULL),(1924,6,NULL,'Posio Baby-G BGA-130-1B',NULL,NULL,NULL,NULL),(1924,5,NULL,'Posio Baby-G BGA-130-1B',NULL,NULL,NULL,NULL),(1924,303,NULL,NULL,NULL,41,NULL,NULL),(1924,304,NULL,NULL,NULL,NULL,NULL,3790),(1924,307,3,NULL,NULL,NULL,NULL,NULL),(1924,541,NULL,NULL,NULL,1916,NULL,NULL),(1924,542,NULL,NULL,NULL,1886,NULL,NULL),(1924,543,NULL,NULL,NULL,1909,NULL,NULL),(1924,544,NULL,NULL,NULL,1908,NULL,NULL),(1924,545,NULL,NULL,NULL,1905,NULL,NULL),(1924,546,1,NULL,NULL,NULL,NULL,NULL),(1924,547,NULL,NULL,NULL,1903,NULL,NULL),(1924,302,1506441262,NULL,NULL,NULL,NULL,NULL),(1925,80,NULL,NULL,NULL,NULL,NULL,39900),(1925,83,NULL,NULL,NULL,39,NULL,NULL),(1925,84,NULL,NULL,NULL,NULL,314,NULL),(1925,87,NULL,NULL,NULL,NULL,NULL,1000),(1925,88,NULL,NULL,NULL,NULL,NULL,40),(1925,89,NULL,NULL,NULL,NULL,NULL,60),(1925,90,NULL,NULL,NULL,NULL,NULL,40),(1925,91,NULL,NULL,NULL,40,NULL,NULL),(1925,79,1,NULL,NULL,NULL,NULL,NULL),(1925,81,NULL,NULL,NULL,NULL,NULL,39900),(1925,82,NULL,NULL,NULL,NULL,NULL,39900),(1926,80,NULL,NULL,NULL,NULL,NULL,39900),(1926,83,NULL,NULL,NULL,39,NULL,NULL),(1926,84,NULL,NULL,NULL,NULL,314,NULL),(1926,87,NULL,NULL,NULL,NULL,NULL,1000),(1926,88,NULL,NULL,NULL,NULL,NULL,40),(1926,89,NULL,NULL,NULL,NULL,NULL,60),(1926,90,NULL,NULL,NULL,NULL,NULL,40),(1926,91,NULL,NULL,NULL,40,NULL,NULL),(1926,79,1,NULL,NULL,NULL,NULL,NULL),(1926,81,NULL,NULL,NULL,NULL,NULL,39900),(1926,82,NULL,NULL,NULL,NULL,NULL,39900),(1606,168,NULL,NULL,NULL,NULL,NULL,60),(1606,169,NULL,NULL,NULL,NULL,NULL,40),(1606,132,NULL,NULL,NULL,NULL,NULL,7),(1927,80,NULL,NULL,NULL,NULL,NULL,32900),(1927,83,NULL,NULL,NULL,39,NULL,NULL),(1927,84,NULL,NULL,NULL,NULL,328,NULL),(1927,87,NULL,NULL,NULL,NULL,NULL,1000),(1927,88,NULL,NULL,NULL,NULL,NULL,40),(1927,89,NULL,NULL,NULL,NULL,NULL,60),(1927,90,NULL,NULL,NULL,NULL,NULL,40),(1927,79,1,NULL,NULL,NULL,NULL,NULL),(1927,81,NULL,NULL,NULL,NULL,NULL,32900),(1927,82,NULL,NULL,NULL,NULL,NULL,32900),(1928,80,NULL,NULL,NULL,NULL,NULL,8900),(1928,83,NULL,NULL,NULL,39,NULL,NULL),(1928,84,NULL,NULL,NULL,NULL,336,NULL),(1928,87,NULL,NULL,NULL,NULL,NULL,1000),(1928,88,NULL,NULL,NULL,NULL,NULL,40),(1928,89,NULL,NULL,NULL,NULL,NULL,60),(1928,90,NULL,NULL,NULL,NULL,NULL,40),(1928,91,NULL,NULL,NULL,41,NULL,NULL),(1928,79,1,NULL,NULL,NULL,NULL,NULL),(1928,81,NULL,NULL,NULL,NULL,NULL,8900),(1928,82,NULL,NULL,NULL,NULL,NULL,8900),(1606,119,NULL,NULL,NULL,1926,NULL,NULL),(1606,119,NULL,NULL,NULL,1927,NULL,NULL),(1606,119,NULL,NULL,NULL,1928,NULL,NULL),(1606,127,NULL,NULL,NULL,NULL,NULL,81700),(1606,129,3,NULL,NULL,NULL,NULL,NULL),(1606,166,NULL,NULL,NULL,NULL,NULL,3000),(1606,167,NULL,NULL,NULL,NULL,NULL,120),(1606,159,NULL,'iml',NULL,NULL,NULL,NULL),(1606,160,NULL,'6',NULL,NULL,NULL,NULL),(1606,161,NULL,'1',NULL,NULL,NULL,NULL),(1606,128,NULL,NULL,NULL,NULL,NULL,81972),(1606,154,NULL,NULL,NULL,1281,NULL,NULL),(1606,163,NULL,NULL,NULL,NULL,NULL,279),(1606,149,NULL,NULL,NULL,1604,NULL,NULL),(1606,120,22,NULL,NULL,NULL,NULL,NULL),(1606,126,NULL,NULL,NULL,51,NULL,NULL),(1606,130,1506504621,NULL,NULL,NULL,NULL,NULL),(1606,131,1506504622,NULL,NULL,NULL,NULL,NULL),(1606,173,1,NULL,NULL,NULL,NULL,NULL),(1823,548,NULL,NULL,NULL,1768,NULL,NULL),(1823,549,NULL,NULL,NULL,1769,NULL,NULL),(1823,550,NULL,NULL,NULL,1777,NULL,NULL),(1823,561,NULL,NULL,NULL,NULL,NULL,11),(1823,562,45,NULL,NULL,NULL,NULL,NULL),(1823,563,85,NULL,NULL,NULL,NULL,NULL),(1823,564,156,NULL,NULL,NULL,NULL,NULL),(1823,565,NULL,NULL,NULL,NULL,NULL,22),(1823,566,NULL,NULL,NULL,NULL,NULL,18),(1823,567,NULL,NULL,NULL,1773,NULL,NULL),(1823,568,NULL,NULL,NULL,1772,NULL,NULL),(1833,548,NULL,NULL,NULL,1768,NULL,NULL),(1833,549,NULL,NULL,NULL,1769,NULL,NULL),(1833,550,NULL,NULL,NULL,1825,NULL,NULL),(1833,561,NULL,NULL,NULL,NULL,NULL,12),(1833,562,47,NULL,NULL,NULL,NULL,NULL),(1833,563,82,NULL,NULL,NULL,NULL,NULL),(1833,564,172,NULL,NULL,NULL,NULL,NULL),(1833,565,NULL,NULL,NULL,NULL,NULL,23),(1833,566,NULL,NULL,NULL,NULL,NULL,19),(1833,567,NULL,NULL,NULL,1773,NULL,NULL),(1833,568,NULL,NULL,NULL,1772,NULL,NULL),(1849,548,NULL,NULL,NULL,1768,NULL,NULL),(1849,549,NULL,NULL,NULL,1845,NULL,NULL),(1849,550,NULL,NULL,NULL,1825,NULL,NULL),(1849,561,NULL,NULL,NULL,NULL,NULL,13),(1849,562,38,NULL,NULL,NULL,NULL,NULL),(1849,563,75,NULL,NULL,NULL,NULL,NULL),(1849,564,162,NULL,NULL,NULL,NULL,NULL),(1849,565,NULL,NULL,NULL,NULL,NULL,22),(1849,566,NULL,NULL,NULL,NULL,NULL,18),(1849,567,NULL,NULL,NULL,1773,NULL,NULL),(1849,568,NULL,NULL,NULL,1848,NULL,NULL),(1852,548,NULL,NULL,NULL,1850,NULL,NULL),(1852,549,NULL,NULL,NULL,1845,NULL,NULL),(1852,550,NULL,NULL,NULL,1825,NULL,NULL),(1852,561,NULL,NULL,NULL,NULL,NULL,9),(1852,562,51,NULL,NULL,NULL,NULL,NULL),(1852,563,78,NULL,NULL,NULL,NULL,NULL),(1852,564,174,NULL,NULL,NULL,NULL,NULL),(1852,565,NULL,NULL,NULL,NULL,NULL,25),(1852,566,NULL,NULL,NULL,NULL,NULL,21),(1852,568,NULL,NULL,NULL,1848,NULL,NULL),(1855,548,NULL,NULL,NULL,1768,NULL,NULL),(1855,549,NULL,NULL,NULL,1769,NULL,NULL),(1855,550,NULL,NULL,NULL,1853,NULL,NULL),(1855,561,NULL,NULL,NULL,NULL,NULL,13),(1855,562,40,NULL,NULL,NULL,NULL,NULL),(1855,563,85,NULL,NULL,NULL,NULL,NULL),(1855,564,148,NULL,NULL,NULL,NULL,NULL),(1855,565,NULL,NULL,NULL,NULL,NULL,25),(1855,566,NULL,NULL,NULL,NULL,NULL,20),(1855,568,NULL,NULL,NULL,1848,NULL,NULL),(1858,548,NULL,NULL,NULL,1824,NULL,NULL),(1858,549,NULL,NULL,NULL,1845,NULL,NULL),(1858,550,NULL,NULL,NULL,1825,NULL,NULL),(1858,561,NULL,NULL,NULL,NULL,NULL,12),(1858,562,52,NULL,NULL,NULL,NULL,NULL),(1858,563,95,NULL,NULL,NULL,NULL,NULL),(1858,564,167,NULL,NULL,NULL,NULL,NULL),(1858,565,NULL,NULL,NULL,NULL,NULL,23),(1858,566,NULL,NULL,NULL,NULL,NULL,21),(1858,567,NULL,NULL,NULL,1773,NULL,NULL),(1858,568,NULL,NULL,NULL,1772,NULL,NULL),(1859,548,NULL,NULL,NULL,1850,NULL,NULL),(1859,549,NULL,NULL,NULL,1857,NULL,NULL),(1859,550,NULL,NULL,NULL,1825,NULL,NULL),(1859,561,NULL,NULL,NULL,NULL,NULL,11),(1859,562,50,NULL,NULL,NULL,NULL,NULL),(1859,563,86,NULL,NULL,NULL,NULL,NULL),(1859,564,182,NULL,NULL,NULL,NULL,NULL),(1859,565,NULL,NULL,NULL,NULL,NULL,23),(1859,566,NULL,NULL,NULL,NULL,NULL,20),(1859,568,NULL,NULL,NULL,1772,NULL,NULL),(1860,548,NULL,NULL,NULL,1768,NULL,NULL),(1860,549,NULL,NULL,NULL,1845,NULL,NULL),(1860,550,NULL,NULL,NULL,1777,NULL,NULL),(1860,561,NULL,NULL,NULL,NULL,NULL,5),(1860,562,37,NULL,NULL,NULL,NULL,NULL),(1860,563,50,NULL,NULL,NULL,NULL,NULL),(1860,564,96,NULL,NULL,NULL,NULL,NULL),(1860,565,NULL,NULL,NULL,NULL,NULL,13),(1860,566,NULL,NULL,NULL,NULL,NULL,9),(1860,567,NULL,NULL,NULL,1773,NULL,NULL),(1860,568,NULL,NULL,NULL,1772,NULL,NULL),(1866,548,NULL,NULL,NULL,1768,NULL,NULL),(1866,549,NULL,NULL,NULL,1857,NULL,NULL),(1866,550,NULL,NULL,NULL,1777,NULL,NULL),(1866,561,NULL,NULL,NULL,NULL,NULL,4),(1866,562,41,NULL,NULL,NULL,NULL,NULL),(1866,563,58,NULL,NULL,NULL,NULL,NULL),(1866,564,87,NULL,NULL,NULL,NULL,NULL),(1866,565,NULL,NULL,NULL,NULL,NULL,11),(1866,566,NULL,NULL,NULL,NULL,NULL,10),(1866,567,NULL,NULL,NULL,1773,NULL,NULL),(1866,568,NULL,NULL,NULL,1772,NULL,NULL),(1868,548,NULL,NULL,NULL,1768,NULL,NULL),(1868,549,NULL,NULL,NULL,1857,NULL,NULL),(1868,550,NULL,NULL,NULL,1777,NULL,NULL),(1868,561,NULL,NULL,NULL,NULL,NULL,6),(1868,562,37,NULL,NULL,NULL,NULL,NULL),(1868,563,39,NULL,NULL,NULL,NULL,NULL),(1868,564,101,NULL,NULL,NULL,NULL,NULL),(1868,565,NULL,NULL,NULL,NULL,NULL,12),(1868,566,NULL,NULL,NULL,NULL,NULL,8),(1868,567,NULL,NULL,NULL,1773,NULL,NULL),(1868,568,NULL,NULL,NULL,1772,NULL,NULL),(1865,556,NULL,NULL,NULL,NULL,NULL,1.9),(1865,569,NULL,NULL,NULL,NULL,NULL,205),(1865,570,NULL,NULL,NULL,NULL,NULL,105),(1865,571,NULL,NULL,NULL,NULL,NULL,150),(1865,572,2,NULL,NULL,NULL,NULL,NULL),(1865,573,NULL,NULL,NULL,1870,NULL,NULL),(1869,556,NULL,NULL,NULL,NULL,NULL,3.14),(1869,569,NULL,NULL,NULL,NULL,NULL,135),(1869,570,NULL,NULL,NULL,NULL,NULL,86),(1869,571,NULL,NULL,NULL,NULL,NULL,180),(1869,572,1,NULL,NULL,NULL,NULL,NULL),(1869,573,NULL,NULL,NULL,1870,NULL,NULL),(1871,556,NULL,NULL,NULL,NULL,NULL,3.12),(1871,569,NULL,NULL,NULL,NULL,NULL,142),(1871,570,NULL,NULL,NULL,NULL,NULL,137),(1871,571,NULL,NULL,NULL,NULL,NULL,242),(1871,572,1,NULL,NULL,NULL,NULL,NULL),(1871,573,NULL,NULL,NULL,1870,NULL,NULL),(1872,556,NULL,NULL,NULL,NULL,NULL,2.9),(1872,569,NULL,NULL,NULL,NULL,NULL,160),(1872,570,NULL,NULL,NULL,NULL,NULL,110),(1872,571,NULL,NULL,NULL,NULL,NULL,270),(1872,572,2,NULL,NULL,NULL,NULL,NULL),(1872,573,NULL,NULL,NULL,1870,NULL,NULL),(1929,3,NULL,'Наполнитель древесный Vitaline',NULL,NULL,NULL,NULL),(1929,303,NULL,NULL,NULL,41,NULL,NULL),(1929,304,NULL,NULL,NULL,NULL,NULL,154),(1929,302,1506515497,NULL,NULL,NULL,NULL,NULL),(1929,455,NULL,NULL,'<p><span>Наполнитель Vitaline \"Гранулированная фракция\" - это эффективный наполнитель для кошачьих туалетов, изготовленный из высококачественной древесины хвойных пород.</span></p>',NULL,NULL,NULL),(1929,556,NULL,NULL,NULL,NULL,NULL,3),(1929,557,NULL,NULL,NULL,1930,NULL,NULL),(1929,558,NULL,NULL,NULL,1931,NULL,NULL),(1929,559,NULL,NULL,NULL,NULL,NULL,4.5),(1929,560,NULL,NULL,NULL,1932,NULL,NULL),(1933,3,NULL,'Наполнитель древесный Барсик',NULL,NULL,NULL,NULL),(1933,303,NULL,NULL,NULL,41,NULL,NULL),(1933,304,NULL,NULL,NULL,NULL,NULL,119),(1933,455,NULL,NULL,'<p><span>Гранулированный древесный наполнитель является экономичным средством, сохраняющим туалет кошки в чистоте и позволяющим легко очистить поддон после использования.</span></p>',NULL,NULL,NULL),(1933,556,NULL,NULL,NULL,NULL,NULL,2.31),(1933,557,NULL,NULL,NULL,1930,NULL,NULL),(1933,558,NULL,NULL,NULL,1931,NULL,NULL),(1933,559,NULL,NULL,NULL,NULL,NULL,4.54),(1933,560,NULL,NULL,NULL,1932,NULL,NULL),(1933,302,1506515677,NULL,NULL,NULL,NULL,NULL),(1935,3,NULL,'Наполнитель впитывающий N1 NATUReL',NULL,NULL,NULL,NULL),(1935,303,NULL,NULL,NULL,41,NULL,NULL),(1935,304,NULL,NULL,NULL,NULL,NULL,480),(1935,454,NULL,NULL,NULL,NULL,NULL,520),(1935,455,NULL,NULL,'<p><span>Пуховый наполнитель \"№1 Naturel\" - уникальная ультра мягкая подстилка для животных, состоящая из очищенных целлюлозных волокон.</span></p>',NULL,NULL,NULL),(1935,459,1,NULL,NULL,NULL,NULL,NULL),(1935,556,NULL,NULL,NULL,NULL,NULL,0.96),(1935,557,NULL,NULL,NULL,1930,NULL,NULL),(1935,558,NULL,NULL,NULL,1934,NULL,NULL),(1935,559,NULL,NULL,NULL,NULL,NULL,10),(1935,560,NULL,NULL,NULL,1932,NULL,NULL),(1935,302,1506515824,NULL,NULL,NULL,NULL,NULL),(1937,3,NULL,'Наполнитель впитывающий Fresh Step',NULL,NULL,NULL,NULL),(1937,303,NULL,NULL,NULL,41,NULL,NULL),(1937,304,NULL,NULL,NULL,NULL,NULL,1790),(1937,455,NULL,NULL,'<p><span>Fresh Step - впитывающий наполнитель для кошачьего туалета с активированным углём и антибактериальными компонентами устраняет даже самые неприятные запахи.</span></p>',NULL,NULL,NULL),(1937,556,NULL,NULL,NULL,NULL,NULL,15.87),(1937,557,NULL,NULL,NULL,1930,NULL,NULL),(1937,558,NULL,NULL,NULL,1936,NULL,NULL),(1937,559,NULL,NULL,NULL,NULL,NULL,16),(1937,560,NULL,NULL,NULL,1932,NULL,NULL),(1937,302,1506515895,NULL,NULL,NULL,NULL,NULL),(1938,3,NULL,'Насос велосипедный Bike Attitude GP23',NULL,NULL,NULL,NULL),(1938,303,NULL,NULL,NULL,41,NULL,NULL),(1938,304,NULL,NULL,NULL,NULL,NULL,780),(1938,455,NULL,NULL,'<p><span>Корпус насоса изготовлен из алюминиевого сплава, что существенно улучшает надежность и увеличивает срок службы изделия.&nbsp;</span></p>',NULL,NULL,NULL),(1938,302,1506516184,NULL,NULL,NULL,NULL,NULL),(1938,574,NULL,NULL,NULL,1882,NULL,NULL),(1939,3,NULL,'Фляга BBB 750ml CompTank',NULL,NULL,NULL,NULL),(1939,304,NULL,NULL,NULL,NULL,NULL,410),(1939,574,NULL,NULL,NULL,1882,NULL,NULL),(1939,302,1506516385,NULL,NULL,NULL,NULL,NULL),(1938,307,4,NULL,NULL,NULL,NULL,NULL),(1939,307,5,NULL,NULL,NULL,NULL,NULL),(1929,307,11,NULL,NULL,NULL,NULL,NULL),(1933,307,7,NULL,NULL,NULL,NULL,NULL),(1935,307,8,NULL,NULL,NULL,NULL,NULL),(1937,307,6,NULL,NULL,NULL,NULL,NULL),(1940,3,NULL,'Насос велосипедный ZEFAL Profil Max FP30',NULL,NULL,NULL,NULL),(1940,303,NULL,NULL,NULL,41,NULL,NULL),(1940,304,NULL,NULL,NULL,NULL,NULL,2200),(1940,574,NULL,NULL,NULL,1882,NULL,NULL),(1940,302,1506516515,NULL,NULL,NULL,NULL,NULL),(1939,303,NULL,NULL,NULL,41,NULL,NULL),(1868,303,NULL,NULL,NULL,41,NULL,NULL),(1833,303,NULL,NULL,NULL,41,NULL,NULL),(1852,303,NULL,NULL,NULL,41,NULL,NULL),(1855,303,NULL,NULL,NULL,41,NULL,NULL),(1858,303,NULL,NULL,NULL,41,NULL,NULL),(1940,307,3,NULL,NULL,NULL,NULL,NULL),(1941,3,NULL,'Спальные мешки',NULL,NULL,NULL,NULL),(1942,3,NULL,'Спальный мешок Picrest СО2',NULL,NULL,NULL,NULL),(1942,303,NULL,NULL,NULL,41,NULL,NULL),(1942,304,NULL,NULL,NULL,NULL,NULL,740),(1942,307,10,NULL,NULL,NULL,NULL,NULL),(1942,574,NULL,NULL,NULL,1880,NULL,NULL),(1942,302,1506519776,NULL,NULL,NULL,NULL,NULL),(1943,3,NULL,'Спальный мешок TREK PLANET Camper',NULL,NULL,NULL,NULL),(1943,304,NULL,NULL,NULL,NULL,NULL,1200),(1943,574,NULL,NULL,NULL,1880,NULL,NULL),(1943,302,1506519822,NULL,NULL,NULL,NULL,NULL),(1944,3,NULL,'Спальный мешок NOVA TOUR Валдай 300',NULL,NULL,NULL,NULL),(1944,303,NULL,NULL,NULL,41,NULL,NULL),(1944,304,NULL,NULL,NULL,NULL,NULL,2100),(1944,574,NULL,NULL,NULL,1880,NULL,NULL),(1944,302,1506519892,NULL,NULL,NULL,NULL,NULL),(1945,3,NULL,'Спальный мешок Greenell Tory',NULL,NULL,NULL,NULL),(1945,303,NULL,NULL,NULL,41,NULL,NULL),(1945,304,NULL,NULL,NULL,NULL,NULL,2700),(1945,574,NULL,NULL,NULL,1882,NULL,NULL),(1945,302,1506519942,NULL,NULL,NULL,NULL,NULL),(1946,3,NULL,'Спальный мешок Nova Tour Крым V2',NULL,NULL,NULL,NULL),(1946,303,NULL,NULL,NULL,41,NULL,NULL),(1946,304,NULL,NULL,NULL,NULL,NULL,3300),(1946,574,NULL,NULL,NULL,1882,NULL,NULL),(1946,302,1506519995,NULL,NULL,NULL,NULL,NULL),(1952,3,NULL,'Корм сухой Purina Pro Plan Sterilised feline with Rabbit dry',NULL,NULL,NULL,NULL),(1952,303,NULL,NULL,NULL,41,NULL,NULL),(1952,304,NULL,NULL,NULL,NULL,NULL,950),(1952,551,NULL,NULL,NULL,1947,NULL,NULL),(1952,552,NULL,NULL,NULL,1948,NULL,NULL),(1952,553,NULL,NULL,NULL,1949,NULL,NULL),(1952,554,NULL,NULL,NULL,1950,NULL,NULL),(1952,555,NULL,NULL,NULL,NULL,NULL,1500),(1952,574,NULL,NULL,NULL,1951,NULL,NULL),(1952,302,1506520224,NULL,NULL,NULL,NULL,NULL),(1954,3,NULL,'Упаковка сухих кормов 8 шт Purina CAT CHOW Adult',NULL,NULL,NULL,NULL),(1954,303,NULL,NULL,NULL,41,NULL,NULL),(1954,304,NULL,NULL,NULL,NULL,NULL,900),(1954,551,NULL,NULL,NULL,1947,NULL,NULL),(1954,552,NULL,NULL,NULL,1948,NULL,NULL),(1954,554,NULL,NULL,NULL,1953,NULL,NULL),(1954,555,NULL,NULL,NULL,NULL,NULL,3200),(1954,574,NULL,NULL,NULL,1880,NULL,NULL),(1954,302,1506520345,NULL,NULL,NULL,NULL,NULL),(1956,3,NULL,'Корм сухой Royal Canin Fit 32',NULL,NULL,NULL,NULL),(1956,303,NULL,NULL,NULL,41,NULL,NULL),(1956,304,NULL,NULL,NULL,NULL,NULL,1100),(1956,551,NULL,NULL,NULL,1947,NULL,NULL),(1956,552,NULL,NULL,NULL,1948,NULL,NULL),(1956,554,NULL,NULL,NULL,1955,NULL,NULL),(1956,555,NULL,NULL,NULL,NULL,NULL,2000),(1956,574,NULL,NULL,NULL,1880,NULL,NULL),(1956,302,1506520443,NULL,NULL,NULL,NULL,NULL),(1959,3,NULL,'Корм ProNature 28 Meat Fiesta with Chicken, Salmon & Lamb Flavor',NULL,NULL,NULL,NULL),(1959,303,NULL,NULL,NULL,41,NULL,NULL),(1959,304,NULL,NULL,NULL,NULL,NULL,1210),(1959,551,NULL,NULL,NULL,1947,NULL,NULL),(1959,552,NULL,NULL,NULL,1948,NULL,NULL),(1959,554,NULL,NULL,NULL,1957,NULL,NULL),(1959,555,NULL,NULL,NULL,NULL,NULL,2720),(1959,574,NULL,NULL,NULL,1958,NULL,NULL),(1959,302,1506520530,NULL,NULL,NULL,NULL,NULL),(1962,3,NULL,'Корм GO! Sensitivity + Shine Trout+Salmon Cat Recipe, Grain Free',NULL,NULL,NULL,NULL),(1962,303,NULL,NULL,NULL,41,NULL,NULL),(1962,304,NULL,NULL,NULL,NULL,NULL,2280),(1962,551,NULL,NULL,NULL,1947,NULL,NULL),(1962,552,NULL,NULL,NULL,1960,NULL,NULL),(1962,554,NULL,NULL,NULL,1961,NULL,NULL),(1962,555,NULL,NULL,NULL,NULL,NULL,3630),(1962,574,NULL,NULL,NULL,1958,NULL,NULL),(1962,302,1506520633,NULL,NULL,NULL,NULL,NULL),(1965,3,NULL,'Упаковка паучей 12 шт Royal Canin Instinctive в соусе',NULL,NULL,NULL,NULL),(1965,303,NULL,NULL,NULL,41,NULL,NULL),(1965,304,NULL,NULL,NULL,NULL,NULL,810),(1965,551,NULL,NULL,NULL,1963,NULL,NULL),(1965,552,NULL,NULL,NULL,1948,NULL,NULL),(1965,555,NULL,NULL,NULL,NULL,NULL,1020),(1965,574,NULL,NULL,NULL,1964,NULL,NULL),(1965,302,1506520769,NULL,NULL,NULL,NULL,NULL),(1967,3,NULL,'Упаковка паучей 24 шт STUZZYCAT',NULL,NULL,NULL,NULL),(1967,303,NULL,NULL,NULL,41,NULL,NULL),(1967,304,NULL,NULL,NULL,NULL,NULL,1190),(1967,551,NULL,NULL,NULL,1963,NULL,NULL),(1967,552,NULL,NULL,NULL,1948,NULL,NULL),(1967,555,NULL,NULL,NULL,NULL,NULL,2400),(1967,574,NULL,NULL,NULL,1966,NULL,NULL),(1967,302,1506520891,NULL,NULL,NULL,NULL,NULL),(1968,3,NULL,'Упаковка паучей 24 шт Purina Pro Plan NutriSavour Sterilised feline with Chicken in gravy',NULL,NULL,NULL,NULL),(1968,303,NULL,NULL,NULL,41,NULL,NULL),(1968,304,NULL,NULL,NULL,NULL,NULL,1320),(1968,551,NULL,NULL,NULL,1963,NULL,NULL),(1968,552,NULL,NULL,NULL,1960,NULL,NULL),(1968,555,NULL,NULL,NULL,NULL,NULL,2040),(1968,574,NULL,NULL,NULL,1880,NULL,NULL),(1968,302,1506520979,NULL,NULL,NULL,NULL,NULL),(1972,3,NULL,'Упаковка консервов 14 шт Schesir',NULL,NULL,NULL,NULL),(1972,303,NULL,NULL,NULL,41,NULL,NULL),(1972,304,NULL,NULL,NULL,NULL,NULL,1500),(1972,551,NULL,NULL,NULL,1969,NULL,NULL),(1972,552,NULL,NULL,NULL,1948,NULL,NULL),(1972,555,NULL,NULL,NULL,NULL,NULL,1190),(1972,302,1506521063,NULL,NULL,NULL,NULL,NULL),(1973,3,NULL,'Упаковка консервов 48 шт Brit Care Tuna & Salmon',NULL,NULL,NULL,NULL),(1973,303,NULL,NULL,NULL,41,NULL,NULL),(1973,304,NULL,NULL,NULL,NULL,NULL,4100),(1973,551,NULL,NULL,NULL,1969,NULL,NULL),(1973,552,NULL,NULL,NULL,1948,NULL,NULL),(1973,555,NULL,NULL,NULL,NULL,NULL,3840),(1973,574,NULL,NULL,NULL,1970,NULL,NULL),(1973,302,1506521193,NULL,NULL,NULL,NULL,NULL),(1972,574,NULL,NULL,NULL,1970,NULL,NULL),(1965,307,4,NULL,NULL,NULL,NULL,NULL),(1967,307,5,NULL,NULL,NULL,NULL,NULL),(1968,307,6,NULL,NULL,NULL,NULL,NULL),(1972,307,2,NULL,NULL,NULL,NULL,NULL),(1973,307,32,NULL,NULL,NULL,NULL,NULL),(1952,307,12,NULL,NULL,NULL,NULL,NULL),(1954,307,7,NULL,NULL,NULL,NULL,NULL),(1956,307,34,NULL,NULL,NULL,NULL,NULL),(1959,307,12,NULL,NULL,NULL,NULL,NULL),(1962,307,22,NULL,NULL,NULL,NULL,NULL),(1974,3,NULL,'Туалет для собак V.I.PET со столбиком 48x35x6 см малый, коричневый (P159-02)',NULL,NULL,NULL,NULL),(1974,303,NULL,NULL,NULL,41,NULL,NULL),(1974,304,NULL,NULL,NULL,NULL,NULL,1210),(1974,574,NULL,NULL,NULL,1882,NULL,NULL),(1974,302,1506521505,NULL,NULL,NULL,NULL,NULL),(1976,3,NULL,'Туалет Savic д/щенков мелких и средних пород S3240',NULL,NULL,NULL,NULL),(1976,303,NULL,NULL,NULL,41,NULL,NULL),(1976,304,NULL,NULL,NULL,NULL,NULL,1750),(1976,574,NULL,NULL,NULL,1975,NULL,NULL),(1976,302,1506521549,NULL,NULL,NULL,NULL,NULL),(1977,3,NULL,'Туалет для собак V.I.PET со стенкой 50x38x29 см малый (P130)',NULL,NULL,NULL,NULL),(1977,304,NULL,NULL,NULL,NULL,NULL,2610),(1977,574,NULL,NULL,NULL,1882,NULL,NULL),(1977,302,1506521582,NULL,NULL,NULL,NULL,NULL),(1974,307,12,NULL,NULL,NULL,NULL,NULL),(1976,307,11,NULL,NULL,NULL,NULL,NULL),(1977,307,14,NULL,NULL,NULL,NULL,NULL),(1977,303,NULL,NULL,NULL,41,NULL,NULL),(1980,3,NULL,'Лакомства для канареек Cliffi, палочки с отборными зернами и медом',NULL,NULL,NULL,NULL),(1980,303,NULL,NULL,NULL,41,NULL,NULL),(1980,304,NULL,NULL,NULL,NULL,NULL,190),(1980,555,NULL,NULL,NULL,NULL,NULL,60),(1980,574,NULL,NULL,NULL,1966,NULL,NULL),(1980,302,1506521795,NULL,NULL,NULL,NULL,NULL),(1982,3,NULL,'Корм для попугаев Cliffi, с ягодами фрутти и орехами',NULL,NULL,NULL,NULL),(1982,303,NULL,NULL,NULL,41,NULL,NULL),(1982,304,NULL,NULL,NULL,NULL,NULL,389),(1982,551,NULL,NULL,NULL,1981,NULL,NULL),(1982,555,NULL,NULL,NULL,NULL,NULL,700),(1982,574,NULL,NULL,NULL,1966,NULL,NULL),(1982,302,1506522311,NULL,NULL,NULL,NULL,NULL),(1941,296,4,NULL,NULL,NULL,NULL,NULL),(1983,3,NULL,'Верхняя одежда',NULL,NULL,NULL,NULL),(1984,3,NULL,'Толстовки',NULL,NULL,NULL,NULL),(1986,3,NULL,'Джинсы',NULL,NULL,NULL,NULL),(1985,3,NULL,'Рубашки',NULL,NULL,NULL,NULL),(1826,3,NULL,'Мужская одежда',NULL,NULL,NULL,NULL),(1988,3,NULL,'Пальто',NULL,NULL,NULL,NULL),(1989,3,NULL,'Пуховики',NULL,NULL,NULL,NULL),(1983,12,1,NULL,NULL,NULL,NULL,NULL),(1988,296,4,NULL,NULL,NULL,NULL,NULL),(1989,296,4,NULL,NULL,NULL,NULL,NULL),(1983,296,4,NULL,NULL,NULL,NULL,NULL),(1984,296,4,NULL,NULL,NULL,NULL,NULL),(1985,296,4,NULL,NULL,NULL,NULL,NULL),(1986,296,4,NULL,NULL,NULL,NULL,NULL),(1991,302,1506349920,NULL,NULL,NULL,NULL,NULL),(1991,462,NULL,NULL,NULL,1828,NULL,NULL),(1991,307,5,NULL,NULL,NULL,NULL,NULL),(1991,548,NULL,NULL,NULL,1768,NULL,NULL),(1991,549,NULL,NULL,NULL,1769,NULL,NULL),(1991,550,NULL,NULL,NULL,1825,NULL,NULL),(1991,561,NULL,NULL,NULL,NULL,NULL,12),(1991,562,47,NULL,NULL,NULL,NULL,NULL),(1991,563,82,NULL,NULL,NULL,NULL,NULL),(1991,564,172,NULL,NULL,NULL,NULL,NULL),(1991,565,NULL,NULL,NULL,NULL,NULL,23),(1991,566,NULL,NULL,NULL,NULL,NULL,19),(1991,567,NULL,NULL,NULL,1773,NULL,NULL),(1991,568,NULL,NULL,NULL,1772,NULL,NULL),(1991,303,NULL,NULL,NULL,41,NULL,NULL),(1992,2,NULL,'VooDoo Zobop Full Suspension Mountain Bike',NULL,NULL,NULL,NULL),(1992,6,NULL,'VooDoo Zobop Full Suspension Mountain Bike',NULL,NULL,NULL,NULL),(1992,5,NULL,'VooDoo Zobop Full Suspension Mountain Bike',NULL,NULL,NULL,NULL),(1992,462,NULL,NULL,NULL,458,NULL,NULL),(1992,307,7,NULL,NULL,NULL,NULL,NULL),(1992,302,1506353090,NULL,NULL,NULL,NULL,NULL),(1992,548,NULL,NULL,NULL,1768,NULL,NULL),(1992,549,NULL,NULL,NULL,1769,NULL,NULL),(1992,550,NULL,NULL,NULL,1853,NULL,NULL),(1992,561,NULL,NULL,NULL,NULL,NULL,13),(1992,562,40,NULL,NULL,NULL,NULL,NULL),(1992,563,85,NULL,NULL,NULL,NULL,NULL),(1992,564,148,NULL,NULL,NULL,NULL,NULL),(1992,565,NULL,NULL,NULL,NULL,NULL,25),(1992,566,NULL,NULL,NULL,NULL,NULL,20),(1992,568,NULL,NULL,NULL,1848,NULL,NULL),(1992,303,NULL,NULL,NULL,41,NULL,NULL),(1993,2,NULL,'Laura Trott RD 2 Women\'s Road Bike',NULL,NULL,NULL,NULL),(1993,6,NULL,'Laura Trott RD 2 Women\'s Road Bike',NULL,NULL,NULL,NULL),(1993,5,NULL,'Laura Trott RD 2 Women\'s Road Bike',NULL,NULL,NULL,NULL),(1993,307,14,NULL,NULL,NULL,NULL,NULL),(1993,302,1506352362,NULL,NULL,NULL,NULL,NULL),(1993,462,NULL,NULL,NULL,505,NULL,NULL),(1993,548,NULL,NULL,NULL,1850,NULL,NULL),(1993,549,NULL,NULL,NULL,1845,NULL,NULL),(1993,550,NULL,NULL,NULL,1825,NULL,NULL),(1993,561,NULL,NULL,NULL,NULL,NULL,9),(1993,562,51,NULL,NULL,NULL,NULL,NULL),(1993,563,78,NULL,NULL,NULL,NULL,NULL),(1993,564,174,NULL,NULL,NULL,NULL,NULL),(1993,565,NULL,NULL,NULL,NULL,NULL,25),(1993,566,NULL,NULL,NULL,NULL,NULL,21),(1993,568,NULL,NULL,NULL,1848,NULL,NULL),(1993,303,NULL,NULL,NULL,41,NULL,NULL),(1994,2,NULL,'Apollo Paradox Road Bike',NULL,NULL,NULL,NULL),(1994,6,NULL,'Apollo Paradox Road Bike',NULL,NULL,NULL,NULL),(1994,5,NULL,'Apollo Paradox Road Bike',NULL,NULL,NULL,NULL),(1994,303,NULL,NULL,NULL,41,NULL,NULL),(1994,462,NULL,NULL,NULL,417,NULL,NULL),(1994,307,2,NULL,NULL,NULL,NULL,NULL),(1994,302,1506354053,NULL,NULL,NULL,NULL,NULL),(1994,548,NULL,NULL,NULL,1850,NULL,NULL),(1994,549,NULL,NULL,NULL,1857,NULL,NULL),(1994,550,NULL,NULL,NULL,1825,NULL,NULL),(1994,561,NULL,NULL,NULL,NULL,NULL,11),(1994,562,50,NULL,NULL,NULL,NULL,NULL),(1994,563,86,NULL,NULL,NULL,NULL,NULL),(1994,564,182,NULL,NULL,NULL,NULL,NULL),(1994,565,NULL,NULL,NULL,NULL,NULL,23),(1994,566,NULL,NULL,NULL,NULL,NULL,20),(1994,568,NULL,NULL,NULL,1772,NULL,NULL),(1995,302,1506349920,NULL,NULL,NULL,NULL,NULL),(1995,462,NULL,NULL,NULL,1828,NULL,NULL),(1995,307,5,NULL,NULL,NULL,NULL,NULL),(1995,548,NULL,NULL,NULL,1768,NULL,NULL),(1995,549,NULL,NULL,NULL,1769,NULL,NULL),(1995,550,NULL,NULL,NULL,1825,NULL,NULL),(1995,561,NULL,NULL,NULL,NULL,NULL,12),(1995,562,47,NULL,NULL,NULL,NULL,NULL),(1995,563,82,NULL,NULL,NULL,NULL,NULL),(1995,564,172,NULL,NULL,NULL,NULL,NULL),(1995,565,NULL,NULL,NULL,NULL,NULL,23),(1995,566,NULL,NULL,NULL,NULL,NULL,19),(1995,567,NULL,NULL,NULL,1773,NULL,NULL),(1995,568,NULL,NULL,NULL,1772,NULL,NULL),(1995,303,NULL,NULL,NULL,41,NULL,NULL),(1996,2,NULL,'Mizani AR1 Womens Road Bike',NULL,NULL,NULL,NULL),(1996,6,NULL,'Mizani AR1 Womens Road Bike',NULL,NULL,NULL,NULL),(1996,5,NULL,'Mizani AR1 Womens Road Bike',NULL,NULL,NULL,NULL),(1996,303,NULL,NULL,NULL,41,NULL,NULL),(1996,462,NULL,NULL,NULL,1847,NULL,NULL),(1996,307,12,NULL,NULL,NULL,NULL,NULL),(1996,302,1506351596,NULL,NULL,NULL,NULL,NULL),(1996,459,1,NULL,NULL,NULL,NULL,NULL),(1996,548,NULL,NULL,NULL,1768,NULL,NULL),(1996,549,NULL,NULL,NULL,1845,NULL,NULL),(1996,550,NULL,NULL,NULL,1825,NULL,NULL),(1996,561,NULL,NULL,NULL,NULL,NULL,13),(1996,562,38,NULL,NULL,NULL,NULL,NULL),(1996,563,75,NULL,NULL,NULL,NULL,NULL),(1996,564,162,NULL,NULL,NULL,NULL,NULL),(1996,565,NULL,NULL,NULL,NULL,NULL,22),(1996,566,NULL,NULL,NULL,NULL,NULL,18),(1996,567,NULL,NULL,NULL,1773,NULL,NULL),(1996,568,NULL,NULL,NULL,1848,NULL,NULL),(1997,2,NULL,'VooDoo Zobop Full Suspension Mountain Bike',NULL,NULL,NULL,NULL),(1997,6,NULL,'VooDoo Zobop Full Suspension Mountain Bike',NULL,NULL,NULL,NULL),(1997,5,NULL,'VooDoo Zobop Full Suspension Mountain Bike',NULL,NULL,NULL,NULL),(1997,462,NULL,NULL,NULL,458,NULL,NULL),(1997,307,7,NULL,NULL,NULL,NULL,NULL),(1997,302,1506353090,NULL,NULL,NULL,NULL,NULL),(1997,548,NULL,NULL,NULL,1768,NULL,NULL),(1997,549,NULL,NULL,NULL,1769,NULL,NULL),(1997,550,NULL,NULL,NULL,1853,NULL,NULL),(1997,561,NULL,NULL,NULL,NULL,NULL,13),(1997,562,40,NULL,NULL,NULL,NULL,NULL),(1997,563,85,NULL,NULL,NULL,NULL,NULL),(1997,564,148,NULL,NULL,NULL,NULL,NULL),(1997,565,NULL,NULL,NULL,NULL,NULL,25),(1997,566,NULL,NULL,NULL,NULL,NULL,20),(1997,568,NULL,NULL,NULL,1848,NULL,NULL),(1997,303,NULL,NULL,NULL,41,NULL,NULL),(1998,462,NULL,NULL,NULL,415,NULL,NULL),(1998,307,2,NULL,NULL,NULL,NULL,NULL),(1998,302,1506353500,NULL,NULL,NULL,NULL,NULL),(1998,2,NULL,'Intuition Lambda Women\'s Road Bike',NULL,NULL,NULL,NULL),(1998,6,NULL,'Intuition Lambda Women\'s Road Bike',NULL,NULL,NULL,NULL),(1998,5,NULL,'Intuition Lambda Women\'s Road Bike',NULL,NULL,NULL,NULL),(1998,548,NULL,NULL,NULL,1824,NULL,NULL),(1998,549,NULL,NULL,NULL,1845,NULL,NULL),(1998,550,NULL,NULL,NULL,1825,NULL,NULL),(1998,561,NULL,NULL,NULL,NULL,NULL,12),(1998,562,52,NULL,NULL,NULL,NULL,NULL),(1998,563,95,NULL,NULL,NULL,NULL,NULL),(1998,564,167,NULL,NULL,NULL,NULL,NULL),(1998,565,NULL,NULL,NULL,NULL,NULL,23),(1998,566,NULL,NULL,NULL,NULL,NULL,21),(1998,567,NULL,NULL,NULL,1773,NULL,NULL),(1998,568,NULL,NULL,NULL,1772,NULL,NULL),(1998,303,NULL,NULL,NULL,41,NULL,NULL),(1998,304,NULL,NULL,NULL,NULL,NULL,22900),(1998,3,NULL,'Intuition  Women\'s Road',NULL,NULL,NULL,NULL),(1997,3,NULL,'Suspension Mountain Bike',NULL,NULL,NULL,NULL),(1997,304,NULL,NULL,NULL,NULL,NULL,56900),(1996,3,NULL,'AR1 Road Bike',NULL,NULL,NULL,NULL),(1996,304,NULL,NULL,NULL,NULL,NULL,19990),(1996,454,NULL,NULL,NULL,NULL,NULL,26800),(1995,3,NULL,' CX Comp Bike',NULL,NULL,NULL,NULL),(1995,304,NULL,NULL,NULL,NULL,NULL,32900),(1994,3,NULL,'Paradox Bike',NULL,NULL,NULL,NULL),(1994,304,NULL,NULL,NULL,NULL,NULL,18990),(1993,3,NULL,'Trott RD',NULL,NULL,NULL,NULL),(1993,304,NULL,NULL,NULL,NULL,NULL,38900),(1992,3,NULL,' Zobop  Mountain ',NULL,NULL,NULL,NULL),(1992,304,NULL,NULL,NULL,NULL,NULL,49900),(1991,3,NULL,'Oldman RZ Comp',NULL,NULL,NULL,NULL),(1991,304,NULL,NULL,NULL,NULL,NULL,79900),(1999,2,NULL,'Elswick Harmony Girls Bike',NULL,NULL,NULL,NULL),(1999,6,NULL,'Elswick Harmony Girls Bike',NULL,NULL,NULL,NULL),(1999,5,NULL,'Elswick Harmony Girls Bike',NULL,NULL,NULL,NULL),(1999,462,NULL,NULL,NULL,417,NULL,NULL),(1999,302,1506354368,NULL,NULL,NULL,NULL,NULL),(1999,303,NULL,NULL,NULL,41,NULL,NULL),(1999,307,2,NULL,NULL,NULL,NULL,NULL),(1999,548,NULL,NULL,NULL,1768,NULL,NULL),(1999,549,NULL,NULL,NULL,1845,NULL,NULL),(1999,550,NULL,NULL,NULL,1777,NULL,NULL),(1999,561,NULL,NULL,NULL,NULL,NULL,5),(1999,562,37,NULL,NULL,NULL,NULL,NULL),(1999,563,50,NULL,NULL,NULL,NULL,NULL),(1999,564,96,NULL,NULL,NULL,NULL,NULL),(1999,565,NULL,NULL,NULL,NULL,NULL,13),(1999,566,NULL,NULL,NULL,NULL,NULL,9),(1999,567,NULL,NULL,NULL,1773,NULL,NULL),(1999,568,NULL,NULL,NULL,1772,NULL,NULL),(2000,2,NULL,'Carrera Star Kids\' Bike',NULL,NULL,NULL,NULL),(2000,6,NULL,'Carrera Star Kids\' Bike',NULL,NULL,NULL,NULL),(2000,5,NULL,'Carrera Star Kids\' Bike',NULL,NULL,NULL,NULL),(2000,303,NULL,NULL,NULL,41,NULL,NULL),(2000,462,NULL,NULL,NULL,417,NULL,NULL),(2000,307,1,NULL,NULL,NULL,NULL,NULL),(2000,302,1506355026,NULL,NULL,NULL,NULL,NULL),(2000,548,NULL,NULL,NULL,1768,NULL,NULL),(2000,549,NULL,NULL,NULL,1857,NULL,NULL),(2000,550,NULL,NULL,NULL,1777,NULL,NULL),(2000,561,NULL,NULL,NULL,NULL,NULL,4),(2000,562,41,NULL,NULL,NULL,NULL,NULL),(2000,563,58,NULL,NULL,NULL,NULL,NULL),(2000,564,87,NULL,NULL,NULL,NULL,NULL),(2000,565,NULL,NULL,NULL,NULL,NULL,11),(2000,566,NULL,NULL,NULL,NULL,NULL,10),(2000,567,NULL,NULL,NULL,1773,NULL,NULL),(2000,568,NULL,NULL,NULL,1772,NULL,NULL),(2001,2,NULL,'Apollo Fade Kids Bike',NULL,NULL,NULL,NULL),(2001,6,NULL,'Apollo Fade Kids Bike',NULL,NULL,NULL,NULL),(2001,5,NULL,'Apollo Fade Kids Bike',NULL,NULL,NULL,NULL),(2001,462,NULL,NULL,NULL,417,NULL,NULL),(2001,307,2,NULL,NULL,NULL,NULL,NULL),(2001,302,1506355285,NULL,NULL,NULL,NULL,NULL),(2001,548,NULL,NULL,NULL,1768,NULL,NULL),(2001,549,NULL,NULL,NULL,1857,NULL,NULL),(2001,550,NULL,NULL,NULL,1777,NULL,NULL),(2001,561,NULL,NULL,NULL,NULL,NULL,6),(2001,562,37,NULL,NULL,NULL,NULL,NULL),(2001,563,39,NULL,NULL,NULL,NULL,NULL),(2001,564,101,NULL,NULL,NULL,NULL,NULL),(2001,565,NULL,NULL,NULL,NULL,NULL,12),(2001,566,NULL,NULL,NULL,NULL,NULL,8),(2001,567,NULL,NULL,NULL,1773,NULL,NULL),(2001,568,NULL,NULL,NULL,1772,NULL,NULL),(2001,303,NULL,NULL,NULL,41,NULL,NULL),(2002,2,NULL,'Elswick Harmony Girls Bike',NULL,NULL,NULL,NULL),(2002,6,NULL,'Elswick Harmony Girls Bike',NULL,NULL,NULL,NULL),(2002,5,NULL,'Elswick Harmony Girls Bike',NULL,NULL,NULL,NULL),(2002,462,NULL,NULL,NULL,417,NULL,NULL),(2002,302,1506354368,NULL,NULL,NULL,NULL,NULL),(2002,303,NULL,NULL,NULL,41,NULL,NULL),(2002,307,2,NULL,NULL,NULL,NULL,NULL),(2002,548,NULL,NULL,NULL,1768,NULL,NULL),(2002,549,NULL,NULL,NULL,1845,NULL,NULL),(2002,550,NULL,NULL,NULL,1777,NULL,NULL),(2002,561,NULL,NULL,NULL,NULL,NULL,5),(2002,562,37,NULL,NULL,NULL,NULL,NULL),(2002,563,50,NULL,NULL,NULL,NULL,NULL),(2002,564,96,NULL,NULL,NULL,NULL,NULL),(2002,565,NULL,NULL,NULL,NULL,NULL,13),(2002,566,NULL,NULL,NULL,NULL,NULL,9),(2002,567,NULL,NULL,NULL,1773,NULL,NULL),(2002,568,NULL,NULL,NULL,1772,NULL,NULL),(2003,2,NULL,'Carrera Star Kids\' Bike',NULL,NULL,NULL,NULL),(2003,6,NULL,'Carrera Star Kids\' Bike',NULL,NULL,NULL,NULL),(2003,5,NULL,'Carrera Star Kids\' Bike',NULL,NULL,NULL,NULL),(2003,304,NULL,NULL,NULL,NULL,NULL,8900),(2003,303,NULL,NULL,NULL,41,NULL,NULL),(2003,462,NULL,NULL,NULL,417,NULL,NULL),(2003,307,1,NULL,NULL,NULL,NULL,NULL),(2003,302,1506355026,NULL,NULL,NULL,NULL,NULL),(2003,548,NULL,NULL,NULL,1768,NULL,NULL),(2003,549,NULL,NULL,NULL,1857,NULL,NULL),(2003,550,NULL,NULL,NULL,1777,NULL,NULL),(2003,561,NULL,NULL,NULL,NULL,NULL,4),(2003,562,41,NULL,NULL,NULL,NULL,NULL),(2003,563,58,NULL,NULL,NULL,NULL,NULL),(2003,564,87,NULL,NULL,NULL,NULL,NULL),(2003,565,NULL,NULL,NULL,NULL,NULL,11),(2003,566,NULL,NULL,NULL,NULL,NULL,10),(2003,567,NULL,NULL,NULL,1773,NULL,NULL),(2003,568,NULL,NULL,NULL,1772,NULL,NULL),(2004,2,NULL,'Carrera Star Kids\' Bike',NULL,NULL,NULL,NULL),(2004,6,NULL,'Carrera Star Kids\' Bike',NULL,NULL,NULL,NULL),(2004,5,NULL,'Carrera Star Kids\' Bike',NULL,NULL,NULL,NULL),(2004,303,NULL,NULL,NULL,41,NULL,NULL),(2004,462,NULL,NULL,NULL,417,NULL,NULL),(2004,307,1,NULL,NULL,NULL,NULL,NULL),(2004,302,1506355026,NULL,NULL,NULL,NULL,NULL),(2004,548,NULL,NULL,NULL,1768,NULL,NULL),(2004,549,NULL,NULL,NULL,1857,NULL,NULL),(2004,550,NULL,NULL,NULL,1777,NULL,NULL),(2004,561,NULL,NULL,NULL,NULL,NULL,4),(2004,562,41,NULL,NULL,NULL,NULL,NULL),(2004,563,58,NULL,NULL,NULL,NULL,NULL),(2004,564,87,NULL,NULL,NULL,NULL,NULL),(2004,565,NULL,NULL,NULL,NULL,NULL,11),(2004,566,NULL,NULL,NULL,NULL,NULL,10),(2004,567,NULL,NULL,NULL,1773,NULL,NULL),(2004,568,NULL,NULL,NULL,1772,NULL,NULL),(2005,2,NULL,'Elswick Harmony Girls Bike',NULL,NULL,NULL,NULL),(2005,6,NULL,'Elswick Harmony Girls Bike',NULL,NULL,NULL,NULL),(2005,5,NULL,'Elswick Harmony Girls Bike',NULL,NULL,NULL,NULL),(2005,462,NULL,NULL,NULL,417,NULL,NULL),(2005,302,1506354368,NULL,NULL,NULL,NULL,NULL),(2005,303,NULL,NULL,NULL,41,NULL,NULL),(2005,307,2,NULL,NULL,NULL,NULL,NULL),(2005,548,NULL,NULL,NULL,1768,NULL,NULL),(2005,549,NULL,NULL,NULL,1845,NULL,NULL),(2005,550,NULL,NULL,NULL,1777,NULL,NULL),(2005,561,NULL,NULL,NULL,NULL,NULL,5),(2005,562,37,NULL,NULL,NULL,NULL,NULL),(2005,563,50,NULL,NULL,NULL,NULL,NULL),(2005,564,96,NULL,NULL,NULL,NULL,NULL),(2005,565,NULL,NULL,NULL,NULL,NULL,13),(2005,566,NULL,NULL,NULL,NULL,NULL,9),(2005,567,NULL,NULL,NULL,1773,NULL,NULL),(2005,568,NULL,NULL,NULL,1772,NULL,NULL),(2006,2,NULL,'Carrera Star Kids\' Bike',NULL,NULL,NULL,NULL),(2006,6,NULL,'Carrera Star Kids\' Bike',NULL,NULL,NULL,NULL),(2006,5,NULL,'Carrera Star Kids\' Bike',NULL,NULL,NULL,NULL),(2006,303,NULL,NULL,NULL,41,NULL,NULL),(2006,462,NULL,NULL,NULL,417,NULL,NULL),(2006,307,1,NULL,NULL,NULL,NULL,NULL),(2006,302,1506355026,NULL,NULL,NULL,NULL,NULL),(2006,548,NULL,NULL,NULL,1768,NULL,NULL),(2006,549,NULL,NULL,NULL,1857,NULL,NULL),(2006,550,NULL,NULL,NULL,1777,NULL,NULL),(2006,561,NULL,NULL,NULL,NULL,NULL,4),(2006,562,41,NULL,NULL,NULL,NULL,NULL),(2006,563,58,NULL,NULL,NULL,NULL,NULL),(2006,564,87,NULL,NULL,NULL,NULL,NULL),(2006,565,NULL,NULL,NULL,NULL,NULL,11),(2006,566,NULL,NULL,NULL,NULL,NULL,10),(2006,567,NULL,NULL,NULL,1773,NULL,NULL),(2006,568,NULL,NULL,NULL,1772,NULL,NULL),(1999,3,NULL,'Nur Girls',NULL,NULL,NULL,NULL),(1999,304,NULL,NULL,NULL,NULL,NULL,8900),(2000,3,NULL,'Water PLA',NULL,NULL,NULL,NULL),(2000,304,NULL,NULL,NULL,NULL,NULL,11900),(2001,3,NULL,'Bord Kids Bike',NULL,NULL,NULL,NULL),(2001,304,NULL,NULL,NULL,NULL,NULL,5500),(2002,3,NULL,'CW-512 Yuppi',NULL,NULL,NULL,NULL),(2002,304,NULL,NULL,NULL,NULL,NULL,9400),(2003,3,NULL,'Grant 2',NULL,NULL,NULL,NULL),(2004,3,NULL,'Moon\'s way',NULL,NULL,NULL,NULL),(2004,304,NULL,NULL,NULL,NULL,NULL,13000),(2005,3,NULL,'Elswick Love',NULL,NULL,NULL,NULL),(2005,304,NULL,NULL,NULL,NULL,NULL,12000),(2006,3,NULL,'RL 98 Stars',NULL,NULL,NULL,NULL),(2006,304,NULL,NULL,NULL,NULL,NULL,12900),(2007,2,NULL,'Posio Edifice EQB-600D-1A2',NULL,NULL,NULL,NULL),(2007,6,NULL,'Posio Edifice EQB-600D-1A2',NULL,NULL,NULL,NULL),(2007,5,NULL,'Posio Edifice EQB-600D-1A2',NULL,NULL,NULL,NULL),(2007,303,NULL,NULL,NULL,41,NULL,NULL),(2008,2,NULL,'Posio Edifice EQB-600D-1A2',NULL,NULL,NULL,NULL),(2008,6,NULL,'Posio Edifice EQB-600D-1A2',NULL,NULL,NULL,NULL),(2008,5,NULL,'Posio Edifice EQB-600D-1A2',NULL,NULL,NULL,NULL),(2008,303,NULL,NULL,NULL,41,NULL,NULL),(2008,454,NULL,NULL,NULL,NULL,NULL,32900),(2009,2,NULL,'Jacques Lemans London 1-1844D',NULL,NULL,NULL,NULL),(2009,6,NULL,'Jacques Lemans London 1-1844D',NULL,NULL,NULL,NULL),(2009,5,NULL,'Jacques Lemans London 1-1844D',NULL,NULL,NULL,NULL),(2009,307,1,NULL,NULL,NULL,NULL,NULL),(2009,541,NULL,NULL,NULL,1882,NULL,NULL),(2009,542,NULL,NULL,NULL,1890,NULL,NULL),(2009,543,NULL,NULL,NULL,1887,NULL,NULL),(2009,544,NULL,NULL,NULL,1885,NULL,NULL),(2009,545,NULL,NULL,NULL,1888,NULL,NULL),(2009,547,NULL,NULL,NULL,1889,NULL,NULL),(2009,302,1506438552,NULL,NULL,NULL,NULL,NULL),(2010,2,NULL,'Epos Passion 3403.193.24.15.25',NULL,NULL,NULL,NULL),(2010,5,NULL,'Epos Passion 3403.193.24.15.25',NULL,NULL,NULL,NULL),(2010,6,NULL,'Epos Passion 3403.193.24.15.25',NULL,NULL,NULL,NULL),(2010,302,1506438864,NULL,NULL,NULL,NULL,NULL),(2010,303,NULL,NULL,NULL,41,NULL,NULL),(2010,307,4,NULL,NULL,NULL,NULL,NULL),(2010,541,NULL,NULL,NULL,1892,NULL,NULL),(2010,542,NULL,NULL,NULL,1895,NULL,NULL),(2010,543,NULL,NULL,NULL,1896,NULL,NULL),(2010,544,NULL,NULL,NULL,1894,NULL,NULL),(2010,545,NULL,NULL,NULL,1897,NULL,NULL),(2010,547,NULL,NULL,NULL,1893,NULL,NULL),(2011,3,NULL,'Hublot Classic Fusion 515.NX.0170.LR',NULL,NULL,NULL,NULL),(2011,2,NULL,'Hublot Classic Fusion 515.NX.0170.LR',NULL,NULL,NULL,NULL),(2011,6,NULL,'Hublot Classic Fusion 515.NX.0170.LR',NULL,NULL,NULL,NULL),(2011,5,NULL,'Hublot Classic Fusion 515.NX.0170.LR',NULL,NULL,NULL,NULL),(2011,303,NULL,NULL,NULL,41,NULL,NULL),(2011,307,6,NULL,NULL,NULL,NULL,NULL),(2011,541,NULL,NULL,NULL,1892,NULL,NULL),(2011,542,NULL,NULL,NULL,1900,NULL,NULL),(2011,543,NULL,NULL,NULL,1899,NULL,NULL),(2011,544,NULL,NULL,NULL,1894,NULL,NULL),(2011,547,NULL,NULL,NULL,1893,NULL,NULL),(2011,302,1506439441,NULL,NULL,NULL,NULL,NULL),(2012,2,NULL,'Suunto Core SS020692000',NULL,NULL,NULL,NULL),(2012,6,NULL,'Suunto Core SS020692000',NULL,NULL,NULL,NULL),(2012,5,NULL,'Suunto Core SS020692000',NULL,NULL,NULL,NULL),(2012,303,NULL,NULL,NULL,41,NULL,NULL),(2012,307,7,NULL,NULL,NULL,NULL,NULL),(2012,541,NULL,NULL,NULL,1902,NULL,NULL),(2012,542,NULL,NULL,NULL,1904,NULL,NULL),(2012,543,NULL,NULL,NULL,1887,NULL,NULL),(2012,544,NULL,NULL,NULL,1885,NULL,NULL),(2012,545,NULL,NULL,NULL,1905,NULL,NULL),(2012,547,NULL,NULL,NULL,1903,NULL,NULL),(2012,302,1506439790,NULL,NULL,NULL,NULL,NULL),(2013,3,NULL,'Timex Ironman TW5K95700',NULL,NULL,NULL,NULL),(2013,2,NULL,'Timex Ironman TW5K95700',NULL,NULL,NULL,NULL),(2013,6,NULL,'Timex Ironman TW5K95700',NULL,NULL,NULL,NULL),(2013,5,NULL,'Timex Ironman TW5K95700',NULL,NULL,NULL,NULL),(2013,303,NULL,NULL,NULL,41,NULL,NULL),(2013,304,NULL,NULL,NULL,NULL,NULL,6190),(2013,307,4,NULL,NULL,NULL,NULL,NULL),(2013,459,1,NULL,NULL,NULL,NULL,NULL),(2013,541,NULL,NULL,NULL,1907,NULL,NULL),(2013,542,NULL,NULL,NULL,1910,NULL,NULL),(2013,543,NULL,NULL,NULL,1909,NULL,NULL),(2013,544,NULL,NULL,NULL,1908,NULL,NULL),(2013,545,NULL,NULL,NULL,1911,NULL,NULL),(2013,547,NULL,NULL,NULL,1903,NULL,NULL),(2013,302,1506439958,NULL,NULL,NULL,NULL,NULL),(2014,2,NULL,'Posio Edifice EQB-600D-1A2',NULL,NULL,NULL,NULL),(2014,6,NULL,'Posio Edifice EQB-600D-1A2',NULL,NULL,NULL,NULL),(2014,5,NULL,'Posio Edifice EQB-600D-1A2',NULL,NULL,NULL,NULL),(2014,303,NULL,NULL,NULL,41,NULL,NULL),(2016,2,NULL,'Jacques Lemans London 1-1844D',NULL,NULL,NULL,NULL),(2016,6,NULL,'Jacques Lemans London 1-1844D',NULL,NULL,NULL,NULL),(2016,5,NULL,'Jacques Lemans London 1-1844D',NULL,NULL,NULL,NULL),(2016,307,1,NULL,NULL,NULL,NULL,NULL),(2016,541,NULL,NULL,NULL,1882,NULL,NULL),(2016,542,NULL,NULL,NULL,1890,NULL,NULL),(2016,543,NULL,NULL,NULL,1887,NULL,NULL),(2016,544,NULL,NULL,NULL,1885,NULL,NULL),(2016,545,NULL,NULL,NULL,1888,NULL,NULL),(2016,547,NULL,NULL,NULL,1889,NULL,NULL),(2016,302,1506438552,NULL,NULL,NULL,NULL,NULL),(2017,2,NULL,'Epos Passion 3403.193.24.15.25',NULL,NULL,NULL,NULL),(2017,5,NULL,'Epos Passion 3403.193.24.15.25',NULL,NULL,NULL,NULL),(2017,6,NULL,'Epos Passion 3403.193.24.15.25',NULL,NULL,NULL,NULL),(2017,302,1506438864,NULL,NULL,NULL,NULL,NULL),(2017,303,NULL,NULL,NULL,41,NULL,NULL),(2017,307,4,NULL,NULL,NULL,NULL,NULL),(2017,541,NULL,NULL,NULL,1892,NULL,NULL),(2017,542,NULL,NULL,NULL,1895,NULL,NULL),(2017,543,NULL,NULL,NULL,1896,NULL,NULL),(2017,544,NULL,NULL,NULL,1894,NULL,NULL),(2017,545,NULL,NULL,NULL,1897,NULL,NULL),(2017,547,NULL,NULL,NULL,1893,NULL,NULL),(2012,304,NULL,NULL,NULL,NULL,NULL,11690),(2012,3,NULL,'UtR 2000',NULL,NULL,NULL,NULL),(1901,304,NULL,NULL,NULL,NULL,NULL,49800),(1901,3,NULL,'Montana 15 X',NULL,NULL,NULL,NULL),(1912,3,NULL,'Timeman K9',NULL,NULL,NULL,NULL),(2010,3,NULL,'Ession V',NULL,NULL,NULL,NULL),(2017,3,NULL,'Es Lion',NULL,NULL,NULL,NULL),(2017,304,NULL,NULL,NULL,NULL,NULL,78550),(2009,3,NULL,'Lemon 4RD',NULL,NULL,NULL,NULL),(2016,3,NULL,'Esans 2007',NULL,NULL,NULL,NULL),(2007,3,NULL,'Edifice E-600',NULL,NULL,NULL,NULL),(2008,3,NULL,'Edifice A2',NULL,NULL,NULL,NULL),(2014,3,NULL,'Ed AN 12',NULL,NULL,NULL,NULL),(2014,304,NULL,NULL,NULL,NULL,NULL,17900),(2007,304,NULL,NULL,NULL,NULL,NULL,47900),(2007,454,NULL,NULL,NULL,NULL,NULL,52900),(2010,304,NULL,NULL,NULL,NULL,NULL,58055),(2011,304,NULL,NULL,NULL,NULL,NULL,40500),(2014,454,NULL,NULL,NULL,NULL,NULL,0),(1912,304,NULL,NULL,NULL,NULL,NULL,8120),(2009,304,NULL,NULL,NULL,NULL,NULL,13400),(2016,304,NULL,NULL,NULL,NULL,NULL,15000),(1879,304,NULL,NULL,NULL,NULL,NULL,29200),(2008,304,NULL,NULL,NULL,NULL,NULL,18000),(1879,307,6,NULL,NULL,NULL,NULL,NULL),(2007,307,6,NULL,NULL,NULL,NULL,NULL),(2008,307,3,NULL,NULL,NULL,NULL,NULL),(2018,2,NULL,'Posio Edifice EQB-600D-1A2',NULL,NULL,NULL,NULL),(2018,3,NULL,'Edifice A2',NULL,NULL,NULL,NULL),(2018,5,NULL,'Posio Edifice EQB-600D-1A2',NULL,NULL,NULL,NULL),(2018,6,NULL,'Posio Edifice EQB-600D-1A2',NULL,NULL,NULL,NULL),(2018,303,NULL,NULL,NULL,41,NULL,NULL),(2018,304,NULL,NULL,NULL,NULL,NULL,18000),(2018,307,3,NULL,NULL,NULL,NULL,NULL),(2018,454,NULL,NULL,NULL,NULL,NULL,32900),(2020,2,NULL,'Epos Passion 3403.193.24.15.25',NULL,NULL,NULL,NULL),(2020,3,NULL,'Epos Passion 3403.193.24.15.25',NULL,NULL,NULL,NULL),(2020,5,NULL,'Epos Passion 3403.193.24.15.25',NULL,NULL,NULL,NULL),(2020,6,NULL,'Epos Passion 3403.193.24.15.25',NULL,NULL,NULL,NULL),(2020,302,1506438864,NULL,NULL,NULL,NULL,NULL),(2020,303,NULL,NULL,NULL,41,NULL,NULL),(2020,304,NULL,NULL,NULL,NULL,NULL,70550),(2020,307,4,NULL,NULL,NULL,NULL,NULL),(2020,541,NULL,NULL,NULL,1892,NULL,NULL),(2020,542,NULL,NULL,NULL,1895,NULL,NULL),(2020,543,NULL,NULL,NULL,1896,NULL,NULL),(2020,544,NULL,NULL,NULL,1894,NULL,NULL),(2020,545,NULL,NULL,NULL,1897,NULL,NULL),(2020,547,NULL,NULL,NULL,1893,NULL,NULL),(2021,123,NULL,NULL,NULL,25,NULL,NULL),(2021,148,1507734800,NULL,NULL,NULL,NULL,NULL),(2022,80,NULL,NULL,NULL,NULL,NULL,14990),(2022,83,NULL,NULL,NULL,39,NULL,NULL),(2022,84,NULL,NULL,NULL,NULL,309,NULL),(2022,87,NULL,NULL,NULL,NULL,NULL,1000),(2022,88,NULL,NULL,NULL,NULL,NULL,40),(2022,89,NULL,NULL,NULL,NULL,NULL,60),(2022,90,NULL,NULL,NULL,NULL,NULL,40),(2022,91,NULL,NULL,NULL,41,NULL,NULL),(2022,79,1,NULL,NULL,NULL,NULL,NULL),(2022,81,NULL,NULL,NULL,NULL,NULL,14990),(2022,82,NULL,NULL,NULL,NULL,NULL,14990),(2021,119,NULL,NULL,NULL,2022,NULL,NULL),(2021,127,NULL,NULL,NULL,NULL,NULL,14990),(2021,129,1,NULL,NULL,NULL,NULL,NULL),(2021,142,NULL,NULL,'/admin/events/last/',NULL,NULL,NULL),(2021,166,NULL,NULL,NULL,NULL,NULL,1000),(2021,167,NULL,NULL,NULL,NULL,NULL,40),(2021,168,NULL,NULL,NULL,NULL,NULL,60),(2021,169,NULL,NULL,NULL,NULL,NULL,40),(2021,128,NULL,NULL,NULL,NULL,NULL,14983),(2021,132,NULL,NULL,NULL,NULL,NULL,7),(2021,154,NULL,NULL,NULL,1602,NULL,NULL),(2021,120,23,NULL,NULL,NULL,NULL,NULL),(2021,173,1,NULL,NULL,NULL,NULL,NULL),(2021,150,NULL,NULL,NULL,80,NULL,NULL),(2021,126,NULL,NULL,NULL,51,NULL,NULL),(2021,130,1507734968,NULL,NULL,NULL,NULL,NULL),(2021,131,1507734969,NULL,NULL,NULL,NULL,NULL),(2023,123,NULL,NULL,NULL,25,NULL,NULL),(2023,148,1507734982,NULL,NULL,NULL,NULL,NULL),(25,192,NULL,NULL,NULL,2023,NULL,1),(2023,142,NULL,NULL,'/admin/events/last/',NULL,NULL,NULL),(2023,120,24,NULL,NULL,NULL,NULL,NULL),(2023,173,1,NULL,NULL,NULL,NULL,NULL),(2023,150,NULL,NULL,NULL,80,NULL,NULL),(2023,126,NULL,NULL,NULL,49,NULL,NULL),(2029,3,NULL,'Мужское пальто с пластроном,черное.Арт 60',NULL,NULL,NULL,NULL),(2029,2,NULL,'Мужское пальто с пластроном,черное.Арт 60',NULL,NULL,NULL,NULL),(2029,6,NULL,'Мужское пальто с пластроном,черное.Арт 60',NULL,NULL,NULL,NULL),(2029,5,NULL,'Мужское пальто с пластроном,черное.Арт 60',NULL,NULL,NULL,NULL),(2029,303,NULL,NULL,NULL,41,NULL,NULL),(2029,304,NULL,NULL,NULL,NULL,NULL,11900),(2029,307,10,NULL,NULL,NULL,NULL,NULL),(2029,574,NULL,NULL,NULL,1880,NULL,NULL),(2029,576,NULL,'Шерсть 100%',NULL,NULL,NULL,NULL),(2029,577,NULL,NULL,NULL,2027,NULL,NULL),(2029,578,NULL,NULL,NULL,2025,NULL,NULL),(2029,579,NULL,NULL,NULL,415,NULL,NULL),(2029,580,NULL,NULL,NULL,2026,NULL,NULL),(2029,302,1508426396,NULL,NULL,NULL,NULL,NULL),(2035,3,NULL,'ARIZONA1',NULL,NULL,NULL,NULL),(2035,2,NULL,'ARIZONA1',NULL,NULL,NULL,NULL),(2035,6,NULL,'ARIZONA1',NULL,NULL,NULL,NULL),(2035,5,NULL,'ARIZONA1',NULL,NULL,NULL,NULL),(2035,303,NULL,NULL,NULL,41,NULL,NULL),(2035,304,NULL,NULL,NULL,NULL,NULL,9900),(2035,307,12,NULL,NULL,NULL,NULL,NULL),(2035,574,NULL,NULL,NULL,2030,NULL,NULL),(2035,575,NULL,NULL,NULL,2032,NULL,NULL),(2035,576,NULL,'Шерсть - 55%, Полиэстер - 45%',NULL,NULL,NULL,NULL),(2035,577,NULL,NULL,NULL,2033,NULL,NULL),(2035,578,NULL,NULL,NULL,2025,NULL,NULL),(2035,579,NULL,NULL,NULL,2034,NULL,NULL),(2035,580,NULL,NULL,NULL,2031,NULL,NULL),(2035,302,1508427423,NULL,NULL,NULL,NULL,NULL),(2029,575,NULL,NULL,NULL,2037,NULL,NULL),(2041,3,NULL,'Burton Menswear London',NULL,NULL,NULL,NULL),(2041,2,NULL,'Burton Menswear London',NULL,NULL,NULL,NULL),(2041,6,NULL,'Burton Menswear London',NULL,NULL,NULL,NULL),(2041,5,NULL,'Burton Menswear London',NULL,NULL,NULL,NULL),(2041,303,NULL,NULL,NULL,41,NULL,NULL),(2041,304,NULL,NULL,NULL,NULL,NULL,8900),(2041,454,NULL,NULL,NULL,NULL,NULL,9900),(2041,307,12,NULL,NULL,NULL,NULL,NULL),(2041,574,NULL,NULL,NULL,2039,NULL,NULL),(2041,575,NULL,NULL,NULL,2040,NULL,NULL),(2041,576,NULL,'Шерсть - 50%, Полиэстер - 34%, Акрил - 9%, Вискоза - 4%, Нейлон - 3%',NULL,NULL,NULL,NULL),(2041,577,NULL,NULL,NULL,2033,NULL,NULL),(2041,578,NULL,NULL,NULL,2025,NULL,NULL),(2041,579,NULL,NULL,NULL,415,NULL,NULL),(2041,580,NULL,NULL,NULL,2031,NULL,NULL),(2041,302,1508427809,NULL,NULL,NULL,NULL,NULL),(2043,3,NULL,'Джинсы \"Dylan\" BRUNO BANANI',NULL,NULL,NULL,NULL),(2043,303,NULL,NULL,NULL,41,NULL,NULL),(2043,304,NULL,NULL,NULL,NULL,NULL,3990),(2043,574,NULL,NULL,NULL,1975,NULL,NULL),(2043,575,NULL,NULL,NULL,2042,NULL,NULL),(2043,576,NULL,'Хлопок 100%',NULL,NULL,NULL,NULL),(2043,577,NULL,NULL,NULL,2027,NULL,NULL),(2043,578,NULL,NULL,NULL,2025,NULL,NULL),(2043,579,NULL,NULL,NULL,345,NULL,NULL),(2043,302,1508427923,NULL,NULL,NULL,NULL,NULL),(2046,3,NULL,'Roosevelt RO044EMWJX83',NULL,NULL,NULL,NULL),(2046,2,NULL,'Roosevelt',NULL,NULL,NULL,NULL),(2046,6,NULL,'Roosevelt',NULL,NULL,NULL,NULL),(2046,5,NULL,'Roosevelt',NULL,NULL,NULL,NULL),(2046,303,NULL,NULL,NULL,41,NULL,NULL),(2046,304,NULL,NULL,NULL,NULL,NULL,10399),(2046,307,34,NULL,NULL,NULL,NULL,NULL),(2046,574,NULL,NULL,NULL,1882,NULL,NULL),(2046,575,NULL,NULL,NULL,2044,NULL,NULL),(2046,576,NULL,'Полиэстер - 93%, Шерсть - 7%',NULL,NULL,NULL,NULL),(2046,577,NULL,NULL,NULL,2045,NULL,NULL),(2046,578,NULL,NULL,NULL,2025,NULL,NULL),(2046,579,NULL,NULL,NULL,505,NULL,NULL),(2046,580,NULL,NULL,NULL,2031,NULL,NULL),(2046,302,1508428065,NULL,NULL,NULL,NULL,NULL),(2051,3,NULL,'Джинсы RHODE ISLAND',NULL,NULL,NULL,NULL),(2051,303,NULL,NULL,NULL,41,NULL,NULL),(2051,304,NULL,NULL,NULL,NULL,NULL,5499),(2051,574,NULL,NULL,NULL,2039,NULL,NULL),(2051,576,NULL,'Хлопок 99% Злость 1%',NULL,NULL,NULL,NULL),(2051,577,NULL,NULL,NULL,2033,NULL,NULL),(2051,578,NULL,NULL,NULL,2025,NULL,NULL),(2051,579,NULL,NULL,NULL,345,NULL,NULL),(2051,302,1508428247,NULL,NULL,NULL,NULL,NULL),(2043,307,34,NULL,NULL,NULL,NULL,NULL),(2051,307,54,NULL,NULL,NULL,NULL,NULL),(2052,3,NULL,'United Colors of Benetton UN012EMVWW05',NULL,NULL,NULL,NULL),(2052,2,NULL,'United Colors of Benetton UN012EMVWW05',NULL,NULL,NULL,NULL),(2052,6,NULL,'United Colors of Benetton UN012EMVWW05',NULL,NULL,NULL,NULL),(2052,5,NULL,'United Colors of Benetton UN012EMVWW05',NULL,NULL,NULL,NULL),(2052,303,NULL,NULL,NULL,41,NULL,NULL),(2052,304,NULL,NULL,NULL,NULL,NULL,8900),(2052,307,1,NULL,NULL,NULL,NULL,NULL),(2052,574,NULL,NULL,NULL,2047,NULL,NULL),(2052,575,NULL,NULL,NULL,2050,NULL,NULL),(2052,576,NULL,'Шерсть - 52%, Полиэстер - 40%, Полиамид - 7%, Эластан - 1%',NULL,NULL,NULL,NULL),(2052,577,NULL,NULL,NULL,2027,NULL,NULL),(2052,578,NULL,NULL,NULL,2048,NULL,NULL),(2052,579,NULL,NULL,NULL,415,NULL,NULL),(2052,580,NULL,NULL,NULL,2031,NULL,NULL),(2052,302,1508428407,NULL,NULL,NULL,NULL,NULL),(2069,3,NULL,'Джинсы RHODE ISLAND hard',NULL,NULL,NULL,NULL),(2069,303,NULL,NULL,NULL,41,NULL,NULL),(2069,304,NULL,NULL,NULL,NULL,NULL,2350),(2069,307,34,NULL,NULL,NULL,NULL,NULL),(2069,574,NULL,NULL,NULL,1882,NULL,NULL),(2069,575,NULL,NULL,NULL,2049,NULL,NULL),(2069,576,NULL,'Хлопок 95%',NULL,NULL,NULL,NULL),(2069,577,NULL,NULL,NULL,2027,NULL,NULL),(2069,578,NULL,NULL,NULL,2025,NULL,NULL),(2069,579,NULL,NULL,NULL,345,NULL,NULL),(2069,302,1508428603,NULL,NULL,NULL,NULL,NULL),(2070,3,NULL,'Only & Sons ON013EMUKB08',NULL,NULL,NULL,NULL),(2070,2,NULL,'Only & Sons ON013EMUKB08',NULL,NULL,NULL,NULL),(2070,6,NULL,'Only & Sons ON013EMUKB08',NULL,NULL,NULL,NULL),(2070,5,NULL,'Only & Sons ON013EMUKB08',NULL,NULL,NULL,NULL),(2070,303,NULL,NULL,NULL,41,NULL,NULL),(2070,304,NULL,NULL,NULL,NULL,NULL,6500),(2070,307,12,NULL,NULL,NULL,NULL,NULL),(2070,574,NULL,NULL,NULL,1966,NULL,NULL),(2070,575,NULL,NULL,NULL,2055,NULL,NULL),(2070,576,NULL,'Шерсть - 50%, Полиэстер - 50%',NULL,NULL,NULL,NULL),(2070,577,NULL,NULL,NULL,2068,NULL,NULL),(2070,578,NULL,NULL,NULL,2048,NULL,NULL),(2070,579,NULL,NULL,NULL,415,NULL,NULL),(2070,580,NULL,NULL,NULL,2031,NULL,NULL),(2070,302,1508428681,NULL,NULL,NULL,NULL,NULL),(2071,3,NULL,'ДЖИНСЫ СТРЕТЧ ФАСОНА SLIM',NULL,NULL,NULL,NULL),(2071,303,NULL,NULL,NULL,41,NULL,NULL),(2071,304,NULL,NULL,NULL,NULL,NULL,3450),(2071,307,4,NULL,NULL,NULL,NULL,NULL),(2071,574,NULL,NULL,NULL,1958,NULL,NULL),(2071,575,NULL,NULL,NULL,2042,NULL,NULL),(2071,576,NULL,'Хлопок 95%',NULL,NULL,NULL,NULL),(2071,577,NULL,NULL,NULL,2064,NULL,NULL),(2071,578,NULL,NULL,NULL,2025,NULL,NULL),(2071,579,NULL,NULL,NULL,505,NULL,NULL),(2071,580,NULL,NULL,NULL,2026,NULL,NULL),(2071,302,1508428782,NULL,NULL,NULL,NULL,NULL),(2073,3,NULL,'ДЖИНСЫ ПРЯМОГО ПОКРОЯ С 5 КАРМАНАМИ',NULL,NULL,NULL,NULL),(2073,303,NULL,NULL,NULL,41,NULL,NULL),(2073,304,NULL,NULL,NULL,NULL,NULL,6590),(2073,307,43,NULL,NULL,NULL,NULL,NULL),(2073,574,NULL,NULL,NULL,1970,NULL,NULL),(2073,576,NULL,'Хлопок 100%',NULL,NULL,NULL,NULL),(2073,577,NULL,NULL,NULL,2067,NULL,NULL),(2073,578,NULL,NULL,NULL,2025,NULL,NULL),(2073,579,NULL,NULL,NULL,415,NULL,NULL),(2073,302,1508428952,NULL,NULL,NULL,NULL,NULL),(2074,3,NULL,'Jack & Jones JA391EMUIX49',NULL,NULL,NULL,NULL),(2074,303,NULL,NULL,NULL,41,NULL,NULL),(2074,304,NULL,NULL,NULL,NULL,NULL,10999),(2074,307,2,NULL,NULL,NULL,NULL,NULL),(2074,574,NULL,NULL,NULL,1951,NULL,NULL),(2074,575,NULL,NULL,NULL,2072,NULL,NULL),(2074,576,NULL,'Шерсть - 50%, Полиэстер - 40%, Другое волокно - 10%',NULL,NULL,NULL,NULL),(2074,577,NULL,NULL,NULL,2066,NULL,NULL),(2074,578,NULL,NULL,NULL,2025,NULL,NULL),(2074,579,NULL,NULL,NULL,415,NULL,NULL),(2074,580,NULL,NULL,NULL,2031,NULL,NULL),(2074,302,1508429082,NULL,NULL,NULL,NULL,NULL),(2077,3,NULL,'ДЖИНСЫ KEKKER ФАСОНА SLIM',NULL,NULL,NULL,NULL),(2077,304,NULL,NULL,NULL,NULL,NULL,8950),(2077,307,23,NULL,NULL,NULL,NULL,NULL),(2077,574,NULL,NULL,NULL,1882,NULL,NULL),(2077,575,NULL,NULL,NULL,2076,NULL,NULL),(2077,576,NULL,'Хлопок 100%',NULL,NULL,NULL,NULL),(2077,577,NULL,NULL,NULL,2065,NULL,NULL),(2077,578,NULL,NULL,NULL,2025,NULL,NULL),(2077,579,NULL,NULL,NULL,505,NULL,NULL),(2077,580,NULL,NULL,NULL,2026,NULL,NULL),(2077,302,1508429156,NULL,NULL,NULL,NULL,NULL),(2078,304,NULL,NULL,NULL,NULL,NULL,8950),(2078,307,23,NULL,NULL,NULL,NULL,NULL),(2078,574,NULL,NULL,NULL,1882,NULL,NULL),(2078,575,NULL,NULL,NULL,2076,NULL,NULL),(2078,576,NULL,'Хлопок 100%',NULL,NULL,NULL,NULL),(2078,577,NULL,NULL,NULL,2065,NULL,NULL),(2078,578,NULL,NULL,NULL,2025,NULL,NULL),(2078,580,NULL,NULL,NULL,2026,NULL,NULL),(2078,302,1508429164,NULL,NULL,NULL,NULL,NULL),(2077,303,NULL,NULL,NULL,41,NULL,NULL),(2077,454,NULL,NULL,NULL,NULL,NULL,9000),(2077,459,1,NULL,NULL,NULL,NULL,NULL),(2077,460,1,NULL,NULL,NULL,NULL,NULL),(2080,3,NULL,'Windsor WI013EMWFG03',NULL,NULL,NULL,NULL),(2080,303,NULL,NULL,NULL,41,NULL,NULL),(2080,304,NULL,NULL,NULL,NULL,NULL,52900),(2080,574,NULL,NULL,NULL,2047,NULL,NULL),(2080,575,NULL,NULL,NULL,2079,NULL,NULL),(2080,576,NULL,'Полиэстер - 100%',NULL,NULL,NULL,NULL),(2080,577,NULL,NULL,NULL,2057,NULL,NULL),(2080,578,NULL,NULL,NULL,2025,NULL,NULL),(2080,579,NULL,NULL,NULL,415,NULL,NULL),(2080,302,1508513187,NULL,NULL,NULL,NULL,NULL),(2084,3,NULL,'Trussardi Jeans TR016EMUWE49',NULL,NULL,NULL,NULL),(2084,303,NULL,NULL,NULL,41,NULL,NULL),(2084,304,NULL,NULL,NULL,NULL,NULL,26900),(2084,307,4,NULL,NULL,NULL,NULL,NULL),(2084,459,1,NULL,NULL,NULL,NULL,NULL),(2084,574,NULL,NULL,NULL,1966,NULL,NULL),(2084,575,NULL,NULL,NULL,2083,NULL,NULL),(2084,576,NULL,'Шерсть - 70%, Полиэстер - 25%, Полиамид - 5%',NULL,NULL,NULL,NULL),(2084,577,NULL,NULL,NULL,2027,NULL,NULL),(2084,578,NULL,NULL,NULL,2025,NULL,NULL),(2084,579,NULL,NULL,NULL,345,NULL,NULL),(2084,580,NULL,NULL,NULL,2081,NULL,NULL),(2084,302,1508513375,NULL,NULL,NULL,NULL,NULL),(2090,3,NULL,'Berkytt MP002XM0W5KQ',NULL,NULL,NULL,NULL),(2090,303,NULL,NULL,NULL,41,NULL,NULL),(2090,304,NULL,NULL,NULL,NULL,NULL,12400),(2090,307,5,NULL,NULL,NULL,NULL,NULL),(2090,459,1,NULL,NULL,NULL,NULL,NULL),(2090,574,NULL,NULL,NULL,1880,NULL,NULL),(2090,575,NULL,NULL,NULL,2089,NULL,NULL),(2090,576,NULL,'Шерсть - 50%, Полиамид - 50%',NULL,NULL,NULL,NULL),(2090,577,NULL,NULL,NULL,2067,NULL,NULL),(2090,578,NULL,NULL,NULL,2088,NULL,NULL),(2090,579,NULL,NULL,NULL,449,NULL,NULL),(2090,580,NULL,NULL,NULL,2031,NULL,NULL),(2090,302,1508513840,NULL,NULL,NULL,NULL,NULL),(2078,3,NULL,'ДЖИНСЫ KEKKER ФАСОНА Swag',NULL,NULL,NULL,NULL),(2078,303,NULL,NULL,NULL,41,NULL,NULL),(2078,579,NULL,NULL,NULL,345,NULL,NULL),(2092,3,NULL,'Piazza Italia PI022EMNYW60',NULL,NULL,NULL,NULL),(2092,2,NULL,'Piazza Italia',NULL,NULL,NULL,NULL),(2092,5,NULL,'Piazza Italia',NULL,NULL,NULL,NULL),(2092,303,NULL,NULL,NULL,41,NULL,NULL),(2092,304,NULL,NULL,NULL,NULL,NULL,7399),(2092,307,2,NULL,NULL,NULL,NULL,NULL),(2092,574,NULL,NULL,NULL,1966,NULL,NULL),(2092,575,NULL,NULL,NULL,2091,NULL,NULL),(2092,576,NULL,'Полиэстер - 49%, Вискоза - 48%, Эластан - 3%',NULL,NULL,NULL,NULL),(2092,577,NULL,NULL,NULL,2027,NULL,NULL),(2092,578,NULL,NULL,NULL,2025,NULL,NULL),(2092,579,NULL,NULL,NULL,505,NULL,NULL),(2092,580,NULL,NULL,NULL,2031,NULL,NULL),(2092,302,1508514078,NULL,NULL,NULL,NULL,NULL),(2093,3,NULL,'Джинсы \"Peter\" FOR MEN',NULL,NULL,NULL,NULL),(2093,303,NULL,NULL,NULL,41,NULL,NULL),(2093,304,NULL,NULL,NULL,NULL,NULL,6790),(2093,307,43,NULL,NULL,NULL,NULL,NULL),(2093,456,NULL,NULL,NULL,NULL,435,NULL),(2093,574,NULL,NULL,NULL,2030,NULL,NULL),(2093,576,NULL,'Хлопок 100%',NULL,NULL,NULL,NULL),(2093,577,NULL,NULL,NULL,2065,NULL,NULL),(2093,578,NULL,NULL,NULL,2025,NULL,NULL),(2093,579,NULL,NULL,NULL,345,NULL,NULL),(2093,580,NULL,NULL,NULL,2026,NULL,NULL),(2093,302,1508514213,NULL,NULL,NULL,NULL,NULL),(2095,3,NULL,'Atributika & Club NHL CHICAGO BLACKHAWKS',NULL,NULL,NULL,NULL),(2095,303,NULL,NULL,NULL,41,NULL,NULL),(2095,304,NULL,NULL,NULL,NULL,NULL,5499),(2095,307,6,NULL,NULL,NULL,NULL,NULL),(2095,574,NULL,NULL,NULL,1882,NULL,NULL),(2095,575,NULL,NULL,NULL,2094,NULL,NULL),(2095,576,NULL,'Полиэстер - 100%',NULL,NULL,NULL,NULL),(2095,577,NULL,NULL,NULL,2058,NULL,NULL),(2095,578,NULL,NULL,NULL,2088,NULL,NULL),(2095,579,NULL,NULL,NULL,415,NULL,NULL),(2095,580,NULL,NULL,NULL,2081,NULL,NULL),(2095,302,1508514338,NULL,NULL,NULL,NULL,NULL),(2096,3,NULL,'Джинсы \"Peter\" BRUTAL',NULL,NULL,NULL,NULL),(2096,303,NULL,NULL,NULL,41,NULL,NULL),(2096,304,NULL,NULL,NULL,NULL,NULL,2350),(2096,307,34,NULL,NULL,NULL,NULL,NULL),(2096,460,1,NULL,NULL,NULL,NULL,NULL),(2096,574,NULL,NULL,NULL,1958,NULL,NULL),(2096,575,NULL,NULL,NULL,2075,NULL,NULL),(2096,576,NULL,'Хлопок 100%',NULL,NULL,NULL,NULL),(2096,577,NULL,NULL,NULL,2068,NULL,NULL),(2096,578,NULL,NULL,NULL,2088,NULL,NULL),(2096,579,NULL,NULL,NULL,345,NULL,NULL),(2096,580,NULL,NULL,NULL,2026,NULL,NULL),(2096,302,1508514351,NULL,NULL,NULL,NULL,NULL),(2099,3,NULL,'Trespass HIGHLAND',NULL,NULL,NULL,NULL),(2099,304,NULL,NULL,NULL,NULL,NULL,18999),(2099,307,4,NULL,NULL,NULL,NULL,NULL),(2099,574,NULL,NULL,NULL,1882,NULL,NULL),(2099,575,NULL,NULL,NULL,2097,NULL,NULL),(2099,576,NULL,'Полиамид - 100%',NULL,NULL,NULL,NULL),(2099,577,NULL,NULL,NULL,2033,NULL,NULL),(2099,578,NULL,NULL,NULL,2088,NULL,NULL),(2099,579,NULL,NULL,NULL,2098,NULL,NULL),(2099,580,NULL,NULL,NULL,2081,NULL,NULL),(2099,302,1508514523,NULL,NULL,NULL,NULL,NULL),(2100,303,NULL,NULL,NULL,41,NULL,NULL),(2100,304,NULL,NULL,NULL,NULL,NULL,4590),(2100,307,33,NULL,NULL,NULL,NULL,NULL),(2100,574,NULL,NULL,NULL,1958,NULL,NULL),(2100,575,NULL,NULL,NULL,2075,NULL,NULL),(2100,576,NULL,'Хлопок 100%',NULL,NULL,NULL,NULL),(2100,577,NULL,NULL,NULL,2065,NULL,NULL),(2100,578,NULL,NULL,NULL,2088,NULL,NULL),(2100,579,NULL,NULL,NULL,505,NULL,NULL),(2100,580,NULL,NULL,NULL,2026,NULL,NULL),(2100,302,1508514546,NULL,NULL,NULL,NULL,NULL),(2103,3,NULL,'Джинсы JOHN DEVIN',NULL,NULL,NULL,NULL),(2103,303,NULL,NULL,NULL,41,NULL,NULL),(2103,304,NULL,NULL,NULL,NULL,NULL,5690),(2103,307,34,NULL,NULL,NULL,NULL,NULL),(2103,574,NULL,NULL,NULL,2039,NULL,NULL),(2103,575,NULL,NULL,NULL,2102,NULL,NULL),(2103,576,NULL,'Хлопок 100%',NULL,NULL,NULL,NULL),(2103,577,NULL,NULL,NULL,2027,NULL,NULL),(2103,578,NULL,NULL,NULL,2088,NULL,NULL),(2103,579,NULL,NULL,NULL,505,NULL,NULL),(2103,580,NULL,NULL,NULL,2026,NULL,NULL),(2103,302,1508514673,NULL,NULL,NULL,NULL,NULL),(2104,3,NULL,'EA7 EA002EMUEE64',NULL,NULL,NULL,NULL),(2104,304,NULL,NULL,NULL,NULL,NULL,22899),(2104,307,3,NULL,NULL,NULL,NULL,NULL),(2104,574,NULL,NULL,NULL,1882,NULL,NULL),(2104,575,NULL,NULL,NULL,2101,NULL,NULL),(2104,576,NULL,'Полиэстер - 100%',NULL,NULL,NULL,NULL),(2104,577,NULL,NULL,NULL,2067,NULL,NULL),(2104,578,NULL,NULL,NULL,2088,NULL,NULL),(2104,579,NULL,NULL,NULL,345,NULL,NULL),(2104,580,NULL,NULL,NULL,2081,NULL,NULL),(2104,302,1508514697,NULL,NULL,NULL,NULL,NULL),(2106,3,NULL,'Reebok Classics F LONG JACKET',NULL,NULL,NULL,NULL),(2106,303,NULL,NULL,NULL,41,NULL,NULL),(2106,454,NULL,NULL,NULL,NULL,NULL,18900),(2106,307,3,NULL,NULL,NULL,NULL,NULL),(2106,574,NULL,NULL,NULL,2039,NULL,NULL),(2106,575,NULL,NULL,NULL,2105,NULL,NULL),(2106,576,NULL,'Полиэстер - 100%',NULL,NULL,NULL,NULL),(2106,577,NULL,NULL,NULL,2045,NULL,NULL),(2106,578,NULL,NULL,NULL,2025,NULL,NULL),(2106,579,NULL,NULL,NULL,505,NULL,NULL),(2106,580,NULL,NULL,NULL,2081,NULL,NULL),(2106,302,1508515053,NULL,NULL,NULL,NULL,NULL),(2106,304,NULL,NULL,NULL,NULL,NULL,14690),(2107,3,NULL,'Джинсы JOHN DEVIN strong',NULL,NULL,NULL,NULL),(2107,303,NULL,NULL,NULL,41,NULL,NULL),(2107,304,NULL,NULL,NULL,NULL,NULL,4590),(2107,307,3443,NULL,NULL,NULL,NULL,NULL),(2107,574,NULL,NULL,NULL,2039,NULL,NULL),(2107,576,NULL,'Хлопок 100%',NULL,NULL,NULL,NULL),(2107,577,NULL,NULL,NULL,2065,NULL,NULL),(2107,578,NULL,NULL,NULL,2088,NULL,NULL),(2107,579,NULL,NULL,NULL,345,NULL,NULL),(2107,580,NULL,NULL,NULL,2026,NULL,NULL),(2107,302,1508515144,NULL,NULL,NULL,NULL,NULL),(2100,3,NULL,'Джинсы KEKKER classic',NULL,NULL,NULL,NULL),(2109,3,NULL,'SAUDA DOWN JKT',NULL,NULL,NULL,NULL),(2109,303,NULL,NULL,NULL,41,NULL,NULL),(2109,304,NULL,NULL,NULL,NULL,NULL,22889),(2109,307,1,NULL,NULL,NULL,NULL,NULL),(2109,574,NULL,NULL,NULL,1882,NULL,NULL),(2109,576,NULL,'Полиамид - 100%',NULL,NULL,NULL,NULL),(2109,577,NULL,NULL,NULL,2067,NULL,NULL),(2109,578,NULL,NULL,NULL,2048,NULL,NULL),(2109,579,NULL,NULL,NULL,415,NULL,NULL),(2109,580,NULL,NULL,NULL,2081,NULL,NULL),(2109,302,1508772265,NULL,NULL,NULL,NULL,NULL),(2110,3,NULL,'MEMURUTIND DOWN JKT',NULL,NULL,NULL,NULL),(2110,303,NULL,NULL,NULL,41,NULL,NULL),(2110,304,NULL,NULL,NULL,NULL,NULL,27999),(2110,307,3,NULL,NULL,NULL,NULL,NULL),(2110,574,NULL,NULL,NULL,1882,NULL,NULL),(2110,575,NULL,NULL,NULL,2108,NULL,NULL),(2110,576,NULL,'Полиамид - 100%',NULL,NULL,NULL,NULL),(2110,577,NULL,NULL,NULL,2061,NULL,NULL),(2110,578,NULL,NULL,NULL,2048,NULL,NULL),(2110,579,NULL,NULL,NULL,415,NULL,NULL),(2110,580,NULL,NULL,NULL,2081,NULL,NULL),(2110,302,1508772460,NULL,NULL,NULL,NULL,NULL),(2113,3,NULL,'Springfield',NULL,NULL,NULL,NULL),(2113,303,NULL,NULL,NULL,41,NULL,NULL),(2113,304,NULL,NULL,NULL,NULL,NULL,7999),(2113,454,NULL,NULL,NULL,NULL,NULL,11999),(2113,307,9,NULL,NULL,NULL,NULL,NULL),(2113,459,1,NULL,NULL,NULL,NULL,NULL),(2113,574,NULL,NULL,NULL,1882,NULL,NULL),(2113,575,NULL,NULL,NULL,2111,NULL,NULL),(2113,576,NULL,'Полиэстер - 100%',NULL,NULL,NULL,NULL),(2113,577,NULL,NULL,NULL,2027,NULL,NULL),(2113,578,NULL,NULL,NULL,2088,NULL,NULL),(2113,579,NULL,NULL,NULL,2112,NULL,NULL),(2113,580,NULL,NULL,NULL,2081,NULL,NULL),(2113,302,1508773027,NULL,NULL,NULL,NULL,NULL),(2115,3,NULL,'BARLOW PASS 550 TURBODOWN™ QUILTED JKT',NULL,NULL,NULL,NULL),(2115,303,NULL,NULL,NULL,41,NULL,NULL),(2115,304,NULL,NULL,NULL,NULL,NULL,23999),(2115,307,3,NULL,NULL,NULL,NULL,NULL),(2115,574,NULL,NULL,NULL,2039,NULL,NULL),(2115,575,NULL,NULL,NULL,2114,NULL,NULL),(2115,576,NULL,'Материал 1: Полиэстер - 100%; Материал 2: Нейлон - 100%',NULL,NULL,NULL,NULL),(2115,577,NULL,NULL,NULL,2059,NULL,NULL),(2115,578,NULL,NULL,NULL,2088,NULL,NULL),(2115,579,NULL,NULL,NULL,417,NULL,NULL),(2115,580,NULL,NULL,NULL,2026,NULL,NULL),(2115,302,1508773352,NULL,NULL,NULL,NULL,NULL),(2116,3,NULL,'SYLVAN LAKE 630 TURBODOWN™ HOODED JACKET',NULL,NULL,NULL,NULL),(2116,303,NULL,NULL,NULL,41,NULL,NULL),(2116,304,NULL,NULL,NULL,NULL,NULL,12999),(2116,307,2,NULL,NULL,NULL,NULL,NULL),(2116,574,NULL,NULL,NULL,2039,NULL,NULL),(2116,575,NULL,NULL,NULL,2114,NULL,NULL),(2116,576,NULL,'Нейлон - 100%',NULL,NULL,NULL,NULL),(2116,577,NULL,NULL,NULL,2033,NULL,NULL),(2116,578,NULL,NULL,NULL,2088,NULL,NULL),(2116,579,NULL,NULL,NULL,345,NULL,NULL),(2116,580,NULL,NULL,NULL,2081,NULL,NULL),(2116,302,1508773583,NULL,NULL,NULL,NULL,NULL),(2118,3,NULL,'Baon',NULL,NULL,NULL,NULL),(2118,304,NULL,NULL,NULL,NULL,NULL,12699),(2118,307,2,NULL,NULL,NULL,NULL,NULL),(2118,574,NULL,NULL,NULL,1882,NULL,NULL),(2118,575,NULL,NULL,NULL,2117,NULL,NULL),(2118,576,NULL,'Полиэстер - 100%',NULL,NULL,NULL,NULL),(2118,577,NULL,NULL,NULL,2033,NULL,NULL),(2118,578,NULL,NULL,NULL,2088,NULL,NULL),(2118,579,NULL,NULL,NULL,345,NULL,NULL),(2118,580,NULL,NULL,NULL,2081,NULL,NULL),(2118,302,1508773731,NULL,NULL,NULL,NULL,NULL),(2121,3,NULL,'Куртка утепленная ARRIS JACKET',NULL,NULL,NULL,NULL),(2121,303,NULL,NULL,NULL,41,NULL,NULL),(2121,304,NULL,NULL,NULL,NULL,NULL,17690),(2121,307,2,NULL,NULL,NULL,NULL,NULL),(2121,574,NULL,NULL,NULL,2119,NULL,NULL),(2121,575,NULL,NULL,NULL,2120,NULL,NULL),(2121,576,NULL,'Полиэстер - 100%',NULL,NULL,NULL,NULL),(2121,577,NULL,NULL,NULL,2033,NULL,NULL),(2121,578,NULL,NULL,NULL,2088,NULL,NULL),(2121,579,NULL,NULL,NULL,415,NULL,NULL),(2121,580,NULL,NULL,NULL,2026,NULL,NULL),(2121,302,1508773925,NULL,NULL,NULL,NULL,NULL),(2124,3,NULL,'Куртка утепленная MOUNT TABOR™ JACKET',NULL,NULL,NULL,NULL),(2124,303,NULL,NULL,NULL,41,NULL,NULL),(2124,304,NULL,NULL,NULL,NULL,NULL,9999),(2124,307,2,NULL,NULL,NULL,NULL,NULL),(2124,574,NULL,NULL,NULL,2122,NULL,NULL),(2124,575,NULL,NULL,NULL,2123,NULL,NULL),(2124,576,NULL,'Нейлон - 70%, Полиэстер - 30%',NULL,NULL,NULL,NULL),(2124,577,NULL,NULL,NULL,2067,NULL,NULL),(2124,578,NULL,NULL,NULL,2088,NULL,NULL),(2124,579,NULL,NULL,NULL,415,NULL,NULL),(2124,580,NULL,NULL,NULL,2081,NULL,NULL),(2124,302,1508774117,NULL,NULL,NULL,NULL,NULL),(2125,3,NULL,'Губная помада',NULL,NULL,NULL,NULL),(2125,296,4,NULL,NULL,NULL,NULL,NULL),(2130,3,NULL,'Bell Lipstick Classic, Тон 119',NULL,NULL,NULL,NULL),(2130,2,NULL,'Bell Lipstick Classic, Тон 119',NULL,NULL,NULL,NULL),(2130,6,NULL,'Bell Lipstick Classic, Тон 119',NULL,NULL,NULL,NULL),(2130,5,NULL,'Bell Lipstick Classic, Тон 119',NULL,NULL,NULL,NULL),(2130,303,NULL,NULL,NULL,41,NULL,NULL),(2130,307,20,NULL,NULL,NULL,NULL,NULL),(2130,574,NULL,NULL,NULL,2085,NULL,NULL),(2130,575,NULL,NULL,NULL,2129,NULL,NULL),(2130,581,NULL,NULL,NULL,2128,NULL,NULL),(2130,582,NULL,'Bell Lipstick Classic',NULL,NULL,NULL,NULL),(2130,302,1510671420,NULL,NULL,NULL,NULL,NULL),(2131,3,NULL,'Губная помада Bell \"Classic\", тон 130',NULL,NULL,NULL,NULL),(2131,2,NULL,'Губная помада Bell \"Classic\", тон 130',NULL,NULL,NULL,NULL),(2131,6,NULL,'Губная помада Bell \"Classic\", тон 130',NULL,NULL,NULL,NULL),(2131,5,NULL,'Губная помада Bell \"Classic\", тон 130',NULL,NULL,NULL,NULL),(2131,303,NULL,NULL,NULL,41,NULL,NULL),(2131,304,NULL,NULL,NULL,NULL,NULL,149),(2131,307,20,NULL,NULL,NULL,NULL,NULL),(2131,574,NULL,NULL,NULL,2085,NULL,NULL),(2131,575,NULL,NULL,NULL,2129,NULL,NULL),(2131,582,NULL,'Classic',NULL,NULL,NULL,NULL),(2131,302,1510671959,NULL,NULL,NULL,NULL,NULL),(2133,3,NULL,'Bell Hypoallergenic пудровая губная помада Powder Lipstick Тон 05',NULL,NULL,NULL,NULL),(2133,6,NULL,'Bell Hypoallergenic пудровая губная помада Powder Lipstick Тон 05',NULL,NULL,NULL,NULL),(2133,5,NULL,'Bell Hypoallergenic пудровая губная помада Powder Lipstick Тон 05',NULL,NULL,NULL,NULL),(2133,303,NULL,NULL,NULL,41,NULL,NULL),(2133,304,NULL,NULL,NULL,NULL,NULL,310),(2133,307,21,NULL,NULL,NULL,NULL,NULL),(2133,574,NULL,NULL,NULL,2085,NULL,NULL),(2133,575,NULL,NULL,NULL,2129,NULL,NULL),(2133,581,NULL,NULL,NULL,2126,NULL,NULL),(2133,582,NULL,'Classic',NULL,NULL,NULL,NULL),(2133,302,1510672416,NULL,NULL,NULL,NULL,NULL),(2134,3,NULL,'L\'Oreal Paris Color Riche, MatteAddiction оттенок 633, Бархатный бежевый',NULL,NULL,NULL,NULL),(2134,304,NULL,NULL,NULL,NULL,NULL,440),(2134,307,12,NULL,NULL,NULL,NULL,NULL),(2134,459,1,NULL,NULL,NULL,NULL,NULL),(2134,574,NULL,NULL,NULL,1951,NULL,NULL),(2134,575,NULL,NULL,NULL,2127,NULL,NULL),(2134,581,NULL,NULL,NULL,2034,NULL,NULL),(2134,302,1510672944,NULL,NULL,NULL,NULL,NULL),(2135,3,NULL,'Помада-бальзам для губ \"Sexy Balm, Infaillible\", полупрозрачный, оттенок 108',NULL,NULL,NULL,NULL),(2135,304,NULL,NULL,NULL,NULL,NULL,430),(2135,307,15,NULL,NULL,NULL,NULL,NULL),(2135,574,NULL,NULL,NULL,1951,NULL,NULL),(2135,575,NULL,NULL,NULL,2127,NULL,NULL),(2135,581,NULL,NULL,NULL,449,NULL,NULL),(2135,302,1510673137,NULL,NULL,NULL,NULL,NULL),(2138,3,NULL,'Увлажняющая помада для губ \"Color Sensational\", Maybelline New York',NULL,NULL,NULL,NULL),(2138,303,NULL,NULL,NULL,41,NULL,NULL),(2138,304,NULL,NULL,NULL,NULL,NULL,220),(2138,454,NULL,NULL,NULL,NULL,NULL,390),(2138,307,9,NULL,NULL,NULL,NULL,NULL),(2138,459,1,NULL,NULL,NULL,NULL,NULL),(2138,574,NULL,NULL,NULL,1951,NULL,NULL),(2138,575,NULL,NULL,NULL,2137,NULL,NULL),(2138,581,NULL,NULL,NULL,2136,NULL,NULL),(2138,302,1510673728,NULL,NULL,NULL,NULL,NULL),(2141,3,NULL,'Губная помада \"rimmel lasting finish by kate\", тон 008, Rimmel',NULL,NULL,NULL,NULL),(2141,2,NULL,'Губная помада \"rimmel lasting finish by kate\", тон 008, Rimmel',NULL,NULL,NULL,NULL),(2141,6,NULL,'Губная помада \"rimmel lasting finish by kate\", тон 008, Rimmel',NULL,NULL,NULL,NULL),(2141,5,NULL,'Губная помада \"rimmel lasting finish by kate\", тон 008, Rimmel',NULL,NULL,NULL,NULL),(2141,303,NULL,NULL,NULL,41,NULL,NULL),(2141,304,NULL,NULL,NULL,NULL,NULL,300),(2141,307,5,NULL,NULL,NULL,NULL,NULL),(2141,574,NULL,NULL,NULL,2139,NULL,NULL),(2141,575,NULL,NULL,NULL,2140,NULL,NULL),(2141,581,NULL,NULL,NULL,2126,NULL,NULL),(2141,302,1510673955,NULL,NULL,NULL,NULL,NULL),(2143,3,NULL,'Увлажняющая помада Moisture Renew № 180, Rimmel',NULL,NULL,NULL,NULL),(2143,303,NULL,NULL,NULL,41,NULL,NULL),(2143,304,NULL,NULL,NULL,NULL,NULL,390),(2143,307,4,NULL,NULL,NULL,NULL,NULL),(2143,574,NULL,NULL,NULL,2139,NULL,NULL),(2143,575,NULL,NULL,NULL,2140,NULL,NULL),(2143,581,NULL,NULL,NULL,2142,NULL,NULL),(2143,302,1510674281,NULL,NULL,NULL,NULL,NULL),(2146,3,NULL,'Устойчивая помада для губ MILLEBACI, NOUBA',NULL,NULL,NULL,NULL),(2146,304,NULL,NULL,NULL,NULL,NULL,1099),(2146,307,5,NULL,NULL,NULL,NULL,NULL),(2146,574,NULL,NULL,NULL,1966,NULL,NULL),(2146,575,NULL,NULL,NULL,2145,NULL,NULL),(2146,581,NULL,NULL,NULL,2144,NULL,NULL),(2146,302,1510674605,NULL,NULL,NULL,NULL,NULL),(2148,3,NULL,'Губная помада \"Colour Elixir Lipstick\", MAX FACTOR',NULL,NULL,NULL,NULL),(2148,303,NULL,NULL,NULL,41,NULL,NULL),(2148,304,NULL,NULL,NULL,NULL,NULL,350),(2148,307,54,NULL,NULL,NULL,NULL,NULL),(2148,574,NULL,NULL,NULL,2139,NULL,NULL),(2148,575,NULL,NULL,NULL,2147,NULL,NULL),(2148,581,NULL,NULL,NULL,2126,NULL,NULL),(2148,302,1510674913,NULL,NULL,NULL,NULL,NULL),(2150,3,NULL,'Помада для губ \"Super Lustrous Lipstick\", Rum raisin 535, Revlon',NULL,NULL,NULL,NULL),(2150,2,NULL,'Помада для губ \"Super Lustrous Lipstick\", Rum raisin 535, Revlon',NULL,NULL,NULL,NULL),(2150,6,NULL,'Помада для губ \"Super Lustrous Lipstick\", Rum raisin 535, Revlon',NULL,NULL,NULL,NULL),(2150,5,NULL,'Помада для губ \"Super Lustrous Lipstick\", Rum raisin 535, Revlon',NULL,NULL,NULL,NULL),(2150,303,NULL,NULL,NULL,41,NULL,NULL),(2150,304,NULL,NULL,NULL,NULL,NULL,390),(2150,307,12,NULL,NULL,NULL,NULL,NULL),(2150,574,NULL,NULL,NULL,1907,NULL,NULL),(2150,575,NULL,NULL,NULL,2149,NULL,NULL),(2150,581,NULL,NULL,NULL,449,NULL,NULL),(2150,302,1510675159,NULL,NULL,NULL,NULL,NULL),(2151,3,NULL,'Губная помада \"Classic\", тон 123, Bell',NULL,NULL,NULL,NULL),(2151,2,NULL,'Губная помада \"Classic\", тон 123, Bell',NULL,NULL,NULL,NULL),(2151,6,NULL,'Губная помада \"Classic\", тон 123, Bell',NULL,NULL,NULL,NULL),(2151,5,NULL,'Губная помада \"Classic\", тон 123, Bell',NULL,NULL,NULL,NULL),(2151,303,NULL,NULL,NULL,41,NULL,NULL),(2151,304,NULL,NULL,NULL,NULL,NULL,210),(2151,307,15,NULL,NULL,NULL,NULL,NULL),(2151,574,NULL,NULL,NULL,2085,NULL,NULL),(2151,575,NULL,NULL,NULL,2129,NULL,NULL),(2151,581,NULL,NULL,NULL,2126,NULL,NULL),(2151,582,NULL,'Classic',NULL,NULL,NULL,NULL),(2151,302,1510675318,NULL,NULL,NULL,NULL,NULL),(355,3,NULL,'Главная',NULL,NULL,NULL,NULL),(1284,207,NULL,NULL,'[{\"isactive\":1,\"name\":\"\\u0411\\u043b\\u043e\\u0433\",\"link\":\"\\/obzory_novinok_tehniki\",\"rel\":12,\"isdeleted\":0},{\"isactive\":1,\"name\":\"FAQ\",\"link\":\"\\/remont_bytovoj_tehniki_na_domu\",\"rel\":13,\"isdeleted\":0},{\"isactive\":1,\"name\":\"\\u0424\\u043e\\u0440\\u0443\\u043c\",\"link\":\"\\/pioneer_club\",\"rel\":16,\"isdeleted\":0},{\"isactive\":1,\"name\":\"\\u0424\\u043e\\u0442\\u043e\\u0433\\u0430\\u043b\\u0435\\u0440\\u0435\\u044f\",\"link\":\"\\/kabeli_i_razemy\",\"rel\":17,\"isdeleted\":0}]',NULL,NULL,NULL),(2100,460,1,NULL,NULL,NULL,NULL,NULL),(2130,304,NULL,NULL,NULL,NULL,NULL,2300),(2156,3,NULL,'LUXVISAGE',NULL,NULL,NULL,NULL),(2156,303,NULL,NULL,NULL,41,NULL,NULL),(2156,304,NULL,NULL,NULL,NULL,NULL,280),(2156,455,NULL,NULL,'<p><span>Описание: Классическая питательная формула помады не растекается и долго держится. Помада Luxvisage Lipstick-легко наносится, а ее кремовая текстура обволакивает губы, делая их кожу гладкой и нежной. Помада имеет в составе витамины С и Е, которые обеспечивают увлажнение и питание нежной кожи. Средство подчеркивает женственность и придает вашему образу соблазнительное очарование.</span></p>',NULL,NULL,NULL),(2156,574,NULL,NULL,NULL,2154,NULL,NULL),(2156,575,NULL,NULL,NULL,2155,NULL,NULL),(2156,581,NULL,NULL,NULL,417,NULL,NULL),(2156,302,1510818798,NULL,NULL,NULL,NULL,NULL),(1441,502,NULL,'+7 (812) 309-03-15',NULL,NULL,NULL,NULL),(2161,3,NULL,'Клетки',NULL,NULL,NULL,NULL),(2161,2,NULL,'Клетки',NULL,NULL,NULL,NULL),(2161,6,NULL,'Клетки',NULL,NULL,NULL,NULL),(2161,5,NULL,'Клетки',NULL,NULL,NULL,NULL),(2161,7,NULL,'Клетки',NULL,NULL,NULL,NULL),(2162,3,NULL,'Клетка InterZoo LUNA, 45х28х42.5 см',NULL,NULL,NULL,NULL),(2162,2,NULL,'Клетка InterZoo LUNA, 45х28х42.5 см',NULL,NULL,NULL,NULL),(2162,6,NULL,'Клетка InterZoo LUNA, 45х28х42.5 см',NULL,NULL,NULL,NULL),(2162,5,NULL,'Клетка InterZoo LUNA, 45х28х42.5 см',NULL,NULL,NULL,NULL),(2162,303,NULL,NULL,NULL,41,NULL,NULL),(2162,304,NULL,NULL,NULL,NULL,NULL,2750),(2162,307,3,NULL,NULL,NULL,NULL,NULL),(2162,574,NULL,'Польша',NULL,NULL,NULL,NULL),(2162,575,NULL,'Inter-Zoo Pet Products',NULL,NULL,NULL,NULL),(2162,585,NULL,'43х25х47 см ',NULL,NULL,NULL,NULL),(2162,462,NULL,NULL,NULL,458,NULL,NULL),(2162,586,NULL,'пластик, металл ',NULL,NULL,NULL,NULL),(2162,302,1511602577,NULL,NULL,NULL,NULL,NULL),(2163,3,NULL,'INTER-ZOO SONIA Р-025',NULL,NULL,NULL,NULL),(2163,2,NULL,'INTER-ZOO SONIA Р-025',NULL,NULL,NULL,NULL),(2163,6,NULL,'INTER-ZOO SONIA Р-025',NULL,NULL,NULL,NULL),(2163,5,NULL,'INTER-ZOO SONIA Р-025',NULL,NULL,NULL,NULL),(2163,303,NULL,NULL,NULL,41,NULL,NULL),(2163,304,NULL,NULL,NULL,NULL,NULL,3400),(2163,307,1,NULL,NULL,NULL,NULL,NULL),(2163,574,NULL,'Польша',NULL,NULL,NULL,NULL),(2163,575,NULL,'Inter-Zoo Pet Products',NULL,NULL,NULL,NULL),(2163,585,NULL,'45х28х63 см ',NULL,NULL,NULL,NULL),(2163,462,NULL,NULL,NULL,458,NULL,NULL),(2163,586,NULL,'Пластик, металл ',NULL,NULL,NULL,NULL),(2163,302,1511602697,NULL,NULL,NULL,NULL,NULL),(2164,3,NULL,'INTER-ZOO MARGOT I Р-048',NULL,NULL,NULL,NULL),(2164,2,NULL,'INTER-ZOO MARGOT I Р-048',NULL,NULL,NULL,NULL),(2164,6,NULL,'INTER-ZOO MARGOT I Р-048',NULL,NULL,NULL,NULL),(2164,5,NULL,'INTER-ZOO MARGOT I Р-048',NULL,NULL,NULL,NULL),(2164,303,NULL,NULL,NULL,41,NULL,NULL),(2164,304,NULL,NULL,NULL,NULL,NULL,2600),(2164,307,1,NULL,NULL,NULL,NULL,NULL),(2164,574,NULL,'Польша',NULL,NULL,NULL,NULL),(2164,575,NULL,'Inter-Zoo Pet Products',NULL,NULL,NULL,NULL),(2164,585,NULL,'43х25х47 см ',NULL,NULL,NULL,NULL),(2164,462,NULL,NULL,NULL,345,NULL,NULL),(2164,586,NULL,'Пластик, металл ',NULL,NULL,NULL,NULL),(2164,302,1511603033,NULL,NULL,NULL,NULL,NULL),(2165,3,NULL,'SAVIC ARTE 50 S5570',NULL,NULL,NULL,NULL),(2165,2,NULL,'SAVIC ARTE 50 S5570',NULL,NULL,NULL,NULL),(2165,6,NULL,'SAVIC ARTE 50 S5570',NULL,NULL,NULL,NULL),(2165,5,NULL,'SAVIC ARTE 50 S5570',NULL,NULL,NULL,NULL),(2165,303,NULL,NULL,NULL,41,NULL,NULL),(2165,304,NULL,NULL,NULL,NULL,NULL,6700),(2165,307,1,NULL,NULL,NULL,NULL,NULL),(2165,574,NULL,'Бельгия',NULL,NULL,NULL,NULL),(2165,575,NULL,'Savic',NULL,NULL,NULL,NULL),(2165,585,NULL,'62х36х71 см',NULL,NULL,NULL,NULL),(2165,462,NULL,NULL,NULL,505,NULL,NULL),(2165,586,NULL,'Пластик, металл ',NULL,NULL,NULL,NULL),(2165,302,1511603167,NULL,NULL,NULL,NULL,NULL),(2166,3,NULL,'FERPLAST REKORD',NULL,NULL,NULL,NULL),(2166,2,NULL,'FERPLAST REKORD',NULL,NULL,NULL,NULL),(2166,6,NULL,'FERPLAST REKORD',NULL,NULL,NULL,NULL),(2166,5,NULL,'FERPLAST REKORD',NULL,NULL,NULL,NULL),(2166,304,NULL,NULL,NULL,NULL,NULL,6875),(2166,307,3,NULL,NULL,NULL,NULL,NULL),(2166,574,NULL,'Ferplast',NULL,NULL,NULL,NULL),(2166,575,NULL,'Ferplast',NULL,NULL,NULL,NULL),(2166,585,NULL,'60х32,5х57,5 см ',NULL,NULL,NULL,NULL),(2166,462,NULL,NULL,NULL,417,NULL,NULL),(2166,586,NULL,'Пластик, металл ',NULL,NULL,NULL,NULL),(2166,302,1511605081,NULL,NULL,NULL,NULL,NULL),(2168,3,NULL,'Корм для попугаев Cliffi, с фруктами и орехами',NULL,NULL,NULL,NULL),(2168,2,NULL,'Корм для попугаев Cliffi, с фруктами и орехами',NULL,NULL,NULL,NULL),(2168,6,NULL,'Корм для попугаев Cliffi, с фруктами и орехами',NULL,NULL,NULL,NULL),(2168,5,NULL,'Корм для попугаев Cliffi, с фруктами и орехами',NULL,NULL,NULL,NULL),(2168,303,NULL,NULL,NULL,41,NULL,NULL),(2168,304,NULL,NULL,NULL,NULL,NULL,410),(2168,307,25,NULL,NULL,NULL,NULL,NULL),(2168,551,NULL,NULL,NULL,1981,NULL,NULL),(2168,552,NULL,NULL,NULL,1960,NULL,NULL),(2168,553,NULL,NULL,NULL,1978,NULL,NULL),(2168,554,NULL,NULL,NULL,2167,NULL,NULL),(2168,555,NULL,NULL,NULL,NULL,NULL,700),(2168,574,NULL,'Италия',NULL,NULL,NULL,NULL),(2168,575,NULL,'CHEMI-VIT',NULL,NULL,NULL,NULL),(2168,302,1511606760,NULL,NULL,NULL,NULL,NULL),(2170,3,NULL,'Лакомство Fiory Biscottelli with apples',NULL,NULL,NULL,NULL),(2170,2,NULL,'Лакомство Fiory Biscottelli with apples',NULL,NULL,NULL,NULL),(2170,6,NULL,'Лакомство Fiory Biscottelli with apples',NULL,NULL,NULL,NULL),(2170,5,NULL,'Лакомство Fiory Biscottelli with apples',NULL,NULL,NULL,NULL),(2170,303,NULL,NULL,NULL,41,NULL,NULL),(2170,304,NULL,NULL,NULL,NULL,NULL,99),(2170,307,50,NULL,NULL,NULL,NULL,NULL),(2170,455,NULL,NULL,'<p><span>Fiory Biscottelli with apples бисквиты для птиц с яблоком</span><br /><span>Аппетитные бисквитные печенья с яблоком &ndash; прекрасное лакомство для домашних птиц.</span><br /><span>Порадуйте вашу птичку ароматными бисквитами, в состав которых входят злаки, помогающие пищеварению вашего питомца.</span><br /><span>Состав</span><br /><span>Содержат яйца, сахар, молоко, яблоки.&nbsp;</span><br /><span>Ингредиенты: злаки, яйцо и его производные (30%), сахар (27%), яблоко (4,1%), содержащиеся антиоксиданты одобрены Советом Европы.</span></p>',NULL,NULL,NULL),(2170,551,NULL,NULL,NULL,1947,NULL,NULL),(2170,552,NULL,NULL,NULL,1960,NULL,NULL),(2170,553,NULL,NULL,NULL,1949,NULL,NULL),(2170,555,NULL,NULL,NULL,NULL,NULL,30),(2170,574,NULL,'Италия',NULL,NULL,NULL,NULL),(2170,575,NULL,'Fiory',NULL,NULL,NULL,NULL),(2170,302,1511607927,NULL,NULL,NULL,NULL,NULL),(2172,3,NULL,'Лакомство Рио Бисквиты для птиц с лесными ягодами',NULL,NULL,NULL,NULL),(2172,2,NULL,'Лакомство Рио Бисквиты для птиц с лесными ягодами',NULL,NULL,NULL,NULL),(2172,6,NULL,'Лакомство Рио Бисквиты для птиц с лесными ягодами',NULL,NULL,NULL,NULL),(2172,5,NULL,'Лакомство Рио Бисквиты для птиц с лесными ягодами',NULL,NULL,NULL,NULL),(2172,303,NULL,NULL,NULL,41,NULL,NULL),(2172,304,NULL,NULL,NULL,NULL,NULL,80),(2172,307,80,NULL,NULL,NULL,NULL,NULL),(2172,455,NULL,NULL,'<p><span>Рио Бисквиты для птиц с лесными ягодами</span><br /><span>Дополнительное питание для декоративных птиц. Бисквиты RIO - это вкусная и питательная добавка к основному рациону для всех видов птиц. Приготовленные из цельных яиц и злаков, бисквиты будут особенно полезны в период линьки и размножения.</span><br /><span>Состав: злаки, яйца и яичные продукты (30%), сахар (в том числе мед), сушеные ягоды (черника, ежевика, малина, земляника) - 1%, хлебопекарные продукты.</span></p>',NULL,NULL,NULL),(2172,551,NULL,NULL,NULL,1981,NULL,NULL),(2172,552,NULL,NULL,NULL,1948,NULL,NULL),(2172,553,NULL,NULL,NULL,1949,NULL,NULL),(2172,554,NULL,NULL,NULL,2171,NULL,NULL),(2172,555,NULL,NULL,NULL,NULL,NULL,400),(2172,574,NULL,'Россия',NULL,NULL,NULL,NULL),(2172,575,NULL,'РИО',NULL,NULL,NULL,NULL),(2172,302,1511608110,NULL,NULL,NULL,NULL,NULL),(2173,3,NULL,'Духовые шкафы',NULL,NULL,NULL,NULL),(2173,2,NULL,'Духовые шкафы',NULL,NULL,NULL,NULL),(2173,6,NULL,'Духовые шкафы',NULL,NULL,NULL,NULL),(2173,5,NULL,'Духовые шкафы',NULL,NULL,NULL,NULL),(2173,12,1,NULL,NULL,NULL,NULL,NULL),(2177,3,NULL,'духовка газовая RGO-610BL',NULL,NULL,NULL,NULL),(2177,2,NULL,'духовка газовая RGO-610BL',NULL,NULL,NULL,NULL),(2177,6,NULL,'духовка газовая RGO-610BL',NULL,NULL,NULL,NULL),(2177,5,NULL,'духовка газовая RGO-610BL',NULL,NULL,NULL,NULL),(2177,304,NULL,NULL,NULL,NULL,NULL,18990),(2177,307,3,NULL,NULL,NULL,NULL,NULL),(2177,574,NULL,'Турция',NULL,NULL,NULL,NULL),(2177,587,NULL,NULL,NULL,2174,NULL,NULL),(2177,588,NULL,NULL,NULL,415,NULL,NULL),(2177,589,NULL,'63 л',NULL,NULL,NULL,NULL),(2177,583,NULL,'59,5х59,5х55',NULL,NULL,NULL,NULL),(2177,302,1511608938,NULL,NULL,NULL,NULL,NULL),(2179,3,NULL,'Электрический духовой шкаф Hansa BOEW68077',NULL,NULL,NULL,NULL),(2179,2,NULL,'Электрический духовой шкаф Hansa BOEW68077',NULL,NULL,NULL,NULL),(2179,6,NULL,'Электрический духовой шкаф Hansa BOEW68077',NULL,NULL,NULL,NULL),(2179,5,NULL,'Электрический духовой шкаф Hansa BOEW68077',NULL,NULL,NULL,NULL),(2179,303,NULL,NULL,NULL,41,NULL,NULL),(2179,304,NULL,NULL,NULL,NULL,NULL,16900),(2179,307,1,NULL,NULL,NULL,NULL,NULL),(2179,460,1,NULL,NULL,NULL,NULL,NULL),(2179,574,NULL,'Польша',NULL,NULL,NULL,NULL),(2179,587,NULL,NULL,NULL,2178,NULL,NULL),(2179,588,NULL,NULL,NULL,505,NULL,NULL),(2179,589,NULL,'62 Л',NULL,NULL,NULL,NULL),(2179,590,NULL,NULL,NULL,2175,NULL,NULL),(2179,583,NULL,'575x595x575',NULL,NULL,NULL,NULL),(2179,302,1511609250,NULL,NULL,NULL,NULL,NULL),(2180,3,NULL,'Электрический духовой шкаф Hansa BOES68077',NULL,NULL,NULL,NULL),(2180,2,NULL,'Электрический духовой шкаф Hansa BOES68077',NULL,NULL,NULL,NULL),(2180,6,NULL,'Электрический духовой шкаф Hansa BOES68077',NULL,NULL,NULL,NULL),(2180,5,NULL,'Электрический духовой шкаф Hansa BOES68077',NULL,NULL,NULL,NULL),(2180,7,NULL,'Электрический духовой шкаф Hansa BOES68077',NULL,NULL,NULL,NULL),(2180,303,NULL,NULL,NULL,41,NULL,NULL),(2180,304,NULL,NULL,NULL,NULL,NULL,12900),(2180,307,3,NULL,NULL,NULL,NULL,NULL),(2180,574,NULL,'Польша',NULL,NULL,NULL,NULL),(2180,587,NULL,NULL,NULL,2178,NULL,NULL),(2180,588,NULL,NULL,NULL,415,NULL,NULL),(2180,589,NULL,'62 Л',NULL,NULL,NULL,NULL),(2180,590,NULL,NULL,NULL,2175,NULL,NULL),(2180,583,NULL,'585x595x565',NULL,NULL,NULL,NULL),(2180,302,1511609392,NULL,NULL,NULL,NULL,NULL),(2183,3,NULL,'Электрический духовой шкаф Bosch Serie | 6 HBA23B351R',NULL,NULL,NULL,NULL),(2183,2,NULL,'Электрический духовой шкаф Bosch Serie | 6 HBA23B351R',NULL,NULL,NULL,NULL),(2183,6,NULL,'Электрический духовой шкаф Bosch Serie | 6 HBA23B351R',NULL,NULL,NULL,NULL),(2183,5,NULL,'Электрический духовой шкаф Bosch Serie | 6 HBA23B351R',NULL,NULL,NULL,NULL),(2183,303,NULL,NULL,NULL,41,NULL,NULL),(2183,304,NULL,NULL,NULL,NULL,NULL,25900),(2183,307,4,NULL,NULL,NULL,NULL,NULL),(2183,574,NULL,'Испания',NULL,NULL,NULL,NULL),(2183,587,NULL,NULL,NULL,2181,NULL,NULL),(2183,588,NULL,NULL,NULL,505,NULL,NULL),(2183,589,NULL,'65',NULL,NULL,NULL,NULL),(2183,590,NULL,NULL,NULL,2182,NULL,NULL),(2183,583,NULL,'595x515x595',NULL,NULL,NULL,NULL),(2183,302,1511609524,NULL,NULL,NULL,NULL,NULL),(2185,3,NULL,'Электрический духовой шкаф Samsung NV70K2340RS',NULL,NULL,NULL,NULL),(2185,2,NULL,'Электрический духовой шкаф Samsung NV70K2340RS',NULL,NULL,NULL,NULL),(2185,6,NULL,'Электрический духовой шкаф Samsung NV70K2340RS',NULL,NULL,NULL,NULL),(2185,5,NULL,'Электрический духовой шкаф Samsung NV70K2340RS',NULL,NULL,NULL,NULL),(2185,303,NULL,NULL,NULL,41,NULL,NULL),(2185,304,NULL,NULL,NULL,NULL,NULL,27900),(2185,307,3,NULL,NULL,NULL,NULL,NULL),(2185,574,NULL,'Таиланд',NULL,NULL,NULL,NULL),(2185,587,NULL,NULL,NULL,2184,NULL,NULL),(2185,588,NULL,NULL,NULL,505,NULL,NULL),(2185,589,NULL,'70 Л',NULL,NULL,NULL,NULL),(2185,590,NULL,NULL,NULL,2182,NULL,NULL),(2185,583,NULL,'595x566x595',NULL,NULL,NULL,NULL),(2185,302,1511609712,NULL,NULL,NULL,NULL,NULL),(2186,3,NULL,'Стиральные машины',NULL,NULL,NULL,NULL),(2186,2,NULL,'Стиральные машины',NULL,NULL,NULL,NULL),(2186,6,NULL,'Стиральные машины',NULL,NULL,NULL,NULL),(2186,5,NULL,'Стиральные машины',NULL,NULL,NULL,NULL),(2186,12,1,NULL,NULL,NULL,NULL,NULL),(2187,3,NULL,'LG E10B8ND',NULL,NULL,NULL,NULL),(2187,2,NULL,'LG E10B8ND',NULL,NULL,NULL,NULL),(2187,6,NULL,'LG E10B8ND',NULL,NULL,NULL,NULL),(2187,5,NULL,'LG E10B8ND',NULL,NULL,NULL,NULL),(2187,303,NULL,NULL,NULL,41,NULL,NULL),(2187,304,NULL,NULL,NULL,NULL,NULL,24900),(2187,307,4,NULL,NULL,NULL,NULL,NULL),(2187,574,NULL,'Россия',NULL,NULL,NULL,NULL),(2187,575,NULL,'LG',NULL,NULL,NULL,NULL),(2187,591,NULL,'А',NULL,NULL,NULL,NULL),(2187,592,NULL,'6кг',NULL,NULL,NULL,NULL),(2187,593,NULL,'13',NULL,NULL,NULL,NULL),(2187,583,NULL,'85x66x44',NULL,NULL,NULL,NULL),(2187,594,NULL,'Белый',NULL,NULL,NULL,NULL),(2187,595,NULL,'59 кг',NULL,NULL,NULL,NULL),(2187,302,1511610976,NULL,NULL,NULL,NULL,NULL),(2187,596,NULL,NULL,NULL,2188,NULL,NULL),(2190,3,NULL,'Стиральная машина BOSCH WLG20165OE',NULL,NULL,NULL,NULL),(2190,2,NULL,'Стиральная машина BOSCH WLG20165OE',NULL,NULL,NULL,NULL),(2190,6,NULL,'Стиральная машина BOSCH WLG20165OE',NULL,NULL,NULL,NULL),(2190,5,NULL,'Стиральная машина BOSCH WLG20165OE',NULL,NULL,NULL,NULL),(2190,303,NULL,NULL,NULL,41,NULL,NULL),(2190,304,NULL,NULL,NULL,NULL,NULL,22000),(2190,307,2,NULL,NULL,NULL,NULL,NULL),(2190,459,1,NULL,NULL,NULL,NULL,NULL),(2190,574,NULL,'Россия',NULL,NULL,NULL,NULL),(2190,591,NULL,'А',NULL,NULL,NULL,NULL),(2190,592,NULL,'4',NULL,NULL,NULL,NULL),(2190,593,NULL,'12',NULL,NULL,NULL,NULL),(2190,583,NULL,'84x60x40',NULL,NULL,NULL,NULL),(2190,594,NULL,'Белый',NULL,NULL,NULL,NULL),(2190,595,NULL,'61 кг',NULL,NULL,NULL,NULL),(2190,596,NULL,NULL,NULL,2189,NULL,NULL),(2190,302,1511611337,NULL,NULL,NULL,NULL,NULL),(2192,3,NULL,'INDESIT EWSC 51051 B',NULL,NULL,NULL,NULL),(2192,2,NULL,'INDESIT EWSC 51051 B',NULL,NULL,NULL,NULL),(2192,6,NULL,'INDESIT EWSC 51051 B',NULL,NULL,NULL,NULL),(2192,5,NULL,'INDESIT EWSC 51051 B',NULL,NULL,NULL,NULL),(2192,303,NULL,NULL,NULL,41,NULL,NULL),(2192,304,NULL,NULL,NULL,NULL,NULL,15499),(2192,307,2,NULL,NULL,NULL,NULL,NULL),(2192,574,NULL,'Россия',NULL,NULL,NULL,NULL),(2192,591,NULL,'А',NULL,NULL,NULL,NULL),(2192,592,NULL,'5 кг',NULL,NULL,NULL,NULL),(2192,593,NULL,'12',NULL,NULL,NULL,NULL),(2192,583,NULL,'85x59x45',NULL,NULL,NULL,NULL),(2192,594,NULL,'Белый',NULL,NULL,NULL,NULL),(2192,595,NULL,'61',NULL,NULL,NULL,NULL),(2192,596,NULL,NULL,NULL,2191,NULL,NULL),(2192,302,1511611665,NULL,NULL,NULL,NULL,NULL),(2193,176,NULL,'e10adc3949ba59abbe56e057f20f883e',NULL,NULL,NULL,NULL),(2193,177,NULL,'test45@ya.ru',NULL,NULL,NULL,NULL),(2193,178,NULL,NULL,NULL,35,NULL,NULL),(2193,181,1,NULL,NULL,NULL,NULL,NULL),(2193,201,NULL,'Екатерина',NULL,NULL,NULL,NULL),(2193,199,NULL,'darkslateblue',NULL,NULL,NULL,NULL),(2193,189,NULL,'seo,content,news,blogs20,forum,comments,vote,webforms,photoalbum,dispatches,catalog,emarket,banners,users,stat,exchange,trash',NULL,NULL,NULL,NULL),(2193,198,1512594000,NULL,NULL,NULL,NULL,NULL),(2193,200,NULL,'Серьезная',NULL,NULL,NULL,NULL),(2194,176,NULL,'202cb962ac59075b964b07152d234b70',NULL,NULL,NULL,NULL),(2194,177,NULL,'12345@yandex.ru',NULL,NULL,NULL,NULL),(2194,178,NULL,NULL,NULL,35,NULL,NULL),(2194,181,1,NULL,NULL,NULL,NULL,NULL),(2194,200,NULL,'Беспристрастный',NULL,NULL,NULL,NULL),(2194,201,NULL,'Иван',NULL,NULL,NULL,NULL),(2194,199,NULL,'goldenrod',NULL,NULL,NULL,NULL),(2194,189,NULL,'seo,content,news,blogs20,forum,comments,vote,webforms,photoalbum,dispatches,catalog,emarket,banners,users,stat,exchange,trash',NULL,NULL,NULL,NULL),(2194,198,1512594000,NULL,NULL,NULL,NULL,NULL),(2195,176,NULL,'202cb962ac59075b964b07152d234b70',NULL,NULL,NULL,NULL),(2195,177,NULL,'keril007@mail.ru',NULL,NULL,NULL,NULL),(2195,178,NULL,NULL,NULL,35,NULL,NULL),(2195,181,1,NULL,NULL,NULL,NULL,NULL),(2195,200,NULL,'Петуховский',NULL,NULL,NULL,NULL),(2195,201,NULL,'Кирилл',NULL,NULL,NULL,NULL),(2195,199,NULL,'peru',NULL,NULL,NULL,NULL),(2195,189,NULL,'seo,content,news,blogs20,forum,comments,vote,webforms,photoalbum,dispatches,catalog,emarket,banners,users,stat,exchange,trash',NULL,NULL,NULL,NULL),(2195,198,1512594000,NULL,NULL,NULL,NULL,NULL),(2196,176,NULL,'202cb962ac59075b964b07152d234b70',NULL,NULL,NULL,NULL),(2196,177,NULL,'meladze@gmail.com',NULL,NULL,NULL,NULL),(2196,178,NULL,NULL,NULL,35,NULL,NULL),(2196,181,1,NULL,NULL,NULL,NULL,NULL),(2196,200,NULL,'Меладзе',NULL,NULL,NULL,NULL),(2196,201,NULL,'Никита',NULL,NULL,NULL,NULL),(2196,199,NULL,'peru',NULL,NULL,NULL,NULL),(2196,189,NULL,'seo,content,news,blogs20,forum,comments,vote,webforms,photoalbum,dispatches,catalog,emarket,banners,users,stat,exchange,trash',NULL,NULL,NULL,NULL),(2196,198,1512594000,NULL,NULL,NULL,NULL,NULL),(2193,175,NULL,'Xanter',NULL,NULL,NULL,NULL),(2194,175,NULL,'Gennadiy',NULL,NULL,NULL,NULL),(2195,175,NULL,'O_donnel',NULL,NULL,NULL,NULL),(2196,175,NULL,'Viktor_vuten',NULL,NULL,NULL,NULL),(2197,176,NULL,'202cb962ac59075b964b07152d234b70',NULL,NULL,NULL,NULL),(2197,177,NULL,'56789@gmail.com',NULL,NULL,NULL,NULL),(2197,178,NULL,NULL,NULL,35,NULL,NULL),(2197,181,1,NULL,NULL,NULL,NULL,NULL),(2197,201,NULL,'Ильдар',NULL,NULL,NULL,NULL),(2197,199,NULL,'magenta',NULL,NULL,NULL,NULL),(2197,189,NULL,'seo,content,news,blogs20,forum,comments,vote,webforms,photoalbum,dispatches,catalog,emarket,banners,users,stat,exchange,trash',NULL,NULL,NULL,NULL),(1683,175,NULL,'i_am_boss',NULL,NULL,NULL,NULL),(1634,175,NULL,'Вrandon_start',NULL,NULL,NULL,NULL),(1678,175,NULL,'intellect_rebus',NULL,NULL,NULL,NULL),(2197,175,NULL,'No_body',NULL,NULL,NULL,NULL),(2197,198,1512594000,NULL,NULL,NULL,NULL,NULL),(1634,198,1512594000,NULL,NULL,NULL,NULL,NULL),(1678,198,1512594000,NULL,NULL,NULL,NULL,NULL),(1681,198,1512594000,NULL,NULL,NULL,NULL,NULL),(1682,198,1512594000,NULL,NULL,NULL,NULL,NULL),(1683,198,1512594000,NULL,NULL,NULL,NULL,NULL),(1681,175,NULL,'Tekila_lover',NULL,NULL,NULL,NULL),(1682,175,NULL,'RamzesIII',NULL,NULL,NULL,NULL),(2198,176,NULL,'202cb962ac59075b964b07152d234b70',NULL,NULL,NULL,NULL),(2198,177,NULL,'b2b@mail.ru',NULL,NULL,NULL,NULL),(2198,178,NULL,NULL,NULL,35,NULL,NULL),(2198,181,1,NULL,NULL,NULL,NULL,NULL),(2198,201,NULL,'Стас',NULL,NULL,NULL,NULL),(2198,199,NULL,'magenta',NULL,NULL,NULL,NULL),(2198,189,NULL,'seo,content,news,blogs20,forum,comments,vote,webforms,photoalbum,dispatches,catalog,emarket,banners,users,stat,exchange,trash',NULL,NULL,NULL,NULL),(2198,175,NULL,'kekman',NULL,NULL,NULL,NULL),(2198,198,1512594000,NULL,NULL,NULL,NULL,NULL),(1849,15,43,NULL,NULL,NULL,NULL,NULL),(1849,16,130,NULL,NULL,NULL,NULL,NULL),(1871,15,42,NULL,NULL,NULL,NULL,NULL),(1871,16,137,NULL,NULL,NULL,NULL,NULL),(2090,15,34,NULL,NULL,NULL,NULL,NULL),(2090,16,107,NULL,NULL,NULL,NULL,NULL),(2084,15,38,NULL,NULL,NULL,NULL,NULL),(2084,16,121,NULL,NULL,NULL,NULL,NULL),(2190,15,31,NULL,NULL,NULL,NULL,NULL),(2190,16,94,NULL,NULL,NULL,NULL,NULL),(2138,15,41,NULL,NULL,NULL,NULL,NULL),(2138,16,120,NULL,NULL,NULL,NULL,NULL),(1935,15,40,NULL,NULL,NULL,NULL,NULL),(1935,16,119,NULL,NULL,NULL,NULL,NULL),(1865,15,38,NULL,NULL,NULL,NULL,NULL),(1865,16,122,NULL,NULL,NULL,NULL,NULL),(1923,15,35,NULL,NULL,NULL,NULL,NULL),(1923,16,109,NULL,NULL,NULL,NULL,NULL),(1891,15,34,NULL,NULL,NULL,NULL,NULL),(1891,16,103,NULL,NULL,NULL,NULL,NULL),(2009,15,32,NULL,NULL,NULL,NULL,NULL),(2009,16,93,NULL,NULL,NULL,NULL,NULL),(1924,15,28,NULL,NULL,NULL,NULL,NULL),(1924,16,80,NULL,NULL,NULL,NULL,NULL),(2018,15,32,NULL,NULL,NULL,NULL,NULL),(2018,16,104,NULL,NULL,NULL,NULL,NULL),(2183,15,37,NULL,NULL,NULL,NULL,NULL),(2183,16,109,NULL,NULL,NULL,NULL,NULL),(2179,15,32,NULL,NULL,NULL,NULL,NULL),(2179,16,95,NULL,NULL,NULL,NULL,NULL),(2185,15,32,NULL,NULL,NULL,NULL,NULL),(2185,16,100,NULL,NULL,NULL,NULL,NULL),(2180,15,35,NULL,NULL,NULL,NULL,NULL),(2180,16,105,NULL,NULL,NULL,NULL,NULL),(2177,15,33,NULL,NULL,NULL,NULL,NULL),(2177,16,96,NULL,NULL,NULL,NULL,NULL),(2131,15,35,NULL,NULL,NULL,NULL,NULL),(2131,16,102,NULL,NULL,NULL,NULL,NULL),(2011,15,53,NULL,NULL,NULL,NULL,NULL),(2011,16,158,NULL,NULL,NULL,NULL,NULL),(2070,15,40,NULL,NULL,NULL,NULL,NULL),(2070,16,130,NULL,NULL,NULL,NULL,NULL),(2013,15,57,NULL,NULL,NULL,NULL,NULL),(2013,16,165,NULL,NULL,NULL,NULL,NULL),(2077,15,46,NULL,NULL,NULL,NULL,NULL),(2077,16,137,NULL,NULL,NULL,NULL,NULL),(1901,15,52,NULL,NULL,NULL,NULL,NULL),(1901,16,151,NULL,NULL,NULL,NULL,NULL),(2134,15,40,NULL,NULL,NULL,NULL,NULL),(2134,16,121,NULL,NULL,NULL,NULL,NULL),(2100,15,47,NULL,NULL,NULL,NULL,NULL),(2100,16,139,NULL,NULL,NULL,NULL,NULL),(2106,15,45,NULL,NULL,NULL,NULL,NULL),(2106,16,141,NULL,NULL,NULL,NULL,NULL),(1868,15,45,NULL,NULL,NULL,NULL,NULL),(1868,16,133,NULL,NULL,NULL,NULL,NULL),(2096,15,45,NULL,NULL,NULL,NULL,NULL),(2096,16,133,NULL,NULL,NULL,NULL,NULL),(1915,15,51,NULL,NULL,NULL,NULL,NULL),(1915,16,169,NULL,NULL,NULL,NULL,NULL),(1823,15,48,NULL,NULL,NULL,NULL,NULL),(1823,16,149,NULL,NULL,NULL,NULL,NULL),(1973,15,33,NULL,NULL,NULL,NULL,NULL),(1973,16,96,NULL,NULL,NULL,NULL,NULL),(1938,15,34,NULL,NULL,NULL,NULL,NULL),(1938,16,103,NULL,NULL,NULL,NULL,NULL),(2071,15,47,NULL,NULL,NULL,NULL,NULL),(2071,16,137,NULL,NULL,NULL,NULL,NULL),(2069,15,39,NULL,NULL,NULL,NULL,NULL),(2069,16,113,NULL,NULL,NULL,NULL,NULL),(2051,15,46,NULL,NULL,NULL,NULL,NULL),(2051,16,131,NULL,NULL,NULL,NULL,NULL),(2007,15,40,NULL,NULL,NULL,NULL,NULL),(2007,16,123,NULL,NULL,NULL,NULL,NULL),(2014,15,42,NULL,NULL,NULL,NULL,NULL),(2014,16,124,NULL,NULL,NULL,NULL,NULL),(2107,15,42,NULL,NULL,NULL,NULL,NULL),(2107,16,126,NULL,NULL,NULL,NULL,NULL),(2093,15,39,NULL,NULL,NULL,NULL,NULL),(2093,16,118,NULL,NULL,NULL,NULL,NULL),(2016,15,38,NULL,NULL,NULL,NULL,NULL),(2016,16,119,NULL,NULL,NULL,NULL,NULL),(2078,15,41,NULL,NULL,NULL,NULL,NULL),(2078,16,131,NULL,NULL,NULL,NULL,NULL),(2103,15,40,NULL,NULL,NULL,NULL,NULL),(2103,16,123,NULL,NULL,NULL,NULL,NULL),(2073,15,43,NULL,NULL,NULL,NULL,NULL),(2073,16,127,NULL,NULL,NULL,NULL,NULL),(1872,15,49,NULL,NULL,NULL,NULL,NULL),(1872,16,143,NULL,NULL,NULL,NULL,NULL),(1869,15,35,NULL,NULL,NULL,NULL,NULL),(1869,16,109,NULL,NULL,NULL,NULL,NULL),(1833,15,31,NULL,NULL,NULL,NULL,NULL),(1833,16,95,NULL,NULL,NULL,NULL,NULL),(1858,15,33,NULL,NULL,NULL,NULL,NULL),(1858,16,94,NULL,NULL,NULL,NULL,NULL),(1852,15,40,NULL,NULL,NULL,NULL,NULL),(1852,16,116,NULL,NULL,NULL,NULL,NULL),(1998,15,35,NULL,NULL,NULL,NULL,NULL),(1998,16,102,NULL,NULL,NULL,NULL,NULL),(1993,15,34,NULL,NULL,NULL,NULL,NULL),(1993,16,102,NULL,NULL,NULL,NULL,NULL),(1855,15,40,NULL,NULL,NULL,NULL,NULL),(1855,16,122,NULL,NULL,NULL,NULL,NULL),(2005,15,35,NULL,NULL,NULL,NULL,NULL),(2005,16,105,NULL,NULL,NULL,NULL,NULL),(1991,15,40,NULL,NULL,NULL,NULL,NULL),(1991,16,124,NULL,NULL,NULL,NULL,NULL),(1995,15,36,NULL,NULL,NULL,NULL,NULL),(1995,16,110,NULL,NULL,NULL,NULL,NULL),(1999,15,35,NULL,NULL,NULL,NULL,NULL),(1999,16,104,NULL,NULL,NULL,NULL,NULL),(1859,15,34,NULL,NULL,NULL,NULL,NULL),(1859,16,105,NULL,NULL,NULL,NULL,NULL),(2148,15,42,NULL,NULL,NULL,NULL,NULL),(2148,16,128,NULL,NULL,NULL,NULL,NULL),(2146,15,38,NULL,NULL,NULL,NULL,NULL),(2146,16,114,NULL,NULL,NULL,NULL,NULL),(2150,15,37,NULL,NULL,NULL,NULL,NULL),(2150,16,114,NULL,NULL,NULL,NULL,NULL),(2156,15,34,NULL,NULL,NULL,NULL,NULL),(2156,16,94,NULL,NULL,NULL,NULL,NULL),(1866,15,38,NULL,NULL,NULL,NULL,NULL),(1866,16,111,NULL,NULL,NULL,NULL,NULL),(2143,15,46,NULL,NULL,NULL,NULL,NULL),(2143,16,137,NULL,NULL,NULL,NULL,NULL),(2001,15,37,NULL,NULL,NULL,NULL,NULL),(2001,16,111,NULL,NULL,NULL,NULL,NULL),(1860,15,37,NULL,NULL,NULL,NULL,NULL),(1860,16,111,NULL,NULL,NULL,NULL,NULL),(1996,15,47,NULL,NULL,NULL,NULL,NULL),(1996,16,147,NULL,NULL,NULL,NULL,NULL),(2151,15,39,NULL,NULL,NULL,NULL,NULL),(2151,16,118,NULL,NULL,NULL,NULL,NULL),(2135,15,39,NULL,NULL,NULL,NULL,NULL),(2135,16,122,NULL,NULL,NULL,NULL,NULL),(2130,15,43,NULL,NULL,NULL,NULL,NULL),(2130,16,136,NULL,NULL,NULL,NULL,NULL),(2002,15,35,NULL,NULL,NULL,NULL,NULL),(2002,16,98,NULL,NULL,NULL,NULL,NULL),(2141,15,38,NULL,NULL,NULL,NULL,NULL),(2141,16,116,NULL,NULL,NULL,NULL,NULL),(1997,15,34,NULL,NULL,NULL,NULL,NULL),(1997,16,102,NULL,NULL,NULL,NULL,NULL),(2133,15,46,NULL,NULL,NULL,NULL,NULL),(2133,16,128,NULL,NULL,NULL,NULL,NULL),(1912,15,51,NULL,NULL,NULL,NULL,NULL),(1912,16,148,NULL,NULL,NULL,NULL,NULL),(2020,15,40,NULL,NULL,NULL,NULL,NULL),(2020,16,126,NULL,NULL,NULL,NULL,NULL),(2012,15,39,NULL,NULL,NULL,NULL,NULL),(2012,16,121,NULL,NULL,NULL,NULL,NULL),(2008,15,41,NULL,NULL,NULL,NULL,NULL),(2008,16,127,NULL,NULL,NULL,NULL,NULL),(2017,15,43,NULL,NULL,NULL,NULL,NULL),(2017,16,131,NULL,NULL,NULL,NULL,NULL),(1906,15,42,NULL,NULL,NULL,NULL,NULL),(1906,16,125,NULL,NULL,NULL,NULL,NULL),(2010,15,39,NULL,NULL,NULL,NULL,NULL),(2010,16,116,NULL,NULL,NULL,NULL,NULL),(1968,15,34,NULL,NULL,NULL,NULL,NULL),(1968,16,102,NULL,NULL,NULL,NULL,NULL),(1921,15,29,NULL,NULL,NULL,NULL,NULL),(1921,16,87,NULL,NULL,NULL,NULL,NULL),(1898,15,29,NULL,NULL,NULL,NULL,NULL),(1898,16,88,NULL,NULL,NULL,NULL,NULL),(1918,15,30,NULL,NULL,NULL,NULL,NULL),(1918,16,91,NULL,NULL,NULL,NULL,NULL),(1967,15,35,NULL,NULL,NULL,NULL,NULL),(1967,16,105,NULL,NULL,NULL,NULL,NULL),(1972,15,37,NULL,NULL,NULL,NULL,NULL),(1972,16,117,NULL,NULL,NULL,NULL,NULL),(1965,15,30,NULL,NULL,NULL,NULL,NULL),(1965,16,90,NULL,NULL,NULL,NULL,NULL),(2164,15,34,NULL,NULL,NULL,NULL,NULL),(2164,16,99,NULL,NULL,NULL,NULL,NULL),(2165,15,32,NULL,NULL,NULL,NULL,NULL),(2165,16,100,NULL,NULL,NULL,NULL,NULL),(2163,15,34,NULL,NULL,NULL,NULL,NULL),(2163,16,98,NULL,NULL,NULL,NULL,NULL),(2166,15,35,NULL,NULL,NULL,NULL,NULL),(2166,16,103,NULL,NULL,NULL,NULL,NULL),(2162,15,34,NULL,NULL,NULL,NULL,NULL),(2162,16,103,NULL,NULL,NULL,NULL,NULL),(2187,15,32,NULL,NULL,NULL,NULL,NULL),(2187,16,105,NULL,NULL,NULL,NULL,NULL),(2192,15,29,NULL,NULL,NULL,NULL,NULL),(2192,16,88,NULL,NULL,NULL,NULL,NULL),(1992,15,36,NULL,NULL,NULL,NULL,NULL),(1992,16,106,NULL,NULL,NULL,NULL,NULL),(1994,15,37,NULL,NULL,NULL,NULL,NULL),(1994,16,108,NULL,NULL,NULL,NULL,NULL),(1940,15,36,NULL,NULL,NULL,NULL,NULL),(1940,16,111,NULL,NULL,NULL,NULL,NULL),(2003,15,37,NULL,NULL,NULL,NULL,NULL),(2003,16,113,NULL,NULL,NULL,NULL,NULL),(1929,15,33,NULL,NULL,NULL,NULL,NULL),(1929,16,102,NULL,NULL,NULL,NULL,NULL),(1933,15,41,NULL,NULL,NULL,NULL,NULL),(1933,16,126,NULL,NULL,NULL,NULL,NULL),(1937,15,36,NULL,NULL,NULL,NULL,NULL),(1937,16,105,NULL,NULL,NULL,NULL,NULL),(1959,15,33,NULL,NULL,NULL,NULL,NULL),(1959,16,99,NULL,NULL,NULL,NULL,NULL),(1942,15,38,NULL,NULL,NULL,NULL,NULL),(1942,16,123,NULL,NULL,NULL,NULL,NULL),(1954,15,35,NULL,NULL,NULL,NULL,NULL),(1954,16,102,NULL,NULL,NULL,NULL,NULL),(1945,15,38,NULL,NULL,NULL,NULL,NULL),(1945,16,120,NULL,NULL,NULL,NULL,NULL),(1952,15,36,NULL,NULL,NULL,NULL,NULL),(1952,16,110,NULL,NULL,NULL,NULL,NULL),(1943,15,37,NULL,NULL,NULL,NULL,NULL),(1943,16,110,NULL,NULL,NULL,NULL,NULL),(1946,15,34,NULL,NULL,NULL,NULL,NULL),(1946,16,108,NULL,NULL,NULL,NULL,NULL),(2004,15,38,NULL,NULL,NULL,NULL,NULL),(2004,16,118,NULL,NULL,NULL,NULL,NULL),(2000,15,34,NULL,NULL,NULL,NULL,NULL),(2000,16,108,NULL,NULL,NULL,NULL,NULL),(1939,15,35,NULL,NULL,NULL,NULL,NULL),(1939,16,104,NULL,NULL,NULL,NULL,NULL),(1944,15,40,NULL,NULL,NULL,NULL,NULL),(1944,16,123,NULL,NULL,NULL,NULL,NULL),(1956,15,35,NULL,NULL,NULL,NULL,NULL),(1956,16,103,NULL,NULL,NULL,NULL,NULL),(2006,15,35,NULL,NULL,NULL,NULL,NULL),(2006,16,105,NULL,NULL,NULL,NULL,NULL),(1962,15,36,NULL,NULL,NULL,NULL,NULL),(1962,16,104,NULL,NULL,NULL,NULL,NULL),(1977,15,29,NULL,NULL,NULL,NULL,NULL),(1977,16,86,NULL,NULL,NULL,NULL,NULL),(1974,15,31,NULL,NULL,NULL,NULL,NULL),(1974,16,102,NULL,NULL,NULL,NULL,NULL),(1976,15,26,NULL,NULL,NULL,NULL,NULL),(1976,16,80,NULL,NULL,NULL,NULL,NULL),(2118,15,34,NULL,NULL,NULL,NULL,NULL),(2118,16,102,NULL,NULL,NULL,NULL,NULL),(2092,15,45,NULL,NULL,NULL,NULL,NULL),(2092,16,132,NULL,NULL,NULL,NULL,NULL),(2113,15,40,NULL,NULL,NULL,NULL,NULL),(2113,16,114,NULL,NULL,NULL,NULL,NULL),(2080,15,40,NULL,NULL,NULL,NULL,NULL),(2080,16,123,NULL,NULL,NULL,NULL,NULL),(2116,15,33,NULL,NULL,NULL,NULL,NULL),(2116,16,95,NULL,NULL,NULL,NULL,NULL),(2052,15,44,NULL,NULL,NULL,NULL,NULL),(2052,16,126,NULL,NULL,NULL,NULL,NULL),(2041,15,50,NULL,NULL,NULL,NULL,NULL),(2041,16,149,NULL,NULL,NULL,NULL,NULL),(2104,15,37,NULL,NULL,NULL,NULL,NULL),(2104,16,107,NULL,NULL,NULL,NULL,NULL),(2109,15,43,NULL,NULL,NULL,NULL,NULL),(2109,16,130,NULL,NULL,NULL,NULL,NULL),(2124,15,37,NULL,NULL,NULL,NULL,NULL),(2124,16,108,NULL,NULL,NULL,NULL,NULL),(2110,15,34,NULL,NULL,NULL,NULL,NULL),(2110,16,100,NULL,NULL,NULL,NULL,NULL),(2029,15,46,NULL,NULL,NULL,NULL,NULL),(2029,16,140,NULL,NULL,NULL,NULL,NULL),(2099,15,34,NULL,NULL,NULL,NULL,NULL),(2099,16,106,NULL,NULL,NULL,NULL,NULL),(2121,15,37,NULL,NULL,NULL,NULL,NULL),(2121,16,113,NULL,NULL,NULL,NULL,NULL),(2046,15,41,NULL,NULL,NULL,NULL,NULL),(2046,16,118,NULL,NULL,NULL,NULL,NULL),(2035,15,46,NULL,NULL,NULL,NULL,NULL),(2035,16,139,NULL,NULL,NULL,NULL,NULL),(2074,15,42,NULL,NULL,NULL,NULL,NULL),(2074,16,126,NULL,NULL,NULL,NULL,NULL),(2095,15,38,NULL,NULL,NULL,NULL,NULL),(2095,16,116,NULL,NULL,NULL,NULL,NULL),(2170,15,32,NULL,NULL,NULL,NULL,NULL),(2170,16,101,NULL,NULL,NULL,NULL,NULL),(1982,15,34,NULL,NULL,NULL,NULL,NULL),(1982,16,105,NULL,NULL,NULL,NULL,NULL),(1980,15,26,NULL,NULL,NULL,NULL,NULL),(1980,16,79,NULL,NULL,NULL,NULL,NULL),(2168,15,30,NULL,NULL,NULL,NULL,NULL),(2168,16,89,NULL,NULL,NULL,NULL,NULL),(2172,15,29,NULL,NULL,NULL,NULL,NULL),(2172,16,87,NULL,NULL,NULL,NULL,NULL),(1879,15,35,NULL,NULL,NULL,NULL,NULL),(1879,16,107,NULL,NULL,NULL,NULL,NULL),(2115,15,41,NULL,NULL,NULL,NULL,NULL),(2115,16,122,NULL,NULL,NULL,NULL,NULL),(2199,3,NULL,'Стиральная машина BOSCH WLN2426EOE',NULL,NULL,NULL,NULL),(2199,2,NULL,'Стиральная машина BOSCH WLN2426EOE',NULL,NULL,NULL,NULL),(2199,6,NULL,'Стиральная машина BOSCH WLN2426EOE',NULL,NULL,NULL,NULL),(2199,5,NULL,'Стиральная машина BOSCH WLN2426EOE',NULL,NULL,NULL,NULL),(2199,303,NULL,NULL,NULL,41,NULL,NULL),(2199,304,NULL,NULL,NULL,NULL,NULL,29999),(2199,307,43,NULL,NULL,NULL,NULL,NULL),(2199,574,NULL,'Германия',NULL,NULL,NULL,NULL),(2199,591,NULL,'A ',NULL,NULL,NULL,NULL),(2199,592,NULL,'7 кг',NULL,NULL,NULL,NULL),(2199,593,NULL,'13',NULL,NULL,NULL,NULL),(2199,583,NULL,'85x60x44',NULL,NULL,NULL,NULL),(2199,594,NULL,'Белый',NULL,NULL,NULL,NULL),(2199,595,NULL,'64 кг',NULL,NULL,NULL,NULL),(2199,596,NULL,NULL,NULL,2189,NULL,NULL),(2199,302,1513754850,NULL,NULL,NULL,NULL,NULL),(2201,3,NULL,'Стиральная машина SAMSUNG WW70J52E04W',NULL,NULL,NULL,NULL),(2201,2,NULL,'Стиральная машина SAMSUNG WW70J52E04W',NULL,NULL,NULL,NULL),(2201,6,NULL,'Стиральная машина SAMSUNG WW70J52E04W',NULL,NULL,NULL,NULL),(2201,5,NULL,'Стиральная машина SAMSUNG WW70J52E04W',NULL,NULL,NULL,NULL),(2201,303,NULL,NULL,NULL,41,NULL,NULL),(2201,304,NULL,NULL,NULL,NULL,NULL,27999),(2201,307,56,NULL,NULL,NULL,NULL,NULL),(2201,574,NULL,'Россия',NULL,NULL,NULL,NULL),(2201,591,NULL,'A ',NULL,NULL,NULL,NULL),(2201,592,NULL,'7 кг ',NULL,NULL,NULL,NULL),(2201,593,NULL,'14',NULL,NULL,NULL,NULL),(2201,583,NULL,'85x60x45',NULL,NULL,NULL,NULL),(2201,594,NULL,'Белый',NULL,NULL,NULL,NULL),(2201,595,NULL,'54 кг',NULL,NULL,NULL,NULL),(2201,596,NULL,NULL,NULL,2200,NULL,NULL),(2201,302,1513755551,NULL,NULL,NULL,NULL,NULL),(2203,3,NULL,'Стиральная машина BEKO WKB 51031 PTMA',NULL,NULL,NULL,NULL),(2203,2,NULL,'Стиральная машина BEKO WKB 51031 PTMA',NULL,NULL,NULL,NULL),(2203,6,NULL,'Стиральная машина BEKO WKB 51031 PTMA',NULL,NULL,NULL,NULL),(2203,5,NULL,'Стиральная машина BEKO WKB 51031 PTMA',NULL,NULL,NULL,NULL),(2203,303,NULL,NULL,NULL,41,NULL,NULL),(2203,304,NULL,NULL,NULL,NULL,NULL,12499),(2203,307,11,NULL,NULL,NULL,NULL,NULL),(2203,574,NULL,'Россия',NULL,NULL,NULL,NULL),(2203,591,NULL,'A',NULL,NULL,NULL,NULL),(2203,592,NULL,'5 кг ',NULL,NULL,NULL,NULL),(2203,593,NULL,'11',NULL,NULL,NULL,NULL),(2203,583,NULL,'84x60x35',NULL,NULL,NULL,NULL),(2203,594,NULL,'Белый',NULL,NULL,NULL,NULL),(2203,595,NULL,'51 кг',NULL,NULL,NULL,NULL),(2203,596,NULL,NULL,NULL,2202,NULL,NULL),(2203,302,1513755941,NULL,NULL,NULL,NULL,NULL),(2205,3,NULL,'Стиральная машина ZANUSSI ZWY61025RI',NULL,NULL,NULL,NULL),(2205,2,NULL,'Стиральная машина ZANUSSI ZWY61025RI',NULL,NULL,NULL,NULL),(2205,6,NULL,'Стиральная машина ZANUSSI ZWY61025RI',NULL,NULL,NULL,NULL),(2205,5,NULL,'Стиральная машина ZANUSSI ZWY61025RI',NULL,NULL,NULL,NULL),(2205,303,NULL,NULL,NULL,41,NULL,NULL),(2205,304,NULL,NULL,NULL,NULL,NULL,25999),(2205,307,49,NULL,NULL,NULL,NULL,NULL),(2205,574,NULL,'Польша',NULL,NULL,NULL,NULL),(2205,591,NULL,'A ',NULL,NULL,NULL,NULL),(2205,592,NULL,'6 кг',NULL,NULL,NULL,NULL),(2205,593,NULL,'8',NULL,NULL,NULL,NULL),(2205,583,NULL,'89ч40ч60',NULL,NULL,NULL,NULL),(2205,594,NULL,'Белый',NULL,NULL,NULL,NULL),(2205,595,NULL,'58 кг',NULL,NULL,NULL,NULL),(2205,596,NULL,NULL,NULL,2204,NULL,NULL),(2205,302,1513756230,NULL,NULL,NULL,NULL,NULL),(2207,3,NULL,'Стиральная машина SHARP ES-FB5102AR',NULL,NULL,NULL,NULL),(2207,2,NULL,'Стиральная машина SHARP ES-FB5102AR',NULL,NULL,NULL,NULL),(2207,6,NULL,'Стиральная машина SHARP ES-FB5102AR',NULL,NULL,NULL,NULL),(2207,5,NULL,'Стиральная машина SHARP ES-FB5102AR',NULL,NULL,NULL,NULL),(2207,303,NULL,NULL,NULL,41,NULL,NULL),(2207,304,NULL,NULL,NULL,NULL,NULL,184999),(2207,307,34,NULL,NULL,NULL,NULL,NULL),(2207,574,NULL,'Россия',NULL,NULL,NULL,NULL),(2207,591,NULL,'A ',NULL,NULL,NULL,NULL),(2207,592,NULL,'5 кг ',NULL,NULL,NULL,NULL),(2207,593,NULL,'15',NULL,NULL,NULL,NULL),(2207,583,NULL,'85х59х40',NULL,NULL,NULL,NULL),(2207,594,NULL,'Белый',NULL,NULL,NULL,NULL),(2207,595,NULL,'61.87 кг',NULL,NULL,NULL,NULL),(2207,596,NULL,NULL,NULL,2206,NULL,NULL),(2207,302,1513756566,NULL,NULL,NULL,NULL,NULL),(2208,3,NULL,'Пылесосы',NULL,NULL,NULL,NULL),(2208,2,NULL,'Пылесосы',NULL,NULL,NULL,NULL),(2208,6,NULL,'Пылесосы',NULL,NULL,NULL,NULL),(2208,5,NULL,'Пылесосы',NULL,NULL,NULL,NULL),(2209,3,NULL,'Пылесос с контейнером для пыли TEFAL TW3786RA Compact Power',NULL,NULL,NULL,NULL),(2209,2,NULL,'Пылесос с контейнером для пыли TEFAL TW3786RA Compact Power',NULL,NULL,NULL,NULL),(2209,6,NULL,'Пылесос с контейнером для пыли TEFAL TW3786RA Compact Power',NULL,NULL,NULL,NULL),(2209,5,NULL,'Пылесос с контейнером для пыли TEFAL TW3786RA Compact Power',NULL,NULL,NULL,NULL),(2209,303,NULL,NULL,NULL,41,NULL,NULL),(2209,304,NULL,NULL,NULL,NULL,NULL,6999),(2209,307,111,NULL,NULL,NULL,NULL,NULL),(2209,574,NULL,'Китай',NULL,NULL,NULL,NULL),(2209,575,NULL,'TEFAL',NULL,NULL,NULL,NULL),(2209,597,NULL,'79 дБ ',NULL,NULL,NULL,NULL),(2209,598,NULL,'8.8 м',NULL,NULL,NULL,NULL),(2209,599,NULL,'Циклонный фильтр ',NULL,NULL,NULL,NULL),(2209,600,NULL,'29х27х40',NULL,NULL,NULL,NULL),(2209,302,1513757565,NULL,NULL,NULL,NULL,NULL),(2210,3,NULL,'Вертикальный пылесос KITFORT КТ-506',NULL,NULL,NULL,NULL),(2210,2,NULL,'Вертикальный пылесос KITFORT КТ-506',NULL,NULL,NULL,NULL),(2210,6,NULL,'Вертикальный пылесос KITFORT КТ-506',NULL,NULL,NULL,NULL),(2210,5,NULL,'Вертикальный пылесос KITFORT КТ-506',NULL,NULL,NULL,NULL),(2210,303,NULL,NULL,NULL,41,NULL,NULL),(2210,304,NULL,NULL,NULL,NULL,NULL,2799),(2210,307,22,NULL,NULL,NULL,NULL,NULL),(2210,574,NULL,'Китай',NULL,NULL,NULL,NULL),(2210,575,NULL,'KITFORT',NULL,NULL,NULL,NULL),(2210,597,NULL,'80 дБ ',NULL,NULL,NULL,NULL),(2210,598,NULL,'3',NULL,NULL,NULL,NULL),(2210,599,NULL,'Циклонный фильтр ',NULL,NULL,NULL,NULL),(2210,600,NULL,'114х25.6х22',NULL,NULL,NULL,NULL),(2210,302,1513757857,NULL,NULL,NULL,NULL,NULL),(2211,3,NULL,'Пылесос DYSON DC37 Allergy Musclehead',NULL,NULL,NULL,NULL),(2211,2,NULL,'Пылесос DYSON DC37 Allergy Musclehead',NULL,NULL,NULL,NULL),(2211,6,NULL,'Пылесос DYSON DC37 Allergy Musclehead',NULL,NULL,NULL,NULL),(2211,5,NULL,'Пылесос DYSON DC37 Allergy Musclehead',NULL,NULL,NULL,NULL),(2211,303,NULL,NULL,NULL,41,NULL,NULL),(2211,304,NULL,NULL,NULL,NULL,NULL,19990),(2211,307,58,NULL,NULL,NULL,NULL,NULL),(2211,574,NULL,'Малайзия',NULL,NULL,NULL,NULL),(2211,575,NULL,'DYSON',NULL,NULL,NULL,NULL),(2211,597,NULL,'84 дБ ',NULL,NULL,NULL,NULL),(2211,598,NULL,'10 м',NULL,NULL,NULL,NULL),(2211,599,NULL,'Циклонный фильтр ',NULL,NULL,NULL,NULL),(2211,600,NULL,'37х26х51',NULL,NULL,NULL,NULL),(2211,302,1513758149,NULL,NULL,NULL,NULL,NULL),(2212,3,NULL,'Пылесос MIDEA VCS35B15K-B',NULL,NULL,NULL,NULL),(2212,2,NULL,'Пылесос MIDEA VCS35B15K-B',NULL,NULL,NULL,NULL),(2212,6,NULL,'Пылесос MIDEA VCS35B15K-B',NULL,NULL,NULL,NULL),(2212,5,NULL,'Пылесос MIDEA VCS35B15K-B',NULL,NULL,NULL,NULL),(2212,303,NULL,NULL,NULL,41,NULL,NULL),(2212,304,NULL,NULL,NULL,NULL,NULL,3499),(2212,307,23,NULL,NULL,NULL,NULL,NULL),(2212,574,NULL,'Китай',NULL,NULL,NULL,NULL),(2212,575,NULL,'MIDEA',NULL,NULL,NULL,NULL),(2212,597,NULL,'44 дБ ',NULL,NULL,NULL,NULL),(2212,598,NULL,'8 м',NULL,NULL,NULL,NULL),(2212,599,NULL,'Циклонный фильтр ',NULL,NULL,NULL,NULL),(2212,600,NULL,'29х24х35',NULL,NULL,NULL,NULL),(2212,302,1513758534,NULL,NULL,NULL,NULL,NULL),(2213,3,NULL,'Пылесос BOSCH BGL32500',NULL,NULL,NULL,NULL),(2213,2,NULL,'Пылесос BOSCH BGL32500',NULL,NULL,NULL,NULL),(2213,6,NULL,'Пылесос BOSCH BGL32500',NULL,NULL,NULL,NULL),(2213,5,NULL,'Пылесос BOSCH BGL32500',NULL,NULL,NULL,NULL),(2213,303,NULL,NULL,NULL,41,NULL,NULL),(2213,304,NULL,NULL,NULL,NULL,NULL,4999),(2213,307,134,NULL,NULL,NULL,NULL,NULL),(2213,574,NULL,'Германия',NULL,NULL,NULL,NULL),(2213,575,NULL,'BOSCH',NULL,NULL,NULL,NULL),(2213,597,NULL,'74 дБ ',NULL,NULL,NULL,NULL),(2213,598,NULL,'10 м',NULL,NULL,NULL,NULL),(2213,599,NULL,'Мешок ',NULL,NULL,NULL,NULL),(2213,600,NULL,'32.5х29.5х41',NULL,NULL,NULL,NULL),(2213,302,1513758869,NULL,NULL,NULL,NULL,NULL),(2214,3,NULL,'Пылесос LG VC73203UHAO',NULL,NULL,NULL,NULL),(2214,2,NULL,'Пылесос LG VC73203UHAO',NULL,NULL,NULL,NULL),(2214,6,NULL,'Пылесос LG VC73203UHAO',NULL,NULL,NULL,NULL),(2214,5,NULL,'Пылесос LG VC73203UHAO',NULL,NULL,NULL,NULL),(2214,303,NULL,NULL,NULL,41,NULL,NULL),(2214,304,NULL,NULL,NULL,NULL,NULL,14999),(2214,307,88,NULL,NULL,NULL,NULL,NULL),(2214,574,NULL,'Корея/Китай',NULL,NULL,NULL,NULL),(2214,575,NULL,'LG',NULL,NULL,NULL,NULL),(2214,597,NULL,'78 дБ',NULL,NULL,NULL,NULL),(2214,598,NULL,'11 м',NULL,NULL,NULL,NULL),(2214,599,NULL,'Циклонный фильтр',NULL,NULL,NULL,NULL),(2214,600,NULL,'30.5х28х44.5',NULL,NULL,NULL,NULL),(2214,302,1513759148,NULL,NULL,NULL,NULL,NULL),(2215,3,NULL,'Пылесос PHILIPS FC8588/01 Performer Active',NULL,NULL,NULL,NULL),(2215,2,NULL,'Пылесос PHILIPS FC8588/01 Performer Active',NULL,NULL,NULL,NULL),(2215,6,NULL,'Пылесос PHILIPS FC8588/01 Performer Active',NULL,NULL,NULL,NULL),(2215,5,NULL,'Пылесос PHILIPS FC8588/01 Performer Active',NULL,NULL,NULL,NULL),(2215,303,NULL,NULL,NULL,41,NULL,NULL),(2215,304,NULL,NULL,NULL,NULL,NULL,8299),(2215,307,32,NULL,NULL,NULL,NULL,NULL),(2215,574,NULL,'Китай',NULL,NULL,NULL,NULL),(2215,575,NULL,'PHILIPS',NULL,NULL,NULL,NULL),(2215,597,NULL,'82 дБ',NULL,NULL,NULL,NULL),(2215,598,NULL,'9 м',NULL,NULL,NULL,NULL),(2215,599,NULL,'Мешок',NULL,NULL,NULL,NULL),(2215,600,NULL,'23.4х30.4х44.7',NULL,NULL,NULL,NULL),(2215,302,1513759403,NULL,NULL,NULL,NULL,NULL),(2216,3,NULL,'Пылесос SAMSUNG SC5241 (VCC5241S3K/XEV)',NULL,NULL,NULL,NULL),(2216,2,NULL,'Пылесос SAMSUNG SC5241 (VCC5241S3K/XEV)',NULL,NULL,NULL,NULL),(2216,6,NULL,'Пылесос SAMSUNG SC5241 (VCC5241S3K/XEV)',NULL,NULL,NULL,NULL),(2216,5,NULL,'Пылесос SAMSUNG SC5241 (VCC5241S3K/XEV)',NULL,NULL,NULL,NULL),(2216,303,NULL,NULL,NULL,41,NULL,NULL),(2216,304,NULL,NULL,NULL,NULL,NULL,4999),(2216,307,77,NULL,NULL,NULL,NULL,NULL),(2216,574,NULL,'Вьетнам',NULL,NULL,NULL,NULL),(2216,575,NULL,'SAMSUNG',NULL,NULL,NULL,NULL),(2216,597,NULL,'84 дБ',NULL,NULL,NULL,NULL),(2216,598,NULL,'9 м',NULL,NULL,NULL,NULL),(2216,599,NULL,'Мешок',NULL,NULL,NULL,NULL),(2216,600,NULL,'39.5х28х23.8',NULL,NULL,NULL,NULL),(2216,302,1513759610,NULL,NULL,NULL,NULL,NULL),(2217,3,NULL,'Холодильники',NULL,NULL,NULL,NULL),(2217,2,NULL,'Холодильники',NULL,NULL,NULL,NULL),(2217,6,NULL,'Холодильники',NULL,NULL,NULL,NULL),(2217,5,NULL,'Холодильники',NULL,NULL,NULL,NULL),(2219,3,NULL,'Холодильник INDESIT DF 4160 W',NULL,NULL,NULL,NULL),(2219,2,NULL,'Холодильник INDESIT DF 4160 W',NULL,NULL,NULL,NULL),(2219,6,NULL,'Холодильник INDESIT DF 4160 W',NULL,NULL,NULL,NULL),(2219,5,NULL,'Холодильник INDESIT DF 4160 W',NULL,NULL,NULL,NULL),(2219,303,NULL,NULL,NULL,41,NULL,NULL),(2219,304,NULL,NULL,NULL,NULL,NULL,17999),(2219,307,3,NULL,NULL,NULL,NULL,NULL),(2219,574,NULL,'Россия',NULL,NULL,NULL,NULL),(2219,575,NULL,'INDESIT',NULL,NULL,NULL,NULL),(2219,601,NULL,NULL,NULL,2218,NULL,NULL),(2219,602,NULL,'No Frost',NULL,NULL,NULL,NULL),(2219,603,NULL,'Нижнее',NULL,NULL,NULL,NULL),(2219,600,NULL,'167х60х64 ',NULL,NULL,NULL,NULL),(2219,604,NULL,'184 л',NULL,NULL,NULL,NULL),(2219,302,1513761128,NULL,NULL,NULL,NULL,NULL),(2220,3,NULL,'Холодильник SAMSUNG RB37J5000WW',NULL,NULL,NULL,NULL),(2220,2,NULL,'Холодильник SAMSUNG RB37J5000WW',NULL,NULL,NULL,NULL),(2220,6,NULL,'Холодильник SAMSUNG RB37J5000WW',NULL,NULL,NULL,NULL),(2220,5,NULL,'Холодильник SAMSUNG RB37J5000WW',NULL,NULL,NULL,NULL),(2220,303,NULL,NULL,NULL,41,NULL,NULL),(2220,304,NULL,NULL,NULL,NULL,NULL,37999),(2220,307,15,NULL,NULL,NULL,NULL,NULL),(2220,574,NULL,'Польша',NULL,NULL,NULL,NULL),(2220,575,NULL,'SAMSUNG',NULL,NULL,NULL,NULL),(2220,601,NULL,NULL,NULL,2218,NULL,NULL),(2220,602,NULL,'No Frost',NULL,NULL,NULL,NULL),(2220,603,NULL,'Нижнее',NULL,NULL,NULL,NULL),(2220,600,NULL,'200.6х59.5х67.5',NULL,NULL,NULL,NULL),(2220,604,NULL,'377 л',NULL,NULL,NULL,NULL),(2220,302,1513761411,NULL,NULL,NULL,NULL,NULL),(2221,3,NULL,'Холодильник BEKO RCNK400E20ZGR',NULL,NULL,NULL,NULL),(2221,2,NULL,'Холодильник BEKO RCNK400E20ZGR',NULL,NULL,NULL,NULL),(2221,6,NULL,'Холодильник BEKO RCNK400E20ZGR',NULL,NULL,NULL,NULL),(2221,5,NULL,'Холодильник BEKO RCNK400E20ZGR',NULL,NULL,NULL,NULL),(2221,303,NULL,NULL,NULL,41,NULL,NULL),(2221,304,NULL,NULL,NULL,NULL,NULL,45699),(2221,307,67,NULL,NULL,NULL,NULL,NULL),(2221,574,NULL,'Россия',NULL,NULL,NULL,NULL),(2221,575,NULL,'BEKO',NULL,NULL,NULL,NULL),(2221,601,NULL,NULL,NULL,2218,NULL,NULL),(2221,602,NULL,'NeoFrost',NULL,NULL,NULL,NULL),(2221,603,NULL,'Нижнее',NULL,NULL,NULL,NULL),(2221,600,NULL,'201х59.5х65',NULL,NULL,NULL,NULL),(2221,604,NULL,'400 л',NULL,NULL,NULL,NULL),(2221,302,1513761680,NULL,NULL,NULL,NULL,NULL),(2223,3,NULL,'Холодильник HITACHI R-SG37BPU GS',NULL,NULL,NULL,NULL),(2223,2,NULL,'Холодильник HITACHI R-SG37BPU GS',NULL,NULL,NULL,NULL),(2223,6,NULL,'Холодильник HITACHI R-SG37BPU GS',NULL,NULL,NULL,NULL),(2223,5,NULL,'Холодильник HITACHI R-SG37BPU GS',NULL,NULL,NULL,NULL),(2223,303,NULL,NULL,NULL,41,NULL,NULL),(2223,304,NULL,NULL,NULL,NULL,NULL,89959),(2223,307,55,NULL,NULL,NULL,NULL,NULL),(2223,574,NULL,'Таиланд',NULL,NULL,NULL,NULL),(2223,575,NULL,'HITACHI',NULL,NULL,NULL,NULL),(2223,601,NULL,NULL,NULL,2222,NULL,NULL),(2223,602,NULL,'No Frost',NULL,NULL,NULL,NULL),(2223,603,NULL,'Нижнее',NULL,NULL,NULL,NULL),(2223,600,NULL,'181.6х59х63',NULL,NULL,NULL,NULL),(2223,604,NULL,'390 л',NULL,NULL,NULL,NULL),(2223,302,1513761991,NULL,NULL,NULL,NULL,NULL),(2224,3,NULL,'Холодильник LG GA-E429SQRZ',NULL,NULL,NULL,NULL),(2224,2,NULL,'Холодильник LG GA-E429SQRZ',NULL,NULL,NULL,NULL),(2224,6,NULL,'Холодильник LG GA-E429SQRZ',NULL,NULL,NULL,NULL),(2224,5,NULL,'Холодильник LG GA-E429SQRZ',NULL,NULL,NULL,NULL),(2224,303,NULL,NULL,NULL,41,NULL,NULL),(2224,304,NULL,NULL,NULL,NULL,NULL,36999),(2224,307,12,NULL,NULL,NULL,NULL,NULL),(2224,574,NULL,'Россия',NULL,NULL,NULL,NULL),(2224,575,NULL,'LG',NULL,NULL,NULL,NULL),(2224,601,NULL,NULL,NULL,2218,NULL,NULL),(2224,602,NULL,'No Frost',NULL,NULL,NULL,NULL),(2224,603,NULL,'Нижнее ',NULL,NULL,NULL,NULL),(2224,600,NULL,'190.7х59.5х64.3',NULL,NULL,NULL,NULL),(2224,604,NULL,'354 л',NULL,NULL,NULL,NULL),(2224,302,1513762239,NULL,NULL,NULL,NULL,NULL),(2225,3,NULL,'Холодильник GORENJE NRK6192MCH',NULL,NULL,NULL,NULL),(2225,2,NULL,'Холодильник GORENJE NRK6192MCH',NULL,NULL,NULL,NULL),(2225,6,NULL,'Холодильник GORENJE NRK6192MCH',NULL,NULL,NULL,NULL),(2225,5,NULL,'Холодильник GORENJE NRK6192MCH',NULL,NULL,NULL,NULL),(2225,303,NULL,NULL,NULL,41,NULL,NULL),(2225,304,NULL,NULL,NULL,NULL,NULL,32899),(2225,307,75,NULL,NULL,NULL,NULL,NULL),(2225,574,NULL,'Сербия',NULL,NULL,NULL,NULL),(2225,575,NULL,'GORENJE',NULL,NULL,NULL,NULL),(2225,601,NULL,NULL,NULL,2218,NULL,NULL),(2225,602,NULL,'Капельная',NULL,NULL,NULL,NULL),(2225,603,NULL,'Нижнее',NULL,NULL,NULL,NULL),(2225,600,NULL,'185х60х64',NULL,NULL,NULL,NULL),(2225,604,NULL,'329 л',NULL,NULL,NULL,NULL),(2225,302,1513762582,NULL,NULL,NULL,NULL,NULL),(2226,3,NULL,'Холодильник BOSCH VitaFresh KGN39LQ3AR',NULL,NULL,NULL,NULL),(2226,2,NULL,'Холодильник BOSCH VitaFresh KGN39LQ3AR',NULL,NULL,NULL,NULL),(2226,6,NULL,'Холодильник BOSCH VitaFresh KGN39LQ3AR',NULL,NULL,NULL,NULL),(2226,5,NULL,'Холодильник BOSCH VitaFresh KGN39LQ3AR',NULL,NULL,NULL,NULL),(2226,303,NULL,NULL,NULL,41,NULL,NULL),(2226,304,NULL,NULL,NULL,NULL,NULL,76999),(2226,307,44,NULL,NULL,NULL,NULL,NULL),(2226,574,NULL,'Россия',NULL,NULL,NULL,NULL),(2226,575,NULL,'BOSCH',NULL,NULL,NULL,NULL),(2226,601,NULL,NULL,NULL,2218,NULL,NULL),(2226,602,NULL,'No Frost',NULL,NULL,NULL,NULL),(2226,603,NULL,'Нижнее',NULL,NULL,NULL,NULL),(2226,600,NULL,'203х60х66',NULL,NULL,NULL,NULL),(2226,604,NULL,'290 л',NULL,NULL,NULL,NULL),(2226,302,1513762860,NULL,NULL,NULL,NULL,NULL),(2227,3,NULL,'Холодильник LIEBHERR CTP 3316-22 001',NULL,NULL,NULL,NULL),(2227,2,NULL,'Холодильник LIEBHERR CTP 3316-22 001',NULL,NULL,NULL,NULL),(2227,6,NULL,'Холодильник LIEBHERR CTP 3316-22 001',NULL,NULL,NULL,NULL),(2227,5,NULL,'Холодильник LIEBHERR CTP 3316-22 001',NULL,NULL,NULL,NULL),(2227,303,NULL,NULL,NULL,41,NULL,NULL),(2227,304,NULL,NULL,NULL,NULL,NULL,24299),(2227,307,69,NULL,NULL,NULL,NULL,NULL),(2227,574,NULL,'Болгария',NULL,NULL,NULL,NULL),(2227,575,NULL,'LIEBHERR',NULL,NULL,NULL,NULL),(2227,601,NULL,NULL,NULL,2218,NULL,NULL),(2227,602,NULL,'Капельная',NULL,NULL,NULL,NULL),(2227,603,NULL,'Верхнее',NULL,NULL,NULL,NULL),(2227,600,NULL,'176.1х60х63',NULL,NULL,NULL,NULL),(2227,604,NULL,'243 л',NULL,NULL,NULL,NULL),(2227,302,1513763151,NULL,NULL,NULL,NULL,NULL),(2228,3,NULL,'КУРТКА REIMA REIMATEC WINTER JACKET PENTTI СИНЯЯ',NULL,NULL,NULL,NULL),(2228,2,NULL,'КУРТКА REIMA REIMATEC WINTER JACKET PENTTI СИНЯЯ',NULL,NULL,NULL,NULL),(2228,6,NULL,'КУРТКА REIMA REIMATEC WINTER JACKET PENTTI СИНЯЯ',NULL,NULL,NULL,NULL),(2228,5,NULL,'КУРТКА REIMA REIMATEC WINTER JACKET PENTTI СИНЯЯ',NULL,NULL,NULL,NULL),(2228,303,NULL,NULL,NULL,41,NULL,NULL),(2228,304,NULL,NULL,NULL,NULL,NULL,6999),(2228,307,22,NULL,NULL,NULL,NULL,NULL),(2228,574,NULL,'Финляндия',NULL,NULL,NULL,NULL),(2228,575,NULL,'REIMA',NULL,NULL,NULL,NULL),(2228,576,NULL,'Полиэстер',NULL,NULL,NULL,NULL),(2228,577,NULL,NULL,NULL,2064,NULL,NULL),(2228,578,NULL,NULL,NULL,2048,NULL,NULL),(2228,579,NULL,NULL,NULL,345,NULL,NULL),(2228,580,NULL,NULL,NULL,2026,NULL,NULL),(2228,302,1513765174,NULL,NULL,NULL,NULL,NULL),(2229,3,NULL,'КУРТКА REIMA REIMATEC WINTER TAAG ЗЕЛЕНАЯ',NULL,NULL,NULL,NULL),(2229,2,NULL,'КУРТКА REIMA REIMATEC WINTER TAAG ЗЕЛЕНАЯ',NULL,NULL,NULL,NULL),(2229,6,NULL,'КУРТКА REIMA REIMATEC WINTER TAAG ЗЕЛЕНАЯ',NULL,NULL,NULL,NULL),(2229,5,NULL,'КУРТКА REIMA REIMATEC WINTER TAAG ЗЕЛЕНАЯ',NULL,NULL,NULL,NULL),(2229,303,NULL,NULL,NULL,41,NULL,NULL),(2229,304,NULL,NULL,NULL,NULL,NULL,6499),(2229,307,31,NULL,NULL,NULL,NULL,NULL),(2229,574,NULL,'Финляндия',NULL,NULL,NULL,NULL),(2229,575,NULL,'REIMA ',NULL,NULL,NULL,NULL),(2229,576,NULL,'Полиэстер',NULL,NULL,NULL,NULL),(2229,577,NULL,NULL,NULL,2065,NULL,NULL),(2229,578,NULL,NULL,NULL,2048,NULL,NULL),(2229,579,NULL,NULL,NULL,1828,NULL,NULL),(2229,580,NULL,NULL,NULL,2026,NULL,NULL),(2229,302,1513765471,NULL,NULL,NULL,NULL,NULL),(2231,3,NULL,'КУРТКА ПУХОВАЯ ДЛЯ ДЕВОЧКИ REIMA FERN ГОЛУБАЯ',NULL,NULL,NULL,NULL),(2231,2,NULL,'КУРТКА ПУХОВАЯ ДЛЯ ДЕВОЧКИ REIMA FERN ГОЛУБАЯ',NULL,NULL,NULL,NULL),(2231,6,NULL,'КУРТКА ПУХОВАЯ ДЛЯ ДЕВОЧКИ REIMA FERN ГОЛУБАЯ',NULL,NULL,NULL,NULL),(2231,5,NULL,'КУРТКА ПУХОВАЯ ДЛЯ ДЕВОЧКИ REIMA FERN ГОЛУБАЯ',NULL,NULL,NULL,NULL),(2231,303,NULL,NULL,NULL,41,NULL,NULL),(2231,304,NULL,NULL,NULL,NULL,NULL,5499),(2231,307,564,NULL,NULL,NULL,NULL,NULL),(2231,574,NULL,'Финляндия',NULL,NULL,NULL,NULL),(2231,575,NULL,'REIMA',NULL,NULL,NULL,NULL),(2231,576,NULL,'Натуральный пух',NULL,NULL,NULL,NULL),(2231,577,NULL,NULL,NULL,2067,NULL,NULL),(2231,578,NULL,NULL,NULL,2048,NULL,NULL),(2231,579,NULL,NULL,NULL,2230,NULL,NULL),(2231,580,NULL,NULL,NULL,2026,NULL,NULL),(2231,302,1513765735,NULL,NULL,NULL,NULL,NULL),(2232,3,NULL,'КУРТКА ПУХОВАЯ ДЛЯ МАЛЬЧИКА REIMA JANNE СИНЯЯ',NULL,NULL,NULL,NULL),(2232,2,NULL,'КУРТКА ПУХОВАЯ ДЛЯ МАЛЬЧИКА REIMA JANNE СИНЯЯ',NULL,NULL,NULL,NULL),(2232,6,NULL,'КУРТКА ПУХОВАЯ ДЛЯ МАЛЬЧИКА REIMA JANNE СИНЯЯ',NULL,NULL,NULL,NULL),(2232,5,NULL,'КУРТКА ПУХОВАЯ ДЛЯ МАЛЬЧИКА REIMA JANNE СИНЯЯ',NULL,NULL,NULL,NULL),(2232,303,NULL,NULL,NULL,41,NULL,NULL),(2232,304,NULL,NULL,NULL,NULL,NULL,8499),(2232,307,21,NULL,NULL,NULL,NULL,NULL),(2232,574,NULL,'Финляндия',NULL,NULL,NULL,NULL),(2232,575,NULL,'REIMA',NULL,NULL,NULL,NULL),(2232,576,NULL,'Натуральный пух',NULL,NULL,NULL,NULL),(2232,577,NULL,NULL,NULL,2068,NULL,NULL),(2232,578,NULL,NULL,NULL,2048,NULL,NULL),(2232,579,NULL,NULL,NULL,345,NULL,NULL),(2232,580,NULL,NULL,NULL,2081,NULL,NULL),(2232,302,1513766005,NULL,NULL,NULL,NULL,NULL),(2233,3,NULL,'КОМБИНЕЗОН REIMA REIMATEC® WINTER OVERALL PUHURI СИНИЙ',NULL,NULL,NULL,NULL),(2233,2,NULL,'КОМБИНЕЗОН REIMA REIMATEC® WINTER OVERALL PUHURI СИНИЙ',NULL,NULL,NULL,NULL),(2233,6,NULL,'КОМБИНЕЗОН REIMA REIMATEC® WINTER OVERALL PUHURI СИНИЙ',NULL,NULL,NULL,NULL),(2233,5,NULL,'КОМБИНЕЗОН REIMA REIMATEC® WINTER OVERALL PUHURI СИНИЙ',NULL,NULL,NULL,NULL),(2233,303,NULL,NULL,NULL,41,NULL,NULL),(2233,304,NULL,NULL,NULL,NULL,NULL,5799),(2233,307,99,NULL,NULL,NULL,NULL,NULL),(2233,574,NULL,'Финляндия',NULL,NULL,NULL,NULL),(2233,575,NULL,'REIMA',NULL,NULL,NULL,NULL),(2233,576,NULL,'Полиэстер',NULL,NULL,NULL,NULL),(2233,577,NULL,NULL,NULL,2068,NULL,NULL),(2233,578,NULL,NULL,NULL,2048,NULL,NULL),(2233,579,NULL,NULL,NULL,345,NULL,NULL),(2233,580,NULL,NULL,NULL,2081,NULL,NULL),(2233,302,1513766273,NULL,NULL,NULL,NULL,NULL),(2234,3,NULL,'КОМБИНЕЗОН ФЛИСОВЫЙ REIMA FLEECE OVERALL ESTER 74-98 Р СИНИЙ',NULL,NULL,NULL,NULL),(2234,2,NULL,'КОМБИНЕЗОН ФЛИСОВЫЙ REIMA FLEECE OVERALL ESTER 74-98 Р СИНИЙ',NULL,NULL,NULL,NULL),(2234,6,NULL,'КОМБИНЕЗОН ФЛИСОВЫЙ REIMA FLEECE OVERALL ESTER 74-98 Р СИНИЙ',NULL,NULL,NULL,NULL),(2234,5,NULL,'КОМБИНЕЗОН ФЛИСОВЫЙ REIMA FLEECE OVERALL ESTER 74-98 Р СИНИЙ',NULL,NULL,NULL,NULL),(2234,303,NULL,NULL,NULL,41,NULL,NULL),(2234,304,NULL,NULL,NULL,NULL,NULL,2499),(2234,307,7,NULL,NULL,NULL,NULL,NULL),(2234,574,NULL,'Финляндия',NULL,NULL,NULL,NULL),(2234,575,NULL,'REIMA',NULL,NULL,NULL,NULL),(2234,576,NULL,'Флис',NULL,NULL,NULL,NULL),(2234,577,NULL,NULL,NULL,2067,NULL,NULL),(2234,578,NULL,NULL,NULL,2048,NULL,NULL),(2234,579,NULL,NULL,NULL,345,NULL,NULL),(2234,580,NULL,NULL,NULL,2081,NULL,NULL),(2234,302,1513766552,NULL,NULL,NULL,NULL,NULL),(2235,3,NULL,'КОМБИНЕЗОН ФЛИСОВЫЙ REIMA FLEECE OVERALL ESTER 74-98 Р СЕРЫЙ',NULL,NULL,NULL,NULL),(2235,2,NULL,'КОМБИНЕЗОН ФЛИСОВЫЙ REIMA FLEECE OVERALL ESTER 74-98 Р СЕРЫЙ',NULL,NULL,NULL,NULL),(2235,6,NULL,'КОМБИНЕЗОН ФЛИСОВЫЙ REIMA FLEECE OVERALL ESTER 74-98 Р СЕРЫЙ',NULL,NULL,NULL,NULL),(2235,5,NULL,'КОМБИНЕЗОН ФЛИСОВЫЙ REIMA FLEECE OVERALL ESTER 74-98 Р СЕРЫЙ',NULL,NULL,NULL,NULL),(2235,303,NULL,NULL,NULL,41,NULL,NULL),(2235,304,NULL,NULL,NULL,NULL,NULL,2499),(2235,307,38,NULL,NULL,NULL,NULL,NULL),(2235,574,NULL,'Финляндия',NULL,NULL,NULL,NULL),(2235,575,NULL,'REIMA',NULL,NULL,NULL,NULL),(2235,576,NULL,'Флис',NULL,NULL,NULL,NULL),(2235,577,NULL,NULL,NULL,2064,NULL,NULL),(2235,578,NULL,NULL,NULL,2048,NULL,NULL),(2235,579,NULL,NULL,NULL,505,NULL,NULL),(2235,580,NULL,NULL,NULL,2081,NULL,NULL),(2235,302,1513766881,NULL,NULL,NULL,NULL,NULL),(2236,3,NULL,'КОМБИНЕЗОН ФЛИСОВЫЙ REIMA FLEECE OVERALL TAHTI СИНИЙ',NULL,NULL,NULL,NULL),(2236,2,NULL,'КОМБИНЕЗОН ФЛИСОВЫЙ REIMA FLEECE OVERALL TAHTI СИНИЙ',NULL,NULL,NULL,NULL),(2236,6,NULL,'КОМБИНЕЗОН ФЛИСОВЫЙ REIMA FLEECE OVERALL TAHTI СИНИЙ',NULL,NULL,NULL,NULL),(2236,5,NULL,'КОМБИНЕЗОН ФЛИСОВЫЙ REIMA FLEECE OVERALL TAHTI СИНИЙ',NULL,NULL,NULL,NULL),(2236,303,NULL,NULL,NULL,41,NULL,NULL),(2236,304,NULL,NULL,NULL,NULL,NULL,2699),(2236,307,66,NULL,NULL,NULL,NULL,NULL),(2236,574,NULL,'Финляндия',NULL,NULL,NULL,NULL),(2236,575,NULL,'Reima',NULL,NULL,NULL,NULL),(2236,576,NULL,'Флис',NULL,NULL,NULL,NULL),(2236,577,NULL,NULL,NULL,2056,NULL,NULL),(2236,578,NULL,NULL,NULL,2048,NULL,NULL),(2236,579,NULL,NULL,NULL,345,NULL,NULL),(2236,580,NULL,NULL,NULL,2081,NULL,NULL),(2236,302,1513767049,NULL,NULL,NULL,NULL,NULL),(2238,3,NULL,'КУРТКА ДЛЯ МАЛЬЧИКОВ СИНЯЯ/ГОЛУБАЯ MAYORAL',NULL,NULL,NULL,NULL),(2238,2,NULL,'КУРТКА ДЛЯ МАЛЬЧИКОВ СИНЯЯ/ГОЛУБАЯ MAYORAL',NULL,NULL,NULL,NULL),(2238,6,NULL,'КУРТКА ДЛЯ МАЛЬЧИКОВ СИНЯЯ/ГОЛУБАЯ MAYORAL',NULL,NULL,NULL,NULL),(2238,5,NULL,'КУРТКА ДЛЯ МАЛЬЧИКОВ СИНЯЯ/ГОЛУБАЯ MAYORAL',NULL,NULL,NULL,NULL),(2238,303,NULL,NULL,NULL,41,NULL,NULL),(2238,304,NULL,NULL,NULL,NULL,NULL,3040),(2238,307,88,NULL,NULL,NULL,NULL,NULL),(2238,574,NULL,'Испания',NULL,NULL,NULL,NULL),(2238,575,NULL,'MAYORAL',NULL,NULL,NULL,NULL),(2238,576,NULL,'Полиэстер',NULL,NULL,NULL,NULL),(2238,577,NULL,NULL,NULL,2027,NULL,NULL),(2238,578,NULL,NULL,NULL,2237,NULL,NULL),(2238,579,NULL,NULL,NULL,345,NULL,NULL),(2238,580,NULL,NULL,NULL,2081,NULL,NULL),(2238,302,1513767579,NULL,NULL,NULL,NULL,NULL),(2239,3,NULL,'КУРТКА LASSIE SOFTSHELL JACKET ЧЕРНАЯ С РОЗОВЫМ',NULL,NULL,NULL,NULL),(2239,2,NULL,'КУРТКА LASSIE SOFTSHELL JACKET ЧЕРНАЯ С РОЗОВЫМ',NULL,NULL,NULL,NULL),(2239,6,NULL,'КУРТКА LASSIE SOFTSHELL JACKET ЧЕРНАЯ С РОЗОВЫМ',NULL,NULL,NULL,NULL),(2239,5,NULL,'КУРТКА LASSIE SOFTSHELL JACKET ЧЕРНАЯ С РОЗОВЫМ',NULL,NULL,NULL,NULL),(2239,303,NULL,NULL,NULL,41,NULL,NULL),(2239,304,NULL,NULL,NULL,NULL,NULL,2999),(2239,307,8,NULL,NULL,NULL,NULL,NULL),(2239,574,NULL,'Финляндия',NULL,NULL,NULL,NULL),(2239,575,NULL,'LASSIE',NULL,NULL,NULL,NULL),(2239,576,NULL,'Полиэстер',NULL,NULL,NULL,NULL),(2239,577,NULL,NULL,NULL,2065,NULL,NULL),(2239,578,NULL,NULL,NULL,2237,NULL,NULL),(2239,579,NULL,NULL,NULL,415,NULL,NULL),(2239,580,NULL,NULL,NULL,2081,NULL,NULL),(2239,302,1513767810,NULL,NULL,NULL,NULL,NULL),(2240,3,NULL,'КУРТКА REIMA WINDFLEECE JACKET VUOKSI РОЗОВАЯ',NULL,NULL,NULL,NULL),(2240,2,NULL,'КУРТКА REIMA WINDFLEECE JACKET VUOKSI РОЗОВАЯ',NULL,NULL,NULL,NULL),(2240,6,NULL,'КУРТКА REIMA WINDFLEECE JACKET VUOKSI РОЗОВАЯ',NULL,NULL,NULL,NULL),(2240,5,NULL,'КУРТКА REIMA WINDFLEECE JACKET VUOKSI РОЗОВАЯ',NULL,NULL,NULL,NULL),(2240,303,NULL,NULL,NULL,41,NULL,NULL),(2240,304,NULL,NULL,NULL,NULL,NULL,3999),(2240,307,14,NULL,NULL,NULL,NULL,NULL),(2240,574,NULL,'Финляндия',NULL,NULL,NULL,NULL),(2240,575,NULL,'REIMA',NULL,NULL,NULL,NULL),(2240,576,NULL,'Полиэстер',NULL,NULL,NULL,NULL),(2240,577,NULL,NULL,NULL,2065,NULL,NULL),(2240,578,NULL,NULL,NULL,2237,NULL,NULL),(2240,579,NULL,NULL,NULL,2126,NULL,NULL),(2240,580,NULL,NULL,NULL,2081,NULL,NULL),(2240,302,1513768021,NULL,NULL,NULL,NULL,NULL),(2241,3,NULL,'ВЕТРОВКА ДЛЯ ДЕВОЧКИ ГОЛУБАЯ MAYORAL',NULL,NULL,NULL,NULL),(2241,2,NULL,'ВЕТРОВКА ДЛЯ ДЕВОЧКИ ГОЛУБАЯ MAYORAL',NULL,NULL,NULL,NULL),(2241,6,NULL,'ВЕТРОВКА ДЛЯ ДЕВОЧКИ ГОЛУБАЯ MAYORAL',NULL,NULL,NULL,NULL),(2241,5,NULL,'ВЕТРОВКА ДЛЯ ДЕВОЧКИ ГОЛУБАЯ MAYORAL',NULL,NULL,NULL,NULL),(2241,303,NULL,NULL,NULL,41,NULL,NULL),(2241,304,NULL,NULL,NULL,NULL,NULL,3370),(2241,574,NULL,'Испания',NULL,NULL,NULL,NULL),(2241,575,NULL,'MAYORAL',NULL,NULL,NULL,NULL),(2241,576,NULL,'Полиэстер',NULL,NULL,NULL,NULL),(2241,577,NULL,NULL,NULL,2027,NULL,NULL),(2241,578,NULL,NULL,NULL,2237,NULL,NULL),(2241,579,NULL,NULL,NULL,2230,NULL,NULL),(2241,580,NULL,NULL,NULL,2081,NULL,NULL),(2241,302,1513768260,NULL,NULL,NULL,NULL,NULL),(2242,3,NULL,'КУРТКА КОРИЧНЕВАЯ VITACCI',NULL,NULL,NULL,NULL),(2242,2,NULL,'КУРТКА КОРИЧНЕВАЯ VITACCI',NULL,NULL,NULL,NULL),(2242,6,NULL,'КУРТКА КОРИЧНЕВАЯ VITACCI',NULL,NULL,NULL,NULL),(2242,5,NULL,'КУРТКА КОРИЧНЕВАЯ VITACCI',NULL,NULL,NULL,NULL),(2242,303,NULL,NULL,NULL,41,NULL,NULL),(2242,304,NULL,NULL,NULL,NULL,NULL,3445),(2242,307,44,NULL,NULL,NULL,NULL,NULL),(2242,574,NULL,'Китай',NULL,NULL,NULL,NULL),(2242,575,NULL,'VITACCI',NULL,NULL,NULL,NULL),(2242,576,NULL,'Полиэстер',NULL,NULL,NULL,NULL),(2242,577,NULL,NULL,NULL,2064,NULL,NULL),(2242,578,NULL,NULL,NULL,2237,NULL,NULL),(2242,579,NULL,NULL,NULL,449,NULL,NULL),(2242,580,NULL,NULL,NULL,2081,NULL,NULL),(2242,302,1513768466,NULL,NULL,NULL,NULL,NULL),(2244,3,NULL,'ПАЛЬТО МУЛЬТИКОЛОР VITACCI',NULL,NULL,NULL,NULL),(2244,2,NULL,'ПАЛЬТО МУЛЬТИКОЛОР VITACCI',NULL,NULL,NULL,NULL),(2244,6,NULL,'ПАЛЬТО МУЛЬТИКОЛОР VITACCI',NULL,NULL,NULL,NULL),(2244,5,NULL,'ПАЛЬТО МУЛЬТИКОЛОР VITACCI',NULL,NULL,NULL,NULL),(2244,303,NULL,NULL,NULL,41,NULL,NULL),(2244,304,NULL,NULL,NULL,NULL,NULL,2970),(2244,307,66,NULL,NULL,NULL,NULL,NULL),(2244,574,NULL,'Китай',NULL,NULL,NULL,NULL),(2244,575,NULL,'VITACCI',NULL,NULL,NULL,NULL),(2244,576,NULL,'Полиэстер',NULL,NULL,NULL,NULL),(2244,577,NULL,NULL,NULL,2027,NULL,NULL),(2244,578,NULL,NULL,NULL,2237,NULL,NULL),(2244,579,NULL,NULL,NULL,2243,NULL,NULL),(2244,580,NULL,NULL,NULL,2081,NULL,NULL),(2244,302,1513768605,NULL,NULL,NULL,NULL,NULL),(2245,3,NULL,'ПЛАЩ КРАСНЫЙ VITACCI',NULL,NULL,NULL,NULL),(2245,2,NULL,'ПЛАЩ КРАСНЫЙ VITACCI',NULL,NULL,NULL,NULL),(2245,6,NULL,'ПЛАЩ КРАСНЫЙ VITACCI',NULL,NULL,NULL,NULL),(2245,5,NULL,'ПЛАЩ КРАСНЫЙ VITACCI',NULL,NULL,NULL,NULL),(2245,303,NULL,NULL,NULL,41,NULL,NULL),(2245,304,NULL,NULL,NULL,NULL,NULL,3445),(2245,307,31,NULL,NULL,NULL,NULL,NULL),(2245,574,NULL,'Китай',NULL,NULL,NULL,NULL),(2245,575,NULL,'VITACCI',NULL,NULL,NULL,NULL),(2245,576,NULL,'Полиэстер',NULL,NULL,NULL,NULL),(2245,577,NULL,NULL,NULL,2045,NULL,NULL),(2245,578,NULL,NULL,NULL,2237,NULL,NULL),(2245,579,NULL,NULL,NULL,417,NULL,NULL),(2245,580,NULL,NULL,NULL,2026,NULL,NULL),(2245,302,1513768767,NULL,NULL,NULL,NULL,NULL),(2246,3,NULL,'ДОЖДЕВИК СВЕТЛЯЧОК КРАСНЫЙ-ЖЕЛТЫЙ ЧУДО-ЧАДО',NULL,NULL,NULL,NULL),(2246,2,NULL,'ДОЖДЕВИК СВЕТЛЯЧОК КРАСНЫЙ-ЖЕЛТЫЙ ЧУДО-ЧАДО',NULL,NULL,NULL,NULL),(2246,6,NULL,'ДОЖДЕВИК СВЕТЛЯЧОК КРАСНЫЙ-ЖЕЛТЫЙ ЧУДО-ЧАДО',NULL,NULL,NULL,NULL),(2246,5,NULL,'ДОЖДЕВИК СВЕТЛЯЧОК КРАСНЫЙ-ЖЕЛТЫЙ ЧУДО-ЧАДО',NULL,NULL,NULL,NULL),(2246,303,NULL,NULL,NULL,41,NULL,NULL),(2246,304,NULL,NULL,NULL,NULL,NULL,827),(2246,307,93,NULL,NULL,NULL,NULL,NULL),(2246,574,NULL,'Россия',NULL,NULL,NULL,NULL),(2246,575,NULL,'ЧУДО-ЧАДО',NULL,NULL,NULL,NULL),(2246,576,NULL,'Полиэстер',NULL,NULL,NULL,NULL),(2246,577,NULL,NULL,NULL,2027,NULL,NULL),(2246,578,NULL,NULL,NULL,2237,NULL,NULL),(2246,579,NULL,NULL,NULL,2112,NULL,NULL),(2246,580,NULL,NULL,NULL,2081,NULL,NULL),(2246,302,1513768952,NULL,NULL,NULL,NULL,NULL),(2247,3,NULL,'САПОГИ ДЛЯ ДЕВОЧКИ PUTKIVARSI ЗВЕЗДЫ РР 21-26 РОЗОВЫЕ KUOMA',NULL,NULL,NULL,NULL),(2247,2,NULL,'САПОГИ ДЛЯ ДЕВОЧКИ PUTKIVARSI ЗВЕЗДЫ РР 21-26 РОЗОВЫЕ KUOMA',NULL,NULL,NULL,NULL),(2247,6,NULL,'САПОГИ ДЛЯ ДЕВОЧКИ PUTKIVARSI ЗВЕЗДЫ РР 21-26 РОЗОВЫЕ KUOMA',NULL,NULL,NULL,NULL),(2247,5,NULL,'САПОГИ ДЛЯ ДЕВОЧКИ PUTKIVARSI ЗВЕЗДЫ РР 21-26 РОЗОВЫЕ KUOMA',NULL,NULL,NULL,NULL),(2247,303,NULL,NULL,NULL,41,NULL,NULL),(2247,304,NULL,NULL,NULL,NULL,NULL,2970),(2247,307,12,NULL,NULL,NULL,NULL,NULL),(2247,574,NULL,'Финляндия',NULL,NULL,NULL,NULL),(2247,575,NULL,'KUOMA',NULL,NULL,NULL,NULL),(2247,605,NULL,'Зима',NULL,NULL,NULL,NULL),(2247,594,NULL,'Розовые',NULL,NULL,NULL,NULL),(2247,606,NULL,'Натуральная кожа, Текстиль.',NULL,NULL,NULL,NULL),(2247,607,NULL,'12 месяцев - 4 года',NULL,NULL,NULL,NULL),(2247,302,1513773921,NULL,NULL,NULL,NULL,NULL),(2248,3,NULL,'ПОЛУБОТИНКИ REIMA LOTTE СИНИЕ',NULL,NULL,NULL,NULL),(2248,2,NULL,'ПОЛУБОТИНКИ REIMA LOTTE СИНИЕ',NULL,NULL,NULL,NULL),(2248,6,NULL,'ПОЛУБОТИНКИ REIMA LOTTE СИНИЕ',NULL,NULL,NULL,NULL),(2248,5,NULL,'ПОЛУБОТИНКИ REIMA LOTTE СИНИЕ',NULL,NULL,NULL,NULL),(2248,303,NULL,NULL,NULL,41,NULL,NULL),(2248,304,NULL,NULL,NULL,NULL,NULL,2399),(2248,307,23,NULL,NULL,NULL,NULL,NULL),(2248,574,NULL,'Финляндия',NULL,NULL,NULL,NULL),(2248,575,NULL,'REIMA',NULL,NULL,NULL,NULL),(2248,605,NULL,'Весна, Осень',NULL,NULL,NULL,NULL),(2248,594,NULL,'Синие',NULL,NULL,NULL,NULL),(2248,606,NULL,' Натуральная кожа, Резина, Полиуретан, Полиэстер',NULL,NULL,NULL,NULL),(2248,607,NULL,'2 года - 5 лет',NULL,NULL,NULL,NULL),(2248,302,1513774140,NULL,NULL,NULL,NULL,NULL),(2249,3,NULL,'БОТИНКИ LASSIE LASSIETEC CARLISLE РОЗОВЫЕ',NULL,NULL,NULL,NULL),(2249,2,NULL,'БОТИНКИ LASSIE LASSIETEC CARLISLE РОЗОВЫЕ',NULL,NULL,NULL,NULL),(2249,6,NULL,'БОТИНКИ LASSIE LASSIETEC CARLISLE РОЗОВЫЕ',NULL,NULL,NULL,NULL),(2249,5,NULL,'БОТИНКИ LASSIE LASSIETEC CARLISLE РОЗОВЫЕ',NULL,NULL,NULL,NULL),(2249,303,NULL,NULL,NULL,41,NULL,NULL),(2249,304,NULL,NULL,NULL,NULL,NULL,3599),(2249,307,22,NULL,NULL,NULL,NULL,NULL),(2249,574,NULL,'Финляндия',NULL,NULL,NULL,NULL),(2249,575,NULL,'LASSIE',NULL,NULL,NULL,NULL),(2249,605,NULL,'Зима, Осень',NULL,NULL,NULL,NULL),(2249,594,NULL,'Ровые',NULL,NULL,NULL,NULL),(2249,606,NULL,' Полиуретан, Полиэстер',NULL,NULL,NULL,NULL),(2249,607,NULL,'12 месяцев - 12 лет',NULL,NULL,NULL,NULL),(2249,302,1513774343,NULL,NULL,NULL,NULL,NULL),(2250,3,NULL,'САПОГИ LASSIE COLDWELL СИНИЕ',NULL,NULL,NULL,NULL),(2250,2,NULL,'САПОГИ LASSIE COLDWELL СИНИЕ',NULL,NULL,NULL,NULL),(2250,6,NULL,'САПОГИ LASSIE COLDWELL СИНИЕ',NULL,NULL,NULL,NULL),(2250,5,NULL,'САПОГИ LASSIE COLDWELL СИНИЕ',NULL,NULL,NULL,NULL),(2250,303,NULL,NULL,NULL,41,NULL,NULL),(2250,304,NULL,NULL,NULL,NULL,NULL,2999),(2250,307,71,NULL,NULL,NULL,NULL,NULL),(2250,574,NULL,'Финляндия',NULL,NULL,NULL,NULL),(2250,575,NULL,'LASSIE',NULL,NULL,NULL,NULL),(2250,605,NULL,'Зима, Осень',NULL,NULL,NULL,NULL),(2250,594,NULL,'Синие',NULL,NULL,NULL,NULL),(2250,606,NULL,' Натуральная кожа, Полиэстер',NULL,NULL,NULL,NULL),(2250,607,NULL,'18 месяцев - 10 лет',NULL,NULL,NULL,NULL),(2250,302,1513774566,NULL,NULL,NULL,NULL,NULL),(2251,3,NULL,'САПОГИ LASSIE COLDWELL ЛИЛОВЫЕ',NULL,NULL,NULL,NULL),(2251,2,NULL,'САПОГИ LASSIE COLDWELL ЛИЛОВЫЕ',NULL,NULL,NULL,NULL),(2251,6,NULL,'САПОГИ LASSIE COLDWELL ЛИЛОВЫЕ',NULL,NULL,NULL,NULL),(2251,5,NULL,'САПОГИ LASSIE COLDWELL ЛИЛОВЫЕ',NULL,NULL,NULL,NULL),(2251,303,NULL,NULL,NULL,41,NULL,NULL),(2251,304,NULL,NULL,NULL,NULL,NULL,2999),(2251,307,57,NULL,NULL,NULL,NULL,NULL),(2251,574,NULL,'Финляндия',NULL,NULL,NULL,NULL),(2251,575,NULL,'LASSIE',NULL,NULL,NULL,NULL),(2251,605,NULL,'Зима, Осень',NULL,NULL,NULL,NULL),(2251,594,NULL,'Лиловые',NULL,NULL,NULL,NULL),(2251,606,NULL,' Натуральная кожа, Полиэстер',NULL,NULL,NULL,NULL),(2251,607,NULL,'18 месяцев - 10 лет',NULL,NULL,NULL,NULL),(2251,302,1513774791,NULL,NULL,NULL,NULL,NULL),(2252,3,NULL,'САПОГИ LASSIE LASSIETEC BOULDER ЧЕРНЫЕ С ОРАНЖЕВЫМ',NULL,NULL,NULL,NULL),(2252,2,NULL,'САПОГИ LASSIE LASSIETEC BOULDER ЧЕРНЫЕ С ОРАНЖЕВЫМ',NULL,NULL,NULL,NULL),(2252,6,NULL,'САПОГИ LASSIE LASSIETEC BOULDER ЧЕРНЫЕ С ОРАНЖЕВЫМ',NULL,NULL,NULL,NULL),(2252,5,NULL,'САПОГИ LASSIE LASSIETEC BOULDER ЧЕРНЫЕ С ОРАНЖЕВЫМ',NULL,NULL,NULL,NULL),(2252,303,NULL,NULL,NULL,41,NULL,NULL),(2252,304,NULL,NULL,NULL,NULL,NULL,3999),(2252,307,34,NULL,NULL,NULL,NULL,NULL),(2252,574,NULL,'Финляндия',NULL,NULL,NULL,NULL),(2252,575,NULL,'LASSIE',NULL,NULL,NULL,NULL),(2252,605,NULL,' Полиуретан, Полиэстер',NULL,NULL,NULL,NULL),(2252,594,NULL,'Черные с оранжевым',NULL,NULL,NULL,NULL),(2252,606,NULL,'Зима, Осень',NULL,NULL,NULL,NULL),(2252,607,NULL,'18 месяцев - 10 лет',NULL,NULL,NULL,NULL),(2252,302,1513774947,NULL,NULL,NULL,NULL,NULL),(2173,296,4,NULL,NULL,NULL,NULL,NULL),(2186,296,4,NULL,NULL,NULL,NULL,NULL),(2161,296,4,NULL,NULL,NULL,NULL,NULL),(2208,296,4,NULL,NULL,NULL,NULL,NULL),(2217,296,4,NULL,NULL,NULL,NULL,NULL),(1829,3,NULL,'Детская одежда',NULL,NULL,NULL,NULL),(2253,3,NULL,'САНДАЛИИ LASSIE MARLE GRAPHITE BLUE',NULL,NULL,NULL,NULL),(2253,2,NULL,'САНДАЛИИ LASSIE MARLE GRAPHITE BLUE',NULL,NULL,NULL,NULL),(2253,6,NULL,'САНДАЛИИ LASSIE MARLE GRAPHITE BLUE',NULL,NULL,NULL,NULL),(2253,5,NULL,'САНДАЛИИ LASSIE MARLE GRAPHITE BLUE',NULL,NULL,NULL,NULL),(2253,303,NULL,NULL,NULL,41,NULL,NULL),(2253,304,NULL,NULL,NULL,NULL,NULL,1999),(2253,307,29,NULL,NULL,NULL,NULL,NULL),(2253,574,NULL,'Финляндия',NULL,NULL,NULL,NULL),(2253,575,NULL,'LASSIE MARLE ',NULL,NULL,NULL,NULL),(2253,605,NULL,'Лето',NULL,NULL,NULL,NULL),(2253,594,NULL,'Синий',NULL,NULL,NULL,NULL),(2253,606,NULL,'Полиуретан, Полиэстер',NULL,NULL,NULL,NULL),(2253,607,NULL,'2 года - 10 лет',NULL,NULL,NULL,NULL),(2253,302,1513775162,NULL,NULL,NULL,NULL,NULL),(1807,12,1,NULL,NULL,NULL,NULL,NULL),(2254,3,NULL,'БОТИНКИ PATROL КЭМЭЛ',NULL,NULL,NULL,NULL),(2254,2,NULL,'БОТИНКИ PATROL КЭМЭЛ',NULL,NULL,NULL,NULL),(2254,6,NULL,'БОТИНКИ PATROL КЭМЭЛ',NULL,NULL,NULL,NULL),(2254,5,NULL,'БОТИНКИ PATROL КЭМЭЛ',NULL,NULL,NULL,NULL),(2254,303,NULL,NULL,NULL,41,NULL,NULL),(2254,304,NULL,NULL,NULL,NULL,NULL,3337),(2254,307,44,NULL,NULL,NULL,NULL,NULL),(2254,574,NULL,'Россия',NULL,NULL,NULL,NULL),(2254,575,NULL,'PATROL',NULL,NULL,NULL,NULL),(2254,605,NULL,'Зима, Осень',NULL,NULL,NULL,NULL),(2254,594,NULL,'Коричневый',NULL,NULL,NULL,NULL),(2254,606,NULL,'Нубук',NULL,NULL,NULL,NULL),(2254,607,NULL,'9 лет - Старше 14',NULL,NULL,NULL,NULL),(2254,302,1513775350,NULL,NULL,NULL,NULL,NULL),(2255,3,NULL,'Толстовка, Scorpion Bay',NULL,NULL,NULL,NULL),(2255,2,NULL,'Толстовка, Scorpion Bay',NULL,NULL,NULL,NULL),(2255,6,NULL,'Толстовка, Scorpion Bay',NULL,NULL,NULL,NULL),(2255,5,NULL,'Толстовка, Scorpion Bay',NULL,NULL,NULL,NULL),(2255,303,NULL,NULL,NULL,41,NULL,NULL),(2255,304,NULL,NULL,NULL,NULL,NULL,5033),(2255,574,NULL,'Индия',NULL,NULL,NULL,NULL),(2255,575,NULL,'Scorpion Bay',NULL,NULL,NULL,NULL),(2255,576,NULL,'Хлопок',NULL,NULL,NULL,NULL),(2255,577,NULL,NULL,NULL,2068,NULL,NULL),(2255,578,NULL,NULL,NULL,2237,NULL,NULL),(2255,579,NULL,NULL,NULL,449,NULL,NULL),(2255,580,NULL,NULL,NULL,2081,NULL,NULL),(2255,302,1513777348,NULL,NULL,NULL,NULL,NULL),(2256,3,NULL,'Толстовка, Think Pink',NULL,NULL,NULL,NULL),(2256,2,NULL,'Толстовка, Think Pink',NULL,NULL,NULL,NULL),(2256,6,NULL,'Толстовка, Think Pink',NULL,NULL,NULL,NULL),(2256,5,NULL,'Толстовка, Think Pink',NULL,NULL,NULL,NULL),(2256,303,NULL,NULL,NULL,41,NULL,NULL),(2256,304,NULL,NULL,NULL,NULL,NULL,7860),(2256,307,24,NULL,NULL,NULL,NULL,NULL),(2256,574,NULL,'Турция',NULL,NULL,NULL,NULL),(2256,575,NULL,'Think Pink',NULL,NULL,NULL,NULL),(2256,576,NULL,'Хлопок',NULL,NULL,NULL,NULL),(2256,577,NULL,NULL,NULL,2064,NULL,NULL),(2256,578,NULL,NULL,NULL,2237,NULL,NULL),(2256,579,NULL,NULL,NULL,505,NULL,NULL),(2256,580,NULL,NULL,NULL,2081,NULL,NULL),(2256,302,1513777572,NULL,NULL,NULL,NULL,NULL),(2258,3,NULL,'Толстовка, VOI JEANS',NULL,NULL,NULL,NULL),(2258,2,NULL,'Толстовка, VOI JEANS',NULL,NULL,NULL,NULL),(2258,6,NULL,'Толстовка, VOI JEANS',NULL,NULL,NULL,NULL),(2258,5,NULL,'Толстовка, VOI JEANS',NULL,NULL,NULL,NULL),(2258,303,NULL,NULL,NULL,41,NULL,NULL),(2258,304,NULL,NULL,NULL,NULL,NULL,5190),(2258,307,33,NULL,NULL,NULL,NULL,NULL),(2258,574,NULL,'Китай',NULL,NULL,NULL,NULL),(2258,575,NULL,'VOI JEANS',NULL,NULL,NULL,NULL),(2258,576,NULL,'Хлопок 35%, полиэстер 65%',NULL,NULL,NULL,NULL),(2258,577,NULL,NULL,NULL,2067,NULL,NULL),(2258,578,NULL,NULL,NULL,2025,NULL,NULL),(2258,579,NULL,NULL,NULL,2257,NULL,NULL),(2258,580,NULL,NULL,NULL,2081,NULL,NULL),(2258,302,1513778097,NULL,NULL,NULL,NULL,NULL),(2259,3,NULL,'Толстовка, GARCIA',NULL,NULL,NULL,NULL),(2259,2,NULL,'Толстовка, GARCIA',NULL,NULL,NULL,NULL),(2259,6,NULL,'Толстовка, GARCIA',NULL,NULL,NULL,NULL),(2259,5,NULL,'Толстовка, GARCIA',NULL,NULL,NULL,NULL),(2259,303,NULL,NULL,NULL,41,NULL,NULL),(2259,304,NULL,NULL,NULL,NULL,NULL,4999),(2259,307,55,NULL,NULL,NULL,NULL,NULL),(2259,574,NULL,'Китай',NULL,NULL,NULL,NULL),(2259,575,NULL,'GARCIA',NULL,NULL,NULL,NULL),(2259,576,NULL,'Хлопок 80%,полиэстер 20%',NULL,NULL,NULL,NULL),(2259,577,NULL,NULL,NULL,2064,NULL,NULL),(2259,578,NULL,NULL,NULL,2237,NULL,NULL),(2259,579,NULL,NULL,NULL,2230,NULL,NULL),(2259,580,NULL,NULL,NULL,2081,NULL,NULL),(2259,302,1513778453,NULL,NULL,NULL,NULL,NULL),(2260,3,NULL,'Толстовка, Quiksilver',NULL,NULL,NULL,NULL),(2260,2,NULL,'Толстовка, Quiksilver',NULL,NULL,NULL,NULL),(2260,6,NULL,'Толстовка, Quiksilver',NULL,NULL,NULL,NULL),(2260,5,NULL,'Толстовка, Quiksilver',NULL,NULL,NULL,NULL),(2260,303,NULL,NULL,NULL,41,NULL,NULL),(2260,304,NULL,NULL,NULL,NULL,NULL,5390),(2260,307,78,NULL,NULL,NULL,NULL,NULL),(2260,574,NULL,'Китай',NULL,NULL,NULL,NULL),(2260,575,NULL,'Quiksilver',NULL,NULL,NULL,NULL),(2260,576,NULL,'Хлопок 85%,полиэстер 15%',NULL,NULL,NULL,NULL),(2260,577,NULL,NULL,NULL,2067,NULL,NULL),(2260,578,NULL,NULL,NULL,2237,NULL,NULL),(2260,579,NULL,NULL,NULL,415,NULL,NULL),(2260,580,NULL,NULL,NULL,2081,NULL,NULL),(2260,302,1513778616,NULL,NULL,NULL,NULL,NULL),(2261,3,NULL,'Толстовка, Catbalou',NULL,NULL,NULL,NULL),(2261,2,NULL,'Толстовка, Catbalou',NULL,NULL,NULL,NULL),(2261,6,NULL,'Толстовка, Catbalou',NULL,NULL,NULL,NULL),(2261,5,NULL,'Толстовка, Catbalou',NULL,NULL,NULL,NULL),(2261,303,NULL,NULL,NULL,41,NULL,NULL),(2261,304,NULL,NULL,NULL,NULL,NULL,3458),(2261,307,66,NULL,NULL,NULL,NULL,NULL),(2261,574,NULL,'Италия',NULL,NULL,NULL,NULL),(2261,575,NULL,'Catbalou',NULL,NULL,NULL,NULL),(2261,576,NULL,'хлопок 100%',NULL,NULL,NULL,NULL),(2261,577,NULL,NULL,NULL,2027,NULL,NULL),(2261,578,NULL,NULL,NULL,2237,NULL,NULL),(2261,579,NULL,NULL,NULL,345,NULL,NULL),(2261,580,NULL,NULL,NULL,2081,NULL,NULL),(2261,302,1513778806,NULL,NULL,NULL,NULL,NULL),(2262,3,NULL,'Толстовка, VON DUTCH',NULL,NULL,NULL,NULL),(2262,2,NULL,'Толстовка, VON DUTCH',NULL,NULL,NULL,NULL),(2262,6,NULL,'Толстовка, VON DUTCH',NULL,NULL,NULL,NULL),(2262,5,NULL,'Толстовка, VON DUTCH',NULL,NULL,NULL,NULL),(2262,304,NULL,NULL,NULL,NULL,NULL,3467),(2262,307,55,NULL,NULL,NULL,NULL,NULL),(2262,574,NULL,' Китай',NULL,NULL,NULL,NULL),(2262,575,NULL,'VON DUTCHА',NULL,NULL,NULL,NULL),(2262,576,NULL,'хлопок 100%',NULL,NULL,NULL,NULL),(2262,577,NULL,NULL,NULL,2065,NULL,NULL),(2262,578,NULL,NULL,NULL,2237,NULL,NULL),(2262,579,NULL,NULL,NULL,505,NULL,NULL),(2262,580,NULL,NULL,NULL,2081,NULL,NULL),(2262,302,1513779097,NULL,NULL,NULL,NULL,NULL),(2263,3,NULL,'Толстовка, Forward',NULL,NULL,NULL,NULL),(2263,2,NULL,'Толстовка, Forward',NULL,NULL,NULL,NULL),(2263,6,NULL,'Толстовка, Forward',NULL,NULL,NULL,NULL),(2263,5,NULL,'Толстовка, Forward',NULL,NULL,NULL,NULL),(2263,303,NULL,NULL,NULL,41,NULL,NULL),(2263,304,NULL,NULL,NULL,NULL,NULL,4890),(2263,307,66,NULL,NULL,NULL,NULL,NULL),(2263,574,NULL,'Китай',NULL,NULL,NULL,NULL),(2263,575,NULL,'Forvard',NULL,NULL,NULL,NULL),(2263,576,NULL,'Хлопок 65%,полиэстер 35%',NULL,NULL,NULL,NULL),(2263,577,NULL,NULL,NULL,2067,NULL,NULL),(2263,578,NULL,NULL,NULL,2025,NULL,NULL),(2263,579,NULL,NULL,NULL,345,NULL,NULL),(2263,580,NULL,NULL,NULL,2081,NULL,NULL),(2263,302,1513779389,NULL,NULL,NULL,NULL,NULL),(2264,3,NULL,'Рубашка, Envy Lab',NULL,NULL,NULL,NULL),(2264,2,NULL,'Рубашка, Envy Lab',NULL,NULL,NULL,NULL),(2264,6,NULL,'Рубашка, Envy Lab',NULL,NULL,NULL,NULL),(2264,5,NULL,'Рубашка, Envy Lab',NULL,NULL,NULL,NULL),(2264,303,NULL,NULL,NULL,41,NULL,NULL),(2264,304,NULL,NULL,NULL,NULL,NULL,2480),(2264,307,55,NULL,NULL,NULL,NULL,NULL),(2264,574,NULL,'Китай',NULL,NULL,NULL,NULL),(2264,575,NULL,'Envy LabB',NULL,NULL,NULL,NULL),(2264,576,NULL,'хлопок 95%,эластан 5%',NULL,NULL,NULL,NULL),(2264,577,NULL,NULL,NULL,2064,NULL,NULL),(2264,578,NULL,NULL,NULL,2237,NULL,NULL),(2264,579,NULL,NULL,NULL,345,NULL,NULL),(2264,580,NULL,NULL,NULL,2031,NULL,NULL),(2264,302,1513779821,NULL,NULL,NULL,NULL,NULL),(2265,3,NULL,'Рубашка, Oodji',NULL,NULL,NULL,NULL),(2265,2,NULL,'Рубашка, Oodji',NULL,NULL,NULL,NULL),(2265,6,NULL,'Рубашка, Oodji',NULL,NULL,NULL,NULL),(2265,5,NULL,'Рубашка, Oodji',NULL,NULL,NULL,NULL),(2265,303,NULL,NULL,NULL,41,NULL,NULL),(2265,304,NULL,NULL,NULL,NULL,NULL,3500),(2265,307,44,NULL,NULL,NULL,NULL,NULL),(2265,574,NULL,'Финляндия',NULL,NULL,NULL,NULL),(2265,575,NULL,'OodjiF',NULL,NULL,NULL,NULL),(2265,576,NULL,'хлопок 68%,нейлон 29%,эластан 3%',NULL,NULL,NULL,NULL),(2265,577,NULL,NULL,NULL,2065,NULL,NULL),(2265,578,NULL,NULL,NULL,2237,NULL,NULL),(2265,579,NULL,NULL,NULL,345,NULL,NULL),(2265,580,NULL,NULL,NULL,2031,NULL,NULL),(2265,302,1513779984,NULL,NULL,NULL,NULL,NULL),(2266,3,NULL,'Рубашка, U.S. Polo Assn.',NULL,NULL,NULL,NULL),(2266,2,NULL,'Рубашка, U.S. Polo Assn.',NULL,NULL,NULL,NULL),(2266,6,NULL,'Рубашка, U.S. Polo Assn.',NULL,NULL,NULL,NULL),(2266,5,NULL,'Рубашка, U.S. Polo Assn.',NULL,NULL,NULL,NULL),(2266,303,NULL,NULL,NULL,41,NULL,NULL),(2266,304,NULL,NULL,NULL,NULL,NULL,4700),(2266,307,33,NULL,NULL,NULL,NULL,NULL),(2266,574,NULL,'Польша',NULL,NULL,NULL,NULL),(2266,575,NULL,'U.S.S Polo Assn.',NULL,NULL,NULL,NULL),(2266,576,NULL,'хлопок 100%',NULL,NULL,NULL,NULL),(2266,577,NULL,NULL,NULL,2027,NULL,NULL),(2266,578,NULL,NULL,NULL,2237,NULL,NULL),(2266,579,NULL,NULL,NULL,505,NULL,NULL),(2266,580,NULL,NULL,NULL,2031,NULL,NULL),(2266,302,1513780134,NULL,NULL,NULL,NULL,NULL),(2267,3,NULL,'Рубашка, ELIZ X GRAND',NULL,NULL,NULL,NULL),(2267,2,NULL,'Рубашка, ELIZ X GRAND',NULL,NULL,NULL,NULL),(2267,6,NULL,'Рубашка, ELIZ X GRAND',NULL,NULL,NULL,NULL),(2267,5,NULL,'Рубашка, ELIZ X GRAND',NULL,NULL,NULL,NULL),(2267,303,NULL,NULL,NULL,41,NULL,NULL),(2267,304,NULL,NULL,NULL,NULL,NULL,1270),(2267,307,332,NULL,NULL,NULL,NULL,NULL),(2267,574,NULL,'Россия',NULL,NULL,NULL,NULL),(2267,575,NULL,'ELIZ X GRANDI',NULL,NULL,NULL,NULL),(2267,576,NULL,'хлопок 100%',NULL,NULL,NULL,NULL),(2267,577,NULL,NULL,NULL,2065,NULL,NULL),(2267,578,NULL,NULL,NULL,2237,NULL,NULL),(2267,579,NULL,NULL,NULL,345,NULL,NULL),(2267,580,NULL,NULL,NULL,2031,NULL,NULL),(2267,302,1513780250,NULL,NULL,NULL,NULL,NULL),(2268,3,NULL,'Рубашка, GUESS',NULL,NULL,NULL,NULL),(2268,2,NULL,'Рубашка, GUESS',NULL,NULL,NULL,NULL),(2268,6,NULL,'Рубашка, GUESS',NULL,NULL,NULL,NULL),(2268,5,NULL,'Рубашка, GUESS',NULL,NULL,NULL,NULL),(2268,303,NULL,NULL,NULL,41,NULL,NULL),(2268,304,NULL,NULL,NULL,NULL,NULL,3490),(2268,307,78,NULL,NULL,NULL,NULL,NULL),(2268,574,NULL,'Финляндия',NULL,NULL,NULL,NULL),(2268,575,NULL,'GUESSII',NULL,NULL,NULL,NULL),(2268,576,NULL,'Xлопок 100%',NULL,NULL,NULL,NULL),(2268,577,NULL,NULL,NULL,2045,NULL,NULL),(2268,578,NULL,NULL,NULL,2237,NULL,NULL),(2268,579,NULL,NULL,NULL,345,NULL,NULL),(2268,580,NULL,NULL,NULL,2031,NULL,NULL),(2268,302,1513780364,NULL,NULL,NULL,NULL,NULL),(2269,3,NULL,'Рубашка, CHOUPETTE',NULL,NULL,NULL,NULL),(2269,2,NULL,'Рубашка, CHOUPETTE',NULL,NULL,NULL,NULL),(2269,6,NULL,'Рубашка, CHOUPETTE',NULL,NULL,NULL,NULL),(2269,5,NULL,'Рубашка, CHOUPETTE',NULL,NULL,NULL,NULL),(2269,303,NULL,NULL,NULL,41,NULL,NULL),(2269,304,NULL,NULL,NULL,NULL,NULL,3090),(2269,307,12,NULL,NULL,NULL,NULL,NULL),(2269,574,NULL,'Сербия',NULL,NULL,NULL,NULL),(2269,575,NULL,'CCHAUPETTE',NULL,NULL,NULL,NULL),(2269,576,NULL,'Хлопок 80%,полиэстер 20%',NULL,NULL,NULL,NULL),(2269,577,NULL,NULL,NULL,2033,NULL,NULL),(2269,578,NULL,NULL,NULL,2237,NULL,NULL),(2269,579,NULL,NULL,NULL,2034,NULL,NULL),(2269,580,NULL,NULL,NULL,2031,NULL,NULL),(2269,302,1513780464,NULL,NULL,NULL,NULL,NULL),(2270,3,NULL,'Рубашка Slim, S.OLIVER',NULL,NULL,NULL,NULL),(2270,2,NULL,'Рубашка Slim, S.OLIVER',NULL,NULL,NULL,NULL),(2270,6,NULL,'Рубашка Slim, S.OLIVER',NULL,NULL,NULL,NULL),(2270,5,NULL,'Рубашка Slim, S.OLIVER',NULL,NULL,NULL,NULL),(2270,303,NULL,NULL,NULL,41,NULL,NULL),(2270,304,NULL,NULL,NULL,NULL,NULL,3445),(2270,307,15,NULL,NULL,NULL,NULL,NULL),(2270,574,NULL,'Китай',NULL,NULL,NULL,NULL),(2270,575,NULL,'LLim, S.OLIVER',NULL,NULL,NULL,NULL),(2270,576,NULL,'хлопок 100%',NULL,NULL,NULL,NULL),(2270,577,NULL,NULL,NULL,2045,NULL,NULL),(2270,578,NULL,NULL,NULL,2237,NULL,NULL),(2270,579,NULL,NULL,NULL,505,NULL,NULL),(2270,580,NULL,NULL,NULL,2031,NULL,NULL),(2270,302,1513780655,NULL,NULL,NULL,NULL,NULL),(2271,3,NULL,'Рубашка, TOM TAILOR',NULL,NULL,NULL,NULL),(2271,2,NULL,'Рубашка, TOM TAILOR',NULL,NULL,NULL,NULL),(2271,6,NULL,'Рубашка, TOM TAILOR',NULL,NULL,NULL,NULL),(2271,5,NULL,'Рубашка, TOM TAILOR',NULL,NULL,NULL,NULL),(2271,303,NULL,NULL,NULL,41,NULL,NULL),(2271,304,NULL,NULL,NULL,NULL,NULL,2970),(2271,307,44,NULL,NULL,NULL,NULL,NULL),(2271,574,NULL,'Таиланд',NULL,NULL,NULL,NULL),(2271,575,NULL,'KTOM TAILOR',NULL,NULL,NULL,NULL),(2271,576,NULL,'Хлопок 80%,полиэстер 20%',NULL,NULL,NULL,NULL),(2271,577,NULL,NULL,NULL,2045,NULL,NULL),(2271,578,NULL,NULL,NULL,2237,NULL,NULL),(2271,579,NULL,NULL,NULL,2230,NULL,NULL),(2271,580,NULL,NULL,NULL,2031,NULL,NULL),(2271,302,1513780816,NULL,NULL,NULL,NULL,NULL),(2272,3,NULL,'Шампуни',NULL,NULL,NULL,NULL),(2272,2,NULL,'Шампуни',NULL,NULL,NULL,NULL),(2272,6,NULL,'Шампуни',NULL,NULL,NULL,NULL),(2272,5,NULL,'Шампуни',NULL,NULL,NULL,NULL),(2273,3,NULL,'MOROCCANOIL Шампунь увлажняющий 1000 мл',NULL,NULL,NULL,NULL),(2273,2,NULL,'MOROCCANOIL Шампунь увлажняющий 1000 мл',NULL,NULL,NULL,NULL),(2273,6,NULL,'MOROCCANOIL Шампунь увлажняющий 1000 мл',NULL,NULL,NULL,NULL),(2273,5,NULL,'MOROCCANOIL Шампунь увлажняющий 1000 мл',NULL,NULL,NULL,NULL),(2273,303,NULL,NULL,NULL,41,NULL,NULL),(2273,304,NULL,NULL,NULL,NULL,NULL,3780),(2273,307,22,NULL,NULL,NULL,NULL,NULL),(2273,574,NULL,'Израиль',NULL,NULL,NULL,NULL),(2273,575,NULL,'MOROCCANOIL',NULL,NULL,NULL,NULL),(2273,608,NULL,'для волос все типы волос',NULL,NULL,NULL,NULL),(2273,609,NULL,'1000 ml',NULL,NULL,NULL,NULL),(2273,302,1513841392,NULL,NULL,NULL,NULL,NULL),(2274,3,NULL,'Greymy Professiona Shine Shampoo Шампунь для блеска 200мл',NULL,NULL,NULL,NULL),(2274,2,NULL,'Greymy Professiona Shine Shampoo Шампунь для блеска 200мл',NULL,NULL,NULL,NULL),(2274,6,NULL,'Greymy Professiona Shine Shampoo Шампунь для блеска 200мл',NULL,NULL,NULL,NULL),(2274,5,NULL,'Greymy Professiona Shine Shampoo Шампунь для блеска 200мл',NULL,NULL,NULL,NULL),(2274,303,NULL,NULL,NULL,41,NULL,NULL),(2274,304,NULL,NULL,NULL,NULL,NULL,2100),(2274,307,56,NULL,NULL,NULL,NULL,NULL),(2274,574,NULL,'Швейцария',NULL,NULL,NULL,NULL),(2274,575,NULL,'GREYMY PROFESSIONAL',NULL,NULL,NULL,NULL),(2274,608,NULL,'ля волос блеск и сияние волос',NULL,NULL,NULL,NULL),(2274,609,NULL,'200мл',NULL,NULL,NULL,NULL),(2274,302,1513841614,NULL,NULL,NULL,NULL,NULL),(2275,3,NULL,'ESTEL Haute Couture Luxury Repair Шампунь для волос 250мл',NULL,NULL,NULL,NULL),(2275,2,NULL,'ESTEL Haute Couture Luxury Repair Шампунь для волос 250мл',NULL,NULL,NULL,NULL),(2275,6,NULL,'ESTEL Haute Couture Luxury Repair Шампунь для волос 250мл',NULL,NULL,NULL,NULL),(2275,5,NULL,'ESTEL Haute Couture Luxury Repair Шампунь для волос 250мл',NULL,NULL,NULL,NULL),(2275,304,NULL,NULL,NULL,NULL,NULL,598),(2275,307,34,NULL,NULL,NULL,NULL,NULL),(2275,574,NULL,'Россия',NULL,NULL,NULL,NULL),(2275,575,NULL,'ESTEL',NULL,NULL,NULL,NULL),(2275,608,NULL,'для волос блеск и сияние волос',NULL,NULL,NULL,NULL),(2275,609,NULL,'250мл',NULL,NULL,NULL,NULL),(2275,302,1513841798,NULL,NULL,NULL,NULL,NULL),(2276,3,NULL,'Dermalogica daily cleansing shampoo Ежедневный шампунь для здоровья волос 250 мл',NULL,NULL,NULL,NULL),(2276,2,NULL,'Dermalogica daily cleansing shampoo Ежедневный шампунь для здоровья волос 250 мл',NULL,NULL,NULL,NULL),(2276,6,NULL,'Dermalogica daily cleansing shampoo Ежедневный шампунь для здоровья волос 250 мл',NULL,NULL,NULL,NULL),(2276,5,NULL,'Dermalogica daily cleansing shampoo Ежедневный шампунь для здоровья волос 250 мл',NULL,NULL,NULL,NULL),(2276,303,NULL,NULL,NULL,41,NULL,NULL),(2276,304,NULL,NULL,NULL,NULL,NULL,1824),(2276,307,98,NULL,NULL,NULL,NULL,NULL),(2276,574,NULL,'США',NULL,NULL,NULL,NULL),(2276,575,NULL,'DERMALOGICA',NULL,NULL,NULL,NULL),(2276,608,NULL,'для волос ежедневный уход',NULL,NULL,NULL,NULL),(2276,609,NULL,'250мл',NULL,NULL,NULL,NULL),(2276,302,1513841965,NULL,NULL,NULL,NULL,NULL),(2277,3,NULL,'L’Oreal Professionnel Absolut Lipidium / Восстанавливающий шампунь для поврежденных волос Абсолют Репэр Липидиум 250мл',NULL,NULL,NULL,NULL),(2277,2,NULL,'L’Oreal Professionnel Absolut Lipidium / Восстанавливающий шампунь для поврежденных волос Абсолют Репэр Липидиум 250мл',NULL,NULL,NULL,NULL),(2277,6,NULL,'L’Oreal Professionnel Absolut Lipidium / Восстанавливающий шампунь для поврежденных волос Абсолют Репэр Липидиум 250мл',NULL,NULL,NULL,NULL),(2277,5,NULL,'L’Oreal Professionnel Absolut Lipidium / Восстанавливающий шампунь для поврежденных волос Абсолют Репэр Липидиум 250мл',NULL,NULL,NULL,NULL),(2277,303,NULL,NULL,NULL,41,NULL,NULL),(2277,304,NULL,NULL,NULL,NULL,NULL,708),(2277,307,33,NULL,NULL,NULL,NULL,NULL),(2277,574,NULL,'Франция',NULL,NULL,NULL,NULL),(2277,575,NULL,'L`OREAL PROFESSIONNEL',NULL,NULL,NULL,NULL),(2277,608,NULL,'для волос поврежденные волосы («химия» и т.п.)',NULL,NULL,NULL,NULL),(2277,609,NULL,'250мл',NULL,NULL,NULL,NULL),(2277,302,1513842137,NULL,NULL,NULL,NULL,NULL),(2278,3,NULL,'Davines NOUNOU shampoo Питательный шампунь для уплотнения волос 250 мл',NULL,NULL,NULL,NULL),(2278,2,NULL,'Davines NOUNOU shampoo Питательный шампунь для уплотнения волос 250 мл',NULL,NULL,NULL,NULL),(2278,6,NULL,'Davines NOUNOU shampoo Питательный шампунь для уплотнения волос 250 мл',NULL,NULL,NULL,NULL),(2278,5,NULL,'Davines NOUNOU shampoo Питательный шампунь для уплотнения волос 250 мл',NULL,NULL,NULL,NULL),(2278,304,NULL,NULL,NULL,NULL,NULL,1297),(2278,307,54,NULL,NULL,NULL,NULL,NULL),(2278,574,NULL,'Италия',NULL,NULL,NULL,NULL),(2278,575,NULL,'DAVINES',NULL,NULL,NULL,NULL),(2278,608,NULL,'для волос окрашенные волосы',NULL,NULL,NULL,NULL),(2278,609,NULL,'250 мл',NULL,NULL,NULL,NULL),(2278,302,1513842310,NULL,NULL,NULL,NULL,NULL),(2279,3,NULL,'KAPOUS Studio Шампунь для восстановления волос «Profound Re» серии «Caring Line» 350мл',NULL,NULL,NULL,NULL),(2279,2,NULL,'KAPOUS Studio Шампунь для восстановления волос «Profound Re» серии «Caring Line» 350мл',NULL,NULL,NULL,NULL),(2279,6,NULL,'KAPOUS Studio Шампунь для восстановления волос «Profound Re» серии «Caring Line» 350мл',NULL,NULL,NULL,NULL),(2279,5,NULL,'KAPOUS Studio Шампунь для восстановления волос «Profound Re» серии «Caring Line» 350мл',NULL,NULL,NULL,NULL),(2279,303,NULL,NULL,NULL,41,NULL,NULL),(2279,304,NULL,NULL,NULL,NULL,NULL,269),(2279,307,33,NULL,NULL,NULL,NULL,NULL),(2279,574,NULL,'Россия',NULL,NULL,NULL,NULL),(2279,575,NULL,'KAPOUS PROFESSIONAL',NULL,NULL,NULL,NULL),(2279,608,NULL,'для волос поврежденные волосы («химия» и т.п.)',NULL,NULL,NULL,NULL),(2279,609,NULL,'Объём',NULL,NULL,NULL,NULL),(2279,302,1513842477,NULL,NULL,NULL,NULL,NULL),(2280,3,NULL,'ALFAPARF Кератиновый шампунь-гладкость для волос LISSE DESIGN MAINTENANCE SHAMPOO 250 ml',NULL,NULL,NULL,NULL),(2280,2,NULL,'ALFAPARF Кератиновый шампунь-гладкость для волос LISSE DESIGN MAINTENANCE SHAMPOO 250 ml',NULL,NULL,NULL,NULL),(2280,6,NULL,'ALFAPARF Кератиновый шампунь-гладкость для волос LISSE DESIGN MAINTENANCE SHAMPOO 250 ml',NULL,NULL,NULL,NULL),(2280,5,NULL,'ALFAPARF Кератиновый шампунь-гладкость для волос LISSE DESIGN MAINTENANCE SHAMPOO 250 ml',NULL,NULL,NULL,NULL),(2280,303,NULL,NULL,NULL,41,NULL,NULL),(2280,304,NULL,NULL,NULL,NULL,NULL,1084),(2280,307,44,NULL,NULL,NULL,NULL,NULL),(2280,574,NULL,'Италия',NULL,NULL,NULL,NULL),(2280,575,NULL,'ALFAPARF MILANO',NULL,NULL,NULL,NULL),(2280,608,NULL,'для волос очищение',NULL,NULL,NULL,NULL),(2280,609,NULL,'250мл',NULL,NULL,NULL,NULL),(2280,302,1513842627,NULL,NULL,NULL,NULL,NULL),(2281,3,NULL,'Красители для волос',NULL,NULL,NULL,NULL),(2281,2,NULL,'Красители для волос',NULL,NULL,NULL,NULL),(2281,6,NULL,'Красители для волос',NULL,NULL,NULL,NULL),(2281,5,NULL,'Красители для волос',NULL,NULL,NULL,NULL),(2282,3,NULL,'BAREX JOC Color Shine Developer 6% Оксигент с эффектом блеска 6% 125мл',NULL,NULL,NULL,NULL),(2282,2,NULL,'BAREX JOC Color Shine Developer 6% Оксигент с эффектом блеска 6% 125мл',NULL,NULL,NULL,NULL),(2282,6,NULL,'BAREX JOC Color Shine Developer 6% Оксигент с эффектом блеска 6% 125мл',NULL,NULL,NULL,NULL),(2282,5,NULL,'BAREX JOC Color Shine Developer 6% Оксигент с эффектом блеска 6% 125мл',NULL,NULL,NULL,NULL),(2282,303,NULL,NULL,NULL,41,NULL,NULL),(2282,304,NULL,NULL,NULL,NULL,NULL,132),(2282,307,54,NULL,NULL,NULL,NULL,NULL),(2282,574,NULL,'Италия',NULL,NULL,NULL,NULL),(2282,575,NULL,'BAREX',NULL,NULL,NULL,NULL),(2282,609,NULL,'125мл',NULL,NULL,NULL,NULL),(2282,302,1513843310,NULL,NULL,NULL,NULL,NULL),(2283,3,NULL,'ESTEL 8/7 Краска-уход De Luxe, светло-русый коричневый 60 мл',NULL,NULL,NULL,NULL),(2283,2,NULL,'ESTEL 8/7 Краска-уход De Luxe, светло-русый коричневый 60 мл',NULL,NULL,NULL,NULL),(2283,6,NULL,'ESTEL 8/7 Краска-уход De Luxe, светло-русый коричневый 60 мл',NULL,NULL,NULL,NULL),(2283,5,NULL,'ESTEL 8/7 Краска-уход De Luxe, светло-русый коричневый 60 мл',NULL,NULL,NULL,NULL),(2283,303,NULL,NULL,NULL,41,NULL,NULL),(2283,304,NULL,NULL,NULL,NULL,NULL,337),(2283,307,23,NULL,NULL,NULL,NULL,NULL),(2283,574,NULL,'Россия',NULL,NULL,NULL,NULL),(2283,575,NULL,'ESTEL',NULL,NULL,NULL,NULL),(2283,608,NULL,'для волос красители',NULL,NULL,NULL,NULL),(2283,609,NULL,'60мл',NULL,NULL,NULL,NULL),(2283,302,1513843531,NULL,NULL,NULL,NULL,NULL),(2284,3,NULL,'BAREX JOC Color Крем-краска 7.3 - Блондин золотистый 100мл',NULL,NULL,NULL,NULL),(2284,2,NULL,'BAREX JOC Color Крем-краска 7.3 - Блондин золотистый 100мл',NULL,NULL,NULL,NULL),(2284,6,NULL,'BAREX JOC Color Крем-краска 7.3 - Блондин золотистый 100мл',NULL,NULL,NULL,NULL),(2284,5,NULL,'BAREX JOC Color Крем-краска 7.3 - Блондин золотистый 100мл',NULL,NULL,NULL,NULL),(2284,303,NULL,NULL,NULL,41,NULL,NULL),(2284,304,NULL,NULL,NULL,NULL,NULL,588),(2284,307,11,NULL,NULL,NULL,NULL,NULL),(2284,574,NULL,'Италия',NULL,NULL,NULL,NULL),(2284,575,NULL,'BAREX',NULL,NULL,NULL,NULL),(2284,609,NULL,'100мл',NULL,NULL,NULL,NULL),(2284,302,1513843663,NULL,NULL,NULL,NULL,NULL),(2285,3,NULL,'ALFAPARF Milano PIGMENTS Violet ash Ультраконцентрированный пигмент в мини-упаковке, перламутрово-пепельный .21 8мл',NULL,NULL,NULL,NULL),(2285,2,NULL,'ALFAPARF Milano PIGMENTS Violet ash Ультраконцентрированный пигмент в мини-упаковке, перламутрово-пепельный .21 8мл',NULL,NULL,NULL,NULL),(2285,6,NULL,'ALFAPARF Milano PIGMENTS Violet ash Ультраконцентрированный пигмент в мини-упаковке, перламутрово-пепельный .21 8мл',NULL,NULL,NULL,NULL),(2285,5,NULL,'ALFAPARF Milano PIGMENTS Violet ash Ультраконцентрированный пигмент в мини-упаковке, перламутрово-пепельный .21 8мл',NULL,NULL,NULL,NULL),(2285,303,NULL,NULL,NULL,41,NULL,NULL),(2285,304,NULL,NULL,NULL,NULL,NULL,393),(2285,307,23,NULL,NULL,NULL,NULL,NULL),(2285,574,NULL,'Италия',NULL,NULL,NULL,NULL),(2285,575,NULL,'ALFAPARF MILANO',NULL,NULL,NULL,NULL),(2285,608,NULL,'для волос красители',NULL,NULL,NULL,NULL),(2285,609,NULL,'8мл',NULL,NULL,NULL,NULL),(2285,302,1513843821,NULL,NULL,NULL,NULL,NULL),(2286,3,NULL,'FULL COLOR color corrector in drops Корректор цвета в каплях красный 10мл',NULL,NULL,NULL,NULL),(2286,2,NULL,'FULL COLOR color corrector in drops Корректор цвета в каплях красный 10мл',NULL,NULL,NULL,NULL),(2286,6,NULL,'FULL COLOR color corrector in drops Корректор цвета в каплях красный 10мл',NULL,NULL,NULL,NULL),(2286,5,NULL,'FULL COLOR color corrector in drops Корректор цвета в каплях красный 10мл',NULL,NULL,NULL,NULL),(2286,303,NULL,NULL,NULL,41,NULL,NULL),(2286,304,NULL,NULL,NULL,NULL,NULL,998),(2286,307,56,NULL,NULL,NULL,NULL,NULL),(2286,574,NULL,'Италия',NULL,NULL,NULL,NULL),(2286,575,NULL,'DIKSON',NULL,NULL,NULL,NULL),(2286,608,NULL,'для волос красители',NULL,NULL,NULL,NULL),(2286,609,NULL,'10мл',NULL,NULL,NULL,NULL),(2286,302,1513844047,NULL,NULL,NULL,NULL,NULL),(2282,608,NULL,'для волос красители',NULL,NULL,NULL,NULL),(2284,608,NULL,'для волос красители',NULL,NULL,NULL,NULL),(2287,3,NULL,'ESTEL 10/66 Краска-уход De Luxe, светлый блондин фиолетовый интенсивный 60 мл',NULL,NULL,NULL,NULL),(2287,2,NULL,'ESTEL 10/66 Краска-уход De Luxe, светлый блондин фиолетовый интенсивный 60 мл',NULL,NULL,NULL,NULL),(2287,6,NULL,'ESTEL 10/66 Краска-уход De Luxe, светлый блондин фиолетовый интенсивный 60 мл',NULL,NULL,NULL,NULL),(2287,5,NULL,'ESTEL 10/66 Краска-уход De Luxe, светлый блондин фиолетовый интенсивный 60 мл',NULL,NULL,NULL,NULL),(2287,303,NULL,NULL,NULL,41,NULL,NULL),(2287,304,NULL,NULL,NULL,NULL,NULL,337),(2287,307,22,NULL,NULL,NULL,NULL,NULL),(2287,574,NULL,'Россия',NULL,NULL,NULL,NULL),(2287,575,NULL,'ESTEL',NULL,NULL,NULL,NULL),(2287,608,NULL,'для волос красители',NULL,NULL,NULL,NULL),(2287,609,NULL,'60мл',NULL,NULL,NULL,NULL),(2287,302,1513844517,NULL,NULL,NULL,NULL,NULL),(2288,3,NULL,'ALFAPARF Milano PIGMENTS Golden mahogany Ультраконцентрированный пигмент в мини-упаковке, золотисто-махагоновый .35 8мл',NULL,NULL,NULL,NULL),(2288,2,NULL,'ALFAPARF Milano PIGMENTS Golden mahogany Ультраконцентрированный пигмент в мини-упаковке, золотисто-махагоновый .35 8мл',NULL,NULL,NULL,NULL),(2288,6,NULL,'ALFAPARF Milano PIGMENTS Golden mahogany Ультраконцентрированный пигмент в мини-упаковке, золотисто-махагоновый .35 8мл',NULL,NULL,NULL,NULL),(2288,5,NULL,'ALFAPARF Milano PIGMENTS Golden mahogany Ультраконцентрированный пигмент в мини-упаковке, золотисто-махагоновый .35 8мл',NULL,NULL,NULL,NULL),(2288,303,NULL,NULL,NULL,41,NULL,NULL),(2288,304,NULL,NULL,NULL,NULL,NULL,393),(2288,307,22,NULL,NULL,NULL,NULL,NULL),(2288,574,NULL,'Италия',NULL,NULL,NULL,NULL),(2288,575,NULL,'ALFAPARF MILANO',NULL,NULL,NULL,NULL),(2288,608,NULL,'для волос красители',NULL,NULL,NULL,NULL),(2288,609,NULL,'8мл',NULL,NULL,NULL,NULL),(2288,302,1513844696,NULL,NULL,NULL,NULL,NULL),(2289,3,NULL,'ESTEL 8/7 Краска-уход De Luxe, светло-русый коричневый 60 мл',NULL,NULL,NULL,NULL),(2289,2,NULL,'ESTEL 8/7 Краска-уход De Luxe, светло-русый коричневый 60 мл',NULL,NULL,NULL,NULL),(2289,6,NULL,'ESTEL 8/7 Краска-уход De Luxe, светло-русый коричневый 60 мл',NULL,NULL,NULL,NULL),(2289,5,NULL,'ESTEL 8/7 Краска-уход De Luxe, светло-русый коричневый 60 мл',NULL,NULL,NULL,NULL),(2289,303,NULL,NULL,NULL,41,NULL,NULL),(2289,304,NULL,NULL,NULL,NULL,NULL,337),(2289,307,44,NULL,NULL,NULL,NULL,NULL),(2289,574,NULL,'Россия',NULL,NULL,NULL,NULL),(2289,575,NULL,'ESTEL',NULL,NULL,NULL,NULL),(2289,608,NULL,'для волос красители',NULL,NULL,NULL,NULL),(2289,609,NULL,'60мл',NULL,NULL,NULL,NULL),(2289,302,1513844878,NULL,NULL,NULL,NULL,NULL),(2290,3,NULL,'Парфюмерия',NULL,NULL,NULL,NULL),(2290,2,NULL,'Парфюмерия',NULL,NULL,NULL,NULL),(2290,6,NULL,'Парфюмерия',NULL,NULL,NULL,NULL),(2290,5,NULL,'Парфюмерия',NULL,NULL,NULL,NULL),(2292,3,NULL,'Antonio Banderas Blue Seduction Play Eau de Toilette',NULL,NULL,NULL,NULL),(2292,2,NULL,'Antonio Banderas Blue Seduction Play Eau de Toilette',NULL,NULL,NULL,NULL),(2292,6,NULL,'Antonio Banderas Blue Seduction Play Eau de Toilette',NULL,NULL,NULL,NULL),(2292,5,NULL,'Antonio Banderas Blue Seduction Play Eau de Toilette',NULL,NULL,NULL,NULL),(2292,303,NULL,NULL,NULL,41,NULL,NULL),(2292,304,NULL,NULL,NULL,NULL,NULL,2600),(2292,307,50,NULL,NULL,NULL,NULL,NULL),(2292,574,NULL,'Испания',NULL,NULL,NULL,NULL),(2292,575,NULL,'Antonio Banderas',NULL,NULL,NULL,NULL),(2292,610,NULL,NULL,NULL,2291,NULL,NULL),(2292,611,NULL,'100мл',NULL,NULL,NULL,NULL),(2292,302,1513845865,NULL,NULL,NULL,NULL,NULL),(2293,3,NULL,'Gucci Guilty Pour Homme Absolute Eau De Parfum',NULL,NULL,NULL,NULL),(2293,2,NULL,'Gucci Guilty Pour Homme Absolute Eau De Parfum',NULL,NULL,NULL,NULL),(2293,6,NULL,'Gucci Guilty Pour Homme Absolute Eau De Parfum',NULL,NULL,NULL,NULL),(2293,5,NULL,'Gucci Guilty Pour Homme Absolute Eau De Parfum',NULL,NULL,NULL,NULL),(2293,303,NULL,NULL,NULL,41,NULL,NULL),(2293,304,NULL,NULL,NULL,NULL,NULL,3500),(2293,307,12,NULL,NULL,NULL,NULL,NULL),(2293,574,NULL,'Великобритания',NULL,NULL,NULL,NULL),(2293,575,NULL,'Gucci',NULL,NULL,NULL,NULL),(2293,610,NULL,NULL,NULL,2291,NULL,NULL),(2293,611,NULL,'200мл',NULL,NULL,NULL,NULL),(2293,302,1513846171,NULL,NULL,NULL,NULL,NULL),(2294,3,NULL,'Carolina Herrera 212 VIP Black Eau de Parfum',NULL,NULL,NULL,NULL),(2294,2,NULL,'Carolina Herrera 212 VIP Black Eau de Parfum',NULL,NULL,NULL,NULL),(2294,6,NULL,'Carolina Herrera 212 VIP Black Eau de Parfum',NULL,NULL,NULL,NULL),(2294,5,NULL,'Carolina Herrera 212 VIP Black Eau de Parfum',NULL,NULL,NULL,NULL),(2294,303,NULL,NULL,NULL,41,NULL,NULL),(2294,304,NULL,NULL,NULL,NULL,NULL,5000),(2294,307,123,NULL,NULL,NULL,NULL,NULL),(2294,574,NULL,'Испания',NULL,NULL,NULL,NULL),(2294,575,NULL,'Carolina Herrera',NULL,NULL,NULL,NULL),(2294,610,NULL,NULL,NULL,2291,NULL,NULL),(2294,611,NULL,'354 л',NULL,NULL,NULL,NULL),(2294,302,1513846330,NULL,NULL,NULL,NULL,NULL),(2295,3,NULL,'Lacoste L\'Homme Eau De Toilette',NULL,NULL,NULL,NULL),(2295,2,NULL,'Lacoste L\'Homme Eau De Toilette',NULL,NULL,NULL,NULL),(2295,6,NULL,'Lacoste L\'Homme Eau De Toilette',NULL,NULL,NULL,NULL),(2295,5,NULL,'Lacoste L\'Homme Eau De Toilette',NULL,NULL,NULL,NULL),(2295,303,NULL,NULL,NULL,41,NULL,NULL),(2295,304,NULL,NULL,NULL,NULL,NULL,2465),(2295,307,45,NULL,NULL,NULL,NULL,NULL),(2295,574,NULL,'Великобритания',NULL,NULL,NULL,NULL),(2295,575,NULL,'Lacoste',NULL,NULL,NULL,NULL),(2295,610,NULL,NULL,NULL,2291,NULL,NULL),(2295,611,NULL,'260мл',NULL,NULL,NULL,NULL),(2295,302,1513846494,NULL,NULL,NULL,NULL,NULL),(2297,3,NULL,'Thierry Mugler Angel Muse Eau de Parfum',NULL,NULL,NULL,NULL),(2297,2,NULL,'Thierry Mugler Angel Muse Eau de Parfum',NULL,NULL,NULL,NULL),(2297,6,NULL,'Thierry Mugler Angel Muse Eau de Parfum',NULL,NULL,NULL,NULL),(2297,5,NULL,'Thierry Mugler Angel Muse Eau de Parfum',NULL,NULL,NULL,NULL),(2297,303,NULL,NULL,NULL,41,NULL,NULL),(2297,304,NULL,NULL,NULL,NULL,NULL,4562),(2297,307,15,NULL,NULL,NULL,NULL,NULL),(2297,574,NULL,'Франция',NULL,NULL,NULL,NULL),(2297,575,NULL,'Mugler',NULL,NULL,NULL,NULL),(2297,610,NULL,NULL,NULL,2296,NULL,NULL),(2297,611,NULL,'80мл',NULL,NULL,NULL,NULL),(2297,302,1513846707,NULL,NULL,NULL,NULL,NULL),(2298,3,NULL,'Shakira Dance Eau de Toilette',NULL,NULL,NULL,NULL),(2298,2,NULL,'Shakira Dance Eau de Toilette',NULL,NULL,NULL,NULL),(2298,6,NULL,'Shakira Dance Eau de Toilette',NULL,NULL,NULL,NULL),(2298,5,NULL,'Shakira Dance Eau de Toilette',NULL,NULL,NULL,NULL),(2298,303,NULL,NULL,NULL,41,NULL,NULL),(2298,304,NULL,NULL,NULL,NULL,NULL,2580),(2298,307,75,NULL,NULL,NULL,NULL,NULL),(2298,574,NULL,'Испания',NULL,NULL,NULL,NULL),(2298,575,NULL,'Shakira',NULL,NULL,NULL,NULL),(2298,610,NULL,NULL,NULL,2296,NULL,NULL),(2298,611,NULL,'90мл',NULL,NULL,NULL,NULL),(2298,302,1513846842,NULL,NULL,NULL,NULL,NULL),(2299,3,NULL,'Carolina Herrera Good Girl Eau De Parfum',NULL,NULL,NULL,NULL),(2299,2,NULL,'Carolina Herrera Good Girl Eau De Parfum',NULL,NULL,NULL,NULL),(2299,6,NULL,'Carolina Herrera Good Girl Eau De Parfum',NULL,NULL,NULL,NULL),(2299,5,NULL,'Carolina Herrera Good Girl Eau De Parfum',NULL,NULL,NULL,NULL),(2299,303,NULL,NULL,NULL,41,NULL,NULL),(2299,304,NULL,NULL,NULL,NULL,NULL,7500),(2299,307,69,NULL,NULL,NULL,NULL,NULL),(2299,574,NULL,'Испания',NULL,NULL,NULL,NULL),(2299,575,NULL,'Carolina Herrera',NULL,NULL,NULL,NULL),(2299,610,NULL,NULL,NULL,2296,NULL,NULL),(2299,611,NULL,'354 л',NULL,NULL,NULL,NULL),(2299,302,1513846941,NULL,NULL,NULL,NULL,NULL),(2300,3,NULL,'Masaki Matsushima Matsu Sakura Eau De Parfum',NULL,NULL,NULL,NULL),(2300,2,NULL,'Masaki Matsushima Matsu Sakura Eau De Parfum',NULL,NULL,NULL,NULL),(2300,6,NULL,'Masaki Matsushima Matsu Sakura Eau De Parfum',NULL,NULL,NULL,NULL),(2300,5,NULL,'Masaki Matsushima Matsu Sakura Eau De Parfum',NULL,NULL,NULL,NULL),(2300,303,NULL,NULL,NULL,41,NULL,NULL),(2300,304,NULL,NULL,NULL,NULL,NULL,9000),(2300,307,63,NULL,NULL,NULL,NULL,NULL),(2300,574,NULL,'Франция',NULL,NULL,NULL,NULL),(2300,575,NULL,'Masaki Matsushima',NULL,NULL,NULL,NULL),(2300,610,NULL,NULL,NULL,2296,NULL,NULL),(2300,611,NULL,'250 мл',NULL,NULL,NULL,NULL),(2300,302,1513847161,NULL,NULL,NULL,NULL,NULL),(2272,296,4,NULL,NULL,NULL,NULL,NULL),(2281,296,4,NULL,NULL,NULL,NULL,NULL),(2290,296,4,NULL,NULL,NULL,NULL,NULL),(2301,3,NULL,'Самокаты',NULL,NULL,NULL,NULL),(2304,3,NULL,'САМОКАТ YEDOO OX NEW ЧЕРНЫЙ/ЗЕЛЕНЫЙ',NULL,NULL,NULL,NULL),(2304,2,NULL,'САМОКАТ YEDOO OX NEW ЧЕРНЫЙ/ЗЕЛЕНЫЙ',NULL,NULL,NULL,NULL),(2304,6,NULL,'САМОКАТ YEDOO OX NEW ЧЕРНЫЙ/ЗЕЛЕНЫЙ',NULL,NULL,NULL,NULL),(2304,5,NULL,'САМОКАТ YEDOO OX NEW ЧЕРНЫЙ/ЗЕЛЕНЫЙ',NULL,NULL,NULL,NULL),(2304,303,NULL,NULL,NULL,41,NULL,NULL),(2304,304,NULL,NULL,NULL,NULL,NULL,10000),(2304,307,45,NULL,NULL,NULL,NULL,NULL),(2304,574,NULL,'Финляндия',NULL,NULL,NULL,NULL),(2304,575,NULL,NULL,NULL,2302,NULL,NULL),(2304,612,NULL,'8,6 кг',NULL,NULL,NULL,NULL),(2304,613,NULL,'121 см',NULL,NULL,NULL,NULL),(2304,614,NULL,'5см',NULL,NULL,NULL,NULL),(2304,615,NULL,'минимальное положение 80см, максимальное положение 91 см',NULL,NULL,NULL,NULL),(2304,616,NULL,NULL,NULL,2303,NULL,NULL),(2304,302,1513849646,NULL,NULL,NULL,NULL,NULL),(2308,3,NULL,'САМОКАТ TROLO RAPTOR 230 (2017) БЕЛЫЙ',NULL,NULL,NULL,NULL),(2308,2,NULL,'САМОКАТ TROLO RAPTOR 230 (2017) БЕЛЫЙ',NULL,NULL,NULL,NULL),(2308,6,NULL,'САМОКАТ TROLO RAPTOR 230 (2017) БЕЛЫЙ',NULL,NULL,NULL,NULL),(2308,5,NULL,'САМОКАТ TROLO RAPTOR 230 (2017) БЕЛЫЙ',NULL,NULL,NULL,NULL),(2308,303,NULL,NULL,NULL,41,NULL,NULL),(2308,304,NULL,NULL,NULL,NULL,NULL,12500),(2308,307,50,NULL,NULL,NULL,NULL,NULL),(2308,574,NULL,'Россия',NULL,NULL,NULL,NULL),(2308,575,NULL,NULL,NULL,2305,NULL,NULL),(2308,612,NULL,'4,5 кг',NULL,NULL,NULL,NULL),(2308,613,NULL,'90 см',NULL,NULL,NULL,NULL),(2308,614,NULL,'5см',NULL,NULL,NULL,NULL),(2308,615,NULL,'87-109 см',NULL,NULL,NULL,NULL),(2308,616,NULL,NULL,NULL,2307,NULL,NULL),(2308,302,1513849947,NULL,NULL,NULL,NULL,NULL),(2310,3,NULL,'САМОКАТ MICRO SPEED+ ЧЕРНЫЙ',NULL,NULL,NULL,NULL),(2310,2,NULL,'САМОКАТ MICRO SPEED+ ЧЕРНЫЙ',NULL,NULL,NULL,NULL),(2310,6,NULL,'САМОКАТ MICRO SPEED+ ЧЕРНЫЙ',NULL,NULL,NULL,NULL),(2310,5,NULL,'САМОКАТ MICRO SPEED+ ЧЕРНЫЙ',NULL,NULL,NULL,NULL),(2310,303,NULL,NULL,NULL,41,NULL,NULL),(2310,304,NULL,NULL,NULL,NULL,NULL,7860),(2310,307,12,NULL,NULL,NULL,NULL,NULL),(2310,574,NULL,'Италия',NULL,NULL,NULL,NULL),(2310,575,NULL,NULL,NULL,2309,NULL,NULL),(2310,612,NULL,'3,75 кг',NULL,NULL,NULL,NULL),(2310,613,NULL,'99см',NULL,NULL,NULL,NULL),(2310,614,NULL,'5.6см',NULL,NULL,NULL,NULL),(2310,615,NULL,'64-96см',NULL,NULL,NULL,NULL),(2310,616,NULL,NULL,NULL,2307,NULL,NULL),(2310,302,1513850181,NULL,NULL,NULL,NULL,NULL),(2312,3,NULL,'САМОКАТ MICRO SUSPENSION (SA0065) ДВА АМОРТИЗАТОРА БРОНЗА',NULL,NULL,NULL,NULL),(2312,2,NULL,'САМОКАТ MICRO SUSPENSION (SA0065) ДВА АМОРТИЗАТОРА БРОНЗА',NULL,NULL,NULL,NULL),(2312,6,NULL,'САМОКАТ MICRO SUSPENSION (SA0065) ДВА АМОРТИЗАТОРА БРОНЗА',NULL,NULL,NULL,NULL),(2312,5,NULL,'САМОКАТ MICRO SUSPENSION (SA0065) ДВА АМОРТИЗАТОРА БРОНЗА',NULL,NULL,NULL,NULL),(2312,303,NULL,NULL,NULL,41,NULL,NULL),(2312,304,NULL,NULL,NULL,NULL,NULL,8999),(2312,307,31,NULL,NULL,NULL,NULL,NULL),(2312,574,NULL,'Польша',NULL,NULL,NULL,NULL),(2312,575,NULL,NULL,NULL,2311,NULL,NULL),(2312,612,NULL,'6,4кг',NULL,NULL,NULL,NULL),(2312,613,NULL,'94 см',NULL,NULL,NULL,NULL),(2312,614,NULL,'3.9см',NULL,NULL,NULL,NULL),(2312,615,NULL,'74-106 см',NULL,NULL,NULL,NULL),(2312,616,NULL,NULL,NULL,2307,NULL,NULL),(2312,302,1513850418,NULL,NULL,NULL,NULL,NULL),(2314,3,NULL,'САМОКАТ RAZOR A5 LUX СИНИЙ',NULL,NULL,NULL,NULL),(2314,2,NULL,'САМОКАТ RAZOR A5 LUX СИНИЙ',NULL,NULL,NULL,NULL),(2314,6,NULL,'САМОКАТ RAZOR A5 LUX СИНИЙ',NULL,NULL,NULL,NULL),(2314,5,NULL,'САМОКАТ RAZOR A5 LUX СИНИЙ',NULL,NULL,NULL,NULL),(2314,303,NULL,NULL,NULL,41,NULL,NULL),(2314,304,NULL,NULL,NULL,NULL,NULL,15000),(2314,307,65,NULL,NULL,NULL,NULL,NULL),(2314,574,NULL,'Китай',NULL,NULL,NULL,NULL),(2314,575,NULL,NULL,NULL,2313,NULL,NULL),(2314,612,NULL,'3,86 кг',NULL,NULL,NULL,NULL),(2314,613,NULL,'100см',NULL,NULL,NULL,NULL),(2314,614,NULL,'5.7см',NULL,NULL,NULL,NULL),(2314,615,NULL,'76-100см',NULL,NULL,NULL,NULL),(2314,616,NULL,NULL,NULL,2303,NULL,NULL),(2314,302,1513850699,NULL,NULL,NULL,NULL,NULL),(2316,3,NULL,'САМОКАТ WEELZ ROCK ЧЕРНЫЙ/ЗЕЛЕНЫЙ',NULL,NULL,NULL,NULL),(2316,2,NULL,'САМОКАТ WEELZ ROCK ЧЕРНЫЙ/ЗЕЛЕНЫЙ',NULL,NULL,NULL,NULL),(2316,6,NULL,'САМОКАТ WEELZ ROCK ЧЕРНЫЙ/ЗЕЛЕНЫЙ',NULL,NULL,NULL,NULL),(2316,5,NULL,'САМОКАТ WEELZ ROCK ЧЕРНЫЙ/ЗЕЛЕНЫЙ',NULL,NULL,NULL,NULL),(2316,303,NULL,NULL,NULL,41,NULL,NULL),(2316,304,NULL,NULL,NULL,NULL,NULL,9800),(2316,307,23,NULL,NULL,NULL,NULL,NULL),(2316,574,NULL,'Финляндия',NULL,NULL,NULL,NULL),(2316,575,NULL,NULL,NULL,2315,NULL,NULL),(2316,612,NULL,'7кг',NULL,NULL,NULL,NULL),(2316,613,NULL,'99см',NULL,NULL,NULL,NULL),(2316,614,NULL,'2.9см',NULL,NULL,NULL,NULL),(2316,615,NULL,'74-106 см',NULL,NULL,NULL,NULL),(2316,616,NULL,NULL,NULL,2307,NULL,NULL),(2316,302,1513851017,NULL,NULL,NULL,NULL,NULL),(2318,3,NULL,'САМОКАТ HUDORA BIG WHEEL STYLE 230 WHITE (14236) БЕЛЫЙ',NULL,NULL,NULL,NULL),(2318,2,NULL,'САМОКАТ HUDORA BIG WHEEL STYLE 230 WHITE (14236) БЕЛЫЙ',NULL,NULL,NULL,NULL),(2318,6,NULL,'САМОКАТ HUDORA BIG WHEEL STYLE 230 WHITE (14236) БЕЛЫЙ',NULL,NULL,NULL,NULL),(2318,5,NULL,'САМОКАТ HUDORA BIG WHEEL STYLE 230 WHITE (14236) БЕЛЫЙ',NULL,NULL,NULL,NULL),(2318,303,NULL,NULL,NULL,41,NULL,NULL),(2318,304,NULL,NULL,NULL,NULL,NULL,17900),(2318,307,12,NULL,NULL,NULL,NULL,NULL),(2318,574,NULL,'Польша',NULL,NULL,NULL,NULL),(2318,575,NULL,NULL,NULL,2317,NULL,NULL),(2318,612,NULL,'12кг',NULL,NULL,NULL,NULL),(2318,613,NULL,'100см',NULL,NULL,NULL,NULL),(2318,614,NULL,'7см',NULL,NULL,NULL,NULL),(2318,615,NULL,'88 - 106,5 см',NULL,NULL,NULL,NULL),(2318,616,NULL,NULL,NULL,2307,NULL,NULL),(2318,302,1513851209,NULL,NULL,NULL,NULL,NULL),(2320,3,NULL,'ГОРОДСКОЙ САМОКАТ XOOTR NEW ULTRA CRUZ СЕРЫЙ',NULL,NULL,NULL,NULL),(2320,2,NULL,'ГОРОДСКОЙ САМОКАТ XOOTR NEW ULTRA CRUZ СЕРЫЙ',NULL,NULL,NULL,NULL),(2320,6,NULL,'ГОРОДСКОЙ САМОКАТ XOOTR NEW ULTRA CRUZ СЕРЫЙ',NULL,NULL,NULL,NULL),(2320,5,NULL,'ГОРОДСКОЙ САМОКАТ XOOTR NEW ULTRA CRUZ СЕРЫЙ',NULL,NULL,NULL,NULL),(2320,303,NULL,NULL,NULL,41,NULL,NULL),(2320,304,NULL,NULL,NULL,NULL,NULL,11800),(2320,307,12,NULL,NULL,NULL,NULL,NULL),(2320,574,NULL,'Китай',NULL,NULL,NULL,NULL),(2320,575,NULL,NULL,NULL,2319,NULL,NULL),(2320,612,NULL,'6кг',NULL,NULL,NULL,NULL),(2320,613,NULL,'60см',NULL,NULL,NULL,NULL),(2320,614,NULL,'2см',NULL,NULL,NULL,NULL),(2320,615,NULL,'76-100см',NULL,NULL,NULL,NULL),(2320,616,NULL,NULL,NULL,2307,NULL,NULL),(2320,302,1513851379,NULL,NULL,NULL,NULL,NULL),(2324,3,NULL,'Встраиваемый электрический духовой шкаф Asko OP 8478 G',NULL,NULL,NULL,NULL),(2324,2,NULL,'Встраиваемый электрический духовой шкаф Asko OP 8478 G',NULL,NULL,NULL,NULL),(2324,6,NULL,'Встраиваемый электрический духовой шкаф Asko OP 8478 G',NULL,NULL,NULL,NULL),(2324,5,NULL,'Встраиваемый электрический духовой шкаф Asko OP 8478 G',NULL,NULL,NULL,NULL),(2324,303,NULL,NULL,NULL,41,NULL,NULL),(2324,304,NULL,NULL,NULL,NULL,NULL,145500),(2324,307,12,NULL,NULL,NULL,NULL,NULL),(2324,574,NULL,'Испания',NULL,NULL,NULL,NULL),(2324,587,NULL,NULL,NULL,2321,NULL,NULL),(2324,588,NULL,NULL,NULL,2323,NULL,NULL),(2324,589,NULL,'51л',NULL,NULL,NULL,NULL),(2324,590,NULL,NULL,NULL,2322,NULL,NULL),(2324,583,NULL,'45.5х59.5х54.7',NULL,NULL,NULL,NULL),(2324,302,1513853445,NULL,NULL,NULL,NULL,NULL),(2326,3,NULL,'Встраиваемый электрический духовой шкаф Darina 1V8 BDE 111707 Bg',NULL,NULL,NULL,NULL),(2326,2,NULL,'Встраиваемый электрический духовой шкаф Darina 1V8 BDE 111707 Bg',NULL,NULL,NULL,NULL),(2326,6,NULL,'Встраиваемый электрический духовой шкаф Darina 1V8 BDE 111707 Bg',NULL,NULL,NULL,NULL),(2326,5,NULL,'Встраиваемый электрический духовой шкаф Darina 1V8 BDE 111707 Bg',NULL,NULL,NULL,NULL),(2326,303,NULL,NULL,NULL,41,NULL,NULL),(2326,304,NULL,NULL,NULL,NULL,NULL,15900),(2326,307,98,NULL,NULL,NULL,NULL,NULL),(2326,574,NULL,'Китай',NULL,NULL,NULL,NULL),(2326,587,NULL,NULL,NULL,2325,NULL,NULL),(2326,588,NULL,NULL,NULL,2034,NULL,NULL),(2326,589,NULL,'50',NULL,NULL,NULL,NULL),(2326,590,NULL,NULL,NULL,2175,NULL,NULL),(2326,583,NULL,'60х60х52',NULL,NULL,NULL,NULL),(2326,302,1513853730,NULL,NULL,NULL,NULL,NULL),(2330,3,NULL,'Встраиваемый электрический духовой шкаф Hotpoint-Ariston FI7 861 SH IC HA',NULL,NULL,NULL,NULL),(2330,2,NULL,'Встраиваемый электрический духовой шкаф Hotpoint-Ariston FI7 861 SH IC HA',NULL,NULL,NULL,NULL),(2330,6,NULL,'Встраиваемый электрический духовой шкаф Hotpoint-Ariston FI7 861 SH IC HA',NULL,NULL,NULL,NULL),(2330,5,NULL,'Встраиваемый электрический духовой шкаф Hotpoint-Ariston FI7 861 SH IC HA',NULL,NULL,NULL,NULL),(2330,303,NULL,NULL,NULL,41,NULL,NULL),(2330,304,NULL,NULL,NULL,NULL,NULL,60999),(2330,307,89,NULL,NULL,NULL,NULL,NULL),(2330,574,NULL,'Китай',NULL,NULL,NULL,NULL),(2330,587,NULL,NULL,NULL,2327,NULL,NULL),(2330,588,NULL,NULL,NULL,2328,NULL,NULL),(2330,589,NULL,'73л',NULL,NULL,NULL,NULL),(2330,590,NULL,NULL,NULL,2329,NULL,NULL),(2330,583,NULL,'59,5х59,5х56,4',NULL,NULL,NULL,NULL),(2330,302,1513853944,NULL,NULL,NULL,NULL,NULL),(2324,15,1,NULL,NULL,NULL,NULL,NULL),(2324,16,3,NULL,NULL,NULL,NULL,NULL),(2301,296,4,NULL,NULL,NULL,NULL,NULL),(1441,617,NULL,'Санкт-Петербург, Красного Курсанта, 25',NULL,NULL,NULL,NULL),(1441,618,NULL,'+7 (499) 703-39-00',NULL,NULL,NULL,NULL),(1441,619,NULL,'mygoodshop',NULL,NULL,NULL,NULL),(1441,620,NULL,'info@demomarket.com',NULL,NULL,NULL,NULL),(1441,621,NULL,'Может быть напишем?',NULL,NULL,NULL,NULL),(763,265,NULL,'1562,139,221',NULL,NULL,NULL,NULL),(2331,247,221,NULL,NULL,NULL,NULL,NULL),(2331,2,NULL,'Контакты',NULL,NULL,NULL,NULL),(2331,3,NULL,'Контакты',NULL,NULL,NULL,NULL),(1283,207,NULL,NULL,'[{\"isactive\":1,\"name\":\"\\u041e \\u043d\\u0430\\u0441\",\"link\":\"\\/about\",\"rel\":9,\"isdeleted\":0},{\"isactive\":1,\"name\":\"\\u0414\\u043e\\u0441\\u0442\\u0430\\u0432\\u043a\\u0430 \\u0438 \\u043e\\u043f\\u043b\\u0430\\u0442\\u0430\",\"link\":\"\\/delivery_and_payment\",\"rel\":6,\"isdeleted\":0},{\"isactive\":1,\"name\":\"\\u041f\\u043e\\u043c\\u043e\\u0449\\u044c\",\"link\":\"\\/help\",\"rel\":7,\"isdeleted\":0},{\"isactive\":1,\"name\":\"\\u041a\\u043e\\u043d\\u0442\\u0430\\u043a\\u0442\\u044b\",\"link\":\"\\/contacts\",\"rel\":603,\"isdeleted\":0}]',NULL,NULL,NULL),(2332,252,NULL,'mailer@umisoft.ru',NULL,NULL,NULL,NULL),(2332,253,NULL,'UMI mailer',NULL,NULL,NULL,NULL),(2332,254,NULL,'Заказ обратного звонка',NULL,NULL,NULL,NULL),(2332,255,NULL,NULL,'<p>%name% просил перезвонить ему по телефону %phone%</p>\r\n<p>Комментарий: %comment%</p>',NULL,NULL,NULL),(2332,262,221,NULL,NULL,NULL,NULL,NULL),(2177,303,NULL,NULL,NULL,41,NULL,NULL),(2275,303,NULL,NULL,NULL,41,NULL,NULL),(1891,303,NULL,NULL,NULL,41,NULL,NULL),(2009,303,NULL,NULL,NULL,41,NULL,NULL),(2134,303,NULL,NULL,NULL,41,NULL,NULL),(2278,303,NULL,NULL,NULL,41,NULL,NULL),(1915,303,NULL,NULL,NULL,41,NULL,NULL),(2135,303,NULL,NULL,NULL,41,NULL,NULL),(2262,303,NULL,NULL,NULL,41,NULL,NULL),(2146,303,NULL,NULL,NULL,41,NULL,NULL),(2016,303,NULL,NULL,NULL,41,NULL,NULL),(1943,303,NULL,NULL,NULL,41,NULL,NULL),(2099,303,NULL,NULL,NULL,41,NULL,NULL),(2104,303,NULL,NULL,NULL,41,NULL,NULL),(2166,303,NULL,NULL,NULL,41,NULL,NULL),(2118,303,NULL,NULL,NULL,41,NULL,NULL),(2333,30,NULL,'AU',NULL,NULL,NULL,NULL),(2334,30,NULL,'AT',NULL,NULL,NULL,NULL),(2335,30,NULL,'AZ',NULL,NULL,NULL,NULL),(2336,30,NULL,'AX',NULL,NULL,NULL,NULL),(2337,30,NULL,'AL',NULL,NULL,NULL,NULL),(2338,30,NULL,'DZ',NULL,NULL,NULL,NULL),(2339,30,NULL,'AS',NULL,NULL,NULL,NULL),(2340,30,NULL,'AI',NULL,NULL,NULL,NULL),(2341,30,NULL,'AO',NULL,NULL,NULL,NULL),(2342,30,NULL,'AD',NULL,NULL,NULL,NULL),(2343,30,NULL,'AQ',NULL,NULL,NULL,NULL),(2344,30,NULL,'AG',NULL,NULL,NULL,NULL),(2345,30,NULL,'AR',NULL,NULL,NULL,NULL),(2346,30,NULL,'AM',NULL,NULL,NULL,NULL),(2347,30,NULL,'AW',NULL,NULL,NULL,NULL),(2348,30,NULL,'AF',NULL,NULL,NULL,NULL),(2349,30,NULL,'BS',NULL,NULL,NULL,NULL),(2350,30,NULL,'BD',NULL,NULL,NULL,NULL),(2351,30,NULL,'BB',NULL,NULL,NULL,NULL),(2352,30,NULL,'BH',NULL,NULL,NULL,NULL),(2353,30,NULL,'BY',NULL,NULL,NULL,NULL),(2354,30,NULL,'BZ',NULL,NULL,NULL,NULL),(2355,30,NULL,'BE',NULL,NULL,NULL,NULL),(2356,30,NULL,'BJ',NULL,NULL,NULL,NULL),(2357,30,NULL,'BM',NULL,NULL,NULL,NULL),(2358,30,NULL,'BG',NULL,NULL,NULL,NULL),(2359,30,NULL,'BO',NULL,NULL,NULL,NULL),(2360,30,NULL,'BQ',NULL,NULL,NULL,NULL),(2361,30,NULL,'BA',NULL,NULL,NULL,NULL),(2362,30,NULL,'BW',NULL,NULL,NULL,NULL),(2363,30,NULL,'BR',NULL,NULL,NULL,NULL),(2364,30,NULL,'IO',NULL,NULL,NULL,NULL),(2365,30,NULL,'BN',NULL,NULL,NULL,NULL),(2366,30,NULL,'BF',NULL,NULL,NULL,NULL),(2367,30,NULL,'BI',NULL,NULL,NULL,NULL),(2368,30,NULL,'BT',NULL,NULL,NULL,NULL),(2369,30,NULL,'VU',NULL,NULL,NULL,NULL),(2370,30,NULL,'VA',NULL,NULL,NULL,NULL),(2371,30,NULL,'GB',NULL,NULL,NULL,NULL),(2372,30,NULL,'HU',NULL,NULL,NULL,NULL),(2373,30,NULL,'VE',NULL,NULL,NULL,NULL),(2374,30,NULL,'VG',NULL,NULL,NULL,NULL),(2375,30,NULL,'VI',NULL,NULL,NULL,NULL),(2376,30,NULL,'UM',NULL,NULL,NULL,NULL),(2377,30,NULL,'TL',NULL,NULL,NULL,NULL),(2378,30,NULL,'VN',NULL,NULL,NULL,NULL),(2379,30,NULL,'GA',NULL,NULL,NULL,NULL),(2380,30,NULL,'HT',NULL,NULL,NULL,NULL),(2381,30,NULL,'GY',NULL,NULL,NULL,NULL),(2382,30,NULL,'GM',NULL,NULL,NULL,NULL),(2383,30,NULL,'GH',NULL,NULL,NULL,NULL),(2384,30,NULL,'GP',NULL,NULL,NULL,NULL),(2385,30,NULL,'GT',NULL,NULL,NULL,NULL),(2386,30,NULL,'GN',NULL,NULL,NULL,NULL),(2387,30,NULL,'GW',NULL,NULL,NULL,NULL),(2388,30,NULL,'DE',NULL,NULL,NULL,NULL),(2389,30,NULL,'GG',NULL,NULL,NULL,NULL),(2390,30,NULL,'GI',NULL,NULL,NULL,NULL),(2391,30,NULL,'HN',NULL,NULL,NULL,NULL),(2392,30,NULL,'HK',NULL,NULL,NULL,NULL),(2393,30,NULL,'GD',NULL,NULL,NULL,NULL),(2394,30,NULL,'GL',NULL,NULL,NULL,NULL),(2395,30,NULL,'GR',NULL,NULL,NULL,NULL),(2396,30,NULL,'GE',NULL,NULL,NULL,NULL),(2397,30,NULL,'GU',NULL,NULL,NULL,NULL),(2398,30,NULL,'DK',NULL,NULL,NULL,NULL),(2399,30,NULL,'JE',NULL,NULL,NULL,NULL),(2400,30,NULL,'DJ',NULL,NULL,NULL,NULL),(2401,30,NULL,'DG',NULL,NULL,NULL,NULL),(2402,30,NULL,'DM',NULL,NULL,NULL,NULL),(2403,30,NULL,'DO',NULL,NULL,NULL,NULL),(2404,30,NULL,'EG',NULL,NULL,NULL,NULL),(2405,30,NULL,'ZM',NULL,NULL,NULL,NULL),(2406,30,NULL,'EH',NULL,NULL,NULL,NULL),(2407,30,NULL,'ZW',NULL,NULL,NULL,NULL),(2408,30,NULL,'IL',NULL,NULL,NULL,NULL),(2409,30,NULL,'IN',NULL,NULL,NULL,NULL),(2410,30,NULL,'ID',NULL,NULL,NULL,NULL),(2411,30,NULL,'JO',NULL,NULL,NULL,NULL),(2412,30,NULL,'IQ',NULL,NULL,NULL,NULL),(2413,30,NULL,'IR',NULL,NULL,NULL,NULL),(2414,30,NULL,'IE',NULL,NULL,NULL,NULL),(2415,30,NULL,'IS',NULL,NULL,NULL,NULL),(2416,30,NULL,'ES',NULL,NULL,NULL,NULL),(2417,30,NULL,'IT',NULL,NULL,NULL,NULL),(2418,30,NULL,'YE',NULL,NULL,NULL,NULL),(2419,30,NULL,'CV',NULL,NULL,NULL,NULL),(2420,30,NULL,'KZ',NULL,NULL,NULL,NULL),(2421,30,NULL,'KY',NULL,NULL,NULL,NULL),(2422,30,NULL,'KH',NULL,NULL,NULL,NULL),(2423,30,NULL,'CM',NULL,NULL,NULL,NULL),(2424,30,NULL,'CA',NULL,NULL,NULL,NULL),(2425,30,NULL,'IC',NULL,NULL,NULL,NULL),(2426,30,NULL,'QA',NULL,NULL,NULL,NULL),(2427,30,NULL,'KE',NULL,NULL,NULL,NULL),(2428,30,NULL,'CY',NULL,NULL,NULL,NULL),(2429,30,NULL,'KG',NULL,NULL,NULL,NULL),(2430,30,NULL,'KI',NULL,NULL,NULL,NULL),(2431,30,NULL,'CN',NULL,NULL,NULL,NULL),(2432,30,NULL,'KP',NULL,NULL,NULL,NULL),(2433,30,NULL,'CC',NULL,NULL,NULL,NULL),(2434,30,NULL,'CO',NULL,NULL,NULL,NULL),(2435,30,NULL,'KM',NULL,NULL,NULL,NULL),(2436,30,NULL,'CG',NULL,NULL,NULL,NULL),(2437,30,NULL,'CD',NULL,NULL,NULL,NULL),(2438,30,NULL,'XK',NULL,NULL,NULL,NULL),(2439,30,NULL,'CR',NULL,NULL,NULL,NULL),(2440,30,NULL,'CI',NULL,NULL,NULL,NULL),(2441,30,NULL,'CU',NULL,NULL,NULL,NULL),(2442,30,NULL,'KW',NULL,NULL,NULL,NULL),(2443,30,NULL,'CW',NULL,NULL,NULL,NULL),(2444,30,NULL,'LA',NULL,NULL,NULL,NULL),(2445,30,NULL,'LV',NULL,NULL,NULL,NULL),(2446,30,NULL,'LS',NULL,NULL,NULL,NULL),(2447,30,NULL,'LR',NULL,NULL,NULL,NULL),(2448,30,NULL,'LB',NULL,NULL,NULL,NULL),(2449,30,NULL,'LY',NULL,NULL,NULL,NULL),(2450,30,NULL,'LT',NULL,NULL,NULL,NULL),(2451,30,NULL,'LI',NULL,NULL,NULL,NULL),(2452,30,NULL,'LU',NULL,NULL,NULL,NULL),(2453,30,NULL,'MU',NULL,NULL,NULL,NULL),(2454,30,NULL,'MR',NULL,NULL,NULL,NULL),(2455,30,NULL,'MG',NULL,NULL,NULL,NULL),(2456,30,NULL,'YT',NULL,NULL,NULL,NULL),(2457,30,NULL,'MO',NULL,NULL,NULL,NULL),(2458,30,NULL,'MK',NULL,NULL,NULL,NULL),(2459,30,NULL,'MW',NULL,NULL,NULL,NULL),(2460,30,NULL,'MY',NULL,NULL,NULL,NULL),(2461,30,NULL,'ML',NULL,NULL,NULL,NULL),(2462,30,NULL,'MV',NULL,NULL,NULL,NULL),(2463,30,NULL,'MT',NULL,NULL,NULL,NULL),(2464,30,NULL,'MA',NULL,NULL,NULL,NULL),(2465,30,NULL,'MQ',NULL,NULL,NULL,NULL),(2466,30,NULL,'MH',NULL,NULL,NULL,NULL),(2467,30,NULL,'MX',NULL,NULL,NULL,NULL),(2468,30,NULL,'MZ',NULL,NULL,NULL,NULL),(2469,30,NULL,'MD',NULL,NULL,NULL,NULL),(2470,30,NULL,'MC',NULL,NULL,NULL,NULL),(2471,30,NULL,'MN',NULL,NULL,NULL,NULL),(2472,30,NULL,'MS',NULL,NULL,NULL,NULL),(2473,30,NULL,'MM',NULL,NULL,NULL,NULL),(2474,30,NULL,'NA',NULL,NULL,NULL,NULL),(2475,30,NULL,'NR',NULL,NULL,NULL,NULL),(2476,30,NULL,'NP',NULL,NULL,NULL,NULL),(2477,30,NULL,'NE',NULL,NULL,NULL,NULL),(2478,30,NULL,'NG',NULL,NULL,NULL,NULL),(2479,30,NULL,'NL',NULL,NULL,NULL,NULL),(2480,30,NULL,'NI',NULL,NULL,NULL,NULL),(2481,30,NULL,'NU',NULL,NULL,NULL,NULL),(2482,30,NULL,'NZ',NULL,NULL,NULL,NULL),(2483,30,NULL,'NC',NULL,NULL,NULL,NULL),(2484,30,NULL,'NO',NULL,NULL,NULL,NULL),(2485,30,NULL,'AC',NULL,NULL,NULL,NULL),(2486,30,NULL,'IM',NULL,NULL,NULL,NULL),(2487,30,NULL,'NF',NULL,NULL,NULL,NULL),(2488,30,NULL,'CX',NULL,NULL,NULL,NULL),(2489,30,NULL,'SH',NULL,NULL,NULL,NULL),(2490,30,NULL,'CK',NULL,NULL,NULL,NULL),(2491,30,NULL,'TC',NULL,NULL,NULL,NULL),(2492,30,NULL,'AE',NULL,NULL,NULL,NULL),(2493,30,NULL,'OM',NULL,NULL,NULL,NULL),(2494,30,NULL,'PK',NULL,NULL,NULL,NULL),(2495,30,NULL,'PW',NULL,NULL,NULL,NULL),(2496,30,NULL,'PS',NULL,NULL,NULL,NULL),(2497,30,NULL,'PA',NULL,NULL,NULL,NULL),(2498,30,NULL,'PG',NULL,NULL,NULL,NULL),(2499,30,NULL,'PY',NULL,NULL,NULL,NULL),(2500,30,NULL,'PE',NULL,NULL,NULL,NULL),(2501,30,NULL,'PN',NULL,NULL,NULL,NULL),(2502,30,NULL,'PL',NULL,NULL,NULL,NULL),(2503,30,NULL,'PT',NULL,NULL,NULL,NULL),(2504,30,NULL,'PR',NULL,NULL,NULL,NULL),(2505,30,NULL,'KR',NULL,NULL,NULL,NULL),(2506,30,NULL,'RE',NULL,NULL,NULL,NULL),(2507,30,NULL,'RW',NULL,NULL,NULL,NULL),(2508,30,NULL,'RO',NULL,NULL,NULL,NULL),(2509,30,NULL,'SV',NULL,NULL,NULL,NULL),(2510,30,NULL,'WS',NULL,NULL,NULL,NULL),(2511,30,NULL,'SM',NULL,NULL,NULL,NULL),(2512,30,NULL,'ST',NULL,NULL,NULL,NULL),(2513,30,NULL,'SA',NULL,NULL,NULL,NULL),(2514,30,NULL,'SZ',NULL,NULL,NULL,NULL),(2515,30,NULL,'MP',NULL,NULL,NULL,NULL),(2516,30,NULL,'SC',NULL,NULL,NULL,NULL),(2517,30,NULL,'BL',NULL,NULL,NULL,NULL),(2518,30,NULL,'MF',NULL,NULL,NULL,NULL),(2519,30,NULL,'PM',NULL,NULL,NULL,NULL),(2520,30,NULL,'SN',NULL,NULL,NULL,NULL),(2521,30,NULL,'VC',NULL,NULL,NULL,NULL),(2522,30,NULL,'KN',NULL,NULL,NULL,NULL),(2523,30,NULL,'LC',NULL,NULL,NULL,NULL),(2524,30,NULL,'RS',NULL,NULL,NULL,NULL),(2525,30,NULL,'EA',NULL,NULL,NULL,NULL),(2526,30,NULL,'SG',NULL,NULL,NULL,NULL),(2527,30,NULL,'SX',NULL,NULL,NULL,NULL),(2528,30,NULL,'SY',NULL,NULL,NULL,NULL),(2529,30,NULL,'SK',NULL,NULL,NULL,NULL),(2530,30,NULL,'SI',NULL,NULL,NULL,NULL),(2531,30,NULL,'SB',NULL,NULL,NULL,NULL),(2532,30,NULL,'SO',NULL,NULL,NULL,NULL),(2533,30,NULL,'SD',NULL,NULL,NULL,NULL),(2534,30,NULL,'SR',NULL,NULL,NULL,NULL),(2535,30,NULL,'SL',NULL,NULL,NULL,NULL),(2536,30,NULL,'TJ',NULL,NULL,NULL,NULL),(2537,30,NULL,'TH',NULL,NULL,NULL,NULL),(2538,30,NULL,'TW',NULL,NULL,NULL,NULL),(2539,30,NULL,'TZ',NULL,NULL,NULL,NULL),(2540,30,NULL,'TG',NULL,NULL,NULL,NULL),(2541,30,NULL,'TK',NULL,NULL,NULL,NULL),(2542,30,NULL,'TO',NULL,NULL,NULL,NULL),(2543,30,NULL,'TT',NULL,NULL,NULL,NULL),(2544,30,NULL,'TA',NULL,NULL,NULL,NULL),(2545,30,NULL,'TV',NULL,NULL,NULL,NULL),(2546,30,NULL,'TN',NULL,NULL,NULL,NULL),(2547,30,NULL,'TM',NULL,NULL,NULL,NULL),(2548,30,NULL,'TR',NULL,NULL,NULL,NULL),(2549,30,NULL,'UG',NULL,NULL,NULL,NULL),(2550,30,NULL,'UZ',NULL,NULL,NULL,NULL),(2551,30,NULL,'UA',NULL,NULL,NULL,NULL),(2552,30,NULL,'WF',NULL,NULL,NULL,NULL),(2553,30,NULL,'UY',NULL,NULL,NULL,NULL),(2554,30,NULL,'FO',NULL,NULL,NULL,NULL),(2555,30,NULL,'FM',NULL,NULL,NULL,NULL),(2556,30,NULL,'FJ',NULL,NULL,NULL,NULL),(2557,30,NULL,'PH',NULL,NULL,NULL,NULL),(2558,30,NULL,'FI',NULL,NULL,NULL,NULL),(2559,30,NULL,'FK',NULL,NULL,NULL,NULL),(2560,30,NULL,'FR',NULL,NULL,NULL,NULL),(2561,30,NULL,'GF',NULL,NULL,NULL,NULL),(2562,30,NULL,'PF',NULL,NULL,NULL,NULL),(2563,30,NULL,'TF',NULL,NULL,NULL,NULL),(2564,30,NULL,'HR',NULL,NULL,NULL,NULL),(2565,30,NULL,'CF',NULL,NULL,NULL,NULL),(2566,30,NULL,'TD',NULL,NULL,NULL,NULL),(2567,30,NULL,'ME',NULL,NULL,NULL,NULL),(2568,30,NULL,'CZ',NULL,NULL,NULL,NULL),(2569,30,NULL,'CL',NULL,NULL,NULL,NULL),(2570,30,NULL,'CH',NULL,NULL,NULL,NULL),(2571,30,NULL,'SE',NULL,NULL,NULL,NULL),(2572,30,NULL,'SJ',NULL,NULL,NULL,NULL),(2573,30,NULL,'LK',NULL,NULL,NULL,NULL),(2574,30,NULL,'EC',NULL,NULL,NULL,NULL),(2575,30,NULL,'GQ',NULL,NULL,NULL,NULL),(2576,30,NULL,'ER',NULL,NULL,NULL,NULL),(2577,30,NULL,'EE',NULL,NULL,NULL,NULL),(2578,30,NULL,'ET',NULL,NULL,NULL,NULL),(2579,30,NULL,'ZA',NULL,NULL,NULL,NULL),(2580,30,NULL,'GS',NULL,NULL,NULL,NULL),(2581,30,NULL,'SS',NULL,NULL,NULL,NULL),(2582,30,NULL,'JM',NULL,NULL,NULL,NULL),(2583,30,NULL,'JP',NULL,NULL,NULL,NULL),(1441,622,NULL,NULL,'<p><iframe frameborder=\"0\" src=\"https://www.google.com/maps/embed?pb=!1m14!1m12!1m3!1d5649.050962275806!2d30.29193921665407!3d59.96132370485773!2m3!1f0!2f0!3f0!3m2!1i1024!2i768!4f13.1!5e0!3m2!1sru!2sru!4v1507539270320\" width=\"600\" height=\"450\"></iframe></p>',NULL,NULL,NULL),(685,393,NULL,'/shop/sport-i-turizm/velosipedy-i-aksessuary/vzroslye-velosipedy/velosiped-carrera-virtuoso-road-bike',NULL,NULL,NULL,NULL),(2331,4,NULL,NULL,'',NULL,NULL,NULL),(372,211,1515754800,NULL,NULL,NULL,NULL,NULL),(561,211,1515756600,NULL,NULL,NULL,NULL,NULL),(373,238,NULL,NULL,NULL,NULL,154,NULL),(374,238,NULL,NULL,NULL,NULL,154,NULL),(2584,94,NULL,'YandexKassa',NULL,NULL,NULL,NULL),(2584,96,NULL,'emarket-payment-yandex-kassa',NULL,NULL,NULL,NULL),(2585,97,NULL,NULL,NULL,2584,NULL,NULL),(2585,637,NULL,'test',NULL,NULL,NULL,NULL),(2585,638,NULL,'test',NULL,NULL,NULL,NULL),(2585,384,1,NULL,NULL,NULL,NULL,NULL),(1441,508,NULL,NULL,'<p><span>Мы принимаем к оплате:</span></p>\r\n<div><img src=\"/templates/demomarket/img/payment_all.png\" alt=\"payment\" /></div>\r\n<p>Работает на <a href=\"https://www.umi-cms.ru/\" target=\"_blank\" rel=\"noopener\">UMI.CMS</a></p>',NULL,NULL,NULL),(1441,639,NULL,NULL,NULL,NULL,5,NULL),(1441,640,NULL,NULL,NULL,NULL,4,NULL),(1441,641,NULL,NULL,NULL,NULL,10,NULL),(25,198,1521454133,NULL,NULL,NULL,NULL,NULL),(25,176,NULL,'0160907357042913c8a48c0a67b88ab4ee5621e18f68eaffb078e46844335f43',NULL,NULL,NULL,NULL),(1441,643,1,NULL,NULL,NULL,NULL,NULL),(1441,644,1,NULL,NULL,NULL,NULL,NULL),(1441,645,1,NULL,NULL,NULL,NULL,NULL),(2589,31,3000,NULL,NULL,NULL,NULL,NULL),(2590,31,27030,NULL,NULL,NULL,NULL,NULL),(2591,31,47030,NULL,NULL,NULL,NULL,NULL),(2592,31,47020,NULL,NULL,NULL,NULL,NULL),(154,31,7030,NULL,NULL,NULL,NULL,NULL),(155,31,7020,NULL,NULL,NULL,NULL,NULL),(156,31,3010,NULL,NULL,NULL,NULL,NULL),(157,31,16010,NULL,NULL,NULL,NULL,NULL),(158,31,3020,NULL,NULL,NULL,NULL,NULL),(159,31,16020,NULL,NULL,NULL,NULL,NULL),(160,31,27020,NULL,NULL,NULL,NULL,NULL),(2593,673,NULL,NULL,NULL,2045,NULL,NULL),(2593,674,NULL,NULL,NULL,415,NULL,NULL),(2594,674,NULL,NULL,NULL,345,NULL,NULL),(2595,674,NULL,NULL,NULL,505,NULL,NULL),(2596,674,NULL,NULL,NULL,415,NULL,NULL),(2596,673,NULL,NULL,NULL,2033,NULL,NULL),(2597,674,NULL,NULL,NULL,415,NULL,NULL),(2597,673,NULL,NULL,NULL,2027,NULL,NULL),(2598,674,NULL,NULL,NULL,415,NULL,NULL),(2598,673,NULL,NULL,NULL,2056,NULL,NULL),(2599,674,NULL,NULL,NULL,345,NULL,NULL),(2600,674,NULL,NULL,NULL,345,NULL,NULL),(2601,674,NULL,NULL,NULL,345,NULL,NULL),(2601,673,NULL,NULL,NULL,2056,NULL,NULL),(2602,674,NULL,NULL,NULL,505,NULL,NULL),(2603,674,NULL,NULL,NULL,505,NULL,NULL),(2604,674,NULL,NULL,NULL,505,NULL,NULL),(2594,673,NULL,NULL,NULL,2045,NULL,NULL),(2599,673,NULL,NULL,NULL,2033,NULL,NULL),(2600,673,NULL,NULL,NULL,2027,NULL,NULL),(2595,673,NULL,NULL,NULL,2045,NULL,NULL),(2602,673,NULL,NULL,NULL,2033,NULL,NULL),(2603,673,NULL,NULL,NULL,2027,NULL,NULL),(2604,673,NULL,NULL,NULL,2056,NULL,NULL),(2043,15,46,NULL,NULL,NULL,NULL,NULL),(2043,16,147,NULL,NULL,NULL,NULL,NULL),(2607,123,NULL,NULL,NULL,2606,NULL,NULL),(2607,148,1544791657,NULL,NULL,NULL,NULL,NULL),(2606,308,NULL,NULL,NULL,2607,NULL,1),(2608,80,NULL,NULL,NULL,NULL,NULL,3990),(2608,83,NULL,NULL,NULL,39,NULL,NULL),(2608,84,NULL,NULL,NULL,NULL,428,NULL),(2608,87,NULL,NULL,NULL,NULL,NULL,1000),(2608,88,NULL,NULL,NULL,NULL,NULL,40),(2608,89,NULL,NULL,NULL,NULL,NULL,60),(2608,90,NULL,NULL,NULL,NULL,NULL,40),(2608,91,NULL,NULL,NULL,41,NULL,NULL),(2608,627,NULL,NULL,NULL,NULL,NULL,3990),(2607,119,NULL,NULL,NULL,2608,NULL,NULL),(2607,142,NULL,NULL,'/shop/muzhskaya_odezda/dzhinsy/dzhinsy-dylan-bruno-banani/',NULL,NULL,NULL),(2607,168,NULL,NULL,NULL,NULL,NULL,60),(2607,169,NULL,NULL,NULL,NULL,NULL,40),(2608,79,2,NULL,NULL,NULL,NULL,NULL),(2608,81,NULL,NULL,NULL,NULL,NULL,7980),(2608,82,NULL,NULL,NULL,NULL,NULL,7980),(2607,127,NULL,NULL,NULL,NULL,NULL,7980),(2607,129,2,NULL,NULL,NULL,NULL,NULL),(2607,166,NULL,NULL,NULL,NULL,NULL,2000),(2607,167,NULL,NULL,NULL,NULL,NULL,80),(2607,128,NULL,NULL,NULL,NULL,NULL,7973),(2607,132,NULL,NULL,NULL,NULL,NULL,7),(373,239,1515756600,NULL,NULL,NULL,NULL,NULL),(357,15,9,NULL,NULL,NULL,NULL,NULL),(357,16,22,NULL,NULL,NULL,NULL,NULL),(2610,123,NULL,NULL,NULL,2609,NULL,NULL),(2610,148,1544796850,NULL,NULL,NULL,NULL,NULL),(2609,308,NULL,NULL,NULL,2610,NULL,1),(2611,80,NULL,NULL,NULL,NULL,NULL,3990),(2611,83,NULL,NULL,NULL,39,NULL,NULL),(2611,84,NULL,NULL,NULL,NULL,428,NULL),(2611,87,NULL,NULL,NULL,NULL,NULL,1000),(2611,88,NULL,NULL,NULL,NULL,NULL,40),(2611,89,NULL,NULL,NULL,NULL,NULL,60),(2611,90,NULL,NULL,NULL,NULL,NULL,40),(2611,91,NULL,NULL,NULL,41,NULL,NULL),(2611,627,NULL,NULL,NULL,NULL,NULL,3990),(2611,79,1,NULL,NULL,NULL,NULL,NULL),(2611,81,NULL,NULL,NULL,NULL,NULL,3990),(2611,82,NULL,NULL,NULL,NULL,NULL,3990),(2610,119,NULL,NULL,NULL,2611,NULL,NULL),(2610,127,NULL,NULL,NULL,NULL,NULL,3990),(2610,128,NULL,NULL,NULL,NULL,NULL,3990),(2610,129,1,NULL,NULL,NULL,NULL,NULL),(2610,142,NULL,NULL,'/shop/muzhskaya_odezda/dzhinsy/dzhinsy-dylan-bruno-banani/',NULL,NULL,NULL),(2610,166,NULL,NULL,NULL,NULL,NULL,1000),(2610,167,NULL,NULL,NULL,NULL,NULL,40),(2610,168,NULL,NULL,NULL,NULL,NULL,60),(2610,169,NULL,NULL,NULL,NULL,NULL,40),(2612,73,NULL,'custom',NULL,NULL,NULL,NULL),(2613,73,NULL,'TradeOffer',NULL,NULL,NULL,NULL),(2614,679,NULL,'commodity',NULL,NULL,NULL,NULL),(2614,520,NULL,'commodity',NULL,NULL,NULL,NULL),(2614,680,NULL,'commodity',NULL,NULL,NULL,NULL),(2614,681,1,NULL,NULL,NULL,NULL,NULL),(2614,646,1,NULL,NULL,NULL,NULL,NULL),(2615,682,NULL,'full_prepayment',NULL,NULL,NULL,NULL),(2615,520,NULL,'full_prepayment',NULL,NULL,NULL,NULL),(2615,680,NULL,'full_prepayment',NULL,NULL,NULL,NULL),(2615,681,1,NULL,NULL,NULL,NULL,NULL),(2615,646,1,NULL,NULL,NULL,NULL,NULL),(2616,679,NULL,'excise',NULL,NULL,NULL,NULL),(2616,520,NULL,'excise',NULL,NULL,NULL,NULL),(2616,680,NULL,'excise',NULL,NULL,NULL,NULL),(2616,681,2,NULL,NULL,NULL,NULL,NULL),(2616,646,2,NULL,NULL,NULL,NULL,NULL),(2617,682,NULL,'partial_prepayment',NULL,NULL,NULL,NULL),(2617,520,NULL,'prepayment',NULL,NULL,NULL,NULL),(2617,680,NULL,'prepayment',NULL,NULL,NULL,NULL),(2617,681,2,NULL,NULL,NULL,NULL,NULL),(2617,646,2,NULL,NULL,NULL,NULL,NULL),(2618,679,NULL,'job',NULL,NULL,NULL,NULL),(2618,520,NULL,'job',NULL,NULL,NULL,NULL),(2618,680,NULL,'job',NULL,NULL,NULL,NULL),(2618,681,3,NULL,NULL,NULL,NULL,NULL),(2618,646,3,NULL,NULL,NULL,NULL,NULL),(2619,682,NULL,'advance',NULL,NULL,NULL,NULL),(2619,520,NULL,'advance',NULL,NULL,NULL,NULL),(2619,680,NULL,'advance',NULL,NULL,NULL,NULL),(2619,681,3,NULL,NULL,NULL,NULL,NULL),(2619,646,3,NULL,NULL,NULL,NULL,NULL),(2620,679,NULL,'service',NULL,NULL,NULL,NULL),(2620,520,NULL,'service',NULL,NULL,NULL,NULL),(2620,680,NULL,'service',NULL,NULL,NULL,NULL),(2620,681,4,NULL,NULL,NULL,NULL,NULL),(2620,646,4,NULL,NULL,NULL,NULL,NULL),(2621,682,NULL,'full_payment',NULL,NULL,NULL,NULL),(2621,520,NULL,'full_payment',NULL,NULL,NULL,NULL),(2621,680,NULL,'full_payment',NULL,NULL,NULL,NULL),(2621,681,4,NULL,NULL,NULL,NULL,NULL),(2621,646,4,NULL,NULL,NULL,NULL,NULL),(2622,679,NULL,'gambling_bet',NULL,NULL,NULL,NULL),(2622,520,NULL,'gambling_bet',NULL,NULL,NULL,NULL),(2622,680,NULL,'gambling_bet',NULL,NULL,NULL,NULL),(2622,681,5,NULL,NULL,NULL,NULL,NULL),(2622,646,5,NULL,NULL,NULL,NULL,NULL),(2623,682,NULL,'partial_payment',NULL,NULL,NULL,NULL),(2623,520,NULL,'partial_payment',NULL,NULL,NULL,NULL),(2623,680,NULL,'partial_payment',NULL,NULL,NULL,NULL),(2623,681,5,NULL,NULL,NULL,NULL,NULL),(2623,646,5,NULL,NULL,NULL,NULL,NULL),(2624,679,NULL,'gambling_prize',NULL,NULL,NULL,NULL),(2624,520,NULL,'gambling_prize',NULL,NULL,NULL,NULL),(2624,680,NULL,'gambling_prize',NULL,NULL,NULL,NULL),(2624,681,6,NULL,NULL,NULL,NULL,NULL),(2624,646,6,NULL,NULL,NULL,NULL,NULL),(2625,682,NULL,'credit',NULL,NULL,NULL,NULL),(2625,520,NULL,'credit',NULL,NULL,NULL,NULL),(2625,680,NULL,'credit',NULL,NULL,NULL,NULL),(2625,681,6,NULL,NULL,NULL,NULL,NULL),(2625,646,6,NULL,NULL,NULL,NULL,NULL),(2626,679,NULL,'lottery',NULL,NULL,NULL,NULL),(2626,520,NULL,'lottery',NULL,NULL,NULL,NULL),(2626,680,NULL,'lottery',NULL,NULL,NULL,NULL),(2626,681,7,NULL,NULL,NULL,NULL,NULL),(2626,646,7,NULL,NULL,NULL,NULL,NULL),(2627,682,NULL,'credit_payment',NULL,NULL,NULL,NULL),(2627,520,NULL,'credit_payment',NULL,NULL,NULL,NULL),(2627,680,NULL,'credit_payment',NULL,NULL,NULL,NULL),(2627,681,7,NULL,NULL,NULL,NULL,NULL),(2627,646,7,NULL,NULL,NULL,NULL,NULL),(2628,679,NULL,'lottery_prize',NULL,NULL,NULL,NULL),(2628,520,NULL,'lottery_prize',NULL,NULL,NULL,NULL),(2628,680,NULL,'lottery_prize',NULL,NULL,NULL,NULL),(2628,681,8,NULL,NULL,NULL,NULL,NULL),(2628,646,8,NULL,NULL,NULL,NULL,NULL),(2629,679,NULL,'intellectual_activity',NULL,NULL,NULL,NULL),(2629,520,NULL,'intellectual_activity',NULL,NULL,NULL,NULL),(2629,680,NULL,'intellectual_activity',NULL,NULL,NULL,NULL),(2629,681,9,NULL,NULL,NULL,NULL,NULL),(2629,646,9,NULL,NULL,NULL,NULL,NULL),(2630,679,NULL,'payment',NULL,NULL,NULL,NULL),(2630,520,NULL,'payment',NULL,NULL,NULL,NULL),(2630,680,NULL,'payment',NULL,NULL,NULL,NULL),(2630,681,10,NULL,NULL,NULL,NULL,NULL),(2630,646,10,NULL,NULL,NULL,NULL,NULL),(2631,679,NULL,'agent_commission',NULL,NULL,NULL,NULL),(2631,520,NULL,'agent_commission',NULL,NULL,NULL,NULL),(2631,680,NULL,'agent_commission',NULL,NULL,NULL,NULL),(2631,681,11,NULL,NULL,NULL,NULL,NULL),(2631,646,11,NULL,NULL,NULL,NULL,NULL),(2632,679,NULL,'composite',NULL,NULL,NULL,NULL),(2632,520,NULL,'composite',NULL,NULL,NULL,NULL),(2632,680,NULL,'composite',NULL,NULL,NULL,NULL),(2632,681,12,NULL,NULL,NULL,NULL,NULL),(2632,646,12,NULL,NULL,NULL,NULL,NULL),(2633,679,NULL,'another',NULL,NULL,NULL,NULL),(2633,520,NULL,'another',NULL,NULL,NULL,NULL),(2633,680,NULL,'another',NULL,NULL,NULL,NULL),(2633,681,13,NULL,NULL,NULL,NULL,NULL),(2633,646,13,NULL,NULL,NULL,NULL,NULL),(2634,674,NULL,NULL,NULL,415,NULL,NULL),(2634,673,NULL,NULL,NULL,2635,NULL,NULL),(2639,673,NULL,NULL,NULL,2636,NULL,NULL),(2639,674,NULL,NULL,NULL,415,NULL,NULL),(2640,673,NULL,NULL,NULL,2637,NULL,NULL),(2640,674,NULL,NULL,NULL,345,NULL,NULL),(2641,673,NULL,NULL,NULL,2638,NULL,NULL),(2641,674,NULL,NULL,NULL,345,NULL,NULL),(2642,673,NULL,NULL,NULL,2637,NULL,NULL),(2642,674,NULL,NULL,NULL,415,NULL,NULL),(2643,673,NULL,NULL,NULL,2638,NULL,NULL),(2643,674,NULL,NULL,NULL,415,NULL,NULL),(2644,673,NULL,NULL,NULL,2635,NULL,NULL),(2644,674,NULL,NULL,NULL,345,NULL,NULL),(2645,673,NULL,NULL,NULL,2636,NULL,NULL),(2645,674,NULL,NULL,NULL,345,NULL,NULL),(2646,673,NULL,NULL,NULL,2635,NULL,NULL),(2647,673,NULL,NULL,NULL,2636,NULL,NULL),(2648,673,NULL,NULL,NULL,2637,NULL,NULL),(2649,673,NULL,NULL,NULL,2638,NULL,NULL),(2646,674,NULL,NULL,NULL,345,NULL,NULL),(2647,674,NULL,NULL,NULL,345,NULL,NULL),(2648,674,NULL,NULL,NULL,345,NULL,NULL),(2649,674,NULL,NULL,NULL,345,NULL,NULL),(2650,673,NULL,NULL,NULL,2635,NULL,NULL),(2651,673,NULL,NULL,NULL,2636,NULL,NULL),(2652,673,NULL,NULL,NULL,2637,NULL,NULL),(2653,673,NULL,NULL,NULL,2638,NULL,NULL),(2650,674,NULL,NULL,NULL,415,NULL,NULL),(2651,674,NULL,NULL,NULL,415,NULL,NULL),(2652,674,NULL,NULL,NULL,415,NULL,NULL),(2653,674,NULL,NULL,NULL,415,NULL,NULL),(2654,673,NULL,NULL,NULL,2635,NULL,NULL),(2655,673,NULL,NULL,NULL,2636,NULL,NULL),(2656,673,NULL,NULL,NULL,2637,NULL,NULL),(2657,673,NULL,NULL,NULL,2638,NULL,NULL),(2654,674,NULL,NULL,NULL,345,NULL,NULL),(2655,674,NULL,NULL,NULL,345,NULL,NULL),(2656,674,NULL,NULL,NULL,345,NULL,NULL),(2657,674,NULL,NULL,NULL,345,NULL,NULL),(2658,673,NULL,NULL,NULL,2635,NULL,NULL),(2659,673,NULL,NULL,NULL,2636,NULL,NULL),(2660,673,NULL,NULL,NULL,2637,NULL,NULL),(2661,673,NULL,NULL,NULL,2638,NULL,NULL),(2658,674,NULL,NULL,NULL,415,NULL,NULL),(2659,674,NULL,NULL,NULL,415,NULL,NULL),(2660,674,NULL,NULL,NULL,415,NULL,NULL),(2661,674,NULL,NULL,NULL,415,NULL,NULL),(2662,673,NULL,NULL,NULL,2635,NULL,NULL),(2663,673,NULL,NULL,NULL,2636,NULL,NULL),(2664,673,NULL,NULL,NULL,2637,NULL,NULL),(2665,673,NULL,NULL,NULL,2638,NULL,NULL),(2662,674,NULL,NULL,NULL,345,NULL,NULL),(2663,674,NULL,NULL,NULL,345,NULL,NULL),(2664,674,NULL,NULL,NULL,345,NULL,NULL),(2665,674,NULL,NULL,NULL,345,NULL,NULL),(2666,673,NULL,NULL,NULL,2635,NULL,NULL),(2667,673,NULL,NULL,NULL,2636,NULL,NULL),(2668,673,NULL,NULL,NULL,2637,NULL,NULL),(2669,673,NULL,NULL,NULL,2638,NULL,NULL),(2666,674,NULL,NULL,NULL,415,NULL,NULL),(2667,674,NULL,NULL,NULL,415,NULL,NULL),(2668,674,NULL,NULL,NULL,415,NULL,NULL),(2669,674,NULL,NULL,NULL,415,NULL,NULL),(2670,673,NULL,NULL,NULL,2635,NULL,NULL),(2671,673,NULL,NULL,NULL,2636,NULL,NULL),(2672,673,NULL,NULL,NULL,2637,NULL,NULL),(2673,673,NULL,NULL,NULL,2638,NULL,NULL),(2670,674,NULL,NULL,NULL,345,NULL,NULL),(2671,674,NULL,NULL,NULL,345,NULL,NULL),(2672,674,NULL,NULL,NULL,345,NULL,NULL),(2673,674,NULL,NULL,NULL,345,NULL,NULL),(2674,673,NULL,NULL,NULL,2635,NULL,NULL),(2675,673,NULL,NULL,NULL,2636,NULL,NULL),(2676,673,NULL,NULL,NULL,2637,NULL,NULL),(2677,673,NULL,NULL,NULL,2638,NULL,NULL),(2674,674,NULL,NULL,NULL,415,NULL,NULL),(2675,674,NULL,NULL,NULL,415,NULL,NULL),(2676,674,NULL,NULL,NULL,415,NULL,NULL),(2677,674,NULL,NULL,NULL,415,NULL,NULL),(2678,673,NULL,NULL,NULL,2635,NULL,NULL),(2679,673,NULL,NULL,NULL,2636,NULL,NULL),(2680,673,NULL,NULL,NULL,2637,NULL,NULL),(2681,673,NULL,NULL,NULL,2638,NULL,NULL),(2678,674,NULL,NULL,NULL,345,NULL,NULL),(2679,674,NULL,NULL,NULL,345,NULL,NULL),(2680,674,NULL,NULL,NULL,345,NULL,NULL),(2681,674,NULL,NULL,NULL,345,NULL,NULL),(2682,673,NULL,NULL,NULL,2635,NULL,NULL),(2683,673,NULL,NULL,NULL,2636,NULL,NULL),(2684,673,NULL,NULL,NULL,2637,NULL,NULL),(2685,673,NULL,NULL,NULL,2638,NULL,NULL),(2682,674,NULL,NULL,NULL,415,NULL,NULL),(2683,674,NULL,NULL,NULL,415,NULL,NULL),(2684,674,NULL,NULL,NULL,415,NULL,NULL),(2685,674,NULL,NULL,NULL,415,NULL,NULL),(2686,673,NULL,NULL,NULL,2635,NULL,NULL),(2687,673,NULL,NULL,NULL,2636,NULL,NULL),(2688,673,NULL,NULL,NULL,2637,NULL,NULL),(2689,673,NULL,NULL,NULL,2638,NULL,NULL),(2686,674,NULL,NULL,NULL,345,NULL,NULL),(2687,674,NULL,NULL,NULL,345,NULL,NULL),(2688,674,NULL,NULL,NULL,345,NULL,NULL),(2689,674,NULL,NULL,NULL,345,NULL,NULL),(2690,673,NULL,NULL,NULL,2635,NULL,NULL),(2691,673,NULL,NULL,NULL,2636,NULL,NULL),(2692,673,NULL,NULL,NULL,2637,NULL,NULL),(2693,673,NULL,NULL,NULL,2638,NULL,NULL),(2690,674,NULL,NULL,NULL,415,NULL,NULL),(2691,674,NULL,NULL,NULL,415,NULL,NULL),(2692,674,NULL,NULL,NULL,415,NULL,NULL),(2693,674,NULL,NULL,NULL,415,NULL,NULL),(2694,673,NULL,NULL,NULL,2635,NULL,NULL),(2695,673,NULL,NULL,NULL,2636,NULL,NULL),(2696,673,NULL,NULL,NULL,2637,NULL,NULL),(2697,673,NULL,NULL,NULL,2638,NULL,NULL),(2694,674,NULL,NULL,NULL,345,NULL,NULL),(2695,674,NULL,NULL,NULL,345,NULL,NULL),(2696,674,NULL,NULL,NULL,345,NULL,NULL),(2697,674,NULL,NULL,NULL,345,NULL,NULL),(2698,673,NULL,NULL,NULL,2635,NULL,NULL),(2699,673,NULL,NULL,NULL,2636,NULL,NULL),(2700,673,NULL,NULL,NULL,2637,NULL,NULL),(2701,673,NULL,NULL,NULL,2638,NULL,NULL),(2698,674,NULL,NULL,NULL,415,NULL,NULL),(2699,674,NULL,NULL,NULL,415,NULL,NULL),(2700,674,NULL,NULL,NULL,415,NULL,NULL),(2701,674,NULL,NULL,NULL,415,NULL,NULL),(2702,673,NULL,NULL,NULL,2635,NULL,NULL),(2703,673,NULL,NULL,NULL,2636,NULL,NULL),(2704,673,NULL,NULL,NULL,2637,NULL,NULL),(2705,673,NULL,NULL,NULL,2638,NULL,NULL),(2702,674,NULL,NULL,NULL,345,NULL,NULL),(2703,674,NULL,NULL,NULL,345,NULL,NULL),(2704,674,NULL,NULL,NULL,345,NULL,NULL),(2705,674,NULL,NULL,NULL,345,NULL,NULL),(2706,673,NULL,NULL,NULL,2635,NULL,NULL),(2707,673,NULL,NULL,NULL,2636,NULL,NULL),(2708,673,NULL,NULL,NULL,2637,NULL,NULL),(2709,673,NULL,NULL,NULL,2638,NULL,NULL),(2706,674,NULL,NULL,NULL,415,NULL,NULL),(2707,674,NULL,NULL,NULL,415,NULL,NULL),(2708,674,NULL,NULL,NULL,415,NULL,NULL),(2709,674,NULL,NULL,NULL,415,NULL,NULL),(2710,673,NULL,NULL,NULL,2635,NULL,NULL),(2711,673,NULL,NULL,NULL,2636,NULL,NULL),(2712,673,NULL,NULL,NULL,2637,NULL,NULL),(2713,673,NULL,NULL,NULL,2638,NULL,NULL),(2710,674,NULL,NULL,NULL,345,NULL,NULL),(2711,674,NULL,NULL,NULL,345,NULL,NULL),(2712,674,NULL,NULL,NULL,345,NULL,NULL),(2713,674,NULL,NULL,NULL,345,NULL,NULL),(2714,673,NULL,NULL,NULL,2635,NULL,NULL),(2715,673,NULL,NULL,NULL,2636,NULL,NULL),(2716,673,NULL,NULL,NULL,2637,NULL,NULL),(2717,673,NULL,NULL,NULL,2638,NULL,NULL),(2714,674,NULL,NULL,NULL,415,NULL,NULL),(2715,674,NULL,NULL,NULL,415,NULL,NULL),(2716,674,NULL,NULL,NULL,415,NULL,NULL),(2717,674,NULL,NULL,NULL,415,NULL,NULL),(2718,673,NULL,NULL,NULL,2635,NULL,NULL),(2719,673,NULL,NULL,NULL,2636,NULL,NULL),(2720,673,NULL,NULL,NULL,2637,NULL,NULL),(2721,673,NULL,NULL,NULL,2638,NULL,NULL),(2718,674,NULL,NULL,NULL,345,NULL,NULL),(2719,674,NULL,NULL,NULL,345,NULL,NULL),(2720,674,NULL,NULL,NULL,345,NULL,NULL),(2721,674,NULL,NULL,NULL,345,NULL,NULL),(2722,673,NULL,NULL,NULL,2635,NULL,NULL),(2723,673,NULL,NULL,NULL,2636,NULL,NULL),(2724,673,NULL,NULL,NULL,2637,NULL,NULL),(2725,673,NULL,NULL,NULL,2638,NULL,NULL),(2722,674,NULL,NULL,NULL,415,NULL,NULL),(2723,674,NULL,NULL,NULL,415,NULL,NULL),(2724,674,NULL,NULL,NULL,415,NULL,NULL),(2725,674,NULL,NULL,NULL,415,NULL,NULL),(2726,678,NULL,NULL,NULL,2731,NULL,NULL),(2727,678,NULL,NULL,NULL,2731,NULL,NULL),(2728,678,NULL,NULL,NULL,2731,NULL,NULL),(2729,678,NULL,NULL,NULL,2731,NULL,NULL),(2726,565,NULL,NULL,NULL,2733,NULL,NULL),(2727,565,NULL,NULL,NULL,2734,NULL,NULL),(2728,565,NULL,NULL,NULL,2735,NULL,NULL),(2729,565,NULL,NULL,NULL,2736,NULL,NULL),(2730,678,NULL,NULL,NULL,2732,NULL,NULL),(2737,678,NULL,NULL,NULL,2732,NULL,NULL),(2738,678,NULL,NULL,NULL,2732,NULL,NULL),(2739,678,NULL,NULL,NULL,2732,NULL,NULL),(2730,565,NULL,NULL,NULL,2733,NULL,NULL),(2737,565,NULL,NULL,NULL,2734,NULL,NULL),(2738,565,NULL,NULL,NULL,2735,NULL,NULL),(2739,565,NULL,NULL,NULL,2736,NULL,NULL),(2740,678,NULL,NULL,NULL,2731,NULL,NULL),(2741,678,NULL,NULL,NULL,2731,NULL,NULL),(2742,678,NULL,NULL,NULL,2731,NULL,NULL),(2743,678,NULL,NULL,NULL,2731,NULL,NULL),(2740,565,NULL,NULL,NULL,2733,NULL,NULL),(2741,565,NULL,NULL,NULL,2734,NULL,NULL),(2742,565,NULL,NULL,NULL,2735,NULL,NULL),(2743,565,NULL,NULL,NULL,2736,NULL,NULL),(2744,678,NULL,NULL,NULL,2732,NULL,NULL),(2747,678,NULL,NULL,NULL,2732,NULL,NULL),(2748,678,NULL,NULL,NULL,2732,NULL,NULL),(2750,678,NULL,NULL,NULL,2732,NULL,NULL),(2744,565,NULL,NULL,NULL,2733,NULL,NULL),(2747,565,NULL,NULL,NULL,2734,NULL,NULL),(2748,565,NULL,NULL,NULL,2735,NULL,NULL),(2750,565,NULL,NULL,NULL,2736,NULL,NULL),(2752,678,NULL,NULL,NULL,2731,NULL,NULL),(2753,678,NULL,NULL,NULL,2731,NULL,NULL),(2754,678,NULL,NULL,NULL,2731,NULL,NULL),(2755,678,NULL,NULL,NULL,2731,NULL,NULL),(2752,565,NULL,NULL,NULL,2733,NULL,NULL),(2753,565,NULL,NULL,NULL,2734,NULL,NULL),(2754,565,NULL,NULL,NULL,2735,NULL,NULL),(2755,565,NULL,NULL,NULL,2736,NULL,NULL),(2756,678,NULL,NULL,NULL,2732,NULL,NULL),(2757,678,NULL,NULL,NULL,2732,NULL,NULL),(2758,678,NULL,NULL,NULL,2732,NULL,NULL),(2759,678,NULL,NULL,NULL,2732,NULL,NULL),(2756,565,NULL,NULL,NULL,2733,NULL,NULL),(2757,565,NULL,NULL,NULL,2734,NULL,NULL),(2758,565,NULL,NULL,NULL,2735,NULL,NULL),(2759,565,NULL,NULL,NULL,2736,NULL,NULL),(2760,678,NULL,NULL,NULL,2731,NULL,NULL),(2761,678,NULL,NULL,NULL,2731,NULL,NULL),(2762,678,NULL,NULL,NULL,2731,NULL,NULL),(2763,678,NULL,NULL,NULL,2731,NULL,NULL),(2760,565,NULL,NULL,NULL,2733,NULL,NULL),(2761,565,NULL,NULL,NULL,2734,NULL,NULL),(2762,565,NULL,NULL,NULL,2735,NULL,NULL),(2763,565,NULL,NULL,NULL,2736,NULL,NULL),(2764,678,NULL,NULL,NULL,2732,NULL,NULL),(2765,678,NULL,NULL,NULL,2732,NULL,NULL),(2766,678,NULL,NULL,NULL,2732,NULL,NULL),(2767,678,NULL,NULL,NULL,2732,NULL,NULL),(2764,565,NULL,NULL,NULL,2733,NULL,NULL),(2765,565,NULL,NULL,NULL,2734,NULL,NULL),(2766,565,NULL,NULL,NULL,2735,NULL,NULL),(2767,565,NULL,NULL,NULL,2736,NULL,NULL),(2768,565,NULL,NULL,NULL,2733,NULL,NULL),(2769,565,NULL,NULL,NULL,2734,NULL,NULL),(2770,565,NULL,NULL,NULL,2735,NULL,NULL),(2771,565,NULL,NULL,NULL,2736,NULL,NULL),(2768,678,NULL,NULL,NULL,2731,NULL,NULL),(2769,678,NULL,NULL,NULL,2731,NULL,NULL),(2770,678,NULL,NULL,NULL,2731,NULL,NULL),(2771,678,NULL,NULL,NULL,2731,NULL,NULL),(2772,565,NULL,NULL,NULL,2733,NULL,NULL),(2773,565,NULL,NULL,NULL,2734,NULL,NULL),(2774,565,NULL,NULL,NULL,2735,NULL,NULL),(2775,565,NULL,NULL,NULL,2736,NULL,NULL),(2772,678,NULL,NULL,NULL,2732,NULL,NULL),(2773,678,NULL,NULL,NULL,2732,NULL,NULL),(2774,678,NULL,NULL,NULL,2732,NULL,NULL),(2775,678,NULL,NULL,NULL,2732,NULL,NULL),(2776,678,NULL,NULL,NULL,2731,NULL,NULL),(2777,678,NULL,NULL,NULL,2731,NULL,NULL),(2778,678,NULL,NULL,NULL,2731,NULL,NULL),(2779,678,NULL,NULL,NULL,2731,NULL,NULL),(2776,565,NULL,NULL,NULL,2733,NULL,NULL),(2777,565,NULL,NULL,NULL,2734,NULL,NULL),(2778,565,NULL,NULL,NULL,2735,NULL,NULL),(2779,565,NULL,NULL,NULL,2736,NULL,NULL),(2780,678,NULL,NULL,NULL,2732,NULL,NULL),(2781,678,NULL,NULL,NULL,2732,NULL,NULL),(2782,678,NULL,NULL,NULL,2732,NULL,NULL),(2783,678,NULL,NULL,NULL,2732,NULL,NULL),(2780,565,NULL,NULL,NULL,2733,NULL,NULL),(2781,565,NULL,NULL,NULL,2734,NULL,NULL),(2782,565,NULL,NULL,NULL,2735,NULL,NULL),(2783,565,NULL,NULL,NULL,2736,NULL,NULL),(2784,678,NULL,NULL,NULL,2731,NULL,NULL),(2785,678,NULL,NULL,NULL,2731,NULL,NULL),(2786,678,NULL,NULL,NULL,2731,NULL,NULL),(2787,678,NULL,NULL,NULL,2731,NULL,NULL),(2784,565,NULL,NULL,NULL,2733,NULL,NULL),(2785,565,NULL,NULL,NULL,2734,NULL,NULL),(2786,565,NULL,NULL,NULL,2735,NULL,NULL),(2787,565,NULL,NULL,NULL,2736,NULL,NULL),(2788,678,NULL,NULL,NULL,2732,NULL,NULL),(2789,678,NULL,NULL,NULL,2732,NULL,NULL),(2790,678,NULL,NULL,NULL,2732,NULL,NULL),(2791,678,NULL,NULL,NULL,2732,NULL,NULL),(2788,565,NULL,NULL,NULL,2733,NULL,NULL),(2789,565,NULL,NULL,NULL,2734,NULL,NULL),(2790,565,NULL,NULL,NULL,2735,NULL,NULL),(2791,565,NULL,NULL,NULL,2736,NULL,NULL),(2793,678,NULL,NULL,NULL,2731,NULL,NULL),(2794,678,NULL,NULL,NULL,2731,NULL,NULL),(2795,678,NULL,NULL,NULL,2731,NULL,NULL),(2796,678,NULL,NULL,NULL,2731,NULL,NULL),(2793,565,NULL,NULL,NULL,2733,NULL,NULL),(2794,565,NULL,NULL,NULL,2734,NULL,NULL),(2795,565,NULL,NULL,NULL,2735,NULL,NULL),(2796,565,NULL,NULL,NULL,2736,NULL,NULL),(2797,678,NULL,NULL,NULL,2732,NULL,NULL),(2798,678,NULL,NULL,NULL,2732,NULL,NULL),(2799,678,NULL,NULL,NULL,2732,NULL,NULL),(2800,678,NULL,NULL,NULL,2732,NULL,NULL),(2797,565,NULL,NULL,NULL,2733,NULL,NULL),(2798,565,NULL,NULL,NULL,2734,NULL,NULL),(2799,565,NULL,NULL,NULL,2735,NULL,NULL),(2800,565,NULL,NULL,NULL,2736,NULL,NULL),(2801,678,NULL,NULL,NULL,2731,NULL,NULL),(2802,678,NULL,NULL,NULL,2731,NULL,NULL),(2803,678,NULL,NULL,NULL,2731,NULL,NULL),(2804,678,NULL,NULL,NULL,2731,NULL,NULL),(2801,565,NULL,NULL,NULL,2733,NULL,NULL),(2802,565,NULL,NULL,NULL,2734,NULL,NULL),(2803,565,NULL,NULL,NULL,2735,NULL,NULL),(2804,565,NULL,NULL,NULL,2736,NULL,NULL),(2805,678,NULL,NULL,NULL,2732,NULL,NULL),(2806,678,NULL,NULL,NULL,2732,NULL,NULL),(2807,678,NULL,NULL,NULL,2732,NULL,NULL),(2808,678,NULL,NULL,NULL,2732,NULL,NULL),(2805,565,NULL,NULL,NULL,2733,NULL,NULL),(2806,565,NULL,NULL,NULL,2734,NULL,NULL),(2807,565,NULL,NULL,NULL,2735,NULL,NULL),(2808,565,NULL,NULL,NULL,2736,NULL,NULL),(2809,678,NULL,NULL,NULL,2731,NULL,NULL),(2810,678,NULL,NULL,NULL,2731,NULL,NULL),(2811,678,NULL,NULL,NULL,2731,NULL,NULL),(2812,678,NULL,NULL,NULL,2731,NULL,NULL),(2809,565,NULL,NULL,NULL,2733,NULL,NULL),(2810,565,NULL,NULL,NULL,2734,NULL,NULL),(2811,565,NULL,NULL,NULL,2735,NULL,NULL),(2812,565,NULL,NULL,NULL,2736,NULL,NULL),(2813,678,NULL,NULL,NULL,2732,NULL,NULL),(2814,678,NULL,NULL,NULL,2732,NULL,NULL),(2815,678,NULL,NULL,NULL,2732,NULL,NULL),(2816,678,NULL,NULL,NULL,2732,NULL,NULL),(2813,565,NULL,NULL,NULL,2733,NULL,NULL),(2814,565,NULL,NULL,NULL,2734,NULL,NULL),(2815,565,NULL,NULL,NULL,2735,NULL,NULL),(2816,565,NULL,NULL,NULL,2736,NULL,NULL),(2817,678,NULL,NULL,NULL,2731,NULL,NULL),(2818,678,NULL,NULL,NULL,2731,NULL,NULL),(2819,678,NULL,NULL,NULL,2731,NULL,NULL),(2820,678,NULL,NULL,NULL,2731,NULL,NULL),(2817,565,NULL,NULL,NULL,2733,NULL,NULL),(2818,565,NULL,NULL,NULL,2734,NULL,NULL),(2819,565,NULL,NULL,NULL,2735,NULL,NULL),(2820,565,NULL,NULL,NULL,2736,NULL,NULL),(2821,678,NULL,NULL,NULL,2732,NULL,NULL),(2822,678,NULL,NULL,NULL,2732,NULL,NULL),(2823,678,NULL,NULL,NULL,2732,NULL,NULL),(2824,678,NULL,NULL,NULL,2732,NULL,NULL),(2821,565,NULL,NULL,NULL,2733,NULL,NULL),(2822,565,NULL,NULL,NULL,2734,NULL,NULL),(2823,565,NULL,NULL,NULL,2735,NULL,NULL),(2824,565,NULL,NULL,NULL,2736,NULL,NULL),(2825,678,NULL,NULL,NULL,2731,NULL,NULL),(2826,678,NULL,NULL,NULL,2731,NULL,NULL),(2827,678,NULL,NULL,NULL,2731,NULL,NULL),(2828,678,NULL,NULL,NULL,2731,NULL,NULL),(2825,565,NULL,NULL,NULL,2733,NULL,NULL),(2826,565,NULL,NULL,NULL,2734,NULL,NULL),(2827,565,NULL,NULL,NULL,2735,NULL,NULL),(2828,565,NULL,NULL,NULL,2736,NULL,NULL),(2829,678,NULL,NULL,NULL,2732,NULL,NULL),(2830,678,NULL,NULL,NULL,2732,NULL,NULL),(2831,678,NULL,NULL,NULL,2732,NULL,NULL),(2832,678,NULL,NULL,NULL,2732,NULL,NULL),(2829,565,NULL,NULL,NULL,2733,NULL,NULL),(2830,565,NULL,NULL,NULL,2734,NULL,NULL),(2831,565,NULL,NULL,NULL,2735,NULL,NULL),(2832,565,NULL,NULL,NULL,2736,NULL,NULL),(2833,678,NULL,NULL,NULL,2731,NULL,NULL),(2834,678,NULL,NULL,NULL,2731,NULL,NULL),(2835,678,NULL,NULL,NULL,2731,NULL,NULL),(2836,678,NULL,NULL,NULL,2731,NULL,NULL),(2833,565,NULL,NULL,NULL,2733,NULL,NULL),(2834,565,NULL,NULL,NULL,2734,NULL,NULL),(2835,565,NULL,NULL,NULL,2735,NULL,NULL),(2836,565,NULL,NULL,NULL,2736,NULL,NULL),(2837,678,NULL,NULL,NULL,2732,NULL,NULL),(2838,678,NULL,NULL,NULL,2732,NULL,NULL),(2839,678,NULL,NULL,NULL,2732,NULL,NULL),(2840,678,NULL,NULL,NULL,2732,NULL,NULL),(2837,565,NULL,NULL,NULL,2733,NULL,NULL),(2838,565,NULL,NULL,NULL,2734,NULL,NULL),(2839,565,NULL,NULL,NULL,2735,NULL,NULL),(2840,565,NULL,NULL,NULL,2736,NULL,NULL),(2841,678,NULL,NULL,NULL,2731,NULL,NULL),(2842,678,NULL,NULL,NULL,2731,NULL,NULL),(2843,678,NULL,NULL,NULL,2731,NULL,NULL),(2844,678,NULL,NULL,NULL,2731,NULL,NULL),(2841,565,NULL,NULL,NULL,2733,NULL,NULL),(2842,565,NULL,NULL,NULL,2734,NULL,NULL),(2843,565,NULL,NULL,NULL,2735,NULL,NULL),(2844,565,NULL,NULL,NULL,2736,NULL,NULL),(2845,678,NULL,NULL,NULL,2732,NULL,NULL),(2846,678,NULL,NULL,NULL,2732,NULL,NULL),(2847,678,NULL,NULL,NULL,2732,NULL,NULL),(2848,678,NULL,NULL,NULL,2732,NULL,NULL),(2845,565,NULL,NULL,NULL,2733,NULL,NULL),(2846,565,NULL,NULL,NULL,2734,NULL,NULL),(2847,565,NULL,NULL,NULL,2735,NULL,NULL),(2848,565,NULL,NULL,NULL,2736,NULL,NULL),(2849,678,NULL,NULL,NULL,2731,NULL,NULL),(2850,678,NULL,NULL,NULL,2731,NULL,NULL),(2851,678,NULL,NULL,NULL,2731,NULL,NULL),(2852,678,NULL,NULL,NULL,2731,NULL,NULL),(2849,565,NULL,NULL,NULL,2733,NULL,NULL),(2850,565,NULL,NULL,NULL,2734,NULL,NULL),(2851,565,NULL,NULL,NULL,2735,NULL,NULL),(2852,565,NULL,NULL,NULL,2736,NULL,NULL),(2853,678,NULL,NULL,NULL,2732,NULL,NULL),(2854,678,NULL,NULL,NULL,2732,NULL,NULL),(2855,678,NULL,NULL,NULL,2732,NULL,NULL),(2856,678,NULL,NULL,NULL,2732,NULL,NULL),(2853,565,NULL,NULL,NULL,2733,NULL,NULL),(2854,565,NULL,NULL,NULL,2734,NULL,NULL),(2855,565,NULL,NULL,NULL,2735,NULL,NULL),(2856,565,NULL,NULL,NULL,2736,NULL,NULL),(2857,675,NULL,NULL,NULL,1776,NULL,NULL),(2857,674,NULL,NULL,NULL,2865,NULL,NULL),(2857,690,NULL,NULL,NULL,2859,NULL,NULL),(2857,691,NULL,NULL,NULL,2861,NULL,NULL),(2867,675,NULL,NULL,NULL,1776,NULL,NULL),(2867,674,NULL,NULL,NULL,2866,NULL,NULL),(2867,690,NULL,NULL,NULL,2859,NULL,NULL),(2867,691,NULL,NULL,NULL,2861,NULL,NULL),(2857,676,NULL,NULL,NULL,2175,NULL,NULL),(2867,676,NULL,NULL,NULL,2175,NULL,NULL),(2177,590,NULL,NULL,NULL,2175,NULL,NULL),(2869,123,NULL,NULL,NULL,2868,NULL,NULL),(2869,148,1545904152,NULL,NULL,NULL,NULL,NULL),(2868,308,NULL,NULL,NULL,2869,NULL,1),(2870,80,NULL,NULL,NULL,NULL,NULL,38900),(2870,83,NULL,NULL,NULL,2613,NULL,NULL),(2870,84,NULL,NULL,NULL,NULL,396,NULL),(2870,87,NULL,NULL,NULL,NULL,NULL,1000),(2870,88,NULL,NULL,NULL,NULL,NULL,40),(2870,89,NULL,NULL,NULL,NULL,NULL,60),(2870,90,NULL,NULL,NULL,NULL,NULL,40),(2870,91,NULL,NULL,NULL,41,NULL,NULL),(2870,627,NULL,NULL,NULL,NULL,NULL,38900),(2870,79,1,NULL,NULL,NULL,NULL,NULL),(2870,81,NULL,NULL,NULL,NULL,NULL,38900),(2870,82,NULL,NULL,NULL,NULL,NULL,38900),(2869,119,NULL,NULL,NULL,2870,NULL,NULL),(2869,127,NULL,NULL,NULL,NULL,NULL,38900),(2869,129,1,NULL,NULL,NULL,NULL,NULL),(2869,142,NULL,NULL,'/',NULL,NULL,NULL),(2869,166,NULL,NULL,NULL,NULL,NULL,1000),(2869,167,NULL,NULL,NULL,NULL,NULL,40),(2869,168,NULL,NULL,NULL,NULL,NULL,60),(2869,169,NULL,NULL,NULL,NULL,NULL,40),(2869,128,NULL,NULL,NULL,NULL,NULL,38893),(2869,132,NULL,NULL,NULL,NULL,NULL,7),(2871,675,NULL,NULL,NULL,2862,NULL,NULL),(2871,674,NULL,NULL,NULL,2865,NULL,NULL),(2871,690,NULL,NULL,NULL,2859,NULL,NULL),(2871,691,NULL,NULL,NULL,2861,NULL,NULL),(2871,676,NULL,NULL,NULL,2175,NULL,NULL),(2872,675,NULL,NULL,NULL,2862,NULL,NULL),(2872,674,NULL,NULL,NULL,2866,NULL,NULL),(2872,690,NULL,NULL,NULL,2859,NULL,NULL),(2872,691,NULL,NULL,NULL,2861,NULL,NULL),(2872,676,NULL,NULL,NULL,2175,NULL,NULL),(2873,675,NULL,NULL,NULL,2862,NULL,NULL),(2873,674,NULL,NULL,NULL,2865,NULL,NULL),(2873,690,NULL,NULL,NULL,2858,NULL,NULL),(2873,691,NULL,NULL,NULL,2861,NULL,NULL),(2873,676,NULL,NULL,NULL,2175,NULL,NULL),(2874,675,NULL,NULL,NULL,2862,NULL,NULL),(2874,674,NULL,NULL,NULL,2866,NULL,NULL),(2874,690,NULL,NULL,NULL,2858,NULL,NULL),(2874,691,NULL,NULL,NULL,2861,NULL,NULL),(2874,676,NULL,NULL,NULL,2175,NULL,NULL),(2875,675,NULL,NULL,NULL,2862,NULL,NULL),(2875,674,NULL,NULL,NULL,2865,NULL,NULL),(2875,690,NULL,NULL,NULL,2858,NULL,NULL),(2875,691,NULL,NULL,NULL,2860,NULL,NULL),(2876,675,NULL,NULL,NULL,2862,NULL,NULL),(2876,674,NULL,NULL,NULL,2866,NULL,NULL),(2876,690,NULL,NULL,NULL,2858,NULL,NULL),(2876,691,NULL,NULL,NULL,2860,NULL,NULL),(2877,675,NULL,NULL,NULL,2862,NULL,NULL),(2877,674,NULL,NULL,NULL,2865,NULL,NULL),(2877,690,NULL,NULL,NULL,2859,NULL,NULL),(2877,691,NULL,NULL,NULL,2860,NULL,NULL),(2878,675,NULL,NULL,NULL,2862,NULL,NULL),(2878,674,NULL,NULL,NULL,2866,NULL,NULL),(2878,690,NULL,NULL,NULL,2859,NULL,NULL),(2878,691,NULL,NULL,NULL,2860,NULL,NULL),(2879,675,NULL,NULL,NULL,1776,NULL,NULL),(2879,674,NULL,NULL,NULL,2865,NULL,NULL),(2879,690,NULL,NULL,NULL,2858,NULL,NULL),(2879,691,NULL,NULL,NULL,2861,NULL,NULL),(2880,675,NULL,NULL,NULL,1776,NULL,NULL),(2880,674,NULL,NULL,NULL,2866,NULL,NULL),(2880,690,NULL,NULL,NULL,2858,NULL,NULL),(2880,691,NULL,NULL,NULL,2861,NULL,NULL),(2881,675,NULL,NULL,NULL,1776,NULL,NULL),(2881,674,NULL,NULL,NULL,2865,NULL,NULL),(2881,690,NULL,NULL,NULL,2858,NULL,NULL),(2881,691,NULL,NULL,NULL,2860,NULL,NULL),(2882,675,NULL,NULL,NULL,1776,NULL,NULL),(2882,674,NULL,NULL,NULL,2866,NULL,NULL),(2882,690,NULL,NULL,NULL,2858,NULL,NULL),(2882,691,NULL,NULL,NULL,2860,NULL,NULL),(2883,675,NULL,NULL,NULL,1776,NULL,NULL),(2883,674,NULL,NULL,NULL,2865,NULL,NULL),(2883,690,NULL,NULL,NULL,2859,NULL,NULL),(2883,691,NULL,NULL,NULL,2860,NULL,NULL),(2884,675,NULL,NULL,NULL,1776,NULL,NULL),(2884,674,NULL,NULL,NULL,2866,NULL,NULL),(2884,690,NULL,NULL,NULL,2859,NULL,NULL),(2884,691,NULL,NULL,NULL,2860,NULL,NULL),(2177,460,1,NULL,NULL,NULL,NULL,NULL),(2885,674,NULL,NULL,NULL,2866,NULL,NULL),(2885,675,NULL,NULL,NULL,1776,NULL,NULL),(2885,690,NULL,NULL,NULL,2859,NULL,NULL),(2885,691,NULL,NULL,NULL,2861,NULL,NULL),(2887,675,NULL,NULL,NULL,1776,NULL,NULL),(2887,690,NULL,NULL,NULL,2859,NULL,NULL),(2887,691,NULL,NULL,NULL,2861,NULL,NULL),(2888,674,NULL,NULL,NULL,2866,NULL,NULL),(2888,675,NULL,NULL,NULL,1776,NULL,NULL),(2888,691,NULL,NULL,NULL,2861,NULL,NULL),(2889,675,NULL,NULL,NULL,1776,NULL,NULL),(2889,691,NULL,NULL,NULL,2861,NULL,NULL),(2890,674,NULL,NULL,NULL,2866,NULL,NULL),(2890,675,NULL,NULL,NULL,1776,NULL,NULL),(2890,690,NULL,NULL,NULL,2859,NULL,NULL),(2891,675,NULL,NULL,NULL,1776,NULL,NULL),(2891,690,NULL,NULL,NULL,2859,NULL,NULL),(2892,674,NULL,NULL,NULL,2866,NULL,NULL),(2892,675,NULL,NULL,NULL,1776,NULL,NULL),(2893,675,NULL,NULL,NULL,1776,NULL,NULL),(2894,674,NULL,NULL,NULL,2866,NULL,NULL),(2894,690,NULL,NULL,NULL,2859,NULL,NULL),(2894,691,NULL,NULL,NULL,2861,NULL,NULL),(2895,690,NULL,NULL,NULL,2859,NULL,NULL),(2895,691,NULL,NULL,NULL,2861,NULL,NULL),(2896,674,NULL,NULL,NULL,2866,NULL,NULL),(2896,691,NULL,NULL,NULL,2861,NULL,NULL),(2897,691,NULL,NULL,NULL,2861,NULL,NULL),(2898,674,NULL,NULL,NULL,2866,NULL,NULL),(2898,690,NULL,NULL,NULL,2859,NULL,NULL),(2899,690,NULL,NULL,NULL,2859,NULL,NULL),(2900,674,NULL,NULL,NULL,2866,NULL,NULL),(2887,674,NULL,NULL,NULL,2865,NULL,NULL),(2888,690,NULL,NULL,NULL,2858,NULL,NULL),(2889,674,NULL,NULL,NULL,2865,NULL,NULL),(2889,690,NULL,NULL,NULL,2858,NULL,NULL),(2890,691,NULL,NULL,NULL,2860,NULL,NULL),(2891,674,NULL,NULL,NULL,2865,NULL,NULL),(2891,691,NULL,NULL,NULL,2860,NULL,NULL),(2892,690,NULL,NULL,NULL,2858,NULL,NULL),(2892,691,NULL,NULL,NULL,2860,NULL,NULL),(2893,674,NULL,NULL,NULL,2865,NULL,NULL),(2893,690,NULL,NULL,NULL,2858,NULL,NULL),(2893,691,NULL,NULL,NULL,2860,NULL,NULL),(2894,675,NULL,NULL,NULL,2862,NULL,NULL),(2895,674,NULL,NULL,NULL,2865,NULL,NULL),(2895,675,NULL,NULL,NULL,2862,NULL,NULL),(2896,675,NULL,NULL,NULL,2862,NULL,NULL),(2896,690,NULL,NULL,NULL,2858,NULL,NULL),(2897,674,NULL,NULL,NULL,2865,NULL,NULL),(2897,675,NULL,NULL,NULL,2862,NULL,NULL),(2897,690,NULL,NULL,NULL,2858,NULL,NULL),(2898,675,NULL,NULL,NULL,2862,NULL,NULL),(2898,691,NULL,NULL,NULL,2860,NULL,NULL),(2899,674,NULL,NULL,NULL,2865,NULL,NULL),(2899,675,NULL,NULL,NULL,2862,NULL,NULL),(2899,691,NULL,NULL,NULL,2860,NULL,NULL),(2900,675,NULL,NULL,NULL,2862,NULL,NULL),(2900,690,NULL,NULL,NULL,2858,NULL,NULL),(2900,691,NULL,NULL,NULL,2860,NULL,NULL),(2901,674,NULL,NULL,NULL,2865,NULL,NULL),(2901,675,NULL,NULL,NULL,2862,NULL,NULL),(2901,690,NULL,NULL,NULL,2858,NULL,NULL),(2901,691,NULL,NULL,NULL,2860,NULL,NULL),(2902,674,NULL,NULL,NULL,2865,NULL,NULL),(2902,675,NULL,NULL,NULL,1776,NULL,NULL),(2902,690,NULL,NULL,NULL,2859,NULL,NULL),(2902,691,NULL,NULL,NULL,2861,NULL,NULL),(2903,675,NULL,NULL,NULL,1776,NULL,NULL),(2903,690,NULL,NULL,NULL,2859,NULL,NULL),(2903,691,NULL,NULL,NULL,2861,NULL,NULL),(2904,674,NULL,NULL,NULL,2865,NULL,NULL),(2904,675,NULL,NULL,NULL,1776,NULL,NULL),(2904,691,NULL,NULL,NULL,2861,NULL,NULL),(2905,675,NULL,NULL,NULL,1776,NULL,NULL),(2905,691,NULL,NULL,NULL,2861,NULL,NULL),(2906,674,NULL,NULL,NULL,2865,NULL,NULL),(2906,675,NULL,NULL,NULL,1776,NULL,NULL),(2906,690,NULL,NULL,NULL,2859,NULL,NULL),(2908,674,NULL,NULL,NULL,2865,NULL,NULL),(2907,675,NULL,NULL,NULL,1776,NULL,NULL),(2907,690,NULL,NULL,NULL,2859,NULL,NULL),(2908,675,NULL,NULL,NULL,1776,NULL,NULL),(2909,675,NULL,NULL,NULL,1776,NULL,NULL),(2910,674,NULL,NULL,NULL,2865,NULL,NULL),(2910,690,NULL,NULL,NULL,2859,NULL,NULL),(2910,691,NULL,NULL,NULL,2861,NULL,NULL),(2911,690,NULL,NULL,NULL,2859,NULL,NULL),(2911,691,NULL,NULL,NULL,2861,NULL,NULL),(2912,674,NULL,NULL,NULL,2865,NULL,NULL),(2912,691,NULL,NULL,NULL,2861,NULL,NULL),(2913,691,NULL,NULL,NULL,2861,NULL,NULL),(2914,674,NULL,NULL,NULL,2865,NULL,NULL),(2914,690,NULL,NULL,NULL,2859,NULL,NULL),(2915,690,NULL,NULL,NULL,2859,NULL,NULL),(2916,674,NULL,NULL,NULL,2865,NULL,NULL),(2916,675,NULL,NULL,NULL,1776,NULL,NULL),(2916,690,NULL,NULL,NULL,2859,NULL,NULL),(2916,691,NULL,NULL,NULL,2861,NULL,NULL),(2917,674,NULL,NULL,NULL,2865,NULL,NULL),(2917,675,NULL,NULL,NULL,1776,NULL,NULL),(2917,690,NULL,NULL,NULL,2859,NULL,NULL),(2917,691,NULL,NULL,NULL,2861,NULL,NULL),(2918,674,NULL,NULL,NULL,2865,NULL,NULL),(2919,674,NULL,NULL,NULL,2865,NULL,NULL),(2919,675,NULL,NULL,NULL,1776,NULL,NULL),(2919,690,NULL,NULL,NULL,2859,NULL,NULL),(2919,691,NULL,NULL,NULL,2861,NULL,NULL),(2921,674,NULL,NULL,NULL,2865,NULL,NULL),(2921,675,NULL,NULL,NULL,1776,NULL,NULL),(2921,690,NULL,NULL,NULL,2859,NULL,NULL),(2921,691,NULL,NULL,NULL,2861,NULL,NULL),(2922,674,NULL,NULL,NULL,2865,NULL,NULL),(2922,675,NULL,NULL,NULL,1776,NULL,NULL),(2922,690,NULL,NULL,NULL,2859,NULL,NULL),(2922,691,NULL,NULL,NULL,2861,NULL,NULL),(2923,674,NULL,NULL,NULL,2865,NULL,NULL),(2923,675,NULL,NULL,NULL,1776,NULL,NULL),(2923,690,NULL,NULL,NULL,2859,NULL,NULL),(2923,691,NULL,NULL,NULL,2861,NULL,NULL),(2924,674,NULL,NULL,NULL,2865,NULL,NULL),(2924,675,NULL,NULL,NULL,1776,NULL,NULL),(2924,690,NULL,NULL,NULL,2859,NULL,NULL),(2924,691,NULL,NULL,NULL,2861,NULL,NULL),(2925,674,NULL,NULL,NULL,2865,NULL,NULL),(2925,675,NULL,NULL,NULL,1776,NULL,NULL),(2925,690,NULL,NULL,NULL,2859,NULL,NULL),(2925,691,NULL,NULL,NULL,2861,NULL,NULL),(2926,674,NULL,NULL,NULL,2865,NULL,NULL),(2926,675,NULL,NULL,NULL,1776,NULL,NULL),(2927,674,NULL,NULL,NULL,2865,NULL,NULL),(2926,690,NULL,NULL,NULL,2859,NULL,NULL),(2927,675,NULL,NULL,NULL,1776,NULL,NULL),(2926,691,NULL,NULL,NULL,2861,NULL,NULL),(2927,690,NULL,NULL,NULL,2859,NULL,NULL),(2927,691,NULL,NULL,NULL,2861,NULL,NULL),(2928,674,NULL,NULL,NULL,2865,NULL,NULL),(2928,675,NULL,NULL,NULL,1776,NULL,NULL),(2928,690,NULL,NULL,NULL,2859,NULL,NULL),(2928,691,NULL,NULL,NULL,2861,NULL,NULL),(2929,674,NULL,NULL,NULL,2865,NULL,NULL),(2929,675,NULL,NULL,NULL,1776,NULL,NULL),(2929,690,NULL,NULL,NULL,2859,NULL,NULL),(2929,691,NULL,NULL,NULL,2861,NULL,NULL),(2930,674,NULL,NULL,NULL,2865,NULL,NULL),(2930,675,NULL,NULL,NULL,1776,NULL,NULL),(2930,690,NULL,NULL,NULL,2859,NULL,NULL),(2930,691,NULL,NULL,NULL,2861,NULL,NULL),(2931,674,NULL,NULL,NULL,2865,NULL,NULL),(2931,675,NULL,NULL,NULL,1776,NULL,NULL),(2931,690,NULL,NULL,NULL,2859,NULL,NULL),(2931,691,NULL,NULL,NULL,2861,NULL,NULL),(2932,674,NULL,NULL,NULL,2865,NULL,NULL),(2932,675,NULL,NULL,NULL,1776,NULL,NULL),(2932,690,NULL,NULL,NULL,2859,NULL,NULL),(2932,691,NULL,NULL,NULL,2861,NULL,NULL),(2933,674,NULL,NULL,NULL,2865,NULL,NULL),(2933,675,NULL,NULL,NULL,1776,NULL,NULL),(2933,690,NULL,NULL,NULL,2859,NULL,NULL),(2933,691,NULL,NULL,NULL,2861,NULL,NULL),(2934,674,NULL,NULL,NULL,2865,NULL,NULL),(2934,675,NULL,NULL,NULL,1776,NULL,NULL),(2934,690,NULL,NULL,NULL,2859,NULL,NULL),(2934,691,NULL,NULL,NULL,2861,NULL,NULL),(2935,674,NULL,NULL,NULL,2865,NULL,NULL),(2935,675,NULL,NULL,NULL,1776,NULL,NULL),(2935,690,NULL,NULL,NULL,2859,NULL,NULL),(2935,691,NULL,NULL,NULL,2861,NULL,NULL),(2936,674,NULL,NULL,NULL,2865,NULL,NULL),(2936,675,NULL,NULL,NULL,1776,NULL,NULL),(2936,690,NULL,NULL,NULL,2859,NULL,NULL),(2936,691,NULL,NULL,NULL,2861,NULL,NULL),(2937,674,NULL,NULL,NULL,2865,NULL,NULL),(2937,675,NULL,NULL,NULL,1776,NULL,NULL),(2937,690,NULL,NULL,NULL,2859,NULL,NULL),(2937,691,NULL,NULL,NULL,2861,NULL,NULL),(2938,674,NULL,NULL,NULL,2865,NULL,NULL),(2938,675,NULL,NULL,NULL,1776,NULL,NULL),(2938,690,NULL,NULL,NULL,2859,NULL,NULL),(2938,691,NULL,NULL,NULL,2861,NULL,NULL),(2939,674,NULL,NULL,NULL,2865,NULL,NULL),(2939,675,NULL,NULL,NULL,1776,NULL,NULL),(2939,690,NULL,NULL,NULL,2859,NULL,NULL),(2939,691,NULL,NULL,NULL,2861,NULL,NULL),(2940,674,NULL,NULL,NULL,2865,NULL,NULL),(2940,675,NULL,NULL,NULL,1776,NULL,NULL),(2940,690,NULL,NULL,NULL,2859,NULL,NULL),(2940,691,NULL,NULL,NULL,2861,NULL,NULL),(2941,674,NULL,NULL,NULL,2865,NULL,NULL),(2941,675,NULL,NULL,NULL,1776,NULL,NULL),(2941,690,NULL,NULL,NULL,2859,NULL,NULL),(2941,691,NULL,NULL,NULL,2861,NULL,NULL),(2942,674,NULL,NULL,NULL,2865,NULL,NULL),(2942,675,NULL,NULL,NULL,1776,NULL,NULL),(2942,690,NULL,NULL,NULL,2859,NULL,NULL),(2942,691,NULL,NULL,NULL,2861,NULL,NULL),(2903,674,NULL,NULL,NULL,2866,NULL,NULL),(2904,690,NULL,NULL,NULL,2858,NULL,NULL),(2905,674,NULL,NULL,NULL,2866,NULL,NULL),(2905,690,NULL,NULL,NULL,2858,NULL,NULL),(2906,691,NULL,NULL,NULL,2860,NULL,NULL),(2907,674,NULL,NULL,NULL,2866,NULL,NULL),(2907,691,NULL,NULL,NULL,2860,NULL,NULL),(2908,690,NULL,NULL,NULL,2858,NULL,NULL),(2908,691,NULL,NULL,NULL,2860,NULL,NULL),(2909,674,NULL,NULL,NULL,2866,NULL,NULL),(2909,690,NULL,NULL,NULL,2858,NULL,NULL),(2909,691,NULL,NULL,NULL,2860,NULL,NULL),(2910,675,NULL,NULL,NULL,2862,NULL,NULL),(2911,674,NULL,NULL,NULL,2866,NULL,NULL),(2911,675,NULL,NULL,NULL,2862,NULL,NULL),(2912,675,NULL,NULL,NULL,2862,NULL,NULL),(2912,690,NULL,NULL,NULL,2858,NULL,NULL),(2913,674,NULL,NULL,NULL,2866,NULL,NULL),(2913,675,NULL,NULL,NULL,2862,NULL,NULL),(2913,690,NULL,NULL,NULL,2858,NULL,NULL),(2914,675,NULL,NULL,NULL,2862,NULL,NULL),(2914,691,NULL,NULL,NULL,2860,NULL,NULL),(2915,674,NULL,NULL,NULL,2866,NULL,NULL),(2915,675,NULL,NULL,NULL,2862,NULL,NULL),(2915,691,NULL,NULL,NULL,2860,NULL,NULL),(2918,675,NULL,NULL,NULL,2862,NULL,NULL),(2918,690,NULL,NULL,NULL,2858,NULL,NULL),(2918,691,NULL,NULL,NULL,2860,NULL,NULL),(2920,674,NULL,NULL,NULL,2866,NULL,NULL),(2920,675,NULL,NULL,NULL,2862,NULL,NULL),(2920,690,NULL,NULL,NULL,2858,NULL,NULL),(2920,691,NULL,NULL,NULL,2860,NULL,NULL),(2180,460,1,NULL,NULL,NULL,NULL,NULL),(2949,674,NULL,NULL,NULL,2866,NULL,NULL),(2949,675,NULL,NULL,NULL,1776,NULL,NULL),(2949,690,NULL,NULL,NULL,2859,NULL,NULL),(2949,691,NULL,NULL,NULL,2861,NULL,NULL),(2950,674,NULL,NULL,NULL,2865,NULL,NULL),(2950,675,NULL,NULL,NULL,1776,NULL,NULL),(2950,690,NULL,NULL,NULL,2859,NULL,NULL),(2950,691,NULL,NULL,NULL,2861,NULL,NULL),(2951,674,NULL,NULL,NULL,2866,NULL,NULL),(2951,675,NULL,NULL,NULL,1776,NULL,NULL),(2951,690,NULL,NULL,NULL,2858,NULL,NULL),(2951,691,NULL,NULL,NULL,2861,NULL,NULL),(2952,674,NULL,NULL,NULL,2865,NULL,NULL),(2952,675,NULL,NULL,NULL,1776,NULL,NULL),(2952,690,NULL,NULL,NULL,2858,NULL,NULL),(2952,691,NULL,NULL,NULL,2861,NULL,NULL),(2953,674,NULL,NULL,NULL,2866,NULL,NULL),(2953,675,NULL,NULL,NULL,1776,NULL,NULL),(2953,690,NULL,NULL,NULL,2859,NULL,NULL),(2953,691,NULL,NULL,NULL,2860,NULL,NULL),(2954,674,NULL,NULL,NULL,2865,NULL,NULL),(2954,675,NULL,NULL,NULL,1776,NULL,NULL),(2954,690,NULL,NULL,NULL,2859,NULL,NULL),(2954,691,NULL,NULL,NULL,2860,NULL,NULL),(2955,674,NULL,NULL,NULL,2866,NULL,NULL),(2955,675,NULL,NULL,NULL,1776,NULL,NULL),(2955,690,NULL,NULL,NULL,2858,NULL,NULL),(2955,691,NULL,NULL,NULL,2860,NULL,NULL),(2956,675,NULL,NULL,NULL,1776,NULL,NULL),(2956,690,NULL,NULL,NULL,2858,NULL,NULL),(2956,691,NULL,NULL,NULL,2860,NULL,NULL),(2957,674,NULL,NULL,NULL,2866,NULL,NULL),(2957,675,NULL,NULL,NULL,2862,NULL,NULL),(2957,690,NULL,NULL,NULL,2859,NULL,NULL),(2957,691,NULL,NULL,NULL,2861,NULL,NULL),(2956,674,NULL,NULL,NULL,2865,NULL,NULL),(2958,674,NULL,NULL,NULL,2865,NULL,NULL),(2958,675,NULL,NULL,NULL,2862,NULL,NULL),(2958,690,NULL,NULL,NULL,2859,NULL,NULL),(2958,691,NULL,NULL,NULL,2861,NULL,NULL),(2959,674,NULL,NULL,NULL,2866,NULL,NULL),(2959,675,NULL,NULL,NULL,2862,NULL,NULL),(2959,690,NULL,NULL,NULL,2858,NULL,NULL),(2959,691,NULL,NULL,NULL,2861,NULL,NULL),(2960,674,NULL,NULL,NULL,2865,NULL,NULL),(2960,675,NULL,NULL,NULL,2862,NULL,NULL),(2960,690,NULL,NULL,NULL,2858,NULL,NULL),(2960,691,NULL,NULL,NULL,2861,NULL,NULL),(2961,674,NULL,NULL,NULL,2866,NULL,NULL),(2961,675,NULL,NULL,NULL,2862,NULL,NULL),(2961,690,NULL,NULL,NULL,2859,NULL,NULL),(2961,691,NULL,NULL,NULL,2860,NULL,NULL),(2962,674,NULL,NULL,NULL,2865,NULL,NULL),(2962,675,NULL,NULL,NULL,2862,NULL,NULL),(2962,690,NULL,NULL,NULL,2859,NULL,NULL),(2962,691,NULL,NULL,NULL,2860,NULL,NULL),(2963,674,NULL,NULL,NULL,2866,NULL,NULL),(2963,675,NULL,NULL,NULL,2862,NULL,NULL),(2963,690,NULL,NULL,NULL,2858,NULL,NULL),(2963,691,NULL,NULL,NULL,2860,NULL,NULL),(2965,674,NULL,NULL,NULL,2865,NULL,NULL),(2965,675,NULL,NULL,NULL,2862,NULL,NULL),(2965,690,NULL,NULL,NULL,2858,NULL,NULL),(2965,691,NULL,NULL,NULL,2860,NULL,NULL),(2183,460,1,NULL,NULL,NULL,NULL,NULL),(2185,460,1,NULL,NULL,NULL,NULL,NULL),(2970,674,NULL,NULL,NULL,2866,NULL,NULL),(2972,674,NULL,NULL,NULL,2866,NULL,NULL),(2974,674,NULL,NULL,NULL,2866,NULL,NULL),(2976,674,NULL,NULL,NULL,2866,NULL,NULL),(2978,674,NULL,NULL,NULL,2866,NULL,NULL),(2980,674,NULL,NULL,NULL,2866,NULL,NULL),(2982,674,NULL,NULL,NULL,2866,NULL,NULL),(2984,674,NULL,NULL,NULL,2866,NULL,NULL),(2970,675,NULL,NULL,NULL,1776,NULL,NULL),(2970,690,NULL,NULL,NULL,2859,NULL,NULL),(2970,691,NULL,NULL,NULL,2861,NULL,NULL),(2971,674,NULL,NULL,NULL,2865,NULL,NULL),(2971,675,NULL,NULL,NULL,1776,NULL,NULL),(2971,690,NULL,NULL,NULL,2859,NULL,NULL),(2971,691,NULL,NULL,NULL,2861,NULL,NULL),(2972,675,NULL,NULL,NULL,1776,NULL,NULL),(2972,690,NULL,NULL,NULL,2858,NULL,NULL),(2972,691,NULL,NULL,NULL,2861,NULL,NULL),(2973,674,NULL,NULL,NULL,2865,NULL,NULL),(2973,675,NULL,NULL,NULL,1776,NULL,NULL),(2973,690,NULL,NULL,NULL,2858,NULL,NULL),(2973,691,NULL,NULL,NULL,2861,NULL,NULL),(2974,675,NULL,NULL,NULL,1776,NULL,NULL),(2974,690,NULL,NULL,NULL,2859,NULL,NULL),(2974,691,NULL,NULL,NULL,2860,NULL,NULL),(2975,674,NULL,NULL,NULL,2865,NULL,NULL),(2975,675,NULL,NULL,NULL,1776,NULL,NULL),(2975,690,NULL,NULL,NULL,2859,NULL,NULL),(2975,691,NULL,NULL,NULL,2860,NULL,NULL),(2976,675,NULL,NULL,NULL,1776,NULL,NULL),(2976,690,NULL,NULL,NULL,2858,NULL,NULL),(2976,691,NULL,NULL,NULL,2860,NULL,NULL),(2977,674,NULL,NULL,NULL,2865,NULL,NULL),(2977,675,NULL,NULL,NULL,1776,NULL,NULL),(2977,690,NULL,NULL,NULL,2858,NULL,NULL),(2977,691,NULL,NULL,NULL,2860,NULL,NULL),(2978,675,NULL,NULL,NULL,2862,NULL,NULL),(2978,690,NULL,NULL,NULL,2859,NULL,NULL),(2978,691,NULL,NULL,NULL,2861,NULL,NULL),(2979,674,NULL,NULL,NULL,2865,NULL,NULL),(2979,675,NULL,NULL,NULL,2862,NULL,NULL),(2979,690,NULL,NULL,NULL,2859,NULL,NULL),(2979,691,NULL,NULL,NULL,2861,NULL,NULL),(2980,675,NULL,NULL,NULL,2862,NULL,NULL),(2980,690,NULL,NULL,NULL,2858,NULL,NULL),(2980,691,NULL,NULL,NULL,2861,NULL,NULL),(2981,674,NULL,NULL,NULL,2865,NULL,NULL),(2981,675,NULL,NULL,NULL,2862,NULL,NULL),(2981,690,NULL,NULL,NULL,2858,NULL,NULL),(2981,691,NULL,NULL,NULL,2861,NULL,NULL),(2982,675,NULL,NULL,NULL,2862,NULL,NULL),(2982,690,NULL,NULL,NULL,2859,NULL,NULL),(2982,691,NULL,NULL,NULL,2860,NULL,NULL),(2983,674,NULL,NULL,NULL,2865,NULL,NULL),(2983,675,NULL,NULL,NULL,2862,NULL,NULL),(2983,690,NULL,NULL,NULL,2859,NULL,NULL),(2983,691,NULL,NULL,NULL,2860,NULL,NULL),(2984,675,NULL,NULL,NULL,2862,NULL,NULL),(2984,690,NULL,NULL,NULL,2858,NULL,NULL),(2984,691,NULL,NULL,NULL,2860,NULL,NULL),(2985,674,NULL,NULL,NULL,2865,NULL,NULL),(2985,675,NULL,NULL,NULL,2862,NULL,NULL),(2985,690,NULL,NULL,NULL,2858,NULL,NULL),(2985,691,NULL,NULL,NULL,2860,NULL,NULL),(2986,674,NULL,NULL,NULL,2866,NULL,NULL),(2986,675,NULL,NULL,NULL,1776,NULL,NULL),(2986,690,NULL,NULL,NULL,2859,NULL,NULL),(2986,691,NULL,NULL,NULL,2861,NULL,NULL),(2987,674,NULL,NULL,NULL,2865,NULL,NULL),(2987,675,NULL,NULL,NULL,1776,NULL,NULL),(2987,690,NULL,NULL,NULL,2859,NULL,NULL),(2987,691,NULL,NULL,NULL,2861,NULL,NULL),(2988,674,NULL,NULL,NULL,2866,NULL,NULL),(2988,675,NULL,NULL,NULL,1776,NULL,NULL),(2988,690,NULL,NULL,NULL,2858,NULL,NULL),(2988,691,NULL,NULL,NULL,2861,NULL,NULL),(2989,674,NULL,NULL,NULL,2865,NULL,NULL),(2989,675,NULL,NULL,NULL,1776,NULL,NULL),(2989,690,NULL,NULL,NULL,2858,NULL,NULL),(2989,691,NULL,NULL,NULL,2861,NULL,NULL),(2990,674,NULL,NULL,NULL,2866,NULL,NULL),(2990,675,NULL,NULL,NULL,1776,NULL,NULL),(2990,690,NULL,NULL,NULL,2859,NULL,NULL),(2990,691,NULL,NULL,NULL,2860,NULL,NULL),(2991,674,NULL,NULL,NULL,2865,NULL,NULL),(2991,675,NULL,NULL,NULL,1776,NULL,NULL),(2991,690,NULL,NULL,NULL,2859,NULL,NULL),(2991,691,NULL,NULL,NULL,2860,NULL,NULL),(2992,674,NULL,NULL,NULL,2866,NULL,NULL),(2992,675,NULL,NULL,NULL,1776,NULL,NULL),(2992,690,NULL,NULL,NULL,2858,NULL,NULL),(2992,691,NULL,NULL,NULL,2860,NULL,NULL),(2993,674,NULL,NULL,NULL,2865,NULL,NULL),(2993,675,NULL,NULL,NULL,1776,NULL,NULL),(2993,690,NULL,NULL,NULL,2858,NULL,NULL),(2993,691,NULL,NULL,NULL,2860,NULL,NULL),(2994,674,NULL,NULL,NULL,2866,NULL,NULL),(2994,675,NULL,NULL,NULL,2862,NULL,NULL),(2994,690,NULL,NULL,NULL,2859,NULL,NULL),(2994,691,NULL,NULL,NULL,2861,NULL,NULL),(2995,674,NULL,NULL,NULL,2865,NULL,NULL),(2995,675,NULL,NULL,NULL,2862,NULL,NULL),(2995,690,NULL,NULL,NULL,2859,NULL,NULL),(2995,691,NULL,NULL,NULL,2861,NULL,NULL),(2998,674,NULL,NULL,NULL,2866,NULL,NULL),(2998,675,NULL,NULL,NULL,2862,NULL,NULL),(2998,690,NULL,NULL,NULL,2858,NULL,NULL),(2998,691,NULL,NULL,NULL,2861,NULL,NULL),(2999,674,NULL,NULL,NULL,2865,NULL,NULL),(2999,675,NULL,NULL,NULL,2862,NULL,NULL),(2999,690,NULL,NULL,NULL,2858,NULL,NULL),(2999,691,NULL,NULL,NULL,2861,NULL,NULL),(3000,674,NULL,NULL,NULL,2866,NULL,NULL),(3000,675,NULL,NULL,NULL,2862,NULL,NULL),(3000,690,NULL,NULL,NULL,2859,NULL,NULL),(3000,691,NULL,NULL,NULL,2860,NULL,NULL),(3001,674,NULL,NULL,NULL,2865,NULL,NULL),(3001,675,NULL,NULL,NULL,2862,NULL,NULL),(3001,690,NULL,NULL,NULL,2859,NULL,NULL),(3001,691,NULL,NULL,NULL,2860,NULL,NULL),(3002,674,NULL,NULL,NULL,2866,NULL,NULL),(3002,675,NULL,NULL,NULL,2862,NULL,NULL),(3002,690,NULL,NULL,NULL,2858,NULL,NULL),(3002,691,NULL,NULL,NULL,2860,NULL,NULL),(3003,674,NULL,NULL,NULL,2865,NULL,NULL),(3003,675,NULL,NULL,NULL,2862,NULL,NULL),(3003,690,NULL,NULL,NULL,2858,NULL,NULL),(3003,691,NULL,NULL,NULL,2860,NULL,NULL),(2324,460,1,NULL,NULL,NULL,NULL,NULL),(3007,674,NULL,NULL,NULL,2866,NULL,NULL),(3007,675,NULL,NULL,NULL,1776,NULL,NULL),(3007,690,NULL,NULL,NULL,2859,NULL,NULL),(3007,691,NULL,NULL,NULL,2861,NULL,NULL),(3008,674,NULL,NULL,NULL,2865,NULL,NULL),(3008,675,NULL,NULL,NULL,1776,NULL,NULL),(3008,690,NULL,NULL,NULL,2859,NULL,NULL),(3008,691,NULL,NULL,NULL,2861,NULL,NULL),(3009,674,NULL,NULL,NULL,2866,NULL,NULL),(3009,675,NULL,NULL,NULL,1776,NULL,NULL),(3009,690,NULL,NULL,NULL,2858,NULL,NULL),(3009,691,NULL,NULL,NULL,2861,NULL,NULL),(3010,674,NULL,NULL,NULL,2865,NULL,NULL),(3010,675,NULL,NULL,NULL,1776,NULL,NULL),(3010,690,NULL,NULL,NULL,2858,NULL,NULL),(3010,691,NULL,NULL,NULL,2861,NULL,NULL),(3011,674,NULL,NULL,NULL,2866,NULL,NULL),(3011,675,NULL,NULL,NULL,1776,NULL,NULL),(3011,690,NULL,NULL,NULL,2859,NULL,NULL),(3011,691,NULL,NULL,NULL,2860,NULL,NULL),(3012,674,NULL,NULL,NULL,2865,NULL,NULL),(3012,675,NULL,NULL,NULL,1776,NULL,NULL),(3012,690,NULL,NULL,NULL,2859,NULL,NULL),(3012,691,NULL,NULL,NULL,2860,NULL,NULL),(3013,674,NULL,NULL,NULL,2866,NULL,NULL),(3013,675,NULL,NULL,NULL,1776,NULL,NULL),(3013,690,NULL,NULL,NULL,2858,NULL,NULL),(3013,691,NULL,NULL,NULL,2860,NULL,NULL),(3014,674,NULL,NULL,NULL,2865,NULL,NULL),(3014,675,NULL,NULL,NULL,1776,NULL,NULL),(3014,690,NULL,NULL,NULL,2858,NULL,NULL),(3014,691,NULL,NULL,NULL,2860,NULL,NULL),(3015,674,NULL,NULL,NULL,2866,NULL,NULL),(3015,675,NULL,NULL,NULL,2862,NULL,NULL),(3015,690,NULL,NULL,NULL,2859,NULL,NULL),(3015,691,NULL,NULL,NULL,2861,NULL,NULL),(3016,674,NULL,NULL,NULL,2865,NULL,NULL),(3016,675,NULL,NULL,NULL,2862,NULL,NULL),(3016,690,NULL,NULL,NULL,2859,NULL,NULL),(3016,691,NULL,NULL,NULL,2861,NULL,NULL),(3017,674,NULL,NULL,NULL,2866,NULL,NULL),(3017,675,NULL,NULL,NULL,2862,NULL,NULL),(3017,690,NULL,NULL,NULL,2858,NULL,NULL),(3017,691,NULL,NULL,NULL,2861,NULL,NULL),(3018,674,NULL,NULL,NULL,2865,NULL,NULL),(3018,675,NULL,NULL,NULL,2862,NULL,NULL),(3018,690,NULL,NULL,NULL,2858,NULL,NULL),(3018,691,NULL,NULL,NULL,2861,NULL,NULL),(3019,674,NULL,NULL,NULL,2866,NULL,NULL),(3019,675,NULL,NULL,NULL,2862,NULL,NULL),(3019,690,NULL,NULL,NULL,2859,NULL,NULL),(3019,691,NULL,NULL,NULL,2860,NULL,NULL),(3021,674,NULL,NULL,NULL,2865,NULL,NULL),(3021,675,NULL,NULL,NULL,2862,NULL,NULL),(3021,690,NULL,NULL,NULL,2859,NULL,NULL),(3021,691,NULL,NULL,NULL,2860,NULL,NULL),(3022,674,NULL,NULL,NULL,2866,NULL,NULL),(3022,675,NULL,NULL,NULL,2862,NULL,NULL),(3022,690,NULL,NULL,NULL,2858,NULL,NULL),(3022,691,NULL,NULL,NULL,2860,NULL,NULL),(3023,674,NULL,NULL,NULL,2865,NULL,NULL),(3023,675,NULL,NULL,NULL,2862,NULL,NULL),(3023,690,NULL,NULL,NULL,2858,NULL,NULL),(3023,691,NULL,NULL,NULL,2860,NULL,NULL),(2326,460,1,NULL,NULL,NULL,NULL,NULL),(2330,460,1,NULL,NULL,NULL,NULL,NULL),(3024,674,NULL,NULL,NULL,2866,NULL,NULL),(3024,675,NULL,NULL,NULL,1776,NULL,NULL),(3024,690,NULL,NULL,NULL,2859,NULL,NULL),(3024,691,NULL,NULL,NULL,2861,NULL,NULL),(3025,674,NULL,NULL,NULL,2865,NULL,NULL),(3025,675,NULL,NULL,NULL,1776,NULL,NULL),(3025,690,NULL,NULL,NULL,2859,NULL,NULL),(3025,691,NULL,NULL,NULL,2861,NULL,NULL),(3026,674,NULL,NULL,NULL,2866,NULL,NULL),(3026,675,NULL,NULL,NULL,1776,NULL,NULL),(3026,690,NULL,NULL,NULL,2858,NULL,NULL),(3026,691,NULL,NULL,NULL,2861,NULL,NULL),(3027,674,NULL,NULL,NULL,2865,NULL,NULL),(3027,675,NULL,NULL,NULL,1776,NULL,NULL),(3027,690,NULL,NULL,NULL,2858,NULL,NULL),(3027,691,NULL,NULL,NULL,2861,NULL,NULL),(3028,674,NULL,NULL,NULL,2866,NULL,NULL),(3028,675,NULL,NULL,NULL,1776,NULL,NULL),(3028,690,NULL,NULL,NULL,2859,NULL,NULL),(3028,691,NULL,NULL,NULL,2860,NULL,NULL),(3029,674,NULL,NULL,NULL,2865,NULL,NULL),(3029,675,NULL,NULL,NULL,1776,NULL,NULL),(3029,690,NULL,NULL,NULL,2859,NULL,NULL),(3029,691,NULL,NULL,NULL,2860,NULL,NULL),(3030,674,NULL,NULL,NULL,2866,NULL,NULL),(3030,675,NULL,NULL,NULL,1776,NULL,NULL),(3030,690,NULL,NULL,NULL,2858,NULL,NULL),(3030,691,NULL,NULL,NULL,2860,NULL,NULL),(3031,674,NULL,NULL,NULL,2865,NULL,NULL),(3031,675,NULL,NULL,NULL,1776,NULL,NULL),(3031,690,NULL,NULL,NULL,2858,NULL,NULL),(3031,691,NULL,NULL,NULL,2860,NULL,NULL),(3032,674,NULL,NULL,NULL,2866,NULL,NULL),(3032,675,NULL,NULL,NULL,2862,NULL,NULL),(3032,690,NULL,NULL,NULL,2859,NULL,NULL),(3032,691,NULL,NULL,NULL,2861,NULL,NULL),(3033,674,NULL,NULL,NULL,2865,NULL,NULL),(3033,675,NULL,NULL,NULL,2862,NULL,NULL),(3033,690,NULL,NULL,NULL,2859,NULL,NULL),(3033,691,NULL,NULL,NULL,2861,NULL,NULL),(3034,674,NULL,NULL,NULL,2866,NULL,NULL),(3034,675,NULL,NULL,NULL,2862,NULL,NULL),(3034,690,NULL,NULL,NULL,2858,NULL,NULL),(3034,691,NULL,NULL,NULL,2861,NULL,NULL),(3035,674,NULL,NULL,NULL,2865,NULL,NULL),(3035,675,NULL,NULL,NULL,2862,NULL,NULL),(3035,690,NULL,NULL,NULL,2858,NULL,NULL),(3035,691,NULL,NULL,NULL,2861,NULL,NULL),(3036,674,NULL,NULL,NULL,2866,NULL,NULL),(3036,675,NULL,NULL,NULL,2862,NULL,NULL),(3036,690,NULL,NULL,NULL,2859,NULL,NULL),(3036,691,NULL,NULL,NULL,2860,NULL,NULL),(3037,674,NULL,NULL,NULL,2865,NULL,NULL),(3037,675,NULL,NULL,NULL,2862,NULL,NULL),(3037,690,NULL,NULL,NULL,2859,NULL,NULL),(3037,691,NULL,NULL,NULL,2860,NULL,NULL),(3038,674,NULL,NULL,NULL,2866,NULL,NULL),(3038,675,NULL,NULL,NULL,2862,NULL,NULL),(3038,690,NULL,NULL,NULL,2858,NULL,NULL),(3038,691,NULL,NULL,NULL,2860,NULL,NULL),(3039,674,NULL,NULL,NULL,2865,NULL,NULL),(3039,675,NULL,NULL,NULL,2862,NULL,NULL),(3039,690,NULL,NULL,NULL,2858,NULL,NULL),(3039,691,NULL,NULL,NULL,2860,NULL,NULL),(1929,460,1,NULL,NULL,NULL,NULL,NULL),(3040,677,NULL,NULL,NULL,3041,NULL,NULL),(3043,677,NULL,NULL,NULL,3042,NULL,NULL),(3045,677,NULL,NULL,NULL,3044,NULL,NULL),(3046,677,NULL,NULL,NULL,3042,NULL,NULL),(1933,460,1,NULL,NULL,NULL,NULL,NULL),(3047,677,NULL,NULL,NULL,3041,NULL,NULL),(1935,460,1,NULL,NULL,NULL,NULL,NULL),(3049,677,NULL,NULL,NULL,3048,NULL,NULL),(1937,460,1,NULL,NULL,NULL,NULL,NULL),(3052,677,NULL,NULL,NULL,3050,NULL,NULL),(3053,677,NULL,NULL,NULL,3051,NULL,NULL),(1998,460,1,NULL,NULL,NULL,NULL,NULL),(1833,460,1,NULL,NULL,NULL,NULL,NULL),(1994,460,1,NULL,NULL,NULL,NULL,NULL),(1849,460,1,NULL,NULL,NULL,NULL,NULL),(1852,460,1,NULL,NULL,NULL,NULL,NULL),(1855,460,1,NULL,NULL,NULL,NULL,NULL),(1859,460,1,NULL,NULL,NULL,NULL,NULL),(1991,460,1,NULL,NULL,NULL,NULL,NULL),(1993,460,1,NULL,NULL,NULL,NULL,NULL),(1995,460,1,NULL,NULL,NULL,NULL,NULL),(1992,460,1,NULL,NULL,NULL,NULL,NULL),(1858,460,1,NULL,NULL,NULL,NULL,NULL),(1997,460,1,NULL,NULL,NULL,NULL,NULL),(2043,460,1,NULL,NULL,NULL,NULL,NULL),(2051,460,1,NULL,NULL,NULL,NULL,NULL),(2069,460,1,NULL,NULL,NULL,NULL,NULL),(2071,460,1,NULL,NULL,NULL,NULL,NULL),(2073,460,1,NULL,NULL,NULL,NULL,NULL),(2078,460,1,NULL,NULL,NULL,NULL,NULL),(2093,460,1,NULL,NULL,NULL,NULL,NULL),(2103,460,1,NULL,NULL,NULL,NULL,NULL),(2107,460,1,NULL,NULL,NULL,NULL,NULL),(40,520,NULL,'none',NULL,NULL,NULL,NULL),(40,634,NULL,'none',NULL,NULL,NULL,NULL),(40,635,1105,NULL,NULL,NULL,NULL,NULL),(40,646,0,NULL,NULL,NULL,NULL,NULL),(40,667,NULL,'none',NULL,NULL,NULL,NULL),(41,520,NULL,'vat0',NULL,NULL,NULL,NULL),(41,634,NULL,'vat0',NULL,NULL,NULL,NULL),(41,635,1104,NULL,NULL,NULL,NULL,NULL),(41,646,1,NULL,NULL,NULL,NULL,NULL),(41,667,NULL,'0',NULL,NULL,NULL,NULL),(42,520,NULL,'vat10',NULL,NULL,NULL,NULL),(42,634,NULL,'vat10',NULL,NULL,NULL,NULL),(42,635,1103,NULL,NULL,NULL,NULL,NULL),(42,646,2,NULL,NULL,NULL,NULL,NULL),(42,667,NULL,'10',NULL,NULL,NULL,NULL),(43,520,NULL,'vat20',NULL,NULL,NULL,NULL),(43,634,NULL,'vat20',NULL,NULL,NULL,NULL),(43,635,1102,NULL,NULL,NULL,NULL,NULL),(43,646,6,NULL,NULL,NULL,NULL,NULL),(43,667,NULL,'20',NULL,NULL,NULL,NULL),(44,520,NULL,'vat110',NULL,NULL,NULL,NULL),(44,634,NULL,'vat110',NULL,NULL,NULL,NULL),(44,635,1107,NULL,NULL,NULL,NULL,NULL),(44,646,4,NULL,NULL,NULL,NULL,NULL),(44,667,NULL,'10/110',NULL,NULL,NULL,NULL),(45,520,NULL,'vat120',NULL,NULL,NULL,NULL),(45,634,NULL,'vat120',NULL,NULL,NULL,NULL),(45,635,1106,NULL,NULL,NULL,NULL,NULL),(45,646,7,NULL,NULL,NULL,NULL,NULL),(45,667,NULL,'20/120',NULL,NULL,NULL,NULL),(1441,692,6,NULL,NULL,NULL,NULL,NULL),(1441,693,5,NULL,NULL,NULL,NULL,NULL),(1441,499,NULL,'DEMOMARKET',NULL,NULL,NULL,NULL),(355,650,NULL,NULL,'',NULL,NULL,NULL),(27,55,NULL,NULL,NULL,22,NULL,NULL),(27,55,NULL,NULL,NULL,23,NULL,NULL),(27,55,NULL,NULL,NULL,21,NULL,NULL),(1281,700,NULL,'8c4697af-8af9-4130-ba3c-3260d2bb30d9',NULL,NULL,NULL,NULL),(3058,64,NULL,'YandexTurboPages',NULL,NULL,NULL,NULL),(3059,80,NULL,NULL,NULL,NULL,NULL,8950),(3059,83,NULL,NULL,NULL,39,NULL,NULL),(3059,84,NULL,NULL,NULL,NULL,437,NULL),(3059,87,NULL,NULL,NULL,NULL,NULL,1000),(3059,88,NULL,NULL,NULL,NULL,NULL,40),(3059,89,NULL,NULL,NULL,NULL,NULL,60),(3059,90,NULL,NULL,NULL,NULL,NULL,40),(3059,91,NULL,NULL,NULL,41,NULL,NULL),(3059,627,NULL,NULL,NULL,NULL,NULL,8950),(3059,79,1,NULL,NULL,NULL,NULL,NULL),(3059,81,NULL,NULL,NULL,NULL,NULL,8950),(3059,82,NULL,NULL,NULL,NULL,NULL,8950),(2023,168,NULL,NULL,NULL,NULL,NULL,60),(2023,169,NULL,NULL,NULL,NULL,NULL,40),(2023,633,NULL,'Самовывоз из офиса: СПб, Красного Курсанта 25 (с 9:00 по 20:00 без выходных)',NULL,NULL,NULL,NULL),(2023,156,NULL,NULL,NULL,343,NULL,NULL),(1602,686,NULL,NULL,NULL,2615,NULL,NULL),(1619,686,NULL,NULL,NULL,2615,NULL,NULL),(1023,686,NULL,NULL,NULL,2615,NULL,NULL),(1024,686,NULL,NULL,NULL,2615,NULL,NULL),(1281,686,NULL,NULL,NULL,2615,NULL,NULL),(1603,686,NULL,NULL,NULL,2615,NULL,NULL),(1602,687,NULL,NULL,NULL,2614,NULL,NULL),(1619,687,NULL,NULL,NULL,2614,NULL,NULL),(1023,687,NULL,NULL,NULL,2614,NULL,NULL),(1024,687,NULL,NULL,NULL,2614,NULL,NULL),(1281,687,NULL,NULL,NULL,2614,NULL,NULL),(1603,687,NULL,NULL,NULL,2614,NULL,NULL),(1998,688,NULL,NULL,NULL,2615,NULL,NULL),(1998,689,NULL,NULL,NULL,2614,NULL,NULL),(1823,688,NULL,NULL,NULL,2615,NULL,NULL),(1823,689,NULL,NULL,NULL,2614,NULL,NULL),(1833,688,NULL,NULL,NULL,2615,NULL,NULL),(1833,689,NULL,NULL,NULL,2614,NULL,NULL),(1849,688,NULL,NULL,NULL,2615,NULL,NULL),(1849,689,NULL,NULL,NULL,2614,NULL,NULL),(1852,688,NULL,NULL,NULL,2615,NULL,NULL),(1852,689,NULL,NULL,NULL,2614,NULL,NULL),(1855,688,NULL,NULL,NULL,2615,NULL,NULL),(1855,689,NULL,NULL,NULL,2614,NULL,NULL),(1858,688,NULL,NULL,NULL,2615,NULL,NULL),(1858,689,NULL,NULL,NULL,2614,NULL,NULL),(1859,688,NULL,NULL,NULL,2615,NULL,NULL),(1859,689,NULL,NULL,NULL,2614,NULL,NULL),(1860,688,NULL,NULL,NULL,2615,NULL,NULL),(1860,689,NULL,NULL,NULL,2614,NULL,NULL),(1865,688,NULL,NULL,NULL,2615,NULL,NULL),(1865,689,NULL,NULL,NULL,2614,NULL,NULL),(1866,688,NULL,NULL,NULL,2615,NULL,NULL),(1866,689,NULL,NULL,NULL,2614,NULL,NULL),(1868,688,NULL,NULL,NULL,2615,NULL,NULL),(1868,689,NULL,NULL,NULL,2614,NULL,NULL),(1869,688,NULL,NULL,NULL,2615,NULL,NULL),(1869,689,NULL,NULL,NULL,2614,NULL,NULL),(1871,688,NULL,NULL,NULL,2615,NULL,NULL),(1871,689,NULL,NULL,NULL,2614,NULL,NULL),(1872,688,NULL,NULL,NULL,2615,NULL,NULL),(1872,689,NULL,NULL,NULL,2614,NULL,NULL),(1879,688,NULL,NULL,NULL,2615,NULL,NULL),(1879,689,NULL,NULL,NULL,2614,NULL,NULL),(1891,688,NULL,NULL,NULL,2615,NULL,NULL),(1891,689,NULL,NULL,NULL,2614,NULL,NULL),(1898,688,NULL,NULL,NULL,2615,NULL,NULL),(1898,689,NULL,NULL,NULL,2614,NULL,NULL),(1901,688,NULL,NULL,NULL,2615,NULL,NULL),(1901,689,NULL,NULL,NULL,2614,NULL,NULL),(1906,688,NULL,NULL,NULL,2615,NULL,NULL),(1906,689,NULL,NULL,NULL,2614,NULL,NULL),(1912,688,NULL,NULL,NULL,2615,NULL,NULL),(1912,689,NULL,NULL,NULL,2614,NULL,NULL),(1915,688,NULL,NULL,NULL,2615,NULL,NULL),(1915,689,NULL,NULL,NULL,2614,NULL,NULL),(1918,688,NULL,NULL,NULL,2615,NULL,NULL),(1918,689,NULL,NULL,NULL,2614,NULL,NULL),(1921,688,NULL,NULL,NULL,2615,NULL,NULL),(1921,689,NULL,NULL,NULL,2614,NULL,NULL),(1923,688,NULL,NULL,NULL,2615,NULL,NULL),(1923,689,NULL,NULL,NULL,2614,NULL,NULL),(1924,688,NULL,NULL,NULL,2615,NULL,NULL),(1924,689,NULL,NULL,NULL,2614,NULL,NULL),(1929,688,NULL,NULL,NULL,2615,NULL,NULL),(1929,689,NULL,NULL,NULL,2614,NULL,NULL),(1933,688,NULL,NULL,NULL,2615,NULL,NULL),(1933,689,NULL,NULL,NULL,2614,NULL,NULL),(1935,688,NULL,NULL,NULL,2615,NULL,NULL),(1935,689,NULL,NULL,NULL,2614,NULL,NULL),(1937,688,NULL,NULL,NULL,2615,NULL,NULL),(1937,689,NULL,NULL,NULL,2614,NULL,NULL),(1938,688,NULL,NULL,NULL,2615,NULL,NULL),(1938,689,NULL,NULL,NULL,2614,NULL,NULL),(1939,688,NULL,NULL,NULL,2615,NULL,NULL),(1939,689,NULL,NULL,NULL,2614,NULL,NULL),(1940,688,NULL,NULL,NULL,2615,NULL,NULL),(1940,689,NULL,NULL,NULL,2614,NULL,NULL),(1942,688,NULL,NULL,NULL,2615,NULL,NULL),(1942,689,NULL,NULL,NULL,2614,NULL,NULL),(1943,688,NULL,NULL,NULL,2615,NULL,NULL),(1943,689,NULL,NULL,NULL,2614,NULL,NULL),(1944,688,NULL,NULL,NULL,2615,NULL,NULL),(1944,689,NULL,NULL,NULL,2614,NULL,NULL),(1945,688,NULL,NULL,NULL,2615,NULL,NULL),(1945,689,NULL,NULL,NULL,2614,NULL,NULL),(1946,688,NULL,NULL,NULL,2615,NULL,NULL),(1946,689,NULL,NULL,NULL,2614,NULL,NULL),(1952,688,NULL,NULL,NULL,2615,NULL,NULL),(1952,689,NULL,NULL,NULL,2614,NULL,NULL),(1954,688,NULL,NULL,NULL,2615,NULL,NULL),(1954,689,NULL,NULL,NULL,2614,NULL,NULL),(1956,688,NULL,NULL,NULL,2615,NULL,NULL),(1956,689,NULL,NULL,NULL,2614,NULL,NULL),(1959,688,NULL,NULL,NULL,2615,NULL,NULL),(1959,689,NULL,NULL,NULL,2614,NULL,NULL),(1962,688,NULL,NULL,NULL,2615,NULL,NULL),(1962,689,NULL,NULL,NULL,2614,NULL,NULL),(1965,688,NULL,NULL,NULL,2615,NULL,NULL),(1965,689,NULL,NULL,NULL,2614,NULL,NULL),(1967,688,NULL,NULL,NULL,2615,NULL,NULL),(1967,689,NULL,NULL,NULL,2614,NULL,NULL),(1968,688,NULL,NULL,NULL,2615,NULL,NULL),(1968,689,NULL,NULL,NULL,2614,NULL,NULL),(1972,688,NULL,NULL,NULL,2615,NULL,NULL),(1972,689,NULL,NULL,NULL,2614,NULL,NULL),(1973,688,NULL,NULL,NULL,2615,NULL,NULL),(1973,689,NULL,NULL,NULL,2614,NULL,NULL),(1974,688,NULL,NULL,NULL,2615,NULL,NULL),(1974,689,NULL,NULL,NULL,2614,NULL,NULL),(1976,688,NULL,NULL,NULL,2615,NULL,NULL),(1976,689,NULL,NULL,NULL,2614,NULL,NULL),(1977,688,NULL,NULL,NULL,2615,NULL,NULL),(1977,689,NULL,NULL,NULL,2614,NULL,NULL),(1980,688,NULL,NULL,NULL,2615,NULL,NULL),(1980,689,NULL,NULL,NULL,2614,NULL,NULL),(1982,688,NULL,NULL,NULL,2615,NULL,NULL),(1982,689,NULL,NULL,NULL,2614,NULL,NULL),(1991,688,NULL,NULL,NULL,2615,NULL,NULL),(1991,689,NULL,NULL,NULL,2614,NULL,NULL),(1992,688,NULL,NULL,NULL,2615,NULL,NULL),(1992,689,NULL,NULL,NULL,2614,NULL,NULL),(1993,688,NULL,NULL,NULL,2615,NULL,NULL),(1993,689,NULL,NULL,NULL,2614,NULL,NULL),(1994,688,NULL,NULL,NULL,2615,NULL,NULL),(1994,689,NULL,NULL,NULL,2614,NULL,NULL),(1995,688,NULL,NULL,NULL,2615,NULL,NULL),(1995,689,NULL,NULL,NULL,2614,NULL,NULL),(1996,688,NULL,NULL,NULL,2615,NULL,NULL),(1996,689,NULL,NULL,NULL,2614,NULL,NULL),(1997,688,NULL,NULL,NULL,2615,NULL,NULL),(1997,689,NULL,NULL,NULL,2614,NULL,NULL),(1999,688,NULL,NULL,NULL,2615,NULL,NULL),(1999,689,NULL,NULL,NULL,2614,NULL,NULL),(2000,688,NULL,NULL,NULL,2615,NULL,NULL),(2000,689,NULL,NULL,NULL,2614,NULL,NULL),(2001,688,NULL,NULL,NULL,2615,NULL,NULL),(2001,689,NULL,NULL,NULL,2614,NULL,NULL),(2002,688,NULL,NULL,NULL,2615,NULL,NULL),(2002,689,NULL,NULL,NULL,2614,NULL,NULL),(2003,688,NULL,NULL,NULL,2615,NULL,NULL),(2003,689,NULL,NULL,NULL,2614,NULL,NULL),(2004,688,NULL,NULL,NULL,2615,NULL,NULL),(2004,689,NULL,NULL,NULL,2614,NULL,NULL),(2005,688,NULL,NULL,NULL,2615,NULL,NULL),(2005,689,NULL,NULL,NULL,2614,NULL,NULL),(2006,688,NULL,NULL,NULL,2615,NULL,NULL),(2006,689,NULL,NULL,NULL,2614,NULL,NULL),(2007,688,NULL,NULL,NULL,2615,NULL,NULL),(2007,689,NULL,NULL,NULL,2614,NULL,NULL),(2008,688,NULL,NULL,NULL,2615,NULL,NULL),(2008,689,NULL,NULL,NULL,2614,NULL,NULL),(2009,688,NULL,NULL,NULL,2615,NULL,NULL),(2009,689,NULL,NULL,NULL,2614,NULL,NULL),(2010,688,NULL,NULL,NULL,2615,NULL,NULL),(2010,689,NULL,NULL,NULL,2614,NULL,NULL),(2011,688,NULL,NULL,NULL,2615,NULL,NULL),(2011,689,NULL,NULL,NULL,2614,NULL,NULL),(2012,688,NULL,NULL,NULL,2615,NULL,NULL),(2012,689,NULL,NULL,NULL,2614,NULL,NULL),(2013,688,NULL,NULL,NULL,2615,NULL,NULL),(2013,689,NULL,NULL,NULL,2614,NULL,NULL),(2014,688,NULL,NULL,NULL,2615,NULL,NULL),(2014,689,NULL,NULL,NULL,2614,NULL,NULL),(2016,688,NULL,NULL,NULL,2615,NULL,NULL),(2016,689,NULL,NULL,NULL,2614,NULL,NULL),(2017,688,NULL,NULL,NULL,2615,NULL,NULL),(2017,689,NULL,NULL,NULL,2614,NULL,NULL),(2018,688,NULL,NULL,NULL,2615,NULL,NULL),(2018,689,NULL,NULL,NULL,2614,NULL,NULL),(2020,688,NULL,NULL,NULL,2615,NULL,NULL),(2020,689,NULL,NULL,NULL,2614,NULL,NULL),(2029,688,NULL,NULL,NULL,2615,NULL,NULL),(2029,689,NULL,NULL,NULL,2614,NULL,NULL),(2035,688,NULL,NULL,NULL,2615,NULL,NULL),(2035,689,NULL,NULL,NULL,2614,NULL,NULL),(2041,688,NULL,NULL,NULL,2615,NULL,NULL),(2041,689,NULL,NULL,NULL,2614,NULL,NULL),(2043,688,NULL,NULL,NULL,2615,NULL,NULL),(2043,689,NULL,NULL,NULL,2614,NULL,NULL),(2046,688,NULL,NULL,NULL,2615,NULL,NULL),(2046,689,NULL,NULL,NULL,2614,NULL,NULL),(2051,688,NULL,NULL,NULL,2615,NULL,NULL),(2051,689,NULL,NULL,NULL,2614,NULL,NULL),(2052,688,NULL,NULL,NULL,2615,NULL,NULL),(2052,689,NULL,NULL,NULL,2614,NULL,NULL),(2069,688,NULL,NULL,NULL,2615,NULL,NULL),(2069,689,NULL,NULL,NULL,2614,NULL,NULL),(2070,688,NULL,NULL,NULL,2615,NULL,NULL),(2070,689,NULL,NULL,NULL,2614,NULL,NULL),(2071,688,NULL,NULL,NULL,2615,NULL,NULL),(2071,689,NULL,NULL,NULL,2614,NULL,NULL),(2073,688,NULL,NULL,NULL,2615,NULL,NULL),(2073,689,NULL,NULL,NULL,2614,NULL,NULL),(2074,688,NULL,NULL,NULL,2615,NULL,NULL),(2074,689,NULL,NULL,NULL,2614,NULL,NULL),(2077,688,NULL,NULL,NULL,2615,NULL,NULL),(2077,689,NULL,NULL,NULL,2614,NULL,NULL),(2078,688,NULL,NULL,NULL,2615,NULL,NULL),(2078,689,NULL,NULL,NULL,2614,NULL,NULL),(2080,688,NULL,NULL,NULL,2615,NULL,NULL),(2080,689,NULL,NULL,NULL,2614,NULL,NULL),(2084,688,NULL,NULL,NULL,2615,NULL,NULL),(2084,689,NULL,NULL,NULL,2614,NULL,NULL),(2090,688,NULL,NULL,NULL,2615,NULL,NULL),(2090,689,NULL,NULL,NULL,2614,NULL,NULL),(2092,688,NULL,NULL,NULL,2615,NULL,NULL),(2092,689,NULL,NULL,NULL,2614,NULL,NULL),(2093,688,NULL,NULL,NULL,2615,NULL,NULL),(2093,689,NULL,NULL,NULL,2614,NULL,NULL),(2095,688,NULL,NULL,NULL,2615,NULL,NULL),(2095,689,NULL,NULL,NULL,2614,NULL,NULL),(2096,688,NULL,NULL,NULL,2615,NULL,NULL),(2096,689,NULL,NULL,NULL,2614,NULL,NULL),(2099,688,NULL,NULL,NULL,2615,NULL,NULL),(2099,689,NULL,NULL,NULL,2614,NULL,NULL),(2100,688,NULL,NULL,NULL,2615,NULL,NULL),(2100,689,NULL,NULL,NULL,2614,NULL,NULL),(2103,688,NULL,NULL,NULL,2615,NULL,NULL),(2103,689,NULL,NULL,NULL,2614,NULL,NULL),(2104,688,NULL,NULL,NULL,2615,NULL,NULL),(2104,689,NULL,NULL,NULL,2614,NULL,NULL),(2106,688,NULL,NULL,NULL,2615,NULL,NULL),(2106,689,NULL,NULL,NULL,2614,NULL,NULL),(2107,688,NULL,NULL,NULL,2615,NULL,NULL),(2107,689,NULL,NULL,NULL,2614,NULL,NULL),(2109,688,NULL,NULL,NULL,2615,NULL,NULL),(2109,689,NULL,NULL,NULL,2614,NULL,NULL),(2110,688,NULL,NULL,NULL,2615,NULL,NULL),(2110,689,NULL,NULL,NULL,2614,NULL,NULL),(2113,688,NULL,NULL,NULL,2615,NULL,NULL),(2113,689,NULL,NULL,NULL,2614,NULL,NULL),(2115,688,NULL,NULL,NULL,2615,NULL,NULL),(2115,689,NULL,NULL,NULL,2614,NULL,NULL),(2116,688,NULL,NULL,NULL,2615,NULL,NULL),(2116,689,NULL,NULL,NULL,2614,NULL,NULL),(2118,688,NULL,NULL,NULL,2615,NULL,NULL),(2118,689,NULL,NULL,NULL,2614,NULL,NULL),(2121,688,NULL,NULL,NULL,2615,NULL,NULL),(2121,689,NULL,NULL,NULL,2614,NULL,NULL),(2124,688,NULL,NULL,NULL,2615,NULL,NULL),(2124,689,NULL,NULL,NULL,2614,NULL,NULL),(2130,688,NULL,NULL,NULL,2615,NULL,NULL),(2130,689,NULL,NULL,NULL,2614,NULL,NULL),(2131,688,NULL,NULL,NULL,2615,NULL,NULL),(2131,689,NULL,NULL,NULL,2614,NULL,NULL),(2133,688,NULL,NULL,NULL,2615,NULL,NULL),(2133,689,NULL,NULL,NULL,2614,NULL,NULL),(2134,688,NULL,NULL,NULL,2615,NULL,NULL),(2134,689,NULL,NULL,NULL,2614,NULL,NULL),(2135,688,NULL,NULL,NULL,2615,NULL,NULL),(2135,689,NULL,NULL,NULL,2614,NULL,NULL),(2138,688,NULL,NULL,NULL,2615,NULL,NULL),(2138,689,NULL,NULL,NULL,2614,NULL,NULL),(2141,688,NULL,NULL,NULL,2615,NULL,NULL),(2141,689,NULL,NULL,NULL,2614,NULL,NULL),(2143,688,NULL,NULL,NULL,2615,NULL,NULL),(2143,689,NULL,NULL,NULL,2614,NULL,NULL),(2146,688,NULL,NULL,NULL,2615,NULL,NULL),(2146,689,NULL,NULL,NULL,2614,NULL,NULL),(2148,688,NULL,NULL,NULL,2615,NULL,NULL),(2148,689,NULL,NULL,NULL,2614,NULL,NULL),(2150,688,NULL,NULL,NULL,2615,NULL,NULL),(2150,689,NULL,NULL,NULL,2614,NULL,NULL),(2151,688,NULL,NULL,NULL,2615,NULL,NULL),(2151,689,NULL,NULL,NULL,2614,NULL,NULL),(2156,688,NULL,NULL,NULL,2615,NULL,NULL),(2156,689,NULL,NULL,NULL,2614,NULL,NULL),(2162,688,NULL,NULL,NULL,2615,NULL,NULL),(2162,689,NULL,NULL,NULL,2614,NULL,NULL),(2163,688,NULL,NULL,NULL,2615,NULL,NULL),(2163,689,NULL,NULL,NULL,2614,NULL,NULL),(2164,688,NULL,NULL,NULL,2615,NULL,NULL),(2164,689,NULL,NULL,NULL,2614,NULL,NULL),(2165,688,NULL,NULL,NULL,2615,NULL,NULL),(2165,689,NULL,NULL,NULL,2614,NULL,NULL),(2166,688,NULL,NULL,NULL,2615,NULL,NULL),(2166,689,NULL,NULL,NULL,2614,NULL,NULL),(2168,688,NULL,NULL,NULL,2615,NULL,NULL),(2168,689,NULL,NULL,NULL,2614,NULL,NULL),(2170,688,NULL,NULL,NULL,2615,NULL,NULL),(2170,689,NULL,NULL,NULL,2614,NULL,NULL),(2172,688,NULL,NULL,NULL,2615,NULL,NULL),(2172,689,NULL,NULL,NULL,2614,NULL,NULL),(2177,688,NULL,NULL,NULL,2615,NULL,NULL),(2177,689,NULL,NULL,NULL,2614,NULL,NULL),(2179,688,NULL,NULL,NULL,2615,NULL,NULL),(2179,689,NULL,NULL,NULL,2614,NULL,NULL),(2180,688,NULL,NULL,NULL,2615,NULL,NULL),(2180,689,NULL,NULL,NULL,2614,NULL,NULL),(2183,688,NULL,NULL,NULL,2615,NULL,NULL),(2183,689,NULL,NULL,NULL,2614,NULL,NULL),(2185,688,NULL,NULL,NULL,2615,NULL,NULL),(2185,689,NULL,NULL,NULL,2614,NULL,NULL),(2187,688,NULL,NULL,NULL,2615,NULL,NULL),(2187,689,NULL,NULL,NULL,2614,NULL,NULL),(2190,688,NULL,NULL,NULL,2615,NULL,NULL),(2190,689,NULL,NULL,NULL,2614,NULL,NULL),(2192,688,NULL,NULL,NULL,2615,NULL,NULL),(2192,689,NULL,NULL,NULL,2614,NULL,NULL),(2199,688,NULL,NULL,NULL,2615,NULL,NULL),(2199,689,NULL,NULL,NULL,2614,NULL,NULL),(2201,688,NULL,NULL,NULL,2615,NULL,NULL),(2201,689,NULL,NULL,NULL,2614,NULL,NULL),(2203,688,NULL,NULL,NULL,2615,NULL,NULL),(2203,689,NULL,NULL,NULL,2614,NULL,NULL),(2205,688,NULL,NULL,NULL,2615,NULL,NULL),(2205,689,NULL,NULL,NULL,2614,NULL,NULL),(2207,688,NULL,NULL,NULL,2615,NULL,NULL),(2207,689,NULL,NULL,NULL,2614,NULL,NULL),(2209,688,NULL,NULL,NULL,2615,NULL,NULL),(2209,689,NULL,NULL,NULL,2614,NULL,NULL),(2210,688,NULL,NULL,NULL,2615,NULL,NULL),(2210,689,NULL,NULL,NULL,2614,NULL,NULL),(2211,688,NULL,NULL,NULL,2615,NULL,NULL),(2211,689,NULL,NULL,NULL,2614,NULL,NULL),(2212,688,NULL,NULL,NULL,2615,NULL,NULL),(2212,689,NULL,NULL,NULL,2614,NULL,NULL),(2213,688,NULL,NULL,NULL,2615,NULL,NULL),(2213,689,NULL,NULL,NULL,2614,NULL,NULL),(2214,688,NULL,NULL,NULL,2615,NULL,NULL),(2214,689,NULL,NULL,NULL,2614,NULL,NULL),(2215,688,NULL,NULL,NULL,2615,NULL,NULL),(2215,689,NULL,NULL,NULL,2614,NULL,NULL),(2216,688,NULL,NULL,NULL,2615,NULL,NULL),(2216,689,NULL,NULL,NULL,2614,NULL,NULL),(2219,688,NULL,NULL,NULL,2615,NULL,NULL),(2219,689,NULL,NULL,NULL,2614,NULL,NULL),(2220,688,NULL,NULL,NULL,2615,NULL,NULL),(2220,689,NULL,NULL,NULL,2614,NULL,NULL),(2221,688,NULL,NULL,NULL,2615,NULL,NULL),(2221,689,NULL,NULL,NULL,2614,NULL,NULL),(2223,688,NULL,NULL,NULL,2615,NULL,NULL),(2223,689,NULL,NULL,NULL,2614,NULL,NULL),(2224,688,NULL,NULL,NULL,2615,NULL,NULL),(2224,689,NULL,NULL,NULL,2614,NULL,NULL),(2225,688,NULL,NULL,NULL,2615,NULL,NULL),(2225,689,NULL,NULL,NULL,2614,NULL,NULL),(2226,688,NULL,NULL,NULL,2615,NULL,NULL),(2226,689,NULL,NULL,NULL,2614,NULL,NULL),(2227,688,NULL,NULL,NULL,2615,NULL,NULL),(2227,689,NULL,NULL,NULL,2614,NULL,NULL),(2228,688,NULL,NULL,NULL,2615,NULL,NULL),(2228,689,NULL,NULL,NULL,2614,NULL,NULL),(2229,688,NULL,NULL,NULL,2615,NULL,NULL),(2229,689,NULL,NULL,NULL,2614,NULL,NULL),(2231,688,NULL,NULL,NULL,2615,NULL,NULL),(2231,689,NULL,NULL,NULL,2614,NULL,NULL),(2232,688,NULL,NULL,NULL,2615,NULL,NULL),(2232,689,NULL,NULL,NULL,2614,NULL,NULL),(2233,688,NULL,NULL,NULL,2615,NULL,NULL),(2233,689,NULL,NULL,NULL,2614,NULL,NULL),(2234,688,NULL,NULL,NULL,2615,NULL,NULL),(2234,689,NULL,NULL,NULL,2614,NULL,NULL),(2235,688,NULL,NULL,NULL,2615,NULL,NULL),(2235,689,NULL,NULL,NULL,2614,NULL,NULL),(2236,688,NULL,NULL,NULL,2615,NULL,NULL),(2236,689,NULL,NULL,NULL,2614,NULL,NULL),(2238,688,NULL,NULL,NULL,2615,NULL,NULL),(2238,689,NULL,NULL,NULL,2614,NULL,NULL),(2239,688,NULL,NULL,NULL,2615,NULL,NULL),(2239,689,NULL,NULL,NULL,2614,NULL,NULL),(2240,688,NULL,NULL,NULL,2615,NULL,NULL),(2240,689,NULL,NULL,NULL,2614,NULL,NULL),(2241,688,NULL,NULL,NULL,2615,NULL,NULL),(2241,689,NULL,NULL,NULL,2614,NULL,NULL),(2242,688,NULL,NULL,NULL,2615,NULL,NULL),(2242,689,NULL,NULL,NULL,2614,NULL,NULL),(2244,688,NULL,NULL,NULL,2615,NULL,NULL),(2244,689,NULL,NULL,NULL,2614,NULL,NULL),(2245,688,NULL,NULL,NULL,2615,NULL,NULL),(2245,689,NULL,NULL,NULL,2614,NULL,NULL),(2246,688,NULL,NULL,NULL,2615,NULL,NULL),(2246,689,NULL,NULL,NULL,2614,NULL,NULL),(2247,688,NULL,NULL,NULL,2615,NULL,NULL),(2247,689,NULL,NULL,NULL,2614,NULL,NULL),(2248,688,NULL,NULL,NULL,2615,NULL,NULL),(2248,689,NULL,NULL,NULL,2614,NULL,NULL),(2249,688,NULL,NULL,NULL,2615,NULL,NULL),(2249,689,NULL,NULL,NULL,2614,NULL,NULL),(2250,688,NULL,NULL,NULL,2615,NULL,NULL),(2250,689,NULL,NULL,NULL,2614,NULL,NULL),(2251,688,NULL,NULL,NULL,2615,NULL,NULL),(2251,689,NULL,NULL,NULL,2614,NULL,NULL),(2252,688,NULL,NULL,NULL,2615,NULL,NULL),(2252,689,NULL,NULL,NULL,2614,NULL,NULL),(2253,688,NULL,NULL,NULL,2615,NULL,NULL),(2253,689,NULL,NULL,NULL,2614,NULL,NULL),(2254,688,NULL,NULL,NULL,2615,NULL,NULL),(2254,689,NULL,NULL,NULL,2614,NULL,NULL),(2255,688,NULL,NULL,NULL,2615,NULL,NULL),(2255,689,NULL,NULL,NULL,2614,NULL,NULL),(2256,688,NULL,NULL,NULL,2615,NULL,NULL),(2256,689,NULL,NULL,NULL,2614,NULL,NULL),(2258,688,NULL,NULL,NULL,2615,NULL,NULL),(2258,689,NULL,NULL,NULL,2614,NULL,NULL),(2259,688,NULL,NULL,NULL,2615,NULL,NULL),(2259,689,NULL,NULL,NULL,2614,NULL,NULL),(2260,688,NULL,NULL,NULL,2615,NULL,NULL),(2260,689,NULL,NULL,NULL,2614,NULL,NULL),(2261,688,NULL,NULL,NULL,2615,NULL,NULL),(2261,689,NULL,NULL,NULL,2614,NULL,NULL),(2262,688,NULL,NULL,NULL,2615,NULL,NULL),(2262,689,NULL,NULL,NULL,2614,NULL,NULL),(2263,688,NULL,NULL,NULL,2615,NULL,NULL),(2263,689,NULL,NULL,NULL,2614,NULL,NULL),(2264,688,NULL,NULL,NULL,2615,NULL,NULL),(2264,689,NULL,NULL,NULL,2614,NULL,NULL),(2265,688,NULL,NULL,NULL,2615,NULL,NULL),(2265,689,NULL,NULL,NULL,2614,NULL,NULL),(2266,688,NULL,NULL,NULL,2615,NULL,NULL),(2266,689,NULL,NULL,NULL,2614,NULL,NULL),(2267,688,NULL,NULL,NULL,2615,NULL,NULL),(2267,689,NULL,NULL,NULL,2614,NULL,NULL),(2268,688,NULL,NULL,NULL,2615,NULL,NULL),(2268,689,NULL,NULL,NULL,2614,NULL,NULL),(2269,688,NULL,NULL,NULL,2615,NULL,NULL),(2269,689,NULL,NULL,NULL,2614,NULL,NULL),(2270,688,NULL,NULL,NULL,2615,NULL,NULL),(2270,689,NULL,NULL,NULL,2614,NULL,NULL),(2271,688,NULL,NULL,NULL,2615,NULL,NULL),(2271,689,NULL,NULL,NULL,2614,NULL,NULL),(2273,688,NULL,NULL,NULL,2615,NULL,NULL),(2273,689,NULL,NULL,NULL,2614,NULL,NULL),(2274,688,NULL,NULL,NULL,2615,NULL,NULL),(2274,689,NULL,NULL,NULL,2614,NULL,NULL),(2275,688,NULL,NULL,NULL,2615,NULL,NULL),(2275,689,NULL,NULL,NULL,2614,NULL,NULL),(2276,688,NULL,NULL,NULL,2615,NULL,NULL),(2276,689,NULL,NULL,NULL,2614,NULL,NULL),(2277,688,NULL,NULL,NULL,2615,NULL,NULL),(2277,689,NULL,NULL,NULL,2614,NULL,NULL),(2278,688,NULL,NULL,NULL,2615,NULL,NULL),(2278,689,NULL,NULL,NULL,2614,NULL,NULL),(2279,688,NULL,NULL,NULL,2615,NULL,NULL),(2279,689,NULL,NULL,NULL,2614,NULL,NULL),(2280,688,NULL,NULL,NULL,2615,NULL,NULL),(2280,689,NULL,NULL,NULL,2614,NULL,NULL),(2282,688,NULL,NULL,NULL,2615,NULL,NULL),(2282,689,NULL,NULL,NULL,2614,NULL,NULL),(2283,688,NULL,NULL,NULL,2615,NULL,NULL),(2283,689,NULL,NULL,NULL,2614,NULL,NULL),(2284,688,NULL,NULL,NULL,2615,NULL,NULL),(2284,689,NULL,NULL,NULL,2614,NULL,NULL),(2285,688,NULL,NULL,NULL,2615,NULL,NULL),(2285,689,NULL,NULL,NULL,2614,NULL,NULL),(2286,688,NULL,NULL,NULL,2615,NULL,NULL),(2286,689,NULL,NULL,NULL,2614,NULL,NULL),(2287,688,NULL,NULL,NULL,2615,NULL,NULL),(2287,689,NULL,NULL,NULL,2614,NULL,NULL),(2288,688,NULL,NULL,NULL,2615,NULL,NULL),(2288,689,NULL,NULL,NULL,2614,NULL,NULL),(2289,688,NULL,NULL,NULL,2615,NULL,NULL),(2289,689,NULL,NULL,NULL,2614,NULL,NULL),(2292,688,NULL,NULL,NULL,2615,NULL,NULL),(2292,689,NULL,NULL,NULL,2614,NULL,NULL),(2293,688,NULL,NULL,NULL,2615,NULL,NULL),(2293,689,NULL,NULL,NULL,2614,NULL,NULL),(2294,688,NULL,NULL,NULL,2615,NULL,NULL),(2294,689,NULL,NULL,NULL,2614,NULL,NULL),(2295,688,NULL,NULL,NULL,2615,NULL,NULL),(2295,689,NULL,NULL,NULL,2614,NULL,NULL),(2297,688,NULL,NULL,NULL,2615,NULL,NULL),(2297,689,NULL,NULL,NULL,2614,NULL,NULL),(2298,688,NULL,NULL,NULL,2615,NULL,NULL),(2298,689,NULL,NULL,NULL,2614,NULL,NULL),(2299,688,NULL,NULL,NULL,2615,NULL,NULL),(2299,689,NULL,NULL,NULL,2614,NULL,NULL),(2300,688,NULL,NULL,NULL,2615,NULL,NULL),(2300,689,NULL,NULL,NULL,2614,NULL,NULL),(2304,688,NULL,NULL,NULL,2615,NULL,NULL),(2304,689,NULL,NULL,NULL,2614,NULL,NULL),(2308,688,NULL,NULL,NULL,2615,NULL,NULL),(2308,689,NULL,NULL,NULL,2614,NULL,NULL),(2310,688,NULL,NULL,NULL,2615,NULL,NULL),(2310,689,NULL,NULL,NULL,2614,NULL,NULL),(2312,688,NULL,NULL,NULL,2615,NULL,NULL),(2312,689,NULL,NULL,NULL,2614,NULL,NULL),(2314,688,NULL,NULL,NULL,2615,NULL,NULL),(2314,689,NULL,NULL,NULL,2614,NULL,NULL),(2316,688,NULL,NULL,NULL,2615,NULL,NULL),(2316,689,NULL,NULL,NULL,2614,NULL,NULL),(2318,688,NULL,NULL,NULL,2615,NULL,NULL),(2318,689,NULL,NULL,NULL,2614,NULL,NULL),(2320,688,NULL,NULL,NULL,2615,NULL,NULL),(2320,689,NULL,NULL,NULL,2614,NULL,NULL),(2324,688,NULL,NULL,NULL,2615,NULL,NULL),(2324,689,NULL,NULL,NULL,2614,NULL,NULL),(2326,688,NULL,NULL,NULL,2615,NULL,NULL),(2326,689,NULL,NULL,NULL,2614,NULL,NULL),(2330,688,NULL,NULL,NULL,2615,NULL,NULL),(2330,689,NULL,NULL,NULL,2614,NULL,NULL),(3060,40,NULL,'waiting_confirmation',NULL,NULL,NULL,NULL),(3060,93,40,NULL,NULL,NULL,NULL,NULL),(3061,40,NULL,'refund',NULL,NULL,NULL,NULL),(3061,93,80,NULL,NULL,NULL,NULL,NULL),(2023,130,1507734960,NULL,NULL,NULL,NULL,NULL),(2023,131,1507734960,NULL,NULL,NULL,NULL,NULL),(2023,132,NULL,NULL,NULL,NULL,NULL,0),(2023,119,NULL,NULL,NULL,3059,NULL,NULL),(2023,127,NULL,NULL,NULL,NULL,NULL,8950),(2023,128,NULL,NULL,NULL,NULL,NULL,8950),(2023,129,1,NULL,NULL,NULL,NULL,NULL),(2023,166,NULL,NULL,NULL,NULL,NULL,1000),(2023,167,NULL,NULL,NULL,NULL,NULL,40),(40,770,6,NULL,NULL,NULL,NULL,NULL),(41,770,5,NULL,NULL,NULL,NULL,NULL),(42,770,2,NULL,NULL,NULL,NULL,NULL),(43,770,1,NULL,NULL,NULL,NULL,NULL),(44,770,4,NULL,NULL,NULL,NULL,NULL),(45,770,3,NULL,NULL,NULL,NULL,NULL),(3063,58,NULL,'promoCode',NULL,NULL,NULL,NULL),(3063,61,NULL,'emarket-discountrule-850',NULL,NULL,NULL,NULL),(3063,60,NULL,NULL,NULL,22,NULL,NULL),(3063,60,NULL,NULL,NULL,21,NULL,NULL),(25,191,NULL,NULL,'a:86:{s:15:\"tree-data-types\";a:1:{s:8:\"expanded\";s:43:\"{0}{120}{55}{128}{144}{126}{191}{82}{3}{44}\";}s:16:\"tree-seo-islands\";a:1:{s:8:\"expanded\";s:3:\"{0}\";}s:17:\"tree-catalog-tree\";a:2:{s:8:\"expanded\";s:136:\"{0}{2}{5}{14}{315}{334}{394}{395}{288}{294}{262}{264}{268}{273}{333}{365}{343}{344}{4}{490}{282}{287}{480}{310}{389}{388}{387}{386}{279}\";s:12:\"used-columns\";s:103:\"name[501px]|price[150px]|photo[150px]|best_offers[150px]|new[150px]|old_price[150px]|tax_rate_id[200px]\";}s:15:\"tree-news-lists\";a:2:{s:8:\"expanded\";s:10:\"{0}{29}{5}\";s:12:\"used-columns\";s:31:\"name[400px]|publish_time[250px]\";}s:15:\"tree-vote-lists\";a:1:{s:8:\"expanded\";s:3:\"{0}\";}s:21:\"tree-photoalbum-lists\";a:1:{s:8:\"expanded\";s:8:\"{0}{122}\";}s:19:\"tree-emarket-orders\";a:2:{s:8:\"expanded\";s:3:\"{0}\";s:12:\"used-columns\";s:184:\"name[187px]|question[250px]|customer_id[150px]|total_price[150px]|order_date[150px]|delivery_id[318px]|payment_id[167px]|status_id[174px]|order_items[200px]|order_discount_value[200px]\";}s:25:\"tree-users-users_list_all\";a:2:{s:8:\"expanded\";s:3:\"{0}\";s:12:\"used-columns\";s:124:\"register_date[166px]|name[250px]|groups[200px]|lname[150px]|fname[150px]|is_activated[150px]|e-mail[183px]|last_order[200px]\";}s:21:\"tree-emarket-delivery\";a:2:{s:8:\"expanded\";s:3:\"{0}\";s:12:\"used-columns\";s:117:\"name[599px]|question[250px]|price[150px]|delivery_type_id[150px]|description[344.20001220703125px]|tax_rate_id[200px]\";}s:21:\"tree-data-guide_items\";a:2:{s:8:\"expanded\";s:3:\"{0}\";s:12:\"used-columns\";s:324:\"name[250px]|user_id[200px]|is_registrated[200px]|nickname[200px]|email[200px]|ip[200px]|country[200px]|index[200px]|region[200px]|city[200px]|street[200px]|house[200px]|flat[200px]|proc[200px]|modificator_type_id[200px]|customer_id[200px]|total_amount[200px]|class_name[200px]|payment_type_id[200px]|payment_type_guid[200px]\";}s:15:\"tree-menu-lists\";a:2:{s:8:\"expanded\";s:3:\"{0}\";s:12:\"used-columns\";s:26:\"name[400px]|menu_id[200px]\";}s:12:\"tree_common0\";a:1:{s:8:\"expanded\";s:18:\"{0}{310}{389}{342}\";}s:21:\"tree-content-tpl_edit\";a:1:{s:8:\"expanded\";s:3:\"{0}\";}s:21:\"tree-umiSettings-read\";a:1:{s:8:\"expanded\";s:3:\"{0}\";}s:22:\"tree-seo-emptyMetaTags\";a:1:{s:8:\"expanded\";s:3:\"{0}\";}s:35:\"tree-umiNotifications-notifications\";a:1:{s:12:\"used-columns\";s:25:\"name[400px]|module[174px]\";}s:26:\"tree-umiSliders-getSliders\";a:1:{s:12:\"used-columns\";s:88:\"name[250px]|is_active[250px]|image[250px]|link[250px]|open_in_new_tab[250px]|text[170px]\";}s:18:\"tree-banners-lists\";a:2:{s:8:\"expanded\";s:3:\"{0}\";s:12:\"used-columns\";s:28:\"name[400px]|is_active[200px]\";}s:15:\"tree-data-trash\";a:1:{s:8:\"expanded\";s:3:\"{0}\";}s:22:\"tree-emarket-discounts\";a:2:{s:8:\"expanded\";s:3:\"{0}\";s:12:\"used-columns\";s:87:\"name[400px]|question[250px]|discount_type_id[246px]|is_active[150px]|description[582px]\";}s:20:\"tree-emarket-payment\";a:2:{s:8:\"expanded\";s:3:\"{0}\";s:12:\"used-columns\";s:50:\"name[615px]|question[250px]|payment_type_id[277px]\";}s:21:\"tree-emarket-currency\";a:2:{s:8:\"expanded\";s:3:\"{0}\";s:12:\"used-columns\";s:83:\"name[400px]|question[250px]|codename[200px]|rate[200px]|prefix[150px]|suffix[168px]\";}s:19:\"tree-emarket-stores\";a:2:{s:8:\"expanded\";s:3:\"{0}\";s:12:\"used-columns\";s:42:\"name[400px]|question[250px]|primary[200px]\";}s:25:\"tree-appointment-services\";a:1:{s:12:\"used-columns\";s:36:\"name[347px]|time[250px]|price[150px]\";}s:27:\"tree-comments-view_comments\";a:2:{s:8:\"expanded\";s:3:\"{0}\";s:12:\"used-columns\";s:63:\"name[400px]|publish_time[250px]|message[616px]|author_id[200px]\";}s:29:\"tree-filemanager-shared_files\";a:1:{s:8:\"expanded\";s:3:\"{0}\";}s:36:\"tree-comments-view_noactive_comments\";a:1:{s:8:\"expanded\";s:3:\"{0}\";}s:22:\"tree-faq-projects_list\";a:1:{s:8:\"expanded\";s:12:\"{0}{13}{151}\";}s:18:\"tree-blogs20-posts\";a:1:{s:8:\"expanded\";s:8:\"{0}{149}\";}s:21:\"tree-blogs20-comments\";a:1:{s:8:\"expanded\";s:3:\"{0}\";}s:16:\"tree-forum-lists\";a:1:{s:8:\"expanded\";s:11:\"{0}{16}{15}\";}s:24:\"tree-forum-last_messages\";a:1:{s:8:\"expanded\";s:3:\"{0}\";}s:21:\"tree-dispatches-lists\";a:1:{s:8:\"expanded\";s:3:\"{0}\";}s:27:\"tree-dispatches-subscribers\";a:1:{s:8:\"expanded\";s:3:\"{0}\";}s:23:\"tree-content-sitetree-1\";a:1:{s:8:\"expanded\";s:82:\"{0}{249}{39}{294}{343}{344}{5}{12}{291}{149}{4}{280}{283}{461}{334}{391}{262}{264}\";}s:23:\"tree-webforms-addresses\";a:1:{s:8:\"expanded\";s:3:\"{0}\";}s:19:\"tree-webforms-forms\";a:1:{s:8:\"expanded\";s:3:\"{0}\";}s:20:\"tree-exchange-import\";a:2:{s:8:\"expanded\";s:3:\"{0}\";s:12:\"used-columns\";s:60:\"name[400px]|format[350px]|file[200px]|encoding_import[200px]\";}s:20:\"tree-tickets-tickets\";a:2:{s:8:\"expanded\";s:3:\"{0}\";s:12:\"used-columns\";s:71:\"name[400px]|url[350px]|user_id[150px]|create_time[250px]|message[375px]\";}s:16:\"tree-data-guides\";a:1:{s:8:\"expanded\";s:7:\"{0}{40}\";}s:22:\"tree-users-groups_list\";a:1:{s:8:\"expanded\";s:3:\"{0}\";}s:18:\"tree-emarket-stats\";a:1:{s:8:\"expanded\";s:3:\"{0}\";}s:9:\"dockItems\";a:1:{s:6:\"common\";s:50:\"content;menu;catalog;emarket;users;news;data;trash\";}s:20:\"tree-exchange-export\";a:2:{s:8:\"expanded\";s:3:\"{0}\";s:12:\"used-columns\";s:48:\"name[400px]|format[350px]|encoding_export[200px]\";}s:20:\"tree-catalog-filters\";a:1:{s:8:\"expanded\";s:3:\"{0}\";}s:23:\"tree-webforms-templates\";a:1:{s:8:\"expanded\";s:3:\"{0}\";}s:53:\"tree-catalog-getProductOfferList/428/trade_offer_list\";a:1:{s:12:\"used-columns\";s:150:\"name[275px]|vendor_code[150px]|trade_offer_image[190px]|price_type_default[204px]|trade_offer_size[170px]|trade_offer_color[170px]|stock_id_153[264px]\";}s:53:\"tree-catalog-getProductOfferList/430/trade_offer_list\";a:1:{s:12:\"used-columns\";s:166:\"name[350px]|is_active[150px]|vendor_code[150px]|trade_offer_image[250px]|price_type_default[150px]|total_count[150px]|trade_offer_size[170px]|trade_offer_color[170px]\";}s:53:\"tree-catalog-getProductOfferList/432/trade_offer_list\";a:1:{s:12:\"used-columns\";s:166:\"name[350px]|is_active[150px]|vendor_code[150px]|trade_offer_image[250px]|price_type_default[250px]|total_count[200px]|trade_offer_size[170px]|trade_offer_color[170px]\";}s:53:\"tree-catalog-getProductOfferList/434/trade_offer_list\";a:1:{s:12:\"used-columns\";s:166:\"name[350px]|is_active[150px]|vendor_code[150px]|trade_offer_image[250px]|price_type_default[250px]|total_count[200px]|trade_offer_size[170px]|trade_offer_color[170px]\";}s:53:\"tree-catalog-getProductOfferList/435/trade_offer_list\";a:1:{s:12:\"used-columns\";s:166:\"name[350px]|is_active[150px]|vendor_code[150px]|trade_offer_image[250px]|price_type_default[250px]|total_count[200px]|trade_offer_size[170px]|trade_offer_color[170px]\";}s:53:\"tree-catalog-getProductOfferList/437/trade_offer_list\";a:1:{s:12:\"used-columns\";s:166:\"name[350px]|is_active[150px]|vendor_code[150px]|trade_offer_image[250px]|price_type_default[250px]|total_count[200px]|trade_offer_size[170px]|trade_offer_color[170px]\";}s:53:\"tree-catalog-getProductOfferList/438/trade_offer_list\";a:1:{s:12:\"used-columns\";s:166:\"name[350px]|is_active[150px]|vendor_code[150px]|trade_offer_image[250px]|price_type_default[250px]|total_count[200px]|trade_offer_size[170px]|trade_offer_color[170px]\";}s:53:\"tree-catalog-getProductOfferList/444/trade_offer_list\";a:1:{s:12:\"used-columns\";s:166:\"name[350px]|is_active[150px]|vendor_code[150px]|trade_offer_image[250px]|price_type_default[250px]|total_count[200px]|trade_offer_size[170px]|trade_offer_color[170px]\";}s:53:\"tree-catalog-getProductOfferList/446/trade_offer_list\";a:1:{s:12:\"used-columns\";s:166:\"name[350px]|is_active[150px]|vendor_code[150px]|trade_offer_image[250px]|price_type_default[250px]|total_count[200px]|trade_offer_size[170px]|trade_offer_color[170px]\";}s:53:\"tree-catalog-getProductOfferList/448/trade_offer_list\";a:1:{s:12:\"used-columns\";s:166:\"name[350px]|is_active[150px]|vendor_code[150px]|trade_offer_image[250px]|price_type_default[250px]|total_count[200px]|trade_offer_size[170px]|trade_offer_color[170px]\";}s:53:\"tree-catalog-getProductOfferList/449/trade_offer_list\";a:1:{s:12:\"used-columns\";s:166:\"name[350px]|is_active[150px]|vendor_code[150px]|trade_offer_image[250px]|price_type_default[250px]|total_count[200px]|trade_offer_size[170px]|trade_offer_color[170px]\";}s:53:\"tree-catalog-getProductOfferList/452/trade_offer_list\";a:1:{s:12:\"used-columns\";s:166:\"name[350px]|is_active[150px]|vendor_code[150px]|trade_offer_image[250px]|price_type_default[250px]|total_count[200px]|trade_offer_size[170px]|trade_offer_color[170px]\";}s:53:\"tree-catalog-getProductOfferList/401/trade_offer_list\";a:1:{s:12:\"used-columns\";s:191:\"name[350px]|is_active[150px]|vendor_code[150px]|trade_offer_image[250px]|price_type_default[250px]|total_count[200px]|trade_offer_attachment_equipment[170px]|trade_offer_wheel_diameter[170px]\";}s:53:\"tree-catalog-getProductOfferList/309/trade_offer_list\";a:1:{s:12:\"used-columns\";s:191:\"name[350px]|is_active[150px]|vendor_code[150px]|trade_offer_image[250px]|price_type_default[250px]|total_count[200px]|trade_offer_attachment_equipment[170px]|trade_offer_wheel_diameter[170px]\";}s:53:\"tree-catalog-getProductOfferList/314/trade_offer_list\";a:1:{s:12:\"used-columns\";s:191:\"name[350px]|is_active[150px]|vendor_code[150px]|trade_offer_image[250px]|price_type_default[250px]|total_count[200px]|trade_offer_attachment_equipment[170px]|trade_offer_wheel_diameter[170px]\";}s:53:\"tree-catalog-getProductOfferList/397/trade_offer_list\";a:1:{s:12:\"used-columns\";s:191:\"name[350px]|is_active[150px]|vendor_code[150px]|trade_offer_image[250px]|price_type_default[250px]|total_count[200px]|trade_offer_attachment_equipment[170px]|trade_offer_wheel_diameter[170px]\";}s:53:\"tree-catalog-getProductOfferList/327/trade_offer_list\";a:1:{s:12:\"used-columns\";s:191:\"name[350px]|is_active[150px]|vendor_code[150px]|trade_offer_image[250px]|price_type_default[250px]|total_count[200px]|trade_offer_wheel_diameter[170px]|trade_offer_attachment_equipment[170px]\";}s:53:\"tree-catalog-getProductOfferList/328/trade_offer_list\";a:1:{s:12:\"used-columns\";s:191:\"name[350px]|is_active[150px]|vendor_code[150px]|trade_offer_image[250px]|price_type_default[250px]|total_count[200px]|trade_offer_attachment_equipment[170px]|trade_offer_wheel_diameter[170px]\";}s:53:\"tree-catalog-getProductOfferList/329/trade_offer_list\";a:1:{s:12:\"used-columns\";s:191:\"name[350px]|is_active[150px]|vendor_code[150px]|trade_offer_image[250px]|price_type_default[250px]|total_count[200px]|trade_offer_attachment_equipment[170px]|trade_offer_wheel_diameter[170px]\";}s:53:\"tree-catalog-getProductOfferList/331/trade_offer_list\";a:1:{s:12:\"used-columns\";s:191:\"name[350px]|is_active[150px]|vendor_code[150px]|trade_offer_image[250px]|price_type_default[250px]|total_count[200px]|trade_offer_attachment_equipment[170px]|trade_offer_wheel_diameter[170px]\";}s:53:\"tree-catalog-getProductOfferList/394/trade_offer_list\";a:1:{s:12:\"used-columns\";s:191:\"name[350px]|is_active[150px]|vendor_code[150px]|trade_offer_image[250px]|price_type_default[250px]|total_count[200px]|trade_offer_attachment_equipment[170px]|trade_offer_wheel_diameter[170px]\";}s:53:\"tree-catalog-getProductOfferList/396/trade_offer_list\";a:1:{s:12:\"used-columns\";s:191:\"name[350px]|is_active[150px]|vendor_code[150px]|trade_offer_image[250px]|price_type_default[250px]|total_count[200px]|trade_offer_attachment_equipment[170px]|trade_offer_wheel_diameter[170px]\";}s:53:\"tree-catalog-getProductOfferList/398/trade_offer_list\";a:1:{s:12:\"used-columns\";s:191:\"name[350px]|is_active[150px]|vendor_code[150px]|trade_offer_image[250px]|price_type_default[250px]|total_count[200px]|trade_offer_attachment_equipment[170px]|trade_offer_wheel_diameter[170px]\";}s:53:\"tree-catalog-getProductOfferList/399/trade_offer_list\";a:1:{s:12:\"used-columns\";s:191:\"name[350px]|is_active[150px]|vendor_code[150px]|trade_offer_image[250px]|price_type_default[250px]|total_count[200px]|trade_offer_attachment_equipment[170px]|trade_offer_wheel_diameter[170px]\";}s:53:\"tree-catalog-getProductOfferList/395/trade_offer_list\";a:1:{s:12:\"used-columns\";s:191:\"name[350px]|is_active[150px]|vendor_code[150px]|trade_offer_image[250px]|price_type_default[250px]|total_count[200px]|trade_offer_attachment_equipment[170px]|trade_offer_wheel_diameter[170px]\";}s:53:\"tree-catalog-getProductOfferList/330/trade_offer_list\";a:1:{s:12:\"used-columns\";s:191:\"name[350px]|is_active[150px]|vendor_code[150px]|trade_offer_image[250px]|price_type_default[250px]|total_count[200px]|trade_offer_attachment_equipment[170px]|trade_offer_wheel_diameter[170px]\";}s:53:\"tree-catalog-getProductOfferList/400/trade_offer_list\";a:1:{s:12:\"used-columns\";s:191:\"name[350px]|is_active[150px]|vendor_code[150px]|trade_offer_image[250px]|price_type_default[250px]|total_count[200px]|trade_offer_attachment_equipment[170px]|trade_offer_wheel_diameter[170px]\";}s:53:\"tree-catalog-getProductOfferList/492/trade_offer_list\";a:1:{s:12:\"used-columns\";s:289:\"name[350px]|is_active[150px]|vendor_code[150px]|trade_offer_image[150px]|price_type_default[150px]|total_count[150px]|trade_offer_additional_guarantee[150px]|trade_offer_color[183px]|trade_offer_ustanovka[150px]|trade_offer_predprodazhnaya_podgotovka[170px]|trade_offer_control_type[170px]\";}s:53:\"tree-catalog-getProductOfferList/493/trade_offer_list\";a:1:{s:12:\"used-columns\";s:257:\"name[201px]|is_active[150px]|vendor_code[150px]|trade_offer_image[156px]|price_type_default[172px]|total_count[150px]|trade_offer_color[170px]|trade_offer_additional_guarantee[170px]|trade_offer_ustanovka[170px]|trade_offer_predprodazhnaya_podgotovka[170px]\";}s:53:\"tree-catalog-getProductOfferList/494/trade_offer_list\";a:1:{s:12:\"used-columns\";s:257:\"name[202px]|is_active[150px]|vendor_code[150px]|trade_offer_image[160px]|price_type_default[168px]|total_count[150px]|trade_offer_color[170px]|trade_offer_additional_guarantee[170px]|trade_offer_ustanovka[170px]|trade_offer_predprodazhnaya_podgotovka[170px]\";}s:53:\"tree-catalog-getProductOfferList/495/trade_offer_list\";a:1:{s:12:\"used-columns\";s:257:\"name[192px]|is_active[150px]|vendor_code[150px]|trade_offer_image[193px]|price_type_default[169px]|total_count[150px]|trade_offer_color[170px]|trade_offer_additional_guarantee[170px]|trade_offer_ustanovka[170px]|trade_offer_predprodazhnaya_podgotovka[170px]\";}s:53:\"tree-catalog-getProductOfferList/496/trade_offer_list\";a:1:{s:12:\"used-columns\";s:257:\"name[209px]|is_active[150px]|vendor_code[150px]|trade_offer_image[179px]|price_type_default[150px]|total_count[150px]|trade_offer_color[170px]|trade_offer_additional_guarantee[170px]|trade_offer_ustanovka[170px]|trade_offer_predprodazhnaya_podgotovka[170px]\";}s:53:\"tree-catalog-getProductOfferList/600/trade_offer_list\";a:1:{s:12:\"used-columns\";s:257:\"name[190px]|is_active[150px]|vendor_code[150px]|trade_offer_image[178px]|price_type_default[150px]|total_count[150px]|trade_offer_color[170px]|trade_offer_additional_guarantee[170px]|trade_offer_ustanovka[170px]|trade_offer_predprodazhnaya_podgotovka[170px]\";}s:53:\"tree-catalog-getProductOfferList/601/trade_offer_list\";a:1:{s:12:\"used-columns\";s:257:\"name[179px]|is_active[154px]|vendor_code[154px]|trade_offer_image[154px]|price_type_default[154px]|total_count[154px]|trade_offer_color[174px]|trade_offer_additional_guarantee[174px]|trade_offer_ustanovka[174px]|trade_offer_predprodazhnaya_podgotovka[174px]\";}s:53:\"tree-catalog-getProductOfferList/602/trade_offer_list\";a:1:{s:12:\"used-columns\";s:257:\"name[176px]|is_active[153px]|vendor_code[153px]|trade_offer_image[166px]|price_type_default[153px]|total_count[152px]|trade_offer_color[173px]|trade_offer_additional_guarantee[173px]|trade_offer_ustanovka[173px]|trade_offer_predprodazhnaya_podgotovka[173px]\";}s:53:\"tree-catalog-getProductOfferList/358/trade_offer_list\";a:1:{s:12:\"used-columns\";s:144:\"name[350px]|is_active[150px]|vendor_code[150px]|trade_offer_image[250px]|price_type_default[250px]|total_count[200px]|trade_offer_packing[170px]\";}s:53:\"tree-catalog-getProductOfferList/359/trade_offer_list\";a:1:{s:12:\"used-columns\";s:144:\"name[350px]|is_active[150px]|vendor_code[150px]|trade_offer_image[250px]|price_type_default[250px]|total_count[200px]|trade_offer_packing[170px]\";}s:53:\"tree-catalog-getProductOfferList/360/trade_offer_list\";a:1:{s:12:\"used-columns\";s:144:\"name[350px]|is_active[150px]|vendor_code[150px]|trade_offer_image[250px]|price_type_default[250px]|total_count[200px]|trade_offer_packing[170px]\";}s:53:\"tree-catalog-getProductOfferList/361/trade_offer_list\";a:1:{s:12:\"used-columns\";s:144:\"name[350px]|is_active[150px]|vendor_code[150px]|trade_offer_image[250px]|price_type_default[250px]|total_count[200px]|trade_offer_packing[170px]\";}s:21:\"tree-users-users_list\";a:1:{s:8:\"expanded\";s:3:\"{0}\";}}',NULL,NULL,NULL),(25,767,NULL,NULL,'497d797ccf42532f6b3e0db8b52876f78892756a6c25fc0342894a5e759e96d2',NULL,NULL,NULL),(3066,434,NULL,'Демонстрационный магазин UMI.CMS',NULL,NULL,NULL,NULL),(3066,435,1,NULL,NULL,NULL,NULL,NULL),(3066,431,NULL,'vkontakte',NULL,NULL,NULL,NULL),(3066,432,1,NULL,NULL,NULL,NULL,NULL),(356,298,1678971914,NULL,NULL,NULL,NULL,NULL),(685,395,1501,NULL,NULL,NULL,NULL,NULL);
/*!40000 ALTER TABLE `cms3_object_content` ENABLE KEYS */;
UNLOCK TABLES;

--
-- Table structure for table `cms3_object_content_cnt`
--

DROP TABLE IF EXISTS `cms3_object_content_cnt`;
/*!40101 SET @saved_cs_client     = @@character_set_client */;
/*!50503 SET character_set_client = utf8mb4 */;
CREATE TABLE `cms3_object_content_cnt` (
  `obj_id` int unsigned DEFAULT NULL,
  `field_id` int unsigned DEFAULT NULL,
  `cnt` int DEFAULT '0',
  KEY `FK_Contents_Counters to object relation` (`obj_id`),
  KEY `FK_Contents_Counters field id relation` (`field_id`),
  CONSTRAINT `FK_Contents_Counters field id relation` FOREIGN KEY (`field_id`) REFERENCES `cms3_object_fields` (`id`) ON DELETE CASCADE ON UPDATE CASCADE,
  CONSTRAINT `FK_Contents_Counters to object relation` FOREIGN KEY (`obj_id`) REFERENCES `cms3_objects` (`id`) ON DELETE CASCADE ON UPDATE CASCADE
) ENGINE=InnoDB DEFAULT CHARSET=utf8mb3;
/*!40101 SET character_set_client = @saved_cs_client */;

--
-- Dumping data for table `cms3_object_content_cnt`
--

LOCK TABLES `cms3_object_content_cnt` WRITE;
/*!40000 ALTER TABLE `cms3_object_content_cnt` DISABLE KEYS */;
/*!40000 ALTER TABLE `cms3_object_content_cnt` ENABLE KEYS */;
UNLOCK TABLES;

--
-- Table structure for table `cms3_object_domain_id_list`
--

DROP TABLE IF EXISTS `cms3_object_domain_id_list`;
/*!40101 SET @saved_cs_client     = @@character_set_client */;
/*!50503 SET character_set_client = utf8mb4 */;
CREATE TABLE `cms3_object_domain_id_list` (
  `id` int unsigned NOT NULL AUTO_INCREMENT,
  `obj_id` int unsigned DEFAULT NULL,
  `field_id` int unsigned DEFAULT NULL,
  `domain_id` int unsigned DEFAULT NULL,
  PRIMARY KEY (`id`),
  KEY `cms3_object_domain_id_list load field value` (`obj_id`,`field_id`),
  KEY `cms3_object_domain_id_list field_id` (`field_id`),
  KEY `cms3_object_domain_id_list obj_id` (`obj_id`),
  KEY `cms3_object_domain_id_list domain_id` (`domain_id`),
  CONSTRAINT `cms3_object_domain_id_list domain id` FOREIGN KEY (`domain_id`) REFERENCES `cms3_domains` (`id`) ON DELETE CASCADE,
  CONSTRAINT `cms3_object_domain_id_list field id` FOREIGN KEY (`field_id`) REFERENCES `cms3_object_fields` (`id`) ON DELETE CASCADE,
  CONSTRAINT `cms3_object_domain_id_list object id` FOREIGN KEY (`obj_id`) REFERENCES `cms3_objects` (`id`) ON DELETE CASCADE
) ENGINE=InnoDB AUTO_INCREMENT=28 DEFAULT CHARSET=utf8mb3;
/*!40101 SET character_set_client = @saved_cs_client */;

--
-- Dumping data for table `cms3_object_domain_id_list`
--

LOCK TABLES `cms3_object_domain_id_list` WRITE;
/*!40000 ALTER TABLE `cms3_object_domain_id_list` DISABLE KEYS */;
INSERT INTO `cms3_object_domain_id_list` VALUES (1,1441,497,1),(2,1597,124,1),(3,1600,124,1),(4,1606,124,1),(5,1610,124,1),(6,1614,124,1),(7,1617,124,1),(8,1627,124,1),(9,1639,124,1),(10,1675,124,1),(11,1679,124,1),(12,1685,124,1),(13,1688,124,1),(14,1695,124,1),(15,1699,124,1),(16,1701,124,1),(17,1704,124,1),(18,1718,124,1),(19,1727,124,1),(20,2021,124,1),(21,2023,124,1),(22,1598,433,NULL),(23,1441,497,1),(24,2607,124,1),(25,2610,124,1),(26,2869,124,1),(27,3066,433,1);
/*!40000 ALTER TABLE `cms3_object_domain_id_list` ENABLE KEYS */;
UNLOCK TABLES;

--
-- Table structure for table `cms3_object_field_groups`
--

DROP TABLE IF EXISTS `cms3_object_field_groups`;
/*!40101 SET @saved_cs_client     = @@character_set_client */;
/*!50503 SET character_set_client = utf8mb4 */;
CREATE TABLE `cms3_object_field_groups` (
  `id` int unsigned NOT NULL AUTO_INCREMENT,
  `name` varchar(64) DEFAULT NULL,
  `title` varchar(255) DEFAULT NULL,
  `type_id` int unsigned DEFAULT NULL,
  `is_active` tinyint(1) DEFAULT NULL,
  `is_visible` tinyint(1) DEFAULT NULL,
  `ord` int DEFAULT NULL,
  `is_locked` tinyint(1) DEFAULT '0',
  `tip` varchar(4096) DEFAULT NULL,
  PRIMARY KEY (`id`),
  KEY `Group to type relation_FK` (`type_id`),
  KEY `ord` (`ord`),
  KEY `name` (`name`),
  KEY `title` (`title`),
  KEY `is_active` (`is_active`),
  KEY `is_visible` (`is_visible`),
  KEY `is_locked` (`is_locked`),
  CONSTRAINT `FK_Group to type relation` FOREIGN KEY (`type_id`) REFERENCES `cms3_object_types` (`id`) ON DELETE CASCADE ON UPDATE CASCADE
) ENGINE=InnoDB AUTO_INCREMENT=807 DEFAULT CHARSET=utf8mb3;
/*!40101 SET character_set_client = @saved_cs_client */;

--
-- Dumping data for table `cms3_object_field_groups`
--

LOCK TABLES `cms3_object_field_groups` WRITE;
/*!40000 ALTER TABLE `cms3_object_field_groups` DISABLE KEYS */;
INSERT INTO `cms3_object_field_groups` VALUES (1,'svojstva_statusa_stranicy','i18n::fields-group-svojstva_statusa_stranicy',2,1,1,5,0,''),(2,'common','i18n::fields-group-common',3,1,0,5,1,'Основные настройки страницы'),(4,'more_params','i18n::fields-group-more_params',3,1,0,15,1,'Настройки отображения страницы и её поисковой индексации'),(5,'rate_props','i18n::fields-group-rate_props',3,1,0,20,1,''),(6,'svojstva_publikacii','i18n::fields-group-svojstva_publikacii',3,0,1,25,1,'Управление статусом публикации'),(7,'locks','i18n::fields-group-locks',3,1,1,30,1,''),(8,'common','i18n::fields-group-news-rss-source-charset-common',6,1,1,5,0,''),(9,'common','i18n::fields-group-common',7,1,0,5,0,'Основные настройки ленты новостей'),(11,'more_params','i18n::fields-group-more_params',7,1,0,15,0,'Настройки отображения страницы и её поисковой индексации'),(12,'rate_voters','i18n::fields-group-rate_voters',7,1,0,20,0,''),(13,'svojstva_publikacii','i18n::fields-group-svojstva_publikacii',7,0,1,25,1,'Управление статусом публикации'),(14,'locks','i18n::fields-group-locks',7,1,1,30,1,''),(15,'common','i18n::fields-group-common',8,1,1,5,0,''),(16,'props','i18n::fields-group-props',9,1,1,5,0,''),(17,'params_more','i18n::fields-group-dopolnitelno',10,1,1,5,0,'Страна в формате ISO 3166-1 alpha-2'),(18,'common','i18n::fields-group-common',14,1,1,5,0,''),(19,'common','i18n::fields-group-common',15,1,1,5,0,''),(20,'additional','i18n::fields-group-grp_disp_msg_extended',16,1,1,5,0,'Порядковый номер дня недели (1 (Понедельник) - 7 (Воскресение))'),(21,'additional','i18n::fields-group-grp_disp_msg_extended',17,1,1,5,0,'Порядковый номер дня недели (1 (Понедельник) - 7 (Воскресение))'),(24,'props_currency','i18n::fields-group-currency_props',22,1,1,5,0,'Общие настройки валюты'),(26,'common','i18n::fields-group-emarket-mobile-platform-common',24,1,1,5,1,''),(27,'common','i18n::fields-group-emarket-mobile-devices-common',25,1,1,5,0,''),(28,'personal','i18n::fields-group-personal_info',26,1,1,5,1,''),(29,'common','i18n::fields-group-common_group',28,1,1,5,1,''),(30,'discount_type_props','i18n::fields-group-discount_type_props',29,1,1,5,0,''),(31,'discount_modificator_type_props','i18n::fields-group-discount_modificator_type_props',30,1,1,5,0,''),(32,'discount_modificator_props','i18n::fields-group-discount_modificator_props',31,1,1,5,0,''),(33,'discount_rule_type_props','i18n::fields-group-discount_rule_type_props',32,1,1,5,0,''),(34,'discount_rule_props','i18n::fields-group-discount_rule_props',33,1,1,5,0,''),(35,'common','i18n::fields-group-props',34,1,1,5,0,'Настройки формата импорта данных'),(36,'common','i18n::fields-group-props',35,1,1,5,0,'Настройки формата экспорта данных'),(37,'svojstva_gruppy_polzovatelej','i18n::fields-group-svojstva_gruppy_polzovatelej',36,1,0,5,1,'Общие настройки группы пользователей'),(38,'common','i18n::fields-group-osnovnoe',37,1,1,5,0,''),(39,'item_type_props','i18n::fields-group-item_type_props',38,1,1,5,0,''),(40,'discount_props','i18n::fields-group-discount_props',39,1,1,5,0,'Управление скидками на товары'),(41,'item_props','i18n::fields-group-order_item_props',41,1,1,5,0,'i18n::field-order-item-discount-value'),(42,'item_optioned_props','i18n::fields-group-item_optioned_props',41,1,1,10,0,''),(43,'order_status_props','i18n::fields-group-order_status_props',42,1,1,5,0,''),(44,'payment_type_props','i18n::fields-group-payment_type_props',43,1,1,5,0,''),(45,'payment_props','i18n::fields-group-payment_props',44,1,1,5,0,'Общие настройки способа оплаты'),(46,'order_status_props','i18n::fields-group-payment_status_props',45,1,1,5,0,''),(47,'general','i18n::fields-group-osnovnoe',46,1,1,5,0,''),(48,'addresses','i18n::fields-group-addresses',46,1,1,10,0,''),(49,'payment','i18n::fields-group-payment_info',46,1,1,15,0,''),(50,'delivery_type_props','i18n::fields-group-delivery_type_props',47,1,1,5,0,''),(51,'delivery_description_props','i18n::fields-group-delivery_description',48,1,1,5,0,'Если установлено - не будет отображаться на сайте'),(52,'order_status_props','i18n::fields-group-delivery_status_props',49,1,1,5,0,''),(53,'order_props','i18n::fields-group-order_props',50,1,1,5,0,'Основная информация о заказе'),(55,'statistic_info','i18n::fields-group-statistic_data',50,1,1,15,0,'Поведенческие данные о покупателе. Используются для анализа эффективности различных каналов продвижения. Получить общую статистику по всем заказам или сделать выборку можно в модуле «Интернет-магазин» —> вкладка «Статистика»'),(56,'order_payment_props','i18n::fields-group-order_payment_props',50,1,1,20,0,'Данные об оплате заказа'),(57,'order_delivery_props','i18n::fields-group-order_delivery_props',50,1,1,25,0,'i18n::fields-group-order_delivery_props-tip'),(58,'order_discount_props','i18n::fields-group-order_discount_props',50,1,1,30,0,''),(59,'integration_date','i18n::fields-group-intergation_props',50,1,1,35,0,'Выставляется системой автоматически, когда заказ необходимо выгрузить в 1С'),(60,'purchase_one_click','i18n::fields-group-purchase_one_click',50,1,1,40,0,''),(61,'idetntify_data','i18n::fields-group-idetntify_data',51,1,0,5,1,'Основная информация о пользователе'),(62,'more_info','i18n::fields-group-more_info',51,1,1,10,0,'Дополнительные настройки пользователя'),(63,'short_info','i18n::fields-group-short_info',51,1,1,15,0,'Личные данные пользователя'),(64,'delivery','i18n::fields-group-trans_deliver',51,1,1,20,0,''),(65,'statistic_info','i18n::fields-group-statistic_data',51,1,1,25,0,'Статистические данные о поведении пользователя на сайте'),(66,'common','i18n::fields-group-menu_common',52,1,1,5,0,'Основные настройки меню'),(67,'common','i18n::fields-group-common',54,1,0,5,1,'Основные настройки новости'),(68,'item_props','i18n::fields-group-item_props',54,1,0,10,1,'Основные свойства публикации новости'),(70,'more_params','i18n::fields-group-more_params',54,1,0,20,1,'Настройки отображения страницы и её поисковой индексации'),(71,'news_images','i18n::fields-group-news_images',54,1,1,25,0,'Управление изображениями новости'),(72,'subjects_block','i18n::fields-group-subjects_block',54,1,1,30,1,'Сюжеты служат для группировки новостей по тематикам. Список последних новостей, связанных с данной по сюжету, можно вывести при помощи макроса <a target=\"_blank\" href=\"http://dev.docs.umi-cms.ru/spravochnik_makrosov_umicms/novosti/news_related_links/\">news related_links()</a>'),(73,'rate_voters','i18n::fields-group-rate_voters',54,1,0,35,1,''),(74,'svojstva_publikacii','i18n::fields-group-svojstva_publikacii',54,0,1,40,1,'Управление статусом публикации'),(75,'locks','i18n::fields-group-locks',54,1,1,45,1,''),(76,'common','i18n::fields-group-common',55,1,0,5,1,'Основные настройки страницы'),(78,'more_params','i18n::fields-group-more_params',55,1,0,15,1,'Настройки отображения страницы и её поисковой индексации'),(79,'rate_voters','i18n::fields-group-rate_voters',55,1,0,20,1,''),(80,'svojstva_publikacii','i18n::fields-group-svojstva_publikacii',55,0,1,25,1,'Управление статусом публикации'),(81,'locks','i18n::fields-group-locks',55,1,1,30,1,''),(82,'props','i18n::fields-group-props',56,1,1,5,0,''),(83,'common','i18n::fields-group-common',57,1,0,5,1,'Основные настройки блога'),(85,'more_params','i18n::fields-group-more_params',57,1,0,15,1,'Настройки отображения страницы и её поисковой индексации'),(86,'rate_props','i18n::fields-group-rate_props',57,1,0,20,1,''),(87,'props','i18n::fields-group-props',58,1,1,5,1,'Основная информация об авторе'),(88,'common','i18n::fields-group-common',59,1,0,5,1,'Основные свойства комментария к блогу'),(89,'rate_props','i18n::fields-group-rate_props',59,1,0,10,1,''),(90,'antispam','i18n::fields-group-antispam',59,1,1,15,0,'Пометка «Спам» скрывает нежелательные комментарии из блога'),(91,'common','i18n::fields-group-common',60,1,0,5,1,'Основные настройки поста блога'),(93,'more_params','i18n::fields-group-more_params',60,1,0,15,1,'Настройки отображения страницы и её поисковой индексации'),(94,'rate_props','i18n::fields-group-rate_props',60,1,0,20,1,''),(95,'svojstva_publikacii','i18n::fields-group-svojstva_publikacii',60,0,1,25,1,'Управление статусом публикации'),(96,'locks','i18n::fields-group-locks',60,1,1,30,1,''),(97,'privacy','i18n::fields-group-privacy',60,1,1,35,0,'Настройки видимости поста для авторов и пользователей'),(98,'antispam','i18n::fields-group-antispam',60,1,1,40,0,'Пометка «Спам» скрывает нежелательные посты из блога'),(99,'common','i18n::fields-group-common',61,1,0,5,1,'Основные настройки конференции'),(101,'more_params','i18n::fields-group-more_params',61,1,0,15,1,'Настройки отображения страницы и её поисковой индексации'),(102,'rate_voters','i18n::fields-group-rate_voters',61,1,0,20,1,''),(103,'svojstva_publikacii','i18n::fields-group-svojstva_publikacii',61,0,1,25,1,'Управление статусом публикации'),(104,'locks','i18n::fields-group-locks',61,1,1,30,1,''),(105,'common','i18n::fields-group-common',62,1,0,5,1,'Основные настройки топика'),(107,'more_params','i18n::fields-group-more_params',62,1,0,15,1,'Настройки отображения страницы и её поисковой индексации'),(108,'topic_props','i18n::fields-group-topic_props',62,1,0,20,1,'Свойства публикации топика'),(109,'rate_voters','i18n::fields-group-rate_voters',62,1,0,25,1,''),(110,'svojstva_publikacii','i18n::fields-group-svojstva_publikacii',62,0,1,30,1,'Управление статусом публикации'),(111,'locks','i18n::fields-group-locks',62,1,1,35,1,''),(112,'common','i18n::fields-group-common',63,1,0,5,1,'Основные настройки сообщения форума'),(114,'more_params','i18n::fields-group-more_params',63,1,0,15,1,'Настройки отображения страницы и её поисковой индексации'),(115,'message_props','i18n::fields-group-message_props',63,1,0,20,1,'Свойства публикации сообщения'),(116,'rate_voters','i18n::fields-group-rate_voters',63,1,0,25,1,''),(117,'svojstva_publikacii','i18n::fields-group-svojstva_publikacii',63,0,1,30,1,'Управление статусом публикации'),(118,'locks','i18n::fields-group-locks',63,1,1,35,1,''),(119,'common','i18n::fields-group-common',64,1,0,5,1,'Основные настройки комментария'),(121,'more_params','i18n::fields-group-more_params',64,1,0,15,1,'Настройки отображения страницы и её поисковой индексации'),(122,'comment_props','i18n::fields-group-comment_props',64,1,0,20,1,'Свойства публикации комментария'),(123,'rate_voters','i18n::fields-group-rate_voters',64,1,0,25,1,''),(124,'svojstva_publikacii','i18n::fields-group-svojstva_publikacii',64,0,1,30,1,'Управление статусом публикации'),(125,'locks','i18n::fields-group-locks',64,1,1,35,1,''),(126,'antispam','i18n::fields-group-antispam',64,1,1,40,0,'Пометив нежелательные комментарии как спам, вы сможете их отфильтровать для выполнения групповых операций — например, удалить комментарии или/и блокировать автора'),(127,'common_props','i18n::fields-group-common_props',65,1,1,5,1,''),(128,'common','i18n::fields-group-common',66,1,0,5,1,'Основные настройки опроса'),(130,'more_params','i18n::fields-group-more_params',66,1,0,15,1,'Настройки отображения страницы и её поисковой индексации'),(131,'poll_props','i18n::fields-group-poll_props',66,1,0,20,1,'Настройки опроса'),(132,'rate_voters','i18n::fields-group-rate_voters',66,1,0,25,1,''),(133,'svojstva_publikacii','i18n::fields-group-svojstva_publikacii',66,0,1,30,1,'Управление статусом публикации'),(134,'locks','i18n::fields-group-locks',66,1,1,35,1,''),(135,'common','i18n::fields-group-common',67,1,0,5,1,'Основные настройки страницы'),(137,'more_params','i18n::fields-group-more_params',67,1,0,15,1,'Настройки отображения страницы и её поисковой индексации'),(138,'rate_props','i18n::fields-group-rate_props',67,1,0,20,1,''),(139,'svojstva_publikacii','i18n::fields-group-svojstva_publikacii',67,0,1,25,1,'Управление статусом публикации'),(140,'locks','i18n::fields-group-locks',67,1,1,30,1,''),(141,'binding','i18n::fields-group-Binding',67,1,0,35,0,'Привязать к этой странице форму обратной связи'),(142,'sendingdata','i18n::fields-group-SendingData',68,1,0,5,1,''),(143,'templates','i18n::fields-group-Templates',69,1,1,5,1,'Настройки шаблона письма, которое получит администратор сайта при отправке пользователем сообщения через форму обратной связи'),(144,'auto_reply','i18n::fields-group-auto_reply',69,1,1,10,1,'Настройки шаблона автоответа, который получит пользователь при отправке сообщения через форму обратной связи'),(145,'messages','i18n::fields-group-messages',69,1,1,15,1,'Сообщение, которое будет отображаться на странице успешной отправки формы обратной связи'),(146,'binding','i18n::fields-group-Binding',69,1,0,20,1,'Привязка шаблона автоответа к форме обратной связи'),(147,'list','i18n::fields-group-list',70,1,1,5,0,'Списки адресов получателей формы'),(148,'common','i18n::fields-group-common',71,1,0,5,1,'Основные настройки фотоальбома'),(150,'more_params','i18n::fields-group-more_params',71,1,0,15,1,'Настройки отображения страницы и её поисковой индексации'),(151,'album_props','i18n::fields-group-album_props',71,1,0,20,1,'Основные настройки фотоальбома'),(152,'rate_voters','i18n::fields-group-rate_voters',71,1,0,25,1,''),(153,'svojstva_publikacii','i18n::fields-group-svojstva_publikacii',71,0,1,30,1,'Управление статусом публикации'),(154,'locks','i18n::fields-group-locks',71,1,1,35,1,''),(155,'common','i18n::fields-group-common',72,1,0,5,1,'Основные настройки фотографии'),(157,'more_params','i18n::fields-group-more_params',72,1,0,15,1,'Настройки отображения страницы и её поисковой индексации'),(158,'photo_props','i18n::fields-group-photo_props',72,1,0,20,1,'Основные настройки фотографии'),(159,'rate_voters','i18n::fields-group-rate_voters',72,1,0,25,1,''),(160,'svojstva_publikacii','i18n::fields-group-svojstva_publikacii',72,0,1,30,1,'Управление статусом публикации'),(161,'locks','i18n::fields-group-locks',72,1,1,35,1,''),(162,'common','i18n::fields-group-common',73,1,0,5,1,'Основные настройки проектов FAQ'),(164,'more_params','i18n::fields-group-more_params',73,1,0,15,1,'Настройки отображения страницы и её поисковой индексации'),(165,'rate_voters','i18n::fields-group-rate_voters',73,1,0,20,1,''),(166,'svojstva_publikacii','i18n::fields-group-svojstva_publikacii',73,0,1,25,1,'Управление статусом публикации'),(167,'locks','i18n::fields-group-locks',73,1,1,30,1,''),(168,'common','i18n::fields-group-common',74,1,0,5,1,'Основные настройки категории вопросов'),(170,'more_params','i18n::fields-group-more_params',74,1,0,15,1,'Настройки отображения страницы и её поисковой индексации'),(171,'rate_voters','i18n::fields-group-rate_voters',74,1,0,20,1,''),(172,'svojstva_publikacii','i18n::fields-group-svojstva_publikacii',74,0,1,25,1,'Управление статусом публикации'),(173,'locks','i18n::fields-group-locks',74,1,1,30,1,''),(174,'common','i18n::fields-group-common',75,1,0,5,1,'Основные настройки вопроса'),(176,'more_params','i18n::fields-group-more_params',75,1,0,15,1,'Настройки отображения страницы и её поисковой индексации'),(177,'svojstva_publikacii','i18n::fields-group-svojstva_publikacii',75,0,1,20,1,'Управление статусом публикации'),(178,'locks','i18n::fields-group-locks',75,1,1,25,1,''),(179,'antispam','i18n::fields-group-antispam',75,1,1,30,0,'Пометка «Спам» скрывает нежелательные вопросы из категории FAQ'),(180,'grp_disp_props','i18n::fields-group-grp_disp_props',76,1,1,5,0,'Основные настройки рассылки'),(181,'auto_settings','i18n::fields-group-auto_mailout_settings',76,1,1,10,0,'Настройка графика автоматической рассылки писем'),(182,'grp_disp_release_props','i18n::fields-group-grp_disp_release_props',77,1,1,5,0,'Основные настройки выпуска рассылки'),(183,'grp_disp_msg_props','i18n::fields-group-grp_disp_msg_props',78,1,0,5,0,'Основные настройки сообщения рассылки'),(184,'grp_disp_msg_extended','i18n::fields-group-grp_disp_msg_extended',78,1,1,10,0,'Дополнительные настройки сообщения рассылки'),(185,'grp_sbs_props','i18n::fields-group-grp_sbs_props',79,1,0,5,0,'Основные данные подписчика'),(186,'grp_sbs_extended','i18n::fields-group-grp_sbs_extended',79,1,1,10,0,'Информация о подписках пользователя'),(187,'common','i18n::fields-group-common',80,1,0,5,1,'Основные настройки страницы и её расположения в структуре каталога'),(189,'more_params','i18n::fields-group-more_params',80,1,0,15,1,'Настройки отображения страницы и её поисковой индексации'),(190,'dopolnitelno','i18n::fields-group-dopolnitelno',80,1,1,20,0,'Управление описаниями раздела каталога'),(191,'rate_voters','i18n::fields-group-rate_voters',80,1,0,25,1,''),(192,'svojstva_publikacii','i18n::fields-group-svojstva_publikacii',80,0,1,30,1,'Управление статусом публикации'),(193,'locks','i18n::fields-group-locks',80,1,1,35,1,''),(194,'filter_index','i18n::fields-group-filter_index',80,1,0,40,1,''),(195,'store_props','i18n::fields-group-store_props',81,1,1,5,0,'Основной склад, с которого будут списываться товары при покупке, и с которым будет синхронизироваться 1C'),(196,'common','i18n::fields-group-common',82,1,0,5,1,'Основные настройки товара'),(198,'more_params','i18n::fields-group-more_params',82,1,0,68,1,'Настройки отображения страницы и её поисковой индексации'),(199,'cenovye_svojstva','i18n::fields-group-cenovye_svojstva',82,1,1,22,0,'Ценовые свойства товара'),(200,'catalog_option_props','i18n::fields-group-option_props',82,1,1,27,0,''),(201,'catalog_stores_props','i18n::fields-group-stores',82,1,1,33,0,'Данные о наличии товара на складах'),(202,'rate_voters','i18n::fields-group-rate_voters',82,1,0,38,1,''),(203,'svojstva_publikacii','i18n::fields-group-svojstva_publikacii',82,0,1,43,1,'Управление статусом публикации'),(204,'locks','i18n::fields-group-locks',82,1,1,48,1,''),(205,'personal_info','i18n::fields-group-personal_info',83,1,1,5,0,''),(206,'contact_props','i18n::fields-group-contacts',83,1,1,10,0,''),(207,'delivery','i18n::fields-group-trans_deliver',83,1,0,15,0,''),(208,'yuridicheskie_dannye','i18n::fields-group-yuridicheskie_dannye',83,1,0,20,0,''),(209,'discount_modificator_props','i18n::fields-group-discount_modificator_props',84,1,1,5,0,'Настройка размера скидки'),(210,'discount_modificator_props','i18n::fields-group-discount_modificator_props',85,1,1,5,0,'Настройка размера скидки'),(211,'discount_rule_props','i18n::fields-group-discount_rule_props',86,1,1,5,0,'К каким товарам/разделам каталога применять скидку?'),(212,'discount_rule_props','i18n::fields-group-discount_rule_props',87,1,1,5,0,'На какой период действует скидка?'),(213,'discount_rule_props','i18n::fields-group-discount_rule_props',88,1,1,5,0,'Зависит ли применение скидки от стоимости заказа?'),(214,'discount_rule_props','i18n::fields-group-discount_rule_props',89,1,1,5,0,'Зависит ли применение скидки от суммы всех покупок пользователя?'),(215,'discount_rule_props','i18n::fields-group-discount_rule_props',90,1,1,5,0,'Каким группам пользователей доступна скидка?'),(216,'discount_rule_props','i18n::fields-group-discount_rule_props',91,1,1,5,0,'Пользователи, которым будет доступна скидка'),(217,'discount_rule_props','i18n::fields-group-discount_rule_props',92,1,1,5,0,'При активации этого правила скидка на товар будет применяться в том случае, если все указанные связанные товары находятся в корзине'),(218,'delivery_description_props','i18n::fields-group-delivery_description',93,1,1,5,0,'Настройки доставки самовывозом'),(219,'delivery_description_props','i18n::fields-group-delivery_description',94,1,1,5,0,'Общая информация об этом способе курьерской доставки'),(220,'delivery_courier_props','i18n::fields-group-delivery_courier_props',94,1,1,10,0,'Настройки стоимости этого способа курьерской доставки'),(221,'delivery_description_props','i18n::fields-group-delivery_description',95,1,1,5,0,'Общая информация об этом способе курьерской доставки'),(222,'settings','i18n::fields-group-settings',95,1,1,10,0,'Настройки этого способа доставки Почтой России'),(223,'delivery_description_props','i18n::fields-group-delivery_description',96,1,1,5,0,'Общие настройки способа доставки'),(224,'settings','i18n::fields-group-settings',96,1,1,10,1,'<p>Настройки способа доставки ApiShip.<br />API Key Яндекс.Карт можно получить на странице: <br /><a href=\"https://developer.tech.yandex.ru/services\">https://developer.tech.yandex.ru/services</a><br />Нужно выбрать API Карты, JavaScript API и HTTP Геокодер</p>'),(225,'payment_props','i18n::fields-group-payment_props',97,1,1,5,0,'Если установлено - не будет отображаться на сайте'),(226,'settings','i18n::fields-group-parameters',97,1,1,10,0,''),(227,'payment_props','i18n::fields-group-payment_props',98,1,1,5,0,'Общие настройки способа оплаты'),(228,'settings','i18n::fields-group-parameters',98,1,1,10,0,'Настройки способа оплаты данного типа'),(229,'payment_props','i18n::fields-group-payment_props',99,1,1,5,0,'Общие настройки способа оплаты'),(230,'payment_props','i18n::fields-group-payment_props',100,1,1,5,0,'Общие настройки способа оплаты'),(231,'settings','i18n::fields-group-parameters',100,1,1,10,0,'Настройки способа оплаты данного типа'),(234,'payment_props','i18n::fields-group-payment_props',102,1,1,5,0,'Если установлено - не будет отображаться на сайте'),(235,'organization','i18n::fields-group-organization_data',102,1,1,10,0,''),(236,'payment_props','i18n::fields-group-payment_props',103,1,1,5,0,'Общие настройки способа оплаты'),(237,'settings','i18n::fields-group-parameters',103,1,1,10,0,'Настройки способа оплаты данного типа'),(238,'payment_props','i18n::fields-group-payment_props',104,1,1,5,0,'Общие настройки способа оплаты'),(239,'settings','i18n::fields-group-parameters',104,1,1,10,0,'Настройки способа оплаты данного типа'),(245,'payment_props','i18n::fields-group-payment_props',108,1,1,5,1,'Общие настройки способа оплаты'),(246,'settings','i18n::fields-group-parameters',108,1,1,10,1,'Настройки способа оплаты данного типа'),(247,'common_props','i18n::fields-group-common_props',109,1,1,5,1,''),(248,'common','i18n::fields-group-common',110,1,0,5,1,'Основные настройки баннера'),(249,'redirect_props','i18n::fields-group-redirect_props',110,1,0,10,1,'Настройки перехода с баннера'),(250,'view_params','i18n::fields-group-view_params',110,1,0,15,1,'Статистика и ограничения баннера'),(251,'view_pages','i18n::fields-group-view_pages',110,1,1,20,1,'Где будет отображаться баннер'),(252,'time_targeting','i18n::fields-group-time_targeting',110,1,1,25,1,'Таргетинг показов баннера по временным параметрам'),(253,'city_targeting','i18n::fields-group-city_targeting',110,0,1,30,1,''),(254,'view_settings','i18n::fields-group-privacy',110,1,1,35,0,'Настройки отображения баннера'),(255,'common','i18n::fields-group-common',111,1,0,5,1,'Основные настройки баннера'),(256,'banner_custom_props','i18n::fields-group-banner_custom_props',111,1,1,10,1,'Графические настройки баннера'),(257,'redirect_props','i18n::fields-group-redirect_props',111,1,0,15,1,'Настройки перехода с баннера'),(258,'view_params','i18n::fields-group-view_params',111,1,0,20,1,'Статистика и ограничения баннера'),(259,'view_pages','i18n::fields-group-view_pages',111,1,1,25,1,'Где будет отображаться баннер'),(260,'time_targeting','i18n::fields-group-time_targeting',111,1,1,30,1,'Таргетинг показов баннера по временным параметрам'),(261,'city_targeting','i18n::fields-group-city_targeting',111,0,1,35,1,''),(262,'view_settings','i18n::fields-group-privacy',111,1,1,40,0,'Настройки отображения баннера'),(263,'common','i18n::fields-group-common',112,1,0,5,1,''),(264,'banner_custom_props','i18n::fields-group-banner_custom_props',112,1,1,10,1,'Графические настройки баннера'),(265,'redirect_props','i18n::fields-group-redirect_props',112,1,0,15,1,'Настройки перехода с баннера'),(266,'view_params','i18n::fields-group-view_params',112,1,0,20,1,'Статистика и ограничения баннера'),(267,'view_pages','i18n::fields-group-view_pages',112,1,1,25,1,'Где будет отображаться баннер'),(268,'time_targeting','i18n::fields-group-time_targeting',112,1,1,30,1,'Таргетинг показов баннера по временным параметрам'),(269,'city_targeting','i18n::fields-group-city_targeting',112,0,1,35,1,''),(270,'view_settings','i18n::fields-group-privacy',112,1,1,40,0,'Настройки отображения баннера'),(271,'common','i18n::fields-group-common',113,1,0,5,1,'Основные настройки баннера'),(272,'banner_custom_props','i18n::fields-group-banner_custom_props',113,1,1,10,1,'Содержимое баннера'),(273,'redirect_props','i18n::fields-group-redirect_props',113,1,0,15,1,'Настройки перехода с баннера'),(274,'view_params','i18n::fields-group-view_params',113,1,0,20,1,'Статистика и ограничения баннера'),(275,'view_pages','i18n::fields-group-view_pages',113,1,1,25,1,'Где будет отображаться баннер'),(276,'time_targeting','i18n::fields-group-time_targeting',113,1,1,30,1,'Таргетинг показов баннера по временным параметрам'),(277,'city_targeting','i18n::fields-group-city_targeting',113,0,1,35,1,''),(278,'view_settings','i18n::fields-group-privacy',113,1,1,40,0,'Настройки отображения баннера'),(279,'svojstva','i18n::fields-group-svojstva',114,1,1,5,0,''),(280,'common','i18n::fields-group-props',115,1,1,5,0,'Общие настройки экспорта данных'),(281,'common','i18n::fields-group-props',116,1,1,5,0,'Общие настройки импорта данных'),(282,'network_system_props','i18n::fields-group-service_props',117,1,1,5,0,''),(283,'props','i18n::fields-group-props',118,1,1,5,1,'Здесь в дополнение к разделам каталога, можно выбрать, какие страницы нужно показывать в социальной сети'),(284,'pages','i18n::fields-group-site_parts',118,1,1,10,1,'Здесь в дополнение к разделам каталога, можно выбрать, какие страницы нужно показывать в социальной сети'),(285,'network_system_props','i18n::fields-group-service_props',118,1,1,15,0,'Настройки интеграции интернет-магазина с социальными сетями'),(286,'common','i18n::fields-group-common',119,1,0,5,1,'Основные настройки страницы скачиваемого файла'),(288,'more_params','i18n::fields-group-more_params',119,1,0,15,1,'Настройки отображения страницы и её поисковой индексации'),(289,'fs_file_props','i18n::fields-group-fs_file_props',119,1,0,20,1,'Свойства скачиваемого файла'),(290,'rate_voters','i18n::fields-group-rate_voters',119,1,0,25,1,''),(291,'svojstva_publikacii','i18n::fields-group-svojstva_publikacii',119,0,1,30,1,'Управление статусом публикации'),(292,'locks','i18n::fields-group-locks',119,1,1,35,1,''),(293,'common','i18n::fields-group-common_group',120,1,0,5,1,''),(294,'common','i18n::fields-group-common',121,1,0,5,1,''),(296,'more_params','i18n::fields-group-more_params',121,1,0,15,1,''),(297,'rate_props','i18n::fields-group-rate_props',121,1,0,20,1,''),(298,'svojstva_publikacii','i18n::fields-group-svojstva_publikacii',121,0,1,25,1,''),(299,'locks','i18n::fields-group-locks',121,1,1,30,1,''),(300,'appointment','i18n::fields-group-appointment',121,1,1,35,1,''),(301,'description','i18n::fields-group-props',122,1,1,5,1,''),(302,'opisanie_tovara','i18n::fields-group-descr_grp',82,1,1,10,0,''),(303,'manage_options','i18n::fields-group-management-options',82,1,1,32,0,''),(373,'sendingdata','i18n::fields-group-SendingData',139,1,0,5,1,''),(374,'formdata','i18n::fields-group-formdata',139,1,1,10,0,''),(376,'common','i18n::fields-group-common_group',141,1,0,5,1,NULL),(377,'header','i18n::fields-group-header',141,1,1,10,0,''),(378,'footer','i18n::fields-group-footer',141,1,1,15,0,''),(379,'common','i18n::fields-group-common',142,1,0,5,1,NULL),(381,'more_params','i18n::fields-group-more_params',142,1,0,15,1,NULL),(382,'rate_voters','i18n::fields-group-rate_voters',142,1,0,20,1,NULL),(383,'svojstva_publikacii','i18n::fields-group-svojstva_publikacii',142,0,1,25,1,NULL),(384,'locks','i18n::fields-group-locks',142,1,1,30,1,NULL),(385,'benefits','i18n::fields-group-benefits',142,1,1,36,0,''),(386,'personal_data','i18n::fields-group-personal_data',141,1,1,20,0,''),(387,'payment_props','i18n::fields-group-payment_props',143,1,1,5,0,NULL),(469,'item_properties','i18n::fields-group-item-properties',82,1,1,11,0,''),(497,'common','i18n::fields-group-common',170,1,0,5,1,NULL),(499,'more_params','i18n::fields-group-more_params',170,1,0,68,1,NULL),(500,'cenovye_svojstva','i18n::fields-group-cenovye_svojstva',170,1,1,22,0,NULL),(501,'catalog_option_props','i18n::fields-group-option_props',170,1,1,27,0,NULL),(502,'catalog_stores_props','i18n::fields-group-stores',170,1,1,33,0,NULL),(503,'rate_voters','i18n::fields-group-rate_voters',170,1,0,38,1,NULL),(504,'svojstva_publikacii','i18n::fields-group-svojstva_publikacii',170,0,1,43,1,NULL),(505,'locks','i18n::fields-group-locks',170,1,1,48,1,NULL),(506,'opisanie_tovara','i18n::fields-group-descr_grp',170,1,1,10,0,NULL),(507,'manage_options','i18n::fields-group-management-options',170,1,1,32,0,NULL),(508,'item_properties','i18n::fields-group-item-properties',170,1,1,11,0,NULL),(509,'common','i18n::fields-group-common',177,1,0,5,1,NULL),(511,'more_params','i18n::fields-group-more_params',177,1,0,68,1,NULL),(512,'cenovye_svojstva','i18n::fields-group-cenovye_svojstva',177,1,1,22,0,NULL),(513,'catalog_option_props','i18n::fields-group-option_props',177,1,1,27,0,NULL),(514,'catalog_stores_props','i18n::fields-group-stores',177,1,1,33,0,NULL),(515,'rate_voters','i18n::fields-group-rate_voters',177,1,0,38,1,NULL),(516,'svojstva_publikacii','i18n::fields-group-svojstva_publikacii',177,0,1,43,1,NULL),(517,'locks','i18n::fields-group-locks',177,1,1,48,1,NULL),(518,'opisanie_tovara','i18n::fields-group-descr_grp',177,1,1,10,0,NULL),(519,'manage_options','i18n::fields-group-management-options',177,1,1,32,0,NULL),(520,'item_properties','i18n::fields-group-item-properties',177,1,1,11,0,NULL),(521,'common','i18n::fields-group-common',178,1,0,5,1,NULL),(523,'more_params','i18n::fields-group-more_params',178,1,0,68,1,NULL),(524,'cenovye_svojstva','i18n::fields-group-cenovye_svojstva',178,1,1,22,0,NULL),(525,'catalog_option_props','i18n::fields-group-option_props',178,1,1,27,0,NULL),(526,'catalog_stores_props','i18n::fields-group-stores',178,1,1,33,0,NULL),(527,'rate_voters','i18n::fields-group-rate_voters',178,1,0,38,1,NULL),(528,'svojstva_publikacii','i18n::fields-group-svojstva_publikacii',178,0,1,43,1,NULL),(529,'locks','i18n::fields-group-locks',178,1,1,48,1,NULL),(530,'opisanie_tovara','i18n::fields-group-descr_grp',178,1,1,10,0,NULL),(531,'manage_options','i18n::fields-group-management-options',178,1,1,32,0,NULL),(532,'item_properties','i18n::fields-group-item-properties',178,1,1,11,0,NULL),(533,'common','i18n::fields-group-common',180,1,0,5,1,NULL),(535,'more_params','i18n::fields-group-more_params',180,1,0,68,1,NULL),(536,'cenovye_svojstva','i18n::fields-group-cenovye_svojstva',180,1,1,22,0,NULL),(537,'catalog_option_props','i18n::fields-group-option_props',180,1,1,27,0,NULL),(538,'catalog_stores_props','i18n::fields-group-stores',180,1,1,33,0,NULL),(539,'rate_voters','i18n::fields-group-rate_voters',180,1,0,38,1,NULL),(540,'svojstva_publikacii','i18n::fields-group-svojstva_publikacii',180,0,1,43,1,NULL),(541,'locks','i18n::fields-group-locks',180,1,1,48,1,NULL),(542,'opisanie_tovara','i18n::fields-group-descr_grp',180,1,1,10,0,NULL),(543,'manage_options','i18n::fields-group-management-options',180,1,1,32,0,NULL),(544,'item_properties','i18n::fields-group-item-properties',180,1,1,11,0,NULL),(545,'common','i18n::fields-group-common',184,1,0,5,1,NULL),(547,'more_params','i18n::fields-group-more_params',184,1,0,68,1,NULL),(548,'cenovye_svojstva','i18n::fields-group-cenovye_svojstva',184,1,1,22,0,NULL),(549,'catalog_option_props','i18n::fields-group-option_props',184,1,1,27,0,NULL),(550,'catalog_stores_props','i18n::fields-group-stores',184,1,1,33,0,NULL),(551,'rate_voters','i18n::fields-group-rate_voters',184,1,0,38,1,NULL),(552,'svojstva_publikacii','i18n::fields-group-svojstva_publikacii',184,0,1,43,1,NULL),(553,'locks','i18n::fields-group-locks',184,1,1,48,1,NULL),(554,'opisanie_tovara','i18n::fields-group-descr_grp',184,1,1,10,0,NULL),(555,'manage_options','i18n::fields-group-management-options',184,1,1,32,0,NULL),(556,'item_properties','i18n::fields-group-item-properties',184,1,1,11,0,NULL),(557,'common','i18n::fields-group-common',185,1,0,5,1,NULL),(559,'more_params','i18n::fields-group-more_params',185,1,0,68,1,NULL),(560,'cenovye_svojstva','i18n::fields-group-cenovye_svojstva',185,1,1,22,0,NULL),(561,'catalog_option_props','i18n::fields-group-option_props',185,1,1,27,0,NULL),(562,'catalog_stores_props','i18n::fields-group-stores',185,1,1,33,0,NULL),(563,'rate_voters','i18n::fields-group-rate_voters',185,1,0,38,1,NULL),(564,'svojstva_publikacii','i18n::fields-group-svojstva_publikacii',185,0,1,43,1,NULL),(565,'locks','i18n::fields-group-locks',185,1,1,48,1,NULL),(566,'opisanie_tovara','i18n::fields-group-descr_grp',185,1,1,10,0,NULL),(567,'manage_options','i18n::fields-group-management-options',185,1,1,32,0,NULL),(568,'item_properties','i18n::fields-group-item-properties',185,1,1,11,0,NULL),(569,'brend_odezhdy','Бренд одежды',189,1,1,5,0,''),(570,'common','i18n::fields-group-common',191,1,0,5,1,NULL),(572,'more_params','i18n::fields-group-more_params',191,1,0,68,1,NULL),(573,'cenovye_svojstva','i18n::fields-group-cenovye_svojstva',191,1,1,22,0,NULL),(575,'catalog_stores_props','i18n::fields-group-stores',191,1,1,33,0,NULL),(576,'rate_voters','i18n::fields-group-rate_voters',191,1,0,38,1,NULL),(577,'svojstva_publikacii','i18n::fields-group-svojstva_publikacii',191,0,1,43,1,NULL),(578,'locks','i18n::fields-group-locks',191,1,1,48,1,NULL),(579,'opisanie_tovara','i18n::fields-group-descr_grp',191,1,1,10,0,NULL),(580,'manage_options','i18n::fields-group-management-options',191,1,1,32,0,NULL),(581,'item_properties','i18n::fields-group-item-properties',191,1,1,11,0,NULL),(595,'brend_gubnoj_pomady','Бренд Губной помады',197,1,1,5,0,''),(596,'linejkaseriya_gubnoj_pomady','Линейка/серия губной помады',198,1,1,5,0,''),(609,'common','i18n::fields-group-common',200,1,0,5,1,NULL),(611,'more_params','i18n::fields-group-more_params',200,1,0,68,1,NULL),(612,'cenovye_svojstva','i18n::fields-group-cenovye_svojstva',200,1,1,22,0,NULL),(613,'catalog_option_props','i18n::fields-group-option_props',200,1,1,27,0,NULL),(614,'catalog_stores_props','i18n::fields-group-stores',200,1,1,33,0,NULL),(615,'rate_voters','i18n::fields-group-rate_voters',200,1,0,38,1,NULL),(616,'svojstva_publikacii','i18n::fields-group-svojstva_publikacii',200,0,1,43,1,NULL),(617,'locks','i18n::fields-group-locks',200,1,1,48,1,NULL),(618,'opisanie_tovara','i18n::fields-group-descr_grp',200,1,1,10,0,NULL),(619,'manage_options','i18n::fields-group-management-options',200,1,1,32,0,NULL),(620,'item_properties','i18n::fields-group-item-properties',200,1,1,11,0,NULL),(621,'common','i18n::fields-group-common',202,1,0,5,1,NULL),(623,'more_params','i18n::fields-group-more_params',202,1,0,68,1,NULL),(624,'cenovye_svojstva','i18n::fields-group-cenovye_svojstva',202,1,1,22,0,NULL),(625,'catalog_option_props','i18n::fields-group-option_props',202,1,1,27,0,NULL),(626,'catalog_stores_props','i18n::fields-group-stores',202,1,1,33,0,NULL),(627,'rate_voters','i18n::fields-group-rate_voters',202,1,0,38,1,NULL),(628,'svojstva_publikacii','i18n::fields-group-svojstva_publikacii',202,0,1,43,1,NULL),(629,'locks','i18n::fields-group-locks',202,1,1,48,1,NULL),(630,'opisanie_tovara','i18n::fields-group-descr_grp',202,1,1,10,0,NULL),(631,'manage_options','i18n::fields-group-management-options',202,1,1,32,0,NULL),(632,'item_properties','i18n::fields-group-item-properties',202,1,1,11,0,NULL),(633,'common','i18n::fields-group-common',204,1,0,5,1,NULL),(635,'more_params','i18n::fields-group-more_params',204,1,0,68,1,NULL),(636,'cenovye_svojstva','i18n::fields-group-cenovye_svojstva',204,1,1,22,0,NULL),(637,'catalog_option_props','i18n::fields-group-option_props',204,1,1,27,0,NULL),(638,'catalog_stores_props','i18n::fields-group-stores',204,1,1,33,0,NULL),(639,'rate_voters','i18n::fields-group-rate_voters',204,1,0,38,1,NULL),(640,'svojstva_publikacii','i18n::fields-group-svojstva_publikacii',204,0,1,43,1,NULL),(641,'locks','i18n::fields-group-locks',204,1,1,48,1,NULL),(642,'opisanie_tovara','i18n::fields-group-descr_grp',204,1,1,10,0,NULL),(643,'manage_options','i18n::fields-group-management-options',204,1,1,32,0,NULL),(644,'item_properties','i18n::fields-group-item-properties',204,1,1,11,0,NULL),(645,'common','i18n::fields-group-common',206,1,0,5,1,NULL),(647,'more_params','i18n::fields-group-more_params',206,1,0,68,1,NULL),(648,'cenovye_svojstva','i18n::fields-group-cenovye_svojstva',206,1,1,22,0,NULL),(649,'catalog_option_props','i18n::fields-group-option_props',206,1,1,27,0,NULL),(650,'catalog_stores_props','i18n::fields-group-stores',206,1,1,33,0,NULL),(651,'rate_voters','i18n::fields-group-rate_voters',206,1,0,38,1,NULL),(652,'svojstva_publikacii','i18n::fields-group-svojstva_publikacii',206,0,1,43,1,NULL),(653,'locks','i18n::fields-group-locks',206,1,1,48,1,NULL),(654,'opisanie_tovara','i18n::fields-group-descr_grp',206,1,1,10,0,NULL),(655,'manage_options','i18n::fields-group-management-options',206,1,1,32,0,NULL),(656,'item_properties','i18n::fields-group-item-properties',206,1,1,11,0,NULL),(657,'common','i18n::fields-group-common',208,1,0,5,1,NULL),(659,'more_params','i18n::fields-group-more_params',208,1,0,68,1,NULL),(660,'cenovye_svojstva','i18n::fields-group-cenovye_svojstva',208,1,1,22,0,NULL),(661,'catalog_option_props','i18n::fields-group-option_props',208,1,1,27,0,NULL),(662,'catalog_stores_props','i18n::fields-group-stores',208,1,1,33,0,NULL),(663,'rate_voters','i18n::fields-group-rate_voters',208,1,0,38,1,NULL),(664,'svojstva_publikacii','i18n::fields-group-svojstva_publikacii',208,0,1,43,1,NULL),(665,'locks','i18n::fields-group-locks',208,1,1,48,1,NULL),(666,'opisanie_tovara','i18n::fields-group-descr_grp',208,1,1,10,0,NULL),(667,'manage_options','i18n::fields-group-management-options',208,1,1,32,0,NULL),(668,'item_properties','i18n::fields-group-item-properties',208,1,1,11,0,NULL),(669,'common','i18n::fields-group-common',209,1,0,5,1,NULL),(671,'more_params','i18n::fields-group-more_params',209,1,0,68,1,NULL),(672,'cenovye_svojstva','i18n::fields-group-cenovye_svojstva',209,1,1,22,0,NULL),(673,'catalog_option_props','i18n::fields-group-option_props',209,1,1,27,0,NULL),(674,'catalog_stores_props','i18n::fields-group-stores',209,1,1,33,0,NULL),(675,'rate_voters','i18n::fields-group-rate_voters',209,1,0,38,1,NULL),(676,'svojstva_publikacii','i18n::fields-group-svojstva_publikacii',209,0,1,43,1,NULL),(677,'locks','i18n::fields-group-locks',209,1,1,48,1,NULL),(678,'opisanie_tovara','i18n::fields-group-descr_grp',209,1,1,10,0,NULL),(679,'manage_options','i18n::fields-group-management-options',209,1,1,32,0,NULL),(680,'item_properties','i18n::fields-group-item-properties',209,1,1,11,0,NULL),(681,'common','i18n::fields-group-common',211,1,0,5,1,NULL),(683,'more_params','i18n::fields-group-more_params',211,1,0,68,1,NULL),(684,'cenovye_svojstva','i18n::fields-group-cenovye_svojstva',211,1,1,22,0,NULL),(685,'catalog_option_props','i18n::fields-group-option_props',211,1,1,27,0,NULL),(686,'catalog_stores_props','i18n::fields-group-stores',211,1,1,33,0,NULL),(687,'rate_voters','i18n::fields-group-rate_voters',211,1,0,38,1,NULL),(688,'svojstva_publikacii','i18n::fields-group-svojstva_publikacii',211,0,1,43,1,NULL),(689,'locks','i18n::fields-group-locks',211,1,1,48,1,NULL),(690,'opisanie_tovara','i18n::fields-group-descr_grp',211,1,1,10,0,NULL),(691,'manage_options','i18n::fields-group-management-options',211,1,1,32,0,NULL),(692,'item_properties','i18n::fields-group-item-properties',211,1,1,11,0,NULL),(717,'common','i18n::fields-group-common',215,1,0,5,1,NULL),(719,'more_params','i18n::fields-group-more_params',215,1,0,68,1,NULL),(720,'cenovye_svojstva','i18n::fields-group-cenovye_svojstva',215,1,1,22,0,NULL),(721,'catalog_option_props','i18n::fields-group-option_props',215,1,1,27,0,NULL),(722,'catalog_stores_props','i18n::fields-group-stores',215,1,1,33,0,NULL),(723,'rate_voters','i18n::fields-group-rate_voters',215,1,0,38,1,NULL),(724,'svojstva_publikacii','i18n::fields-group-svojstva_publikacii',215,0,1,43,1,NULL),(725,'locks','i18n::fields-group-locks',215,1,1,48,1,NULL),(726,'opisanie_tovara','i18n::fields-group-descr_grp',215,1,1,10,0,NULL),(727,'manage_options','i18n::fields-group-management-options',215,1,1,32,0,NULL),(728,'item_properties','i18n::fields-group-item-properties',215,1,1,11,0,NULL),(741,'common','i18n::fields-group-common',219,1,0,5,1,NULL),(743,'more_params','i18n::fields-group-more_params',219,1,0,68,1,NULL),(744,'cenovye_svojstva','i18n::fields-group-cenovye_svojstva',219,1,1,22,0,NULL),(745,'catalog_option_props','i18n::fields-group-option_props',219,1,1,27,0,NULL),(746,'catalog_stores_props','i18n::fields-group-stores',219,1,1,33,0,NULL),(747,'rate_voters','i18n::fields-group-rate_voters',219,1,0,38,1,NULL),(748,'svojstva_publikacii','i18n::fields-group-svojstva_publikacii',219,0,1,43,1,NULL),(749,'locks','i18n::fields-group-locks',219,1,1,48,1,NULL),(750,'opisanie_tovara','i18n::fields-group-descr_grp',219,1,1,10,0,NULL),(751,'manage_options','i18n::fields-group-management-options',219,1,1,32,0,NULL),(752,'item_properties','i18n::fields-group-item-properties',219,1,1,11,0,NULL),(753,'contacts','i18n::fields-group-contacts',141,1,1,25,0,''),(754,'sendingdata','i18n::fields-group-SendingData',221,1,0,5,1,NULL),(755,'formdata','i18n::fields-group-user_data',221,1,1,10,0,''),(758,'site_content','i18n::fields-group-site_content',141,1,1,30,0,''),(759,'payment_props','i18n::fields-group-payment_props',222,1,1,5,1,'Общие настройки способа оплаты'),(760,'settings','i18n::fields-group-parameters',222,1,1,10,1,'Настройки способа оплаты данного типа'),(761,'product','Карточка товара',141,1,1,35,0,''),(762,'fields_for_text','i18n::field-group-text_fields',142,1,1,35,0,''),(763,'catalog-fields-for-text','i18n::field-group-text_fields',80,1,1,45,0,''),(764,'catalog_settings','i18n::field-group-catalog_settings',141,1,1,40,0,''),(767,'custom_styles','i18n::field-group-custom_styles',141,1,1,45,0,''),(768,'trade_offers','i18n::fields-group-trade-offers',82,1,1,73,0,'Торговые предложения и их характеристики'),(769,'trade_offers','i18n::fields-group-trade-offers',170,1,1,73,0,'Торговые предложения и их характеристики'),(770,'trade_offers','i18n::fields-group-trade-offers',177,1,1,73,0,'Торговые предложения и их характеристики'),(771,'trade_offers','i18n::fields-group-trade-offers',178,1,1,73,0,'Торговые предложения и их характеристики'),(772,'trade_offers','i18n::fields-group-trade-offers',180,1,1,73,0,'Торговые предложения и их характеристики'),(773,'trade_offers','i18n::fields-group-trade-offers',184,1,1,73,0,'Торговые предложения и их характеристики'),(774,'trade_offers','i18n::fields-group-trade-offers',185,1,1,73,0,'Торговые предложения и их характеристики'),(775,'trade_offers','i18n::fields-group-trade-offers',191,1,1,73,0,'Торговые предложения и их характеристики'),(777,'trade_offers','i18n::fields-group-trade-offers',200,1,1,73,0,'Торговые предложения и их характеристики'),(778,'trade_offers','i18n::fields-group-trade-offers',202,1,1,73,0,'Торговые предложения и их характеристики'),(779,'trade_offers','i18n::fields-group-trade-offers',204,1,1,73,0,'Торговые предложения и их характеристики'),(780,'trade_offers','i18n::fields-group-trade-offers',206,1,1,73,0,'Торговые предложения и их характеристики'),(781,'trade_offers','i18n::fields-group-trade-offers',208,1,1,73,0,'Торговые предложения и их характеристики'),(782,'trade_offers','i18n::fields-group-trade-offers',209,1,1,73,0,'Торговые предложения и их характеристики'),(783,'trade_offers','i18n::fields-group-trade-offers',211,1,1,73,0,'Торговые предложения и их характеристики'),(784,'trade_offers','i18n::fields-group-trade-offers',215,1,1,73,0,'Торговые предложения и их характеристики'),(785,'trade_offers','i18n::fields-group-trade-offers',219,1,1,73,0,'Торговые предложения и их характеристики'),(786,'common','i18n::common',226,1,1,5,0,''),(787,'common','i18n::common',227,1,1,5,0,''),(788,'trade_offers','i18n::fields-group-trade-offers',41,1,1,15,0,'Торговое предложение товарного наименования'),(789,'common','i18n::fields-group-common',19,1,1,5,1,''),(790,'common','i18n::fields-group-common',230,1,1,5,1,''),(791,'common','i18n::fields-group-common',231,1,1,5,1,''),(792,'basic_params','i18n::fields-group-basic-params',232,1,1,5,0,'i18n::field-keep-log-tip'),(793,'basic_params','i18n::fields-group-basic-params',235,1,1,5,0,'i18n::field-keep-log-tip'),(794,'auth_params','i18n::fields-group-amo-auth-params',235,1,1,10,0,'i18n::field-sub-domain-tip'),(795,'users_user','i18n::fields-group-amo-users_user',235,1,1,15,0,''),(796,'users_author','i18n::fields-group-amo-users_author',235,1,1,20,0,''),(797,'dispatches_subscriber','i18n::fields-group-amo-dispatches_subscriber',235,1,1,25,0,''),(798,'emarket_order','i18n::fields-group-amo-emarket_order',235,1,1,30,0,''),(799,'common','i18n::fields-group-props',236,1,1,5,0,'Формат, в который будут преобразованы данные из UMI.CMS'),(800,'channel_meta','i18n::fields-group-channel-meta',236,1,1,10,0,''),(801,'channel_web_analytics','i18n::fields-group-channel-web-analytics',236,1,1,15,0,''),(802,'channel_advertising','i18n::fields-group-channel-advertising',236,1,1,20,0,''),(803,'order_credit_props','i18n::fields-group-credit',50,1,1,45,0,''),(804,'discount_rule_props','i18n::fields-group-discount_rule_props',237,1,1,5,0,''),(805,'locks','i18n::fields-group-locks',57,1,1,25,1,''),(806,'locks','i18n::fields-group-locks',59,1,1,20,1,'');
/*!40000 ALTER TABLE `cms3_object_field_groups` ENABLE KEYS */;
UNLOCK TABLES;

--
-- Table structure for table `cms3_object_field_types`
--

DROP TABLE IF EXISTS `cms3_object_field_types`;
/*!40101 SET @saved_cs_client     = @@character_set_client */;
/*!50503 SET character_set_client = utf8mb4 */;
CREATE TABLE `cms3_object_field_types` (
  `id` int unsigned NOT NULL AUTO_INCREMENT,
  `name` varchar(64) DEFAULT NULL,
  `data_type` enum('int','string','text','relation','file','img_file','swf_file','bool','date','boolean','wysiwyg','password','tags','symlink','price','formula','float','counter','optioned','video_file','color','link_to_object_type','multiple_image','domain_id','domain_id_list','offer_id_list','offer_id','multiple_file','lang_id','lang_id_list','price_type_id') DEFAULT NULL,
  `is_multiple` tinyint(1) DEFAULT '0',
  `is_unsigned` tinyint(1) DEFAULT '0',
  PRIMARY KEY (`id`),
  KEY `name` (`name`),
  KEY `data_type` (`data_type`),
  KEY `is_multiple` (`is_multiple`),
  KEY `is_unsigned` (`is_unsigned`)
) ENGINE=InnoDB AUTO_INCREMENT=32 DEFAULT CHARSET=utf8mb3;
/*!40101 SET character_set_client = @saved_cs_client */;

--
-- Dumping data for table `cms3_object_field_types`
--

LOCK TABLES `cms3_object_field_types` WRITE;
/*!40000 ALTER TABLE `cms3_object_field_types` DISABLE KEYS */;
INSERT INTO `cms3_object_field_types` VALUES (1,'i18n::field-type-boolean','boolean',0,0),(2,'i18n::field-type-color','color',0,0),(3,'i18n::field-type-counter','counter',0,0),(4,'i18n::field-type-date','date',0,0),(5,'i18n::field-type-file','file',0,0),(6,'i18n::field-type-float','float',0,0),(7,'i18n::field-type-img_file','img_file',0,0),(8,'i18n::field-type-int','int',0,0),(9,'i18n::field-type-link-to-object-type','link_to_object_type',0,0),(10,'i18n::field-type-multiple-image','multiple_image',1,0),(11,'i18n::field-type-optioned','optioned',1,0),(12,'i18n::field-type-password','password',0,0),(13,'i18n::field-type-price','price',0,0),(14,'i18n::field-type-relation','relation',0,0),(15,'i18n::field-type-relation-multiple','relation',1,0),(16,'i18n::field-type-string','string',0,0),(17,'i18n::field-type-swf_file','swf_file',0,0),(18,'i18n::field-type-symlink-multiple','symlink',1,0),(19,'i18n::field-type-tags-multiple','tags',1,0),(20,'i18n::field-type-text','text',0,0),(21,'i18n::field-type-video','video_file',0,0),(22,'i18n::field-type-wysiwyg','wysiwyg',0,0),(23,'i18n::field-type-domain-id','domain_id',0,0),(24,'i18n::field-type-domain-id-list','domain_id_list',1,0),(25,'i18n::field-type-offer-id-list','offer_id_list',1,0),(26,'i18n::field-type-offer-id','offer_id',0,0),(27,'i18n::field-type-multiple-file','',1,0),(28,'i18n::field-type-multiple-file','multiple_file',1,0),(29,'i18n::field-type-lang-id','lang_id',0,0),(30,'i18n::field-type-lang-id-list','lang_id_list',1,0),(31,'i18n::field-type-price-type-id','price_type_id',0,0);
/*!40000 ALTER TABLE `cms3_object_field_types` ENABLE KEYS */;
UNLOCK TABLES;

--
-- Table structure for table `cms3_object_fields`
--

DROP TABLE IF EXISTS `cms3_object_fields`;
/*!40101 SET @saved_cs_client     = @@character_set_client */;
/*!50503 SET character_set_client = utf8mb4 */;
CREATE TABLE `cms3_object_fields` (
  `id` int unsigned NOT NULL AUTO_INCREMENT,
  `name` varchar(64) DEFAULT NULL,
  `title` varchar(255) DEFAULT NULL,
  `is_locked` tinyint(1) DEFAULT '0',
  `field_type_id` int unsigned DEFAULT NULL,
  `is_inheritable` tinyint(1) DEFAULT '0',
  `is_visible` tinyint(1) DEFAULT '1',
  `guide_id` int unsigned DEFAULT NULL,
  `in_search` tinyint(1) DEFAULT '1',
  `in_filter` tinyint(1) DEFAULT '1',
  `tip` varchar(255) DEFAULT NULL,
  `is_required` tinyint(1) DEFAULT NULL,
  `restriction_id` int unsigned DEFAULT NULL,
  `sortable` tinyint DEFAULT '0',
  `is_system` tinyint(1) DEFAULT '0',
  `is_important` tinyint(1) DEFAULT '0',
  PRIMARY KEY (`id`),
  KEY `Field to field type relation_FK` (`field_type_id`),
  KEY `FK_Reference_25` (`guide_id`),
  KEY `name` (`name`),
  KEY `title` (`title`),
  KEY `is_locked` (`is_locked`),
  KEY `is_inheritable` (`is_inheritable`),
  KEY `is_visible` (`is_visible`),
  KEY `in_search` (`in_search`),
  KEY `in_filter` (`in_filter`),
  KEY `tip` (`tip`),
  KEY `is_required` (`is_required`),
  KEY `restriction_id` (`restriction_id`),
  KEY `sortable` (`sortable`),
  KEY `is_system` (`is_system`),
  KEY `is_important` (`is_important`),
  CONSTRAINT `FK_Field to field guide relation` FOREIGN KEY (`guide_id`) REFERENCES `cms3_object_types` (`id`) ON DELETE SET NULL ON UPDATE CASCADE,
  CONSTRAINT `FK_Field to field type relation` FOREIGN KEY (`field_type_id`) REFERENCES `cms3_object_field_types` (`id`) ON DELETE CASCADE ON UPDATE CASCADE,
  CONSTRAINT `FK_Field to restriction relation` FOREIGN KEY (`restriction_id`) REFERENCES `cms3_object_fields_restrictions` (`id`) ON DELETE CASCADE ON UPDATE CASCADE
) ENGINE=InnoDB AUTO_INCREMENT=778 DEFAULT CHARSET=utf8mb3;
/*!40101 SET character_set_client = @saved_cs_client */;

--
-- Dumping data for table `cms3_object_fields`
--

LOCK TABLES `cms3_object_fields` WRITE;
/*!40000 ALTER TABLE `cms3_object_fields` DISABLE KEYS */;
INSERT INTO `cms3_object_fields` VALUES (1,'publish_status_id','i18n::field-publish_status_id',1,16,0,1,NULL,0,0,'',0,NULL,0,0,0),(2,'title','i18n::field-title',1,16,1,1,NULL,1,0,'',0,NULL,0,0,1),(3,'h1','i18n::field-h1',1,16,1,1,NULL,1,0,'',0,NULL,0,0,1),(4,'content','i18n::field-content',1,22,0,1,NULL,1,0,'',0,NULL,0,0,1),(5,'meta_descriptions','i18n::field-meta_descriptions',1,16,1,1,NULL,1,0,'',0,NULL,0,0,1),(6,'meta_keywords','i18n::field-meta_keywords',1,16,1,1,NULL,1,0,'',0,NULL,0,0,0),(7,'tags','i18n::field-tags',1,19,0,1,NULL,0,0,'',0,NULL,0,0,0),(11,'robots_deny','i18n::field-robots_deny',1,1,1,1,NULL,0,0,'',0,NULL,0,0,0),(12,'show_submenu','i18n::field-show_submenu',1,1,1,1,NULL,0,0,'',0,NULL,0,0,0),(13,'is_expanded','i18n::field-is_expanded',1,1,1,1,NULL,0,0,'',0,NULL,0,0,0),(14,'is_unindexed','i18n::field-is_unindexed',1,1,1,1,NULL,0,0,'',0,NULL,0,0,0),(15,'rate_voters','i18n::field-rate_voters',1,8,0,0,NULL,0,0,'',0,NULL,0,1,0),(16,'rate_sum','i18n::field-rate_sum',1,8,0,0,NULL,0,0,'',0,NULL,0,1,0),(17,'expiration_date','i18n::field-expiration_date',1,4,0,1,NULL,0,0,'',0,NULL,0,0,0),(18,'notification_date','i18n::field-notification_date',1,4,0,1,NULL,0,0,'',0,NULL,0,0,0),(19,'publish_comments','i18n::field-publish_comments',1,20,0,1,NULL,0,0,'',0,NULL,0,0,0),(20,'publish_status','i18n::field-publish_status',1,14,0,1,2,0,0,'',0,NULL,0,0,0),(21,'locktime','i18n::field-locktime',1,4,0,1,NULL,0,0,'',0,NULL,0,1,0),(22,'lockuser','i18n::field-lockuser',1,8,0,1,NULL,0,0,'',0,NULL,0,1,0),(23,'charset','i18n::field-rss-source-charset',0,16,0,0,NULL,0,0,'',0,NULL,0,0,0),(24,'readme','i18n::field-readme',1,20,0,1,NULL,0,0,'',0,NULL,0,0,0),(25,'rss_type','i18n::field-rss_type',1,14,0,1,5,0,0,'',0,NULL,0,0,0),(26,'url','i18n::field-url',1,16,0,1,NULL,0,0,'',0,NULL,0,0,1),(27,'charset_id','i18n::field-rss-source-charset-relation',0,14,0,1,6,0,0,'',0,NULL,0,0,0),(28,'news_rubric','i18n::field-news_rubric',1,15,0,1,7,0,0,'',0,NULL,0,0,0),(29,'quality_value','i18n::field-quality_value',1,16,0,1,NULL,0,0,'',0,NULL,0,0,0),(30,'country_iso_code','i18n::field-country_code',1,16,0,1,NULL,0,0,'Страна в формате ISO 3166-1 alpha-2',0,NULL,0,0,0),(31,'identifier','i18n::field-idcode',0,8,0,1,NULL,0,0,'',1,NULL,0,0,1),(32,'number','i18n::field-index_number',0,8,0,0,NULL,0,0,'Порядковый номер дня недели (1 (Понедельник) - 7 (Воскресение))',0,NULL,0,0,0),(33,'social_id','i18n::field-social_id',1,8,0,1,NULL,0,0,'',1,NULL,0,0,0),(34,'codename','i18n::field-string_id',0,16,0,1,NULL,0,0,'',1,NULL,0,0,1),(35,'codename','i18n::field-currency_id',0,16,0,1,NULL,0,0,'',1,NULL,0,0,1),(36,'nominal','i18n::field-nominal',0,8,0,1,NULL,0,0,'',1,NULL,0,0,1),(37,'rate','i18n::field-rate',0,6,0,1,NULL,0,0,'',1,NULL,0,0,1),(38,'prefix','i18n::field-prefix_n',0,16,0,1,NULL,0,0,'',0,NULL,0,0,0),(39,'suffix','i18n::field-suffix',0,16,0,1,NULL,0,0,'',0,NULL,0,0,0),(40,'codename','i18n::field-status_code',0,16,0,1,22,0,0,'',1,NULL,0,0,1),(41,'platform_identificator','i18n::field-emarket-mobile-platform_identificator',1,16,0,1,NULL,0,0,'',1,NULL,0,0,0),(42,'active','i18n::field-emarket-mobile-device-active',0,1,0,1,NULL,0,0,'',0,NULL,0,0,0),(43,'domain_id','i18n::field_domain',1,23,0,1,NULL,0,0,'',0,NULL,0,0,0),(44,'token','i18n::field-emarket-mobile-device-token',0,16,0,1,NULL,0,0,'',0,NULL,0,0,0),(45,'platform','i18n::field-emarket-mobile-platform',0,14,0,1,24,0,0,'',0,NULL,0,0,0),(46,'lname','i18n::field-lname_oneclick',0,16,0,1,NULL,0,0,'',1,NULL,0,0,1),(47,'fname','i18n::field-fname_oneclick',0,16,0,1,NULL,0,0,'',1,NULL,0,0,1),(48,'father_name','i18n::field-father_name_oneclick',0,16,0,1,NULL,0,0,'',0,NULL,0,0,0),(49,'email','i18n::field-email_oneclick',0,16,0,1,NULL,0,0,'',1,3,0,0,1),(50,'phone','i18n::field-phone_number_oneclick',0,16,0,1,NULL,0,0,'',1,NULL,0,0,1),(51,'yandex_id','i18n::field-id-for-yandex-kassa',1,8,0,1,NULL,0,0,'',1,NULL,0,1,1),(52,'description','i18n::field-description',0,16,0,1,NULL,0,0,'',0,NULL,0,0,1),(53,'modificator_codename','i18n::field-identifier',0,16,0,1,NULL,0,0,'',1,NULL,0,0,1),(54,'modificator_type_id','i18n::field-modificator_type_id',0,9,0,1,NULL,0,0,'',1,2,0,0,1),(55,'modificator_discount_types','i18n::field-modificator_discount_types',0,15,0,1,29,0,0,'',0,NULL,0,0,1),(56,'modificator_type_guid','i18n::field-modificator_type_guid',0,16,0,1,NULL,0,0,'',0,NULL,0,0,1),(57,'modificator_type_id','i18n::field-modificator_type',0,14,0,1,30,0,0,'',1,NULL,0,0,1),(58,'rule_codename','i18n::field-rule_id',0,16,0,1,NULL,0,0,'',1,NULL,0,0,1),(59,'rule_type_id','i18n::field-rule_type_id',0,9,0,1,NULL,0,0,'',1,2,0,0,1),(60,'rule_discount_types','i18n::field-rule_discount_types',0,15,0,1,29,0,0,'',1,NULL,0,0,1),(61,'rule_type_guid','i18n::field-rule_type_guid',0,16,0,1,NULL,0,0,'',0,NULL,0,0,1),(62,'rule_type_id','i18n::field-rule_type',0,14,0,1,32,0,0,'',1,NULL,0,0,1),(63,'sid','i18n::field-sid',0,16,0,0,NULL,0,0,'Служит для связи с обработчиками, заполняется разработчиком импотрера',1,NULL,0,0,1),(64,'sid','i18n::field-sid',0,16,0,0,NULL,0,0,'Служит для связи с обработчиками, заполняется разработчиком импотрера',1,NULL,0,0,1),(65,'nazvanie','i18n::field-nazvanie',1,16,0,0,NULL,0,0,'',0,NULL,0,0,1),(66,'country','i18n::field-country',0,14,0,1,10,0,0,'',1,NULL,0,0,0),(67,'index','i18n::field-post_index',0,8,0,1,NULL,0,0,'',1,NULL,0,0,1),(68,'region','i18n::field-geographic_area',0,16,0,1,NULL,0,0,'',0,NULL,0,0,0),(69,'city','i18n::field-city',0,16,0,1,NULL,0,0,'',1,NULL,0,0,1),(70,'street','i18n::field-street',0,16,0,1,NULL,0,0,'',1,NULL,0,0,1),(71,'house','i18n::field-house',0,16,0,1,NULL,0,0,'',1,NULL,0,0,1),(72,'flat','i18n::field-appartment',0,16,0,1,NULL,0,0,'',0,NULL,0,0,1),(73,'class_name','i18n::field-item_type_id',0,16,0,1,NULL,0,0,'',1,NULL,0,0,1),(74,'discount_type_id','i18n::field-discount_type',0,14,0,1,29,0,0,'Определяет область применения скидки',1,NULL,0,0,1),(75,'discount_modificator_id','i18n::field-price_modificator',0,14,0,1,12,0,0,'Определяет, по какому принципу будет пересчитываться цена',0,NULL,0,0,1),(76,'discount_rules_id','i18n::field-validation_rules',0,15,0,1,13,0,0,'Определяют ограничения по применению скидки',0,NULL,0,0,1),(77,'is_active','i18n::field-is_active',1,1,0,1,NULL,0,0,'',0,NULL,0,0,1),(78,'description','i18n::field-description',0,20,0,1,NULL,0,0,'',0,NULL,0,0,1),(79,'item_amount','i18n::field-item_amount',0,8,0,1,NULL,0,0,'',0,NULL,0,0,1),(80,'item_price','i18n::field-item_price',0,6,0,1,NULL,0,0,'',0,NULL,0,0,1),(81,'item_total_original_price','i18n::field-item_total_original_price',0,13,0,1,NULL,0,0,'',0,NULL,0,0,1),(82,'item_total_price','i18n::field-item_total_price',0,13,0,1,NULL,0,0,'',0,NULL,0,0,1),(83,'item_type_id','i18n::field-item_type',0,14,0,1,38,0,0,'',0,NULL,0,0,1),(84,'item_link','i18n::field-item_link',0,18,0,1,NULL,0,0,'',0,NULL,0,0,1),(85,'item_discount_id','i18n::field-catalog_object_discount',0,14,0,1,39,0,0,'',0,NULL,0,0,1),(86,'item_discount_value','i18n::field-order-item-discount-value',1,13,0,1,NULL,0,0,'i18n::field-order-item-discount-value',0,NULL,0,0,1),(87,'weight','i18n::field-order-item-weight',1,6,0,1,NULL,0,0,'',0,NULL,0,0,1),(88,'width','i18n::field-order-item-width',1,6,0,1,NULL,0,0,'',0,NULL,0,0,1),(89,'height','i18n::field-order-item-height',1,6,0,1,NULL,0,0,'',0,NULL,0,0,1),(90,'length','i18n::field-order-item-length',1,6,0,1,NULL,0,0,'',0,NULL,0,0,1),(91,'tax_rate_id','i18n::field-tax-rate-id',1,14,0,1,28,0,0,'',0,NULL,0,0,1),(92,'options','i18n::field-item_options',0,11,0,1,40,0,0,'',0,NULL,0,0,1),(93,'priority','i18n::field-order-delivery-priority',0,8,0,0,NULL,0,0,'',0,NULL,0,0,0),(94,'class_name','i18n::field-payment_type_id',0,16,0,1,NULL,0,0,'',1,NULL,0,0,1),(95,'payment_type_id','i18n::field-payment_datatype_id',0,9,0,1,NULL,0,0,'',1,2,0,0,1),(96,'payment_type_guid','i18n::field-payment_type_guid',0,16,0,1,NULL,0,0,'',0,NULL,0,0,1),(97,'payment_type_id','i18n::field-payment_type',1,14,0,1,43,0,0,'',1,NULL,0,0,1),(98,'contact_person','i18n::field-contact_person',0,16,0,1,NULL,0,0,'',0,NULL,0,0,1),(99,'phone_number','i18n::field-phone_number',0,16,0,1,NULL,0,0,'',0,NULL,0,0,1),(100,'fax','i18n::field-fax',0,16,0,1,NULL,0,0,'',0,NULL,0,0,1),(101,'name','i18n::field-organisation_name',0,16,0,1,NULL,0,0,'',1,NULL,0,0,1),(102,'legal_address','i18n::field-legal_address',0,16,0,1,NULL,0,0,'',0,NULL,0,0,1),(103,'defacto_address','i18n::field-defacto_address',0,16,0,1,NULL,0,0,'',0,NULL,0,0,1),(104,'post_address','i18n::field-post_address',0,16,0,1,NULL,0,0,'',0,NULL,0,0,1),(105,'inn','i18n::field-TIN',0,16,0,1,NULL,0,0,'',0,NULL,0,0,1),(106,'account','i18n::field-account',0,16,0,1,NULL,0,0,'',0,NULL,0,0,1),(107,'bank','i18n::field-bank',0,16,0,1,NULL,0,0,'',0,NULL,0,0,0),(108,'bank_account','i18n::field-bank_account',0,16,0,1,NULL,0,0,'',0,NULL,0,0,0),(109,'bik','i18n::field-bik',0,16,0,1,NULL,0,0,'',0,NULL,0,0,1),(110,'ogrn','i18n::field-ogrn',0,16,0,1,NULL,0,0,'',0,NULL,0,0,1),(111,'kpp','i18n::field-RRC',0,16,0,1,NULL,0,0,'',0,NULL,0,0,1),(112,'class_name','i18n::field-delivery_type_id',0,16,0,1,NULL,0,0,'',1,NULL,0,0,1),(113,'delivery_type_id','i18n::field-delivery_datatype_id',0,9,0,1,NULL,0,0,'',1,2,0,0,1),(114,'delivery_type_guid','i18n::field-delivery_type_guid',0,16,0,1,NULL,0,0,'',0,NULL,0,0,1),(115,'description','i18n::field-delivery_description',0,20,0,1,NULL,0,0,'',0,NULL,0,0,1),(116,'delivery_type_id','i18n::field-delivery_type',0,14,0,0,47,0,0,'',1,NULL,0,0,1),(117,'price','i18n::field-delivery_price',0,13,0,1,NULL,0,0,'',0,NULL,0,0,1),(118,'tax_rate_id','i18n::field-tax-rate-id',1,14,0,1,28,0,0,'',0,NULL,0,0,1),(119,'order_items','i18n::field-order_items',0,15,0,1,41,0,0,'',0,NULL,0,0,1),(120,'number','i18n::field-order_number',0,8,0,1,NULL,0,0,'',0,NULL,0,0,1),(121,'social_order_id','i18n::field-social_order_id',1,8,0,1,NULL,0,0,'',0,NULL,0,0,0),(123,'customer_id','i18n::field-customer',0,14,0,1,51,0,0,'',0,NULL,0,0,1),(124,'domain_id','i18n::field-domain_name',0,23,0,1,NULL,0,0,'',0,NULL,0,0,0),(125,'manager_id','i18n::field-manager',0,14,0,1,51,0,0,'',0,NULL,0,0,1),(126,'status_id','i18n::field-order_status',0,14,0,1,42,0,0,'',0,NULL,0,0,1),(127,'total_original_price','i18n::field-order_original_price',0,13,0,1,NULL,0,0,'',0,NULL,0,0,1),(128,'total_price','i18n::field-total_price',0,13,0,1,NULL,0,0,'',0,NULL,0,0,1),(129,'total_amount','i18n::field-total_amount',0,8,0,1,NULL,0,0,'',0,NULL,0,0,1),(130,'status_change_date','i18n::field-status_change_date',0,4,0,1,NULL,0,0,'Выставляется автоматически, когда происходит изменение статуса заказа',0,NULL,0,0,0),(131,'order_date','i18n::field-order_date',0,4,0,1,NULL,0,0,'Дата, когда заказ был оформлен покупателем',0,NULL,0,0,1),(132,'order_discount_value','i18n::field-order-discount-value',1,13,0,1,NULL,0,0,'i18n::field-order-discount-value',0,NULL,0,0,1),(133,'is_reserved','i18n::field-is_reserved',0,1,0,0,NULL,0,0,'',0,NULL,0,1,0),(141,'http_referer','i18n::field-referer',0,20,0,1,NULL,0,0,'',0,NULL,0,0,0),(142,'http_target','i18n::field-target',0,20,0,1,NULL,0,0,'',0,NULL,0,0,0),(143,'source_domain','i18n::field-source_domain',1,16,0,0,NULL,0,0,'',0,NULL,0,0,0),(144,'utm_medium','i18n::field-utm_medium',1,16,0,0,NULL,0,0,'',0,NULL,0,0,0),(145,'utm_term','i18n::field-utm_term',1,16,0,0,NULL,0,0,'',0,NULL,0,0,0),(146,'utm_campaign','i18n::field-utm_campaign',1,16,0,0,NULL,0,0,'',0,NULL,0,0,0),(147,'utm_content','i18n::field-utm_content',1,16,0,0,NULL,0,0,'',0,NULL,0,0,0),(148,'order_create_date','i18n::field-order_create_date',1,4,0,0,NULL,0,0,'',0,NULL,0,0,0),(149,'payment_id','i18n::field-payment_id',0,14,0,1,44,0,0,'',0,NULL,0,0,1),(150,'payment_status_id','i18n::field-payment_status',0,14,0,1,45,0,0,'',0,NULL,0,0,1),(151,'payment_date','i18n::field-payment_date',0,4,0,1,NULL,0,0,'Дата успешной оплаты заказа',0,NULL,0,0,0),(152,'payment_document_num','i18n::field-payment_document_number',0,16,0,1,NULL,0,0,'Заполняется системой автоматически',0,NULL,0,0,0),(153,'legal_person','i18n::field-legal_person',1,14,0,1,46,0,0,'',0,NULL,0,0,1),(154,'delivery_id','i18n::field-delivery_id',0,14,0,1,48,0,0,'',0,NULL,0,0,1),(155,'delivery_status_id','i18n::field-delivery_status',0,14,0,1,49,0,0,'',0,NULL,0,0,1),(156,'delivery_address','i18n::field-destination_address',0,14,0,1,37,0,0,'',0,NULL,0,0,1),(157,'delivery_date','i18n::field-delivery-date',1,4,0,1,NULL,0,0,'Дата, когда товар будет доставлен клиенту или на пункт выдачи',0,NULL,0,0,1),(158,'pickup_date','i18n::field-pickup-date',1,4,0,1,NULL,0,0,'Даpickup_typeта, когда товар будет доставлен на пункт приема или когда нужно его забрать со склада',0,NULL,0,0,1),(159,'delivery_provider','i18n::field-delivery-provider',1,16,0,1,NULL,0,0,'i18n::field-delivery-provider',0,NULL,0,0,1),(160,'delivery_tariff','i18n::field-delivery-tariff',1,16,0,1,NULL,0,0,'i18n::field-delivery-tariff',0,NULL,0,0,1),(161,'delivery_type','i18n::field-delivery-type',1,16,0,1,NULL,0,0,'Тип доставки товара клиенту',0,NULL,0,0,1),(162,'pickup_type','i18n::field-pickup-type',1,16,0,1,NULL,0,0,'Тип доставки товара поставщику',0,NULL,0,0,1),(163,'delivery_price','i18n::field-del_price',0,13,0,1,NULL,0,0,'',0,NULL,0,0,1),(164,'delivery_point_in','i18n::field-delivery-point-in-id',1,16,0,1,NULL,0,0,'Точка приема товара',0,NULL,0,0,1),(165,'delivery_point_out','i18n::field-delivery-point-out-id',1,16,0,1,NULL,0,0,'Точка выдачи товара',0,NULL,0,0,1),(166,'total_weight','i18n::field-order-total-weight',1,6,0,1,NULL,0,0,'i18n::field-order-total-weight-tip',0,NULL,0,0,1),(167,'total_width','i18n::field-order-book-total-width',1,6,0,1,NULL,0,0,'i18n::field-order-book-total-width-tip',0,NULL,0,0,0),(168,'total_height','i18n::field-order-total-height',1,6,0,1,NULL,0,0,'i18n::field-order-total-height-tip',0,NULL,0,0,0),(169,'total_length','i18n::field-order-total-length',1,6,0,1,NULL,0,0,'i18n::field-ordelivery_providerder-total-length-tip',0,NULL,0,0,0),(170,'delivery_allow_date','i18n::field-delivery_allow_date',0,4,0,1,NULL,0,0,'Заполняется системой автоматически, когда возможна доставка и заказ успешно оплачен',0,NULL,0,0,0),(171,'order_discount_id','i18n::field-order_discount',0,14,0,1,39,0,0,'',0,NULL,0,0,1),(172,'bonus','i18n::field-spent_bonus',1,13,0,0,NULL,0,0,'',0,NULL,0,0,0),(173,'need_export','i18n::field-export_1C',0,1,0,1,NULL,0,0,'Выставляется системой автоматически, когда заказ необходимо выгрузить в 1С',0,NULL,0,0,0),(174,'purchaser_one_click','i18n::field-customer',1,14,0,1,26,0,0,'',0,NULL,0,0,1),(175,'login','i18n::field-login',1,16,0,1,NULL,0,0,'',1,NULL,0,0,1),(176,'password','i18n::field-password',1,12,0,1,NULL,0,0,'',0,NULL,0,0,0),(177,'e-mail','i18n::field-e-mail',1,16,0,1,NULL,0,0,'',1,NULL,0,0,1),(178,'groups','i18n::field-groups',1,15,0,0,36,0,0,'',0,NULL,0,0,1),(179,'activate_code','i18n::field-activate_code',1,16,0,0,NULL,0,0,'',0,NULL,0,1,0),(180,'loginza','i18n::field-loginza',1,16,0,1,NULL,0,0,'Адрес сервиса',0,NULL,0,0,0),(181,'is_activated','i18n::field-is_activated',1,1,0,0,NULL,0,0,'',0,NULL,0,0,1),(182,'last_request_time','i18n::field-last_request_time',1,8,0,0,NULL,0,0,'',0,NULL,0,1,0),(183,'subscribed_pages','i18n::field-subscribed_pages',1,18,0,0,NULL,0,0,'',0,NULL,0,1,0),(184,'rated_pages','i18n::field-rated_pages',1,18,0,0,NULL,0,0,'',0,NULL,0,1,0),(185,'is_online','i18n::field-is_online',1,1,0,0,NULL,0,0,'',0,NULL,0,1,0),(186,'messages_count','i18n::field-messages_count',1,8,0,0,NULL,0,0,'',0,NULL,0,1,0),(187,'orders_refs','i18n::field-orders_refs',1,15,0,0,NULL,0,0,'',0,NULL,0,1,0),(188,'delivery_addresses','i18n::field-delivery_addresses',1,15,0,1,37,0,0,'',0,NULL,0,1,0),(189,'user_dock','i18n::field-user_dock',1,16,0,0,NULL,0,0,'',0,NULL,0,1,0),(190,'preffered_currency','i18n::field-preffered_currency',1,14,0,0,22,0,0,'',0,NULL,0,0,0),(191,'user_settings_data','i18n::field-user_settings_data',1,20,0,0,NULL,0,0,'',0,NULL,0,1,0),(192,'last_order','i18n::field-last_order',1,11,0,0,50,0,0,'',0,NULL,0,1,0),(193,'bonus','i18n::field-bonus',1,13,0,0,NULL,0,0,'',0,NULL,0,0,0),(194,'legal_persons','i18n::field-legal_persons',1,15,0,1,46,0,0,'',0,NULL,0,1,1),(195,'spent_bonus','i18n::field-spent_bonus',1,13,0,0,NULL,0,0,'',0,NULL,0,0,0),(196,'filemanager_directory','i18n::field-filemanager-directory',1,16,0,0,122,0,0,'Список доступных пользователю директорий. В качестве разделителя используется запятая - например: /image/cms, /files.',0,NULL,0,0,0),(197,'appended_file_extensions','i18n::field-appended-file-extensions',1,16,0,0,NULL,0,0,'Список дополнительных расширений файлов, которые пользователь может загружать на сервер. В качестве разделителя используется запятая - например: cdr, mid, midi.',0,NULL,0,0,0),(198,'register_date','i18n::field-register_date',0,4,0,0,NULL,0,0,'',0,NULL,0,0,0),(199,'tickets_color','i18n::field-tickets_color',0,2,0,0,NULL,0,0,'Фоновый цвет заметок',0,NULL,0,0,0),(200,'lname','i18n::field-lname',1,16,0,1,NULL,0,0,'',0,NULL,0,0,1),(201,'fname','i18n::field-fname',1,16,0,1,NULL,0,0,'Это поле содержит Имя пользователя. Оно отображается в характеристиках пользователя и может быть изменено самим пользователем.',1,NULL,0,0,1),(202,'father_name','i18n::field-father_name',1,16,0,1,NULL,0,0,'',0,NULL,0,0,0),(203,'phone','i18n::field-phone_n',1,16,0,1,NULL,0,0,'',0,NULL,0,0,1),(204,'referer','i18n::field-referer',0,20,0,0,NULL,0,0,'',0,NULL,0,0,0),(205,'target','i18n::field-target',0,20,0,0,NULL,0,0,'',0,NULL,0,0,0),(206,'menu_id','i18n::field-menu-menu_id',0,16,0,1,NULL,0,0,'',0,NULL,0,0,1),(207,'menuhierarchy','i18n::field-menuhierarchy',0,20,0,1,NULL,0,0,'',0,NULL,0,0,1),(208,'anons','i18n::field-anons',1,22,0,1,NULL,1,0,'',0,NULL,0,0,1),(209,'source','i18n::field-source',1,16,0,1,NULL,0,0,'',0,NULL,0,0,0),(210,'source_url','i18n::field-source_url',1,16,0,1,NULL,0,0,'',0,NULL,0,0,0),(211,'publish_time','i18n::field-faq_publish_time',1,4,0,1,NULL,0,1,'',0,NULL,0,0,1),(212,'begin_time','i18n::field-begin_time',1,4,0,1,NULL,0,0,'',0,NULL,0,0,0),(213,'end_time','i18n::field-end_time',1,4,0,1,NULL,0,0,'',0,NULL,0,0,0),(214,'anons_pic','i18n::field-anons_pic',1,7,0,1,NULL,0,0,'',0,NULL,0,0,1),(215,'publish_pic','i18n::field-publish_pic',1,7,0,1,NULL,0,0,'',0,NULL,0,0,1),(216,'subjects','i18n::field-subjects',1,15,0,1,53,0,0,'',0,NULL,0,0,0),(217,'user_id','i18n::field-user_id',1,14,0,1,51,0,0,'',0,NULL,0,1,0),(218,'message','i18n::field-message',1,20,0,1,NULL,1,0,'',0,NULL,0,0,1),(219,'x','i18n::field-x',1,8,0,1,NULL,0,0,'',0,NULL,0,1,0),(220,'y','i18n::field-y',1,8,0,1,NULL,0,0,'',0,NULL,0,1,0),(221,'width','i18n::field-width',1,8,0,1,NULL,0,0,'',0,NULL,0,1,0),(222,'height','i18n::field-height',1,8,0,1,NULL,0,0,'',0,NULL,0,1,0),(223,'url','i18n::field-url',1,16,0,1,NULL,0,0,'',0,NULL,0,1,1),(224,'create_time','i18n::field-create_time',1,4,0,1,NULL,0,0,'',0,NULL,0,1,0),(225,'description','i18n::field-description',1,16,0,1,NULL,0,1,'',0,NULL,0,0,1),(226,'friendlist','i18n::field-friendlist',1,15,0,1,51,0,1,'',0,NULL,0,0,0),(227,'is_registrated','i18n::field-is_registrated',1,1,0,1,NULL,0,0,'',0,NULL,0,0,0),(228,'user_id','i18n::field-user_id',1,14,0,1,51,0,0,'',0,NULL,0,0,0),(229,'nickname','i18n::field-nickname',1,16,0,1,NULL,0,0,'',0,NULL,0,0,1),(230,'email','i18n::field-email',1,16,0,1,NULL,0,0,'',0,NULL,0,0,1),(231,'ip','i18n::field-ip',1,16,0,1,NULL,0,0,'',0,NULL,0,0,0),(232,'author_id','i18n::field-author_id',1,14,1,0,58,0,1,'Идентификатор автора комментария',0,NULL,0,0,1),(233,'is_spam','i18n::field-is_spam',0,1,0,1,NULL,0,0,'',0,NULL,0,0,1),(234,'only_for_friends','i18n::field-only_for_friends',1,1,0,1,NULL,0,1,'',0,NULL,0,0,0),(235,'descr','i18n::field-descr',1,22,0,1,NULL,1,0,'',0,NULL,0,0,1),(236,'topics_count','i18n::field-topics_count',1,8,0,0,NULL,0,0,'',0,NULL,0,0,0),(237,'messages_count','i18n::field-messages_count',1,8,0,0,NULL,0,0,'',0,NULL,0,0,0),(238,'last_message','i18n::field-last_message',1,18,0,0,NULL,0,0,'',0,NULL,0,0,0),(239,'last_post_time','i18n::field-last_post_time',1,8,0,0,NULL,0,0,'',0,NULL,0,0,0),(240,'message','i18n::field-message',1,20,0,1,NULL,1,0,'',0,NULL,0,0,1),(241,'count','i18n::field-count',1,8,0,1,NULL,0,0,'',0,NULL,0,0,1),(242,'poll_rel','i18n::field-poll_rel',1,14,0,0,66,0,0,'',0,NULL,0,0,0),(243,'is_closed','i18n::field-is_closed',1,1,0,1,NULL,0,0,'',0,NULL,0,0,1),(244,'question','i18n::field-question',1,20,0,1,NULL,1,0,'Вопрос пользователя',0,NULL,0,0,1),(245,'answers','i18n::field-answers',1,15,0,1,65,0,0,'',0,NULL,0,0,1),(246,'total_count','i18n::field-total_count',1,8,0,1,NULL,0,0,'',0,NULL,0,0,1),(247,'form_id','i18n::field-form_id',1,9,0,0,NULL,0,1,'',0,NULL,0,0,1),(248,'destination_address','i18n::field-destination_address',1,16,0,0,NULL,0,0,'',0,NULL,0,0,1),(249,'sender_ip','i18n::field-sender_ip',1,16,0,0,NULL,0,0,'',0,NULL,0,0,0),(250,'sending_time','i18n::field-sending_time',1,4,0,0,NULL,0,0,'',0,NULL,0,0,0),(251,'wf_message','i18n::option-message',0,22,0,1,NULL,0,0,'',0,5,0,0,0),(252,'from_email_template','i18n::field-from_email_template',1,16,0,1,NULL,0,0,'',0,NULL,0,0,1),(253,'from_template','i18n::field-from_template',1,16,0,1,NULL,0,0,'',0,NULL,0,0,1),(254,'subject_template','i18n::field-subject_template',1,16,0,1,NULL,0,0,'',0,NULL,0,0,1),(255,'master_template','i18n::field-master_template',1,22,0,1,NULL,0,0,'',0,NULL,0,0,1),(256,'autoreply_from_email_template','i18n::field-autoreply_from_email_template',1,16,0,1,NULL,0,0,'',0,NULL,0,0,1),(257,'autoreply_from_template','i18n::field-autoreply_from_template',1,16,0,1,NULL,0,0,'',0,NULL,0,0,1),(258,'autoreply_subject_template','i18n::field-autoreply_subject_template',1,16,0,1,NULL,0,0,'',0,NULL,0,0,1),(259,'autoreply_email_recipient','i18n::field-autoreply_email_recipient',0,16,0,1,NULL,0,0,'',0,NULL,0,0,1),(260,'autoreply_template','i18n::field-autoreply_template',1,22,0,1,NULL,0,0,'',0,NULL,0,0,1),(261,'posted_message','i18n::field-message_sent',1,22,0,1,NULL,0,0,'',0,NULL,0,0,0),(262,'form_id','i18n::field-form_id',1,9,0,0,NULL,0,0,'',0,NULL,0,0,1),(263,'address_description','i18n::field-address_description',1,16,0,1,NULL,0,0,'',1,NULL,0,0,0),(264,'address_list','i18n::field-address_list',1,16,0,1,NULL,0,0,'',1,NULL,0,0,1),(265,'form_id','i18n::field-form_id',1,16,0,0,NULL,0,0,'',0,NULL,0,1,1),(266,'create_time','i18n::field-create_time',1,4,0,1,NULL,0,0,'',0,NULL,0,0,0),(267,'user_id','i18n::field-user_id',1,14,0,0,51,0,0,'',0,NULL,0,0,0),(268,'photo','i18n::field-photo',1,7,0,1,NULL,0,0,'',0,NULL,0,0,1),(269,'answer','i18n::field-answer',1,20,0,1,NULL,0,0,'',0,NULL,0,0,1),(270,'disp_last_release','i18n::field-disp_last_release',1,4,0,1,NULL,0,1,'',0,NULL,0,0,1),(271,'disp_description','i18n::field-disp_description',1,20,0,1,NULL,0,0,'',0,NULL,0,0,0),(272,'forced_subscribers','i18n::field-forced_subscribers',1,18,0,1,NULL,0,1,'',0,NULL,0,0,1),(273,'news_relation','i18n::field-news_relation',1,14,0,1,7,0,1,'',0,NULL,0,0,0),(274,'is_active','i18n::field-is_active',1,1,0,1,NULL,0,0,'',0,NULL,0,0,1),(275,'load_from_forum','i18n::field-load_from_forum',0,1,0,1,NULL,0,0,'Может быть установлено только для одной рассылки одновременно',0,NULL,0,0,0),(276,'days','i18n::field-days',0,15,0,0,17,0,0,'Дни недели, в которые будет происходить автоматическая рассылка',0,NULL,0,0,0),(277,'hours','i18n::field-hours',0,15,0,0,16,0,0,'Часы, в которые будет происходить автоматическая рассылка',0,NULL,0,0,0),(278,'status','i18n::field-status',1,1,0,1,NULL,0,1,'',0,NULL,0,0,1),(279,'date','i18n::field-date',1,4,0,1,NULL,0,1,'',0,NULL,0,0,1),(280,'disp_reference','i18n::field-disp_reference',1,8,0,0,NULL,0,1,'',0,NULL,0,0,0),(281,'header','i18n::field-header',1,16,0,0,NULL,1,0,'',0,NULL,0,0,1),(282,'body','i18n::field-body',1,22,0,1,NULL,0,0,'',0,NULL,0,0,1),(283,'release_reference','i18n::field-release_reference',1,8,0,0,NULL,0,1,'',0,NULL,0,0,0),(284,'attach_file','i18n::field-attach_file',1,5,0,1,NULL,0,0,'',0,NULL,0,0,0),(285,'msg_date','i18n::field-msg_date',1,4,0,1,NULL,0,1,'',0,NULL,0,0,0),(286,'short_body','i18n::field-short_body',1,22,0,1,NULL,0,1,'',0,NULL,0,0,1),(287,'new_relation','i18n::field-new_relation',1,18,0,0,NULL,0,1,'',0,NULL,0,0,0),(288,'lname','i18n::field-lname',1,16,0,1,NULL,0,0,'',0,NULL,0,0,1),(289,'fname','i18n::field-fname',1,16,0,1,NULL,0,0,'',0,NULL,0,0,1),(290,'father_name','i18n::field-father_name',1,16,0,1,NULL,0,0,'',0,NULL,0,0,0),(291,'gender','i18n::field-gender',1,14,0,1,4,0,0,'',0,NULL,0,0,0),(292,'uid','i18n::field-uid',1,14,0,0,51,0,1,'',0,NULL,0,0,0),(293,'subscriber_dispatches','i18n::field-subscriber_dispatches',1,15,0,1,76,0,1,'',0,NULL,0,0,1),(294,'subscribe_date','i18n::field-subscribe_date',1,4,0,0,NULL,0,0,'',0,NULL,0,0,0),(296,'index_source','i18n::field-index_source',0,8,0,1,NULL,0,0,'',0,NULL,0,1,0),(297,'index_state','i18n::field-index_state',0,6,0,1,NULL,0,0,'',0,NULL,0,1,0),(298,'index_date','i18n::field-index_date',0,4,0,1,NULL,0,0,'',0,NULL,0,1,0),(299,'index_choose','i18n::field-index_choose',0,1,0,1,NULL,0,0,'',0,NULL,0,1,0),(300,'index_level','i18n::field-index_level',0,8,0,1,NULL,0,0,'',0,NULL,0,1,0),(301,'primary','i18n::field-primary_store',0,1,0,1,NULL,0,0,'Основной склад, с которого будут списываться товары при покупке, и с которым будет синхронизироваться 1C',0,NULL,0,0,1),(302,'date_create_object','i18n::field-date_create_object',1,4,0,0,NULL,0,0,'',0,NULL,0,0,0),(303,'tax_rate_id','i18n::field-tax-rate-id',1,14,0,1,28,0,0,'',0,NULL,0,0,1),(304,'price','i18n::field-price',1,13,0,1,NULL,0,1,'',0,NULL,0,0,1),(305,'stores_state','i18n::field-stores_state',0,11,0,1,81,0,0,'',0,NULL,0,0,1),(306,'reserved','i18n::field-reserved',0,8,0,0,NULL,0,0,'i18n::field-tip-number-reserved-items',0,NULL,0,1,0),(307,'common_quantity','i18n::field-common-quantity',1,8,0,1,NULL,0,0,'',0,NULL,0,0,0),(308,'last_order','i18n::field-last_order',1,11,0,0,50,0,0,'',0,NULL,0,1,0),(309,'preffered_currency','i18n::field-preffered_currency',0,14,0,0,22,0,0,'',0,NULL,0,0,0),(310,'bonus','i18n::field-bonus',1,13,0,0,NULL,0,0,'',0,NULL,0,0,0),(311,'spent_bonus','i18n::field-spent_bonus',1,13,0,0,NULL,0,0,'',0,NULL,0,0,0),(312,'ip','i18n::field-ip_address',0,16,0,0,NULL,0,0,'',0,NULL,0,0,0),(313,'delivery_addresses','i18n::field-delivery_addresses',0,15,0,1,37,0,0,'',0,NULL,0,0,1),(314,'legal_persons','i18n::field-legal_persons',1,15,0,1,46,0,0,'',0,NULL,0,0,1),(315,'proc','i18n::field-proc',0,6,0,1,NULL,0,0,'',1,NULL,0,0,1),(316,'size','i18n::field-discount_size',0,6,0,1,NULL,0,0,'Размер скидки, который будет вычтен из стоимости заказа',1,NULL,0,0,1),(317,'catalog_items','i18n::field-goods',0,18,0,1,NULL,0,0,'',0,NULL,0,0,1),(318,'start_date','i18n::field-discount_start',0,4,0,1,NULL,0,0,'Определяет, с какого момента скидка будет действительна',0,NULL,0,0,0),(319,'end_date','i18n::field-discount_end',0,4,0,1,NULL,0,0,'Определяет, когда заканчивается срок действия скидки',0,NULL,0,0,0),(320,'minimum','i18n::field-minimal_order_price',0,6,0,1,NULL,0,0,'Минимальная стоимость заказа, когда действует скидка',0,NULL,0,0,1),(321,'maximum','i18n::field-maximal_order_price',0,6,0,1,NULL,0,0,'Максимальная стоимость заказа, когда действует скидка',0,NULL,0,0,1),(322,'minimal','i18n::field-minimal_summ',0,6,0,1,NULL,0,0,'Минимальная сумма стоимости заказов действия скидки',0,NULL,0,0,1),(323,'maximum','i18n::field-maximal_summ',0,6,0,1,NULL,0,0,'Максимальная сумма стоимости заказов действия скидки',0,NULL,0,0,1),(324,'user_groups','i18n::field-groups',0,15,0,1,36,0,0,'Список групп пользователей, которым будет доступна эта скидка',1,NULL,0,0,1),(325,'users','i18n::field-users',0,15,0,1,51,0,0,'Пользователи, которым будет доступна скидка',1,NULL,0,0,1),(326,'related_items','i18n::field-connected_items',0,18,0,1,NULL,0,0,'Список товаров, которые должен положить в корзину пользователь, чтобы пойдействовала скидка',1,NULL,0,0,1),(327,'order_min_price','i18n::field-order_min_price',0,6,0,1,NULL,0,0,'Стоимость заказа, после которой доставка производится бесплатно',0,NULL,0,0,1),(328,'viewpost','i18n::field-viewpost',0,14,0,1,14,0,0,'',1,NULL,0,0,0),(332,'login','i18n::field-apiship-login',1,16,0,1,NULL,0,0,'',0,NULL,0,0,1),(333,'password','i18n::field-apiship-password',1,12,0,1,NULL,0,0,'',0,NULL,0,0,1),(334,'dev_mode','i18n::field-apiship-dev-mode',1,1,0,1,NULL,0,0,'',0,NULL,0,0,1),(335,'keep_log','i18n::field-keep-log',1,1,0,1,NULL,0,0,'',0,NULL,0,0,1),(336,'providers','i18n::field-apiship-providers',1,16,0,1,NULL,0,0,'',0,NULL,0,0,1),(337,'delivery_types','i18n::field-apiship-delivery-types',1,16,0,1,NULL,0,0,'',0,NULL,0,0,1),(338,'pickup_types','i18n::field-apiship-pickup-types',1,16,0,1,NULL,0,0,'',0,NULL,0,0,1),(339,'settings','i18n::field-apiship-settings',1,20,0,1,NULL,0,0,'',0,NULL,0,0,1),(340,'reciever','i18n::field-reciever',0,16,0,1,NULL,0,0,'',1,NULL,0,0,0),(341,'reciever_inn','i18n::field-reciever_inn',0,16,0,1,NULL,0,0,'',1,NULL,0,0,1),(342,'reciever_account','i18n::field-reciever_account',0,16,0,1,NULL,0,0,'',1,NULL,0,0,1),(343,'reciever_bank','i18n::field-reciever_bank',0,16,0,1,NULL,0,0,'',1,NULL,0,0,1),(344,'bik','i18n::field-bik',0,16,0,1,NULL,0,0,'',1,NULL,0,0,1),(345,'reciever_bank_account','i18n::field-reciever_bank_account',0,16,0,1,NULL,0,0,'',1,NULL,0,0,0),(346,'merchant_id','i18n::field-merchant_id',0,16,0,1,NULL,0,0,'Выдается при регистрации в PayOnline System',1,NULL,0,0,0),(347,'private_key','i18n::field-private_key',0,16,0,1,NULL,0,0,'Выдается при регистрации в PayOnline System',1,NULL,0,0,0),(348,'login','i18n::field-login',0,16,0,1,NULL,0,0,'',1,NULL,0,0,1),(349,'password1','i18n::field-password1',0,16,0,1,NULL,0,0,'используется интерфейсом инициализации оплаты',1,NULL,0,0,0),(350,'password2','i18n::field-password2',0,16,0,1,NULL,0,0,'используется интерфейсом оповещения о платеже, XML-интерфейсах',1,NULL,0,0,0),(351,'test_mode','i18n::field-test_mode',1,1,0,1,NULL,0,0,'',0,NULL,0,0,1),(352,'eshopid','i18n::field-eshopid',0,16,0,1,NULL,0,0,'Номер сайта продавца, на который покупатель должен совершить платеж',1,NULL,0,0,0),(353,'secretkey','i18n::field-kvk-secretKey',0,16,0,1,NULL,0,0,'Строка символов, добавляемая к реквизитам платежа, высылаемым продавцу вместе с оповещением',1,NULL,0,0,0),(354,'name','i18n::field-name',0,16,0,1,NULL,0,0,'',1,NULL,0,0,1),(355,'legal_address','i18n::field-legal_address',0,16,0,1,NULL,0,0,'',0,NULL,0,0,1),(356,'phone_number','i18n::field-phone_number',0,16,0,1,NULL,0,0,'',0,NULL,0,0,1),(357,'inn','i18n::field-TIN',0,16,0,1,NULL,0,0,'',0,NULL,0,0,1),(358,'kpp','i18n::field-RRC',0,16,0,1,NULL,0,0,'',0,NULL,0,0,1),(359,'account','i18n::field-account',0,16,0,1,NULL,0,0,'',0,NULL,0,0,0),(360,'bank','i18n::field-receiver_bank',0,16,0,1,NULL,0,0,'',0,NULL,0,0,0),(361,'bank_account','i18n::field-bank_account_number',0,16,0,1,NULL,0,0,'',0,NULL,0,0,0),(362,'sign_image','i18n::field-sign_image',0,7,0,1,NULL,0,0,'',0,NULL,0,0,0),(363,'mnt_system_url','i18n::field-mnt_system_url',1,16,0,1,NULL,0,0,'Введите demo.moneta.ru, если у вас включен тестовый режим, либо www.payanyway.ru, если включен боевой режим.',1,NULL,0,0,1),(364,'mnt_id','i18n::field-mnt_id',1,16,0,1,NULL,0,0,'',1,NULL,0,0,1),(365,'mnt_success_url','i18n::field-successful_pay_url',1,16,0,1,NULL,0,0,'Вы можете указать значение непосредственно в личном кабинете на demo.moneta.ru, если у вас включен тестовый режим, либо на www.payanyway.ru, если включен боевой режим.',1,NULL,0,0,1),(366,'mnt_fail_url','i18n::field-failed_pay_url',1,16,0,1,NULL,0,0,'Вы можете указать значение непосредственно в личном кабинете на demo.moneta.ru, если у вас включен тестовый режим, либо на www.payanyway.ru, если включен боевой режим.',0,NULL,0,0,1),(367,'mnt_data_integrity_code','i18n::field-data_integrity_code',1,16,0,1,NULL,0,0,'',1,NULL,0,0,1),(368,'mnt_test_mode','i18n::field-test_mode',1,1,0,1,NULL,0,0,'',0,NULL,0,0,1),(369,'project','i18n::field-project-id',1,16,0,1,NULL,0,0,'',1,NULL,0,0,0),(370,'key','i18n::field-secret-key',1,16,0,1,NULL,0,0,'',1,NULL,0,0,0),(371,'source','i18n::field-owner-id',1,16,0,1,NULL,0,0,'',1,NULL,0,0,0),(372,'partnerid','i18n::field-kvk-partnerId',0,16,0,1,NULL,0,0,'',1,NULL,0,0,0),(373,'apikey','i18n::field-kvk-apiKey',0,16,0,1,NULL,0,0,'',1,NULL,0,0,0),(374,'demo_mode','i18n::field-demo_mode',0,1,0,1,NULL,0,0,'Включить демо-режим',0,NULL,0,0,0),(375,'merchant_id','i18n::field-emarket-id',0,16,0,1,NULL,0,0,'i18n::field-emarket-id',1,NULL,0,0,0),(376,'product_id','i18n::field-product_id',0,16,0,1,NULL,0,0,'i18n::field-product_id',1,NULL,0,0,0),(377,'ok_url','i18n::field-successful_pay_url',0,16,0,1,NULL,0,0,'i18n::field-successful_pay_url',0,NULL,0,0,0),(378,'secret_word','i18n::field-secret_word',0,16,0,1,NULL,0,0,'i18n::field-secret_word',1,NULL,0,0,0),(379,'ko_url','i18n::field-failed_pay_url',0,16,0,1,NULL,0,0,'i18n::field-failed_pay_url',0,NULL,0,0,0),(380,'shop_id','i18n::field-shop_id',0,16,0,1,NULL,0,0,'Номер магазина в ЦПП. Выдается ЦПП',1,NULL,0,0,0),(381,'scid','i18n::field-scid',0,16,0,1,NULL,0,0,'Номер витрины магазина в ЦПП. Выдается ЦПП',1,NULL,0,0,0),(382,'bank_id','i18n::field-bank_id',0,16,0,1,NULL,0,0,'Код процессингового центра \"ЮMoney\"',0,NULL,0,0,0),(383,'shop_password','i18n::field-shop_password',0,16,0,1,NULL,0,0,'Секретный пароль (20 случайных символов), указывается при заключении договора',1,NULL,0,0,0),(384,'receipt_data_send_enable','i18n::field-receipt-data-send-enable',1,1,0,1,NULL,0,0,'Используется для реализации ФЗ-54, требует заполнения ставки НДС у товаров и доставок',0,NULL,0,0,1),(385,'paypalemail','i18n::field-paypalemail',1,16,0,1,NULL,0,0,'',1,NULL,0,0,0),(386,'return_success','i18n::field-return_success',1,16,0,1,NULL,0,0,'',1,NULL,0,0,0),(387,'cancel_return','i18n::field-cancel_return',1,16,0,1,NULL,0,0,'',1,NULL,0,0,0),(388,'id','i18n::field-id',1,16,0,1,NULL,0,0,'',0,NULL,0,0,1),(389,'descr','i18n::field-descr',1,20,0,1,NULL,0,0,'',0,NULL,0,0,1),(390,'is_show_rand_banner','i18n::field-is_show_rand_banner',1,1,0,1,NULL,0,1,'',0,NULL,0,0,1),(391,'is_active','i18n::field-is_active',1,1,0,1,NULL,0,0,'',0,NULL,0,0,1),(392,'tags','i18n::field-tags',1,19,0,1,NULL,0,0,'',0,NULL,0,0,0),(393,'url','i18n::field-url',1,16,0,1,NULL,0,0,'',0,NULL,0,0,1),(394,'open_in_new_window','i18n::field-open_in_new_window',1,1,0,1,NULL,0,0,'',0,NULL,0,0,0),(395,'views_count','i18n::field-views_count',1,8,0,1,NULL,0,0,'',0,NULL,0,0,0),(396,'clicks_count','i18n::field-clicks_count',1,8,0,1,NULL,0,0,'',0,NULL,0,0,0),(397,'max_views','i18n::field-max_views',1,8,0,1,NULL,0,0,'',0,NULL,0,0,0),(398,'show_start_date','i18n::field-show_start_date',1,4,1,1,NULL,0,1,'',0,NULL,0,0,0),(399,'show_till_date','i18n::field-show_till_date',1,4,1,1,NULL,0,0,'',0,NULL,0,0,0),(400,'user_tags','i18n::field-user_tags',1,19,0,1,NULL,0,0,'',0,NULL,0,0,0),(401,'view_pages','i18n::field-view_pages',1,18,0,1,NULL,0,0,'',0,NULL,0,0,0),(402,'place','i18n::field-place',1,15,0,1,109,0,0,'',0,NULL,0,0,1),(403,'not_view_pages','i18n::field-not_view_pages',1,18,0,1,NULL,0,0,'',0,NULL,0,0,0),(404,'time_targeting_by_month_days','i18n::field-time_targeting_by_month_days',1,16,0,1,NULL,0,0,'',0,NULL,0,0,0),(405,'time_targeting_by_month','i18n::field-time_targeting_by_month',1,16,0,1,NULL,0,0,'',0,NULL,0,0,0),(406,'time_targeting_by_week_days','i18n::field-time_targeting_by_week_days',1,16,0,1,NULL,0,0,'',0,NULL,0,0,0),(407,'time_targeting_by_hours','i18n::field-time_targeting_by_hours',1,16,0,1,NULL,0,0,'',0,NULL,0,0,0),(408,'time_targeting_is_active','i18n::field-time_targeting_is_active',1,1,1,1,NULL,0,0,'',0,NULL,0,0,0),(409,'city_targeting_city','i18n::field-city_targeting_city',1,14,0,1,11,0,0,'',0,NULL,0,0,0),(410,'city_targeting_is_active','i18n::field-city_targeting_is_active',1,1,0,1,NULL,0,0,'',0,NULL,0,0,0),(411,'priority','i18n::field-order-status-priority',0,8,0,1,NULL,0,0,'',0,NULL,0,0,0),(412,'image','i18n::field-image',1,7,0,1,NULL,0,0,'',0,NULL,0,0,1),(413,'width','i18n::field-width',1,8,0,1,NULL,0,0,'',0,NULL,0,0,0),(414,'height','i18n::field-height',1,8,0,1,NULL,0,0,'',0,NULL,0,0,0),(415,'alt','i18n::field-alt',1,16,0,1,NULL,0,0,'',0,NULL,0,0,0),(416,'swf','i18n::field-swf',1,17,0,1,NULL,0,0,'',0,NULL,0,0,1),(417,'swf_quality','i18n::field-swf_quality',1,14,0,1,9,0,0,'',0,NULL,0,0,0),(418,'html_content','i18n::field-html_content',1,22,0,1,NULL,0,0,'',0,NULL,0,0,1),(419,'picture','i18n::field-picture',0,7,0,1,NULL,0,0,'',0,NULL,0,0,1),(420,'is_hidden','i18n::field-is_hidden',0,1,0,1,NULL,0,0,'',0,NULL,0,0,0),(421,'format','i18n::field-export_format',0,14,0,0,35,0,0,'Формат, в который будут преобразованы данные из UMI.CMS',1,NULL,0,0,1),(422,'elements','i18n::field-included_site_sections',0,18,0,0,NULL,0,0,'Если формат экспорта поддерживает данную функцию, будут экспортированы только выбранные разделы',0,NULL,0,0,1),(423,'excluded_elements','i18n::field-excluded_elements',0,18,0,0,NULL,0,1,'Если формат экспорта поддерживает данную функцию, выбранные разделы экспортированы не будут',0,NULL,0,0,1),(424,'cache_time','i18n::field-cache_time',0,8,0,0,NULL,0,0,'Если задано, то результат будет закеширован на указанное кол-во минут',0,NULL,0,0,0),(425,'source_name','i18n::field-source_name',0,16,0,0,NULL,0,0,'Здесь можно задать имя ресурса для обмена данными, чтобы внешние идентификаторы сущностей были привязаны к нему.',0,NULL,0,0,0),(426,'encoding_export','i18n::field-encoding_export',0,14,0,0,27,0,0,'Кодировка, в которой будут экспортированы данные',0,NULL,0,0,0),(427,'format','i18n::field-data_format',0,14,0,0,34,0,0,'Формат импотрируемых данных',1,NULL,0,0,1),(428,'file','i18n::field-data_file',0,5,0,0,NULL,0,0,'',1,NULL,0,0,1),(429,'elements','i18n::field-site_section_export',0,18,0,0,NULL,0,0,'Если формат импорта поддерживает данную функцию, данные будут импортированы в указанный раздел',0,NULL,0,0,1),(430,'encoding_import','i18n::field-encoding_import',0,14,0,0,27,0,0,'Кодировка импортируемых данных',0,NULL,0,0,0),(431,'social_id','i18n::field-social_network_id',0,16,0,1,NULL,0,0,'',1,NULL,0,1,0),(432,'template_id','i18n::field-template_id',1,8,0,0,NULL,0,0,'',0,NULL,0,1,0),(433,'domain_id','i18n::field-domain_id',1,23,0,0,NULL,0,0,'',0,NULL,0,1,0),(434,'nazvanie_sajta','i18n::field-site_name',0,16,0,1,NULL,0,0,'',1,NULL,0,0,0),(435,'is_iframe_enabled','i18n::field-is_iframe_enabled',1,1,0,1,NULL,0,0,'',0,NULL,0,0,0),(436,'iframe_pages','i18n::field-iframe_pages',1,18,0,0,NULL,0,0,'Здесь в дополнение к разделам каталога, можно выбрать, какие страницы нужно показывать в социальной сети',0,NULL,0,0,0),(437,'fs_file','i18n::field-fs_file',1,5,0,1,NULL,0,0,'',0,NULL,0,0,1),(438,'downloads_counter','i18n::field-downloads_counter',1,8,0,1,NULL,0,0,'',0,NULL,0,0,0),(439,'appoint_service_choice_title','i18n::field-appoint-service-choice-title',1,16,0,1,NULL,0,0,'',0,NULL,0,0,1),(440,'appoint_hint_step_text','i18n::field-appoint-hint-step-text',1,16,0,1,NULL,0,0,'',0,NULL,0,0,1),(441,'appoint_personal_step_title','i18n::field-appoint-personal-step-title',1,16,0,1,NULL,0,0,'',0,NULL,0,0,1),(442,'appoint_personal_choice_title','i18n::field-appoint-personal-choice-title',1,16,0,1,NULL,0,0,'',0,NULL,0,0,1),(443,'appoint_dont_care_button','i18n::field-appoint-dont-care-button',1,16,0,1,NULL,0,0,'',0,NULL,0,0,1),(444,'appoint_dont_care_hint','i18n::field-appoint-dont-care-hint',1,16,0,1,NULL,0,0,'',0,NULL,0,0,1),(445,'appoint_date_step_title','i18n::field-appoint-date-step-title',1,16,0,1,NULL,0,0,'',0,NULL,0,0,1),(446,'appoint_date_choice_title','i18n::field-appoint-date-choice-title',1,16,0,1,NULL,0,0,'',0,NULL,0,0,1),(447,'appoint_confirm_step_title','i18n::field-appoint-confirm-step-title',1,16,0,1,NULL,0,0,'',0,NULL,0,0,1),(448,'appoint_book_time_button','i18n::field-appoint-book-time-button',1,16,0,1,NULL,0,0,'',0,NULL,0,0,1),(449,'appoint_book_time_hint','i18n::field-appoint-book-time-hint',1,16,0,1,NULL,0,0,'',0,NULL,0,0,1),(450,'order_comments','i18n::field-order_comments',0,20,0,1,NULL,0,0,'',0,NULL,0,0,0),(451,'fm_prefix','i18n::field-prefix',1,16,0,1,NULL,0,0,'',0,NULL,0,0,0),(452,'filemanager','i18n::field-filemanager',1,14,0,0,122,0,0,'',0,NULL,0,0,0),(453,'info_page','i18n::field-info-page',0,1,0,1,NULL,0,0,'',0,NULL,0,0,0),(454,'old_price','i18n::field-old_price',0,13,0,1,NULL,0,0,'',0,NULL,0,0,0),(455,'description','i18n::field-description',0,22,0,1,NULL,1,0,'',0,NULL,0,0,1),(456,'recommended_items','i18n::field-similar-items',0,18,0,1,NULL,0,0,'',0,NULL,0,0,0),(457,'photos','i18n::field-photos',0,10,0,1,NULL,0,0,'',0,NULL,0,0,0),(459,'best_offers','i18n::field-best-offers',0,1,0,1,NULL,0,0,'',0,NULL,0,0,0),(460,'new','i18n::field-new',0,1,0,1,NULL,0,0,'',0,NULL,0,0,0),(462,'cvet','i18n::field-color',0,14,0,1,124,0,1,'',0,NULL,0,0,0),(488,'yandex_pc','i18n::field-yandex_pc',0,1,0,1,NULL,0,0,'',0,NULL,0,0,0),(489,'yandex_gp_svzny','i18n::field-yandex_gp_svzny',0,1,0,1,NULL,0,0,'',0,NULL,0,0,0),(490,'yandex_ac','i18n::field-yandex_ac',0,1,0,1,NULL,0,0,'',0,NULL,0,0,0),(491,'yandex_gp_eurst','i18n::field-yandex_gp_eurst',0,1,0,1,NULL,0,0,'',0,NULL,0,0,0),(492,'yandex_mc','i18n::field-yandex_mc',0,1,0,1,NULL,0,0,'',0,NULL,0,0,0),(493,'yandex_gp_other','i18n::field-yandex_gp_other',0,1,0,1,NULL,0,0,'',0,NULL,0,0,0),(494,'name','i18n::field-fname',0,16,0,1,NULL,0,0,'',1,NULL,0,0,1),(495,'phone','i18n::field-phone_n',0,16,0,1,NULL,0,0,'',1,NULL,0,0,1),(496,'comment','i18n::field-comment',0,16,0,1,NULL,0,0,'',0,NULL,0,0,0),(497,'domain_id','i18n::field-domain_id',1,23,0,0,NULL,0,0,'',1,NULL,0,0,1),(498,'lang_id','i18n::field-lang_id',1,29,0,0,NULL,0,0,'',1,NULL,0,0,1),(499,'site_name','i18n::field-site_name',0,16,0,1,NULL,0,0,'',1,NULL,0,0,1),(500,'header_under_name','i18n::field-header_under_name',0,16,0,1,NULL,0,0,'',1,NULL,0,0,1),(501,'logo','i18n::field-logo',0,7,0,1,NULL,0,0,'',1,NULL,0,0,1),(502,'phone','i18n::field-store-phone',0,16,0,1,NULL,0,0,'',1,NULL,0,0,1),(503,'call_order_text','i18n::field-call_order_text',0,16,0,1,NULL,0,0,'',1,NULL,0,0,1),(504,'schedule','i18n::field-schedule',0,16,0,1,NULL,0,0,'',1,NULL,0,0,1),(506,'schedule_header','i18n::field-schedule_header',0,16,0,1,NULL,0,0,'',1,NULL,0,0,1),(508,'after_copyright_text','i18n::field-after_copyright_text',0,22,0,1,NULL,0,0,'',1,NULL,0,0,1),(511,'dispatches_text','i18n::field-dispatches_text',0,16,0,1,NULL,0,0,'',1,NULL,0,0,1),(514,'copyright','i18n::field-copyright',0,16,0,1,NULL,0,0,'',1,NULL,0,0,1),(515,'quality','i18n::field-quality',0,22,0,1,NULL,0,0,'',1,NULL,0,0,1),(516,'delivery','i18n::field-deliveryIncluded',0,22,0,1,NULL,0,0,'',1,NULL,0,0,1),(517,'protection','i18n::field-protection',0,22,0,1,NULL,0,0,'',1,NULL,0,0,1),(518,'support','i18n::field-support',0,22,0,1,NULL,0,0,'',1,NULL,0,0,1),(519,'personal_data_text','i18n::field-personal_data_text',0,22,0,1,NULL,0,0,'',1,NULL,0,0,1),(520,'robokassa_id','i18n::field-id-for-robokassa',1,16,0,1,NULL,0,0,'',1,NULL,0,1,1),(521,'custom_id','i18n::field-sid',1,16,0,0,NULL,0,0,'',0,NULL,0,0,1),(540,'dopolnitelnaya_garantiya','Дополнительная гарантия',0,11,0,1,166,0,0,'',0,NULL,0,0,0),(541,'tip_mehanizma','Страна-производитель',0,14,0,1,162,0,1,'',0,NULL,0,0,0),(542,'novoe_pole','Производитель (бренд)',0,14,0,1,171,0,1,'',0,NULL,0,0,0),(543,'material_korpusa','Материал корпуса',0,14,0,1,172,0,1,'',0,NULL,0,0,0),(544,'steklo','Стекло',0,14,0,1,173,0,1,'',0,NULL,0,0,0),(545,'cvet_korpusa','i18n::field-cvet_korpusa',0,14,0,1,175,0,1,'',0,NULL,0,0,0),(546,'nalichie_budilnika','Наличие будильника',0,1,0,1,174,0,1,'',0,NULL,0,0,0),(547,'tip_mehanizm','Тип механизма',0,14,0,1,176,0,0,'',0,NULL,0,0,0),(548,'vid','i18n::field-vid',0,14,0,1,146,0,1,'',0,NULL,0,0,0),(549,'naznachenie','Назначение',0,14,0,1,152,0,1,'',0,NULL,0,0,0),(550,'tip','i18n::field-rss_type',0,14,0,1,154,0,1,'',0,NULL,0,0,0),(551,'vid_upakovki','Вид упаковки',0,14,0,1,157,0,0,'',0,NULL,0,0,0),(552,'vozrast','i18n::field-age',0,14,0,1,158,0,1,'',0,NULL,0,0,0),(553,'razmer_pitomca','Размер питомца',0,14,0,1,159,0,1,'',0,NULL,0,0,0),(554,'ingridienty','Ингредиенты (вкус)',0,14,0,1,160,0,0,'',0,NULL,0,0,0),(555,'ves_upakovki','Вес упаковки',0,6,0,1,NULL,0,1,'',0,NULL,0,0,0),(556,'ves','i18n::field-weight',0,6,0,1,NULL,0,1,'',0,NULL,0,0,0),(557,'razmer_granul_napolnitelya','Размер гранул наполнителя',0,14,0,1,181,0,0,'',0,NULL,0,0,0),(558,'sostav_napolnitelya','Состав наполнителя',0,14,0,1,182,0,1,'',0,NULL,0,0,0),(559,'obem_upakovki','Объем упаковки',0,6,0,1,NULL,0,1,'',0,NULL,0,0,0),(560,'aromatizatory_napolnitelya','Ароматизаторы наполнителя',0,14,0,1,183,0,0,'',0,NULL,0,0,0),(561,'ves_velosipeda','Вес велосипеда',0,6,0,1,NULL,0,1,'',0,NULL,0,0,0),(562,'shirina_sm','Ширина (см)',0,8,0,1,NULL,0,0,'',0,NULL,0,0,0),(563,'vysota_sm','Высота (см)',0,8,0,1,NULL,0,0,'',0,NULL,0,0,0),(564,'dlinna_sm','Длина (см)',0,8,0,1,NULL,0,0,'',0,NULL,0,0,0),(565,'trade_offer_wheel_diameter','Диаметр колес (дюймы)',0,14,0,1,225,0,0,'',0,NULL,0,0,0),(566,'razmer_ramy_dyujmy','Размер рамы (дюймы)',0,6,0,1,NULL,0,1,'',0,NULL,0,0,0),(567,'sostoyanie_postavki','Состояние поставки',0,14,0,1,149,0,0,'',0,NULL,0,0,0),(568,'sistema_tormozheniya','Система торможения',0,14,0,1,151,0,0,'',0,NULL,0,0,0),(569,'shirina','i18n::field-width',0,6,0,1,NULL,0,0,'',0,NULL,0,0,0),(570,'vysota','i18n::field-height',0,6,0,1,NULL,0,1,'',0,NULL,0,0,0),(571,'dlinna','Длина',0,6,0,1,NULL,0,0,'',0,NULL,0,0,0),(572,'vmestimost','Вместимость',0,8,0,1,NULL,0,1,'',0,NULL,0,0,0),(573,'forma','Форма',0,14,0,1,164,0,0,'',0,NULL,0,0,0),(574,'strana_proizvodstva','Страна производства',0,16,0,1,162,0,0,'',0,NULL,0,0,0),(575,'brend','Бренд',0,14,0,1,218,0,0,'',0,NULL,0,0,0),(576,'sostav','Состав',0,16,0,1,NULL,0,0,'',0,NULL,0,0,0),(577,'razmer','Размер',0,14,0,1,186,0,1,'',0,NULL,0,0,0),(578,'sezon','Сезон',0,14,0,1,187,0,1,'',0,NULL,0,0,0),(579,'cvet','i18n::field-color',0,14,0,1,124,0,1,'',0,NULL,0,0,0),(580,'zastezhka','Тип застежки',0,14,0,1,188,0,1,'',0,NULL,0,0,0),(581,'gruppa_ottenkov','i18n::field-color',0,14,0,1,124,0,0,'',0,NULL,0,0,0),(582,'linejkaseriya','Линейка/серия',0,16,0,1,NULL,0,0,'',0,NULL,0,0,0),(583,'razmer','Размер',0,16,0,1,NULL,0,0,'',0,NULL,0,0,0),(585,'razmery','Размеры',0,16,0,1,NULL,0,0,'',0,NULL,0,0,0),(586,'material','Материал',0,16,0,1,NULL,0,0,'',0,NULL,0,0,0),(587,'proizvoditel','i18n::field-proizvoditel',0,14,0,1,201,0,1,'',0,NULL,0,0,0),(588,'cvet','i18n::field-color',0,14,0,1,124,0,1,'',0,NULL,0,0,0),(589,'obem_duhovki','Объем духовки',0,16,0,1,NULL,0,0,'',0,NULL,0,0,0),(590,'tip','Тип управления',0,14,0,1,203,0,1,'',0,NULL,0,0,0),(591,'klass_stirki','Класс стирки',0,16,0,1,NULL,0,0,'',0,NULL,0,0,0),(592,'maksimalnaya_zagruzka','Максимальная загрузка',0,16,0,1,NULL,0,0,'',0,NULL,0,0,0),(593,'kolichestvo_programm_stirki','количество программ стирки',0,16,0,1,NULL,0,0,'',0,NULL,0,0,0),(594,'cvet','i18n::field-color',0,16,0,1,NULL,0,0,'',0,NULL,0,0,0),(595,'ves','i18n::field-weight',0,16,0,1,NULL,0,0,'',0,NULL,0,0,0),(596,'brend','Бренд',0,14,0,1,205,0,1,'',0,NULL,0,0,0),(597,'uroven_shuma','Уровень шума',0,16,0,1,NULL,0,0,'',0,NULL,0,0,0),(598,'radius_dejstviya','Радиус действия',0,16,0,1,NULL,0,0,'',0,NULL,0,0,0),(599,'tip_pylesbornika','Тип пылесборника',0,16,0,1,NULL,0,0,'',0,NULL,0,0,0),(600,'gabarity','Габариты',0,16,0,1,NULL,0,0,'',0,NULL,0,0,0),(601,'novoe_pole','i18n::field-rss_type',0,14,0,1,207,0,0,'',0,NULL,0,0,0),(602,'sistema_razmorazhivaniya','Система размораживания',0,16,0,1,NULL,0,0,'',0,NULL,0,0,0),(603,'raspolozhenie_morozilnoj_kamery','Расположение морозильной камеры',0,16,0,1,NULL,0,0,'',0,NULL,0,0,0),(604,'obem','Объем',0,16,0,1,NULL,0,0,'',0,NULL,0,0,0),(605,'sezon','Сезон',0,16,0,1,NULL,0,0,'',0,NULL,0,0,0),(606,'material','Материал',0,16,0,1,NULL,0,0,'',0,NULL,0,0,0),(607,'vozrast','i18n::field-age',0,16,0,1,NULL,0,0,'',0,NULL,0,0,0),(608,'naznachenie','Назначение',0,16,0,1,NULL,0,0,'',0,NULL,0,0,0),(609,'obem','Объем',0,16,0,1,NULL,0,0,'',0,NULL,0,0,0),(610,'aromat_parfyuma','Аромат парфюма',0,14,0,1,213,0,0,'',0,NULL,0,0,0),(611,'obem','Объем',0,16,0,1,NULL,0,0,'',0,NULL,0,0,0),(612,'ves','i18n::field-weight',0,16,0,1,NULL,0,0,'',0,NULL,0,0,0),(613,'dlina_deki','Длина деки',0,16,0,1,NULL,0,0,'',0,NULL,0,0,0),(614,'shirina','i18n::field-width',0,16,0,1,NULL,0,0,'',0,NULL,0,0,0),(615,'vysota_rulya','Высота руля',0,16,0,1,NULL,0,0,'',0,NULL,0,0,0),(616,'dlya_vesa','Для веса',0,14,0,1,220,0,0,'',0,NULL,0,0,0),(617,'contacts-address','i18n::field-address',0,16,0,1,NULL,0,0,'',1,NULL,0,0,1),(618,'contacts-phone','i18n::field-phone_n',0,16,0,1,NULL,0,0,'',1,NULL,0,0,1),(619,'contacts-skype','Skype',0,16,0,1,NULL,0,0,'',1,NULL,0,0,1),(620,'contacts-email','Email',0,16,0,1,NULL,0,0,'',1,NULL,0,0,1),(621,'contacts-header','i18n::field-header',0,16,0,1,NULL,0,0,'',1,NULL,0,0,1),(622,'contacts-map','i18n::field-contacts-map',0,22,0,1,NULL,0,0,'',1,NULL,0,0,1),(623,'name','i18n::field-fname',0,16,0,1,NULL,0,0,'',1,NULL,0,0,1),(624,'phone','i18n::field-phone_n',0,16,0,1,NULL,0,0,'',1,NULL,0,0,1),(625,'comment','i18n::field-comment',0,16,0,1,NULL,0,0,'',0,NULL,0,0,1),(627,'item_actual_price','i18n::field-item_actual_price',0,6,0,1,NULL,0,0,'',0,NULL,0,0,1),(628,'disabled','i18n::field-disabled',1,1,0,0,NULL,0,0,'Если установлено - не будет отображаться на сайте',0,NULL,0,0,1),(629,'domain_id_list','i18n::field-valid-domain-list',1,24,0,1,NULL,0,0,'Если применимо для всех доменов - оставьте список пустым',0,NULL,0,0,1),(630,'disabled','i18n::field-disabled',1,1,0,0,NULL,0,0,'Если установлено - не будет отображаться на сайте',0,NULL,0,0,1),(631,'domain_id_list','i18n::field-valid-domain-list',1,24,0,1,NULL,0,0,'Если применимо для всех доменов - оставьте список пустым',0,NULL,0,0,1),(632,'payment_name','i18n::field-payment-name',1,16,0,1,NULL,0,0,'',0,NULL,0,0,1),(633,'delivery_name','i18n::field-delivery-name',1,16,0,1,NULL,0,0,'',0,NULL,0,0,1),(634,'payonline_id','i18n::field-id-for-payonline',1,16,0,1,NULL,0,0,'',1,NULL,0,1,1),(635,'payanyway_id','i18n::field-id-for-payanyway',1,8,0,1,NULL,0,0,'',1,NULL,0,1,1),(636,'keep_log','i18n::field-keep-log',1,1,0,1,NULL,0,0,'',0,NULL,0,0,1),(637,'shop_id','i18n::field-yandex-kassa-shop-id',1,16,0,1,NULL,0,0,'Идентификатор вашего магазина в ЮKassa',1,NULL,0,0,1),(638,'secret_key','i18n::field-yandex-kassa-secret-key',1,16,0,1,NULL,0,0,'Выпустить секретный ключ можно в личном кабинете ЮKassa, в разделе \"Настройки\"',1,NULL,0,0,1),(639,'news_root_rubric','i18n::field-news_root_rubric',0,18,0,1,NULL,0,0,'Используется для вывода новостей на главной',1,NULL,0,0,1),(640,'catalog_root_category','i18n::field-catalog_root_category',0,18,0,1,NULL,0,0,'Используется для вывода меню по каталогу товаров',1,NULL,0,0,1),(641,'not_found_page','i18n::field-not_found_page',0,18,0,1,NULL,0,0,'Используется для шаблона отображения 404 страницы',1,NULL,0,0,1),(642,'photo','i18n::field-photo',0,7,0,1,NULL,0,0,'',0,NULL,0,0,0),(643,'is_check_stock','Учитывать остатки на складе',0,1,0,1,NULL,0,0,'Если данная опция включена, при покупке товара учитывается наличие товара на складе',0,NULL,0,0,1),(644,'is_show_product_comments','Включить комментарии к товарам',0,1,0,1,NULL,0,0,'Если опция включена, то у товара отображаются комментарии',0,NULL,0,0,1),(645,'is_show_product_rating','Включить рейтинг товара',0,1,0,1,NULL,0,0,'Если опция включена, то у товара отображается рейтинг',0,NULL,0,0,1),(646,'sberbank_id','i18n::field-id-for-sberbank',1,8,0,1,NULL,0,0,'',1,NULL,0,1,1),(647,'service_info','i18n::field-order_service_info',0,20,0,1,NULL,0,0,'',0,NULL,0,0,0),(648,'favorite_domain_list','i18n::field-favorite_domain_list',0,24,0,0,NULL,0,0,'Если заполнено - для пользователя будут выводиться только эти домены в административной панели во вкладке \"Структура сайта\".',0,NULL,0,0,0),(649,'zip_code','i18n::field-departure_city_zip_code',0,16,0,1,NULL,0,0,'',1,NULL,0,0,0),(650,'field_under_slider','i18n::field-text_under_slider',0,22,0,1,NULL,0,0,'',0,NULL,0,0,1),(651,'field_above_news','i18n::field-text_above_news',0,22,0,1,NULL,0,0,'',0,NULL,0,0,1),(652,'field_under_news','i18n::field-text_under_news',0,22,0,1,NULL,0,0,'',0,NULL,0,0,1),(653,'text_above_catalog','i18n::field-text_above_catalog',0,22,0,1,NULL,0,0,'',0,NULL,0,0,1),(654,'text_under_catalog','i18n::field-text_under_catalog',0,22,0,1,NULL,0,0,'',0,NULL,0,0,1),(655,'quality_image','i18n::field-quality_image',0,7,0,1,NULL,0,0,'',0,NULL,0,0,1),(656,'delivery_image','i18n::field-delivery_image',0,7,0,1,NULL,0,0,'',0,NULL,0,0,1),(657,'protection_image','i18n::field-protection_image',0,7,0,1,NULL,0,0,'',0,NULL,0,0,1),(658,'support_image','i18n::field-support_image',0,7,0,1,NULL,0,0,'',0,NULL,0,0,1),(659,'new_items_name','i18n::field-new_items_name',0,16,0,1,NULL,0,0,'',0,NULL,0,0,1),(660,'disable_new_items','i18n::field-disable_new_items',0,1,0,1,NULL,0,0,'',0,NULL,0,0,1),(661,'new_items_amount','field-new_items_amount',0,8,0,1,NULL,0,0,'',0,NULL,0,0,1),(662,'best_offers_name','i18n::field-best_offers_name',0,16,0,1,NULL,0,0,'',0,NULL,0,0,1),(663,'disable_best_offers','i18n::field-disable_best_offers',0,1,0,1,NULL,0,0,'',0,NULL,0,0,1),(664,'best_offers_amount','i18n::field-best_offers_amount',0,8,0,1,NULL,0,0,'',0,NULL,0,0,1),(666,'user_css','i18n::field-user_css',0,20,0,1,NULL,0,0,'',0,NULL,0,0,1),(667,'tax','i18n::field-tax',1,16,0,1,NULL,0,0,'',0,NULL,0,1,1),(668,'trade_offer_image','i18n::field-izobrazhenie',1,7,0,1,NULL,0,0,'',0,NULL,0,0,1),(669,'trade_offer_list','i18n::field-trade-offer-list',1,25,0,0,NULL,0,0,'',0,NULL,0,0,1),(670,'trade_offer_image','i18n::field-trade-offer-image',1,7,0,1,NULL,0,0,'',0,NULL,0,0,1),(671,'trade_offer_list','i18n::field-trade-offer-list',1,25,0,0,NULL,0,0,'',0,NULL,0,0,1),(672,'source_name','i18n::field-source_name',0,16,0,0,NULL,0,0,'Здесь можно задать имя ресурса для обмена данными, чтобы внешние идентификаторы сущностей были привязаны к нему.',0,NULL,0,0,0),(673,'trade_offer_size','Размер',0,14,0,1,186,0,0,'',0,NULL,0,0,0),(674,'trade_offer_color','i18n::field-color',0,14,0,1,124,0,0,'',0,NULL,0,0,0),(675,'trade_offer_additional_guarantee','Дополнительная гарантия',0,14,0,1,153,0,0,'',0,NULL,0,0,0),(676,'trade_offer_control_type','Тип управления',0,14,0,1,203,0,0,'',0,NULL,0,0,0),(677,'trade_offer_packing','Фасовка',0,14,0,1,223,0,0,'',0,NULL,0,0,0),(678,'trade_offer_attachment_equipment','Навесное оборудование',0,14,0,1,224,0,0,'',0,NULL,0,0,0),(679,'yandex_id','i18n::field-id-for-yandex-kassa',1,16,0,1,NULL,0,0,'',1,NULL,0,1,1),(680,'payanyway_id','i18n::field-id-for-payanyway',1,16,0,1,NULL,0,0,'',1,NULL,0,1,1),(681,'payonline_id','i18n::field-id-for-payonline',1,8,0,1,NULL,0,0,'',1,NULL,0,1,1),(682,'yandex_id','i18n::field-id-for-yandex-kassa',1,16,0,1,NULL,0,0,'',1,NULL,0,1,1),(683,'payment_mode','i18n::field-payment_mode',1,14,0,1,227,0,0,'',0,NULL,0,0,1),(684,'payment_subject','i18n::field-payment_subject',1,14,0,1,226,0,0,'',0,NULL,0,0,1),(685,'trade_offer','i18n::field-trade-offer',1,26,0,0,NULL,0,0,'',0,NULL,0,0,1),(686,'payment_mode','i18n::field-payment_mode',1,14,0,1,227,0,0,'',0,NULL,0,0,1),(687,'payment_subject','i18n::field-payment_subject',1,14,0,1,226,0,0,'',0,NULL,0,0,1),(688,'payment_mode','i18n::field-payment_mode',1,14,0,1,227,0,0,'',0,NULL,0,0,1),(689,'payment_subject','i18n::field-payment_subject',1,14,0,1,226,0,0,'',0,NULL,0,0,1),(690,'trade_offer_ustanovka','Установка',0,14,0,1,228,0,0,'',0,NULL,0,0,0),(691,'trade_offer_predprodazhnaya_podgotovka','Предпродажная подготовка',0,14,0,1,229,0,0,'',0,NULL,0,0,0),(692,'footer_category_list_limit','Количество категорий в меню',0,8,0,1,NULL,0,0,'',0,NULL,0,0,0),(693,'footer_sub_category_list_limit','Количество подкатегорий в пункте меню',0,8,0,1,NULL,0,0,'',0,NULL,0,0,0),(694,'sent_release_list','i18n::field-sent_release_list',1,15,0,1,77,0,0,'',0,NULL,0,0,1),(695,'disabled_types_of_payment','i18n::field-disabled_types_of_payment',1,15,0,1,44,0,0,'',0,NULL,0,0,1),(696,'order_comment','i18n::field-order-comment',0,20,0,1,NULL,0,0,'',0,NULL,0,0,1),(697,'open_the_payment_result_waiting_page','i18n::field-open-the-payment-result-waiting-page',1,1,0,1,NULL,0,0,'Если данная настройка включена, то после окончания платежа покупатель будет перенаправлен на страницу на сайте /emarket/purchase/result/wait/, поэтому необходимо добавить обработку этой страницы в шаблоне сайта.',0,NULL,0,0,1),(698,'domain_id','i18n::field_domain',1,23,0,1,NULL,0,0,'',0,NULL,0,0,0),(699,'robots_txt','i18n::field-robotstxt',1,20,0,1,NULL,0,0,'',0,NULL,0,0,0),(700,'yandex_map_api_key','i18n::field-apiship-yandex_map_api_key',1,16,0,1,NULL,0,0,'Процедура получения ключа описана в подсказке',0,NULL,0,0,1),(701,'disable_auto_capture','i18n::field-disable-auto-capture',1,1,0,1,NULL,0,0,'i18n::field-disable-auto-capture-hint',0,NULL,0,0,1),(702,'domain_id','i18n::field-domain_name',0,23,0,1,NULL,1,1,'',1,NULL,0,0,1),(703,'keep_log','i18n::field-keep-log',0,1,0,1,NULL,1,1,'i18n::field-keep-log-tip',0,NULL,0,0,1),(704,'amo_subdomain','i18n::field-sub-domain',0,16,0,1,NULL,1,1,'i18n::field-sub-domain-tip',1,NULL,0,0,1),(705,'amo_login','i18n::field-login',0,16,0,1,NULL,1,1,'i18n::field-login-tip',1,NULL,0,0,1),(706,'amo_hash','i18n::field-password',0,16,0,1,NULL,1,1,'i18n::field-password-tip',1,NULL,0,0,1),(707,'users_user_type_id','i18n::field-amo-type-id',0,9,0,1,NULL,1,1,'',0,NULL,0,0,0),(708,'users_user_contact_enable','i18n::field-amo-contact-enable',0,1,0,1,NULL,1,1,'',0,NULL,0,0,1),(709,'users_user_contact_name_pattern','i18n::field-amo-contact-name-pattern',0,16,0,1,NULL,1,1,'',0,NULL,0,0,0),(710,'users_user_contact_amo_manager_id','i18n::field-amo-contact-manager-id',0,8,0,1,NULL,1,1,'',0,NULL,0,0,0),(711,'users_user_contact_tags','i18n::field-amo-contact-tags',0,19,0,1,NULL,1,1,'',0,NULL,0,0,0),(712,'users_user_contact_amo_custom_fields','i18n::field-amo-contact-custom-fields',0,11,0,1,234,1,1,'',0,NULL,0,0,0),(713,'users_user_lead_enable','i18n::field-amo-lead-enable',0,1,0,1,NULL,1,1,'',0,NULL,0,0,1),(714,'users_user_lead_name_pattern','i18n::field-amo-lead-name-pattern',0,16,0,1,NULL,1,1,'',0,NULL,0,0,0),(715,'users_user_lead_amo_manager_id','i18n::field-amo-lead-manager-id',0,8,0,1,NULL,1,1,'',0,NULL,0,0,0),(716,'users_user_lead_tags','i18n::field-amo-lead-tags',0,19,0,1,NULL,1,1,'',0,NULL,0,0,0),(717,'users_user_lead_amo_custom_fields','i18n::field-amo-lead-custom-fields',0,11,0,1,234,1,1,'',0,NULL,0,0,0),(718,'users_user_lead_status_id','i18n::field-amo-lead-status-id',0,16,0,1,NULL,1,1,'',0,NULL,0,0,0),(719,'users_author_type_id','i18n::field-amo-type-id',0,9,0,1,NULL,1,1,'',0,NULL,0,0,0),(720,'users_author_contact_enable','i18n::field-amo-contact-enable',0,1,0,1,NULL,1,1,'',0,NULL,0,0,1),(721,'users_author_contact_name_pattern','i18n::field-amo-contact-name-pattern',0,16,0,1,NULL,1,1,'',0,NULL,0,0,0),(722,'users_author_contact_amo_manager_id','i18n::field-amo-contact-manager-id',0,8,0,1,NULL,1,1,'',0,NULL,0,0,0),(723,'users_author_contact_tags','i18n::field-amo-contact-tags',0,19,0,1,NULL,1,1,'',0,NULL,0,0,0),(724,'users_author_contact_amo_custom_fields','i18n::field-amo-contact-custom-fields',0,11,0,1,234,1,1,'',0,NULL,0,0,0),(725,'users_author_lead_enable','i18n::field-amo-lead-enable',0,1,0,1,NULL,1,1,'',0,NULL,0,0,1),(726,'users_author_lead_name_pattern','i18n::field-amo-lead-name-pattern',0,16,0,1,NULL,1,1,'',0,NULL,0,0,0),(727,'users_author_lead_amo_manager_id','i18n::field-amo-lead-manager-id',0,8,0,1,NULL,1,1,'',0,NULL,0,0,0),(728,'users_author_lead_tags','i18n::field-amo-lead-tags',0,19,0,1,NULL,1,1,'',0,NULL,0,0,0),(729,'users_author_lead_amo_custom_fields','i18n::field-amo-lead-custom-fields',0,11,0,1,234,1,1,'',0,NULL,0,0,0),(730,'users_author_lead_status_id','i18n::field-amo-lead-status-id',0,16,0,1,NULL,1,1,'',0,NULL,0,0,0),(731,'dispatches_subscriber_type_id','i18n::field-amo-type-id',0,9,0,1,NULL,1,1,'',0,NULL,0,0,0),(732,'dispatches_subscriber_contact_enable','i18n::field-amo-contact-enable',0,1,0,1,NULL,1,1,'',0,NULL,0,0,1),(733,'dispatches_subscriber_contact_name_pattern','i18n::field-amo-contact-name-pattern',0,16,0,1,NULL,1,1,'',0,NULL,0,0,0),(734,'dispatches_subscriber_contact_amo_manager_id','i18n::field-amo-contact-manager-id',0,8,0,1,NULL,1,1,'',0,NULL,0,0,0),(735,'dispatches_subscriber_contact_tags','i18n::field-amo-contact-tags',0,19,0,1,NULL,1,1,'',0,NULL,0,0,0),(736,'dispatches_subscriber_contact_amo_custom_fields','i18n::field-amo-contact-custom-fields',0,11,0,1,234,1,1,'',0,NULL,0,0,0),(737,'dispatches_subscriber_lead_enable','i18n::field-amo-lead-enable',0,1,0,1,NULL,1,1,'',0,NULL,0,0,1),(738,'dispatches_subscriber_lead_name_pattern','i18n::field-amo-lead-name-pattern',0,16,0,1,NULL,1,1,'',0,NULL,0,0,0),(739,'dispatches_subscriber_lead_amo_manager_id','i18n::field-amo-lead-manager-id',0,8,0,1,NULL,1,1,'',0,NULL,0,0,0),(740,'dispatches_subscriber_lead_tags','i18n::field-amo-lead-tags',0,19,0,1,NULL,1,1,'',0,NULL,0,0,0),(741,'dispatches_subscriber_lead_amo_custom_fields','i18n::field-amo-lead-custom-fields',0,11,0,1,234,1,1,'',0,NULL,0,0,0),(742,'dispatches_subscriber_lead_status_id','i18n::field-amo-lead-status-id',0,16,0,1,NULL,1,1,'',0,NULL,0,0,0),(743,'emarket_order_type_id','i18n::field-amo-type-id',0,9,0,1,NULL,1,1,'',0,NULL,0,0,0),(744,'emarket_order_contact_enable','i18n::field-amo-contact-enable',0,1,0,1,NULL,1,1,'',0,NULL,0,0,1),(745,'emarket_order_contact_name_pattern','i18n::field-amo-contact-name-pattern',0,16,0,1,NULL,1,1,'',0,NULL,0,0,0),(746,'emarket_order_contact_amo_manager_id','i18n::field-amo-contact-manager-id',0,8,0,1,NULL,1,1,'',0,NULL,0,0,0),(747,'emarket_order_contact_tags','i18n::field-amo-contact-tags',0,19,0,1,NULL,1,1,'',0,NULL,0,0,0),(748,'emarket_order_contact_amo_custom_fields','i18n::field-amo-contact-custom-fields',0,11,0,1,234,1,1,'',0,NULL,0,0,0),(749,'emarket_order_lead_enable','i18n::field-amo-lead-enable',0,1,0,1,NULL,1,1,'',0,NULL,0,0,1),(750,'emarket_order_lead_name_pattern','i18n::field-amo-lead-name-pattern',0,16,0,1,NULL,1,1,'',0,NULL,0,0,0),(751,'emarket_order_lead_amo_manager_id','i18n::field-amo-lead-manager-id',0,8,0,1,NULL,1,1,'',0,NULL,0,0,0),(752,'emarket_order_lead_tags','i18n::field-amo-lead-tags',0,19,0,1,NULL,1,1,'',0,NULL,0,0,0),(753,'emarket_order_lead_amo_custom_fields','i18n::field-amo-lead-custom-fields',0,11,0,1,234,1,1,'',0,NULL,0,0,0),(754,'emarket_order_lead_status_id','i18n::field-amo-lead-status-id',0,16,0,1,NULL,1,1,'',0,NULL,0,0,0),(755,'channel_header','i18n::field-channel-header',0,16,0,1,NULL,1,1,'',1,NULL,0,0,1),(756,'channel_description','i18n::field-channel-description',0,20,0,1,NULL,1,1,'',1,NULL,0,0,1),(757,'channel_site','i18n::field-channel-site',0,23,0,1,NULL,1,1,'',1,NULL,0,0,1),(758,'channel_item_limit','i18n::field-channel-item-limit',0,8,0,1,NULL,1,1,'',1,NULL,0,0,1),(759,'web_analytics_type','i18n::field-channel-web-analytics-type',0,16,0,1,NULL,1,1,'',0,NULL,0,0,0),(760,'web_analytics_id','i18n::field-channel-web-analytics-id',0,16,0,1,NULL,1,1,'',0,NULL,0,0,0),(761,'web_analytics_params','i18n::field-channel-web-analytics-params',0,16,0,1,NULL,1,1,'',0,NULL,0,0,0),(762,'web_analytics_pixel_url','i18n::field-channel-web-analytics-pixel-url',0,16,0,1,NULL,1,1,'',0,NULL,0,0,0),(763,'advertising_type','i18n::field-channel-advertising-type',0,16,0,1,NULL,1,1,'',0,NULL,0,0,0),(764,'advertising_block_id','i18n::field-channel-advertising-block-id',0,16,0,1,NULL,1,1,'',0,NULL,0,0,0),(765,'advertising_place_id','i18n::field-channel-advertising-place-id',0,16,0,1,NULL,1,1,'',0,NULL,0,0,0),(766,'advertising_code','i18n::field-channel-advertising-code',0,16,0,1,NULL,1,1,'',0,NULL,0,0,0),(767,'auth_token','i18n::field-auth-token',1,20,0,0,NULL,0,0,'',0,NULL,0,1,0),(768,'social_uid','i18n::field-social_uid',1,20,0,0,NULL,0,0,'',0,NULL,0,1,0),(769,'include_fees','i18n::field-apiship-include-fees',1,1,0,1,NULL,0,0,'',0,NULL,0,1,0),(770,'dengionline_id','i18n::field-id-for-dengionline',1,8,0,1,NULL,0,0,'',1,NULL,0,1,1),(771,'dengionline_id','i18n::field-id-for-dengionline',1,16,0,1,NULL,0,0,'',1,NULL,0,1,1),(772,'domain_id_list','i18n::field-valid-domain-list',1,24,0,1,NULL,0,0,'Если применимо для всех доменов - оставьте список пустым',0,NULL,0,0,1),(773,'language_id_list','i18n::field-valid-language-list',1,30,0,1,NULL,0,0,'Если применимо для всех языков - оставьте список пустым',0,NULL,0,0,1),(774,'price_type_id','i18n::field-price-type',1,31,0,1,NULL,0,0,'',0,NULL,0,0,1),(775,'promocode','i18n::field-promocode',0,16,0,1,NULL,0,0,'',0,NULL,0,0,1),(776,'is_deactivated_by_manager','i18n::field-is_deactivated_by_manager',1,1,0,0,NULL,0,0,'',0,NULL,0,0,0),(777,'disabled_user_groups','i18n::field-disabled_user_groups',1,15,1,1,36,0,0,'Укажите группы пользователей, для которых способ оплаты будет отключен',0,NULL,0,0,0);
/*!40000 ALTER TABLE `cms3_object_fields` ENABLE KEYS */;
UNLOCK TABLES;

--
-- Table structure for table `cms3_object_fields_restrictions`
--

DROP TABLE IF EXISTS `cms3_object_fields_restrictions`;
/*!40101 SET @saved_cs_client     = @@character_set_client */;
/*!50503 SET character_set_client = utf8mb4 */;
CREATE TABLE `cms3_object_fields_restrictions` (
  `id` int unsigned NOT NULL AUTO_INCREMENT,
  `class_prefix` varchar(64) DEFAULT NULL,
  `title` varchar(255) DEFAULT NULL,
  `field_type_id` int unsigned NOT NULL,
  PRIMARY KEY (`id`),
  KEY `Field restriction to field type relation_FK` (`field_type_id`),
  CONSTRAINT `FK_Field restriction to field type relation` FOREIGN KEY (`field_type_id`) REFERENCES `cms3_object_field_types` (`id`) ON DELETE CASCADE ON UPDATE CASCADE
) ENGINE=InnoDB AUTO_INCREMENT=8 DEFAULT CHARSET=utf8mb3;
/*!40101 SET character_set_client = @saved_cs_client */;

--
-- Dumping data for table `cms3_object_fields_restrictions`
--

LOCK TABLES `cms3_object_fields_restrictions` WRITE;
/*!40000 ALTER TABLE `cms3_object_fields_restrictions` DISABLE KEYS */;
INSERT INTO `cms3_object_fields_restrictions` VALUES (1,'systemDomain','Домен системы',8),(2,'objectType','Тип данных',8),(3,'email','E-mail',16),(4,'httpUrl','Web-адрес',16),(5,'webFormMessage','Сообщение вебформы',22),(6,'discount','Размер скидки',6),(7,'circleSquare','Площадь круга',8);
/*!40000 ALTER TABLE `cms3_object_fields_restrictions` ENABLE KEYS */;
UNLOCK TABLES;

--
-- Table structure for table `cms3_object_files`
--

DROP TABLE IF EXISTS `cms3_object_files`;
/*!40101 SET @saved_cs_client     = @@character_set_client */;
/*!50503 SET character_set_client = utf8mb4 */;
CREATE TABLE `cms3_object_files` (
  `id` int unsigned NOT NULL AUTO_INCREMENT,
  `obj_id` int unsigned DEFAULT NULL,
  `field_id` int unsigned DEFAULT NULL,
  `src` varchar(500) DEFAULT NULL,
  `title` varchar(255) DEFAULT NULL,
  `ord` int unsigned DEFAULT NULL,
  PRIMARY KEY (`id`),
  KEY `load field value` (`obj_id`,`field_id`),
  KEY `field_id` (`field_id`),
  KEY `obj_id` (`obj_id`),
  KEY `src` (`src`(255)),
  KEY `ord` (`ord`),
  CONSTRAINT `File object field content to field` FOREIGN KEY (`field_id`) REFERENCES `cms3_object_fields` (`id`) ON DELETE CASCADE,
  CONSTRAINT `File object field content to object` FOREIGN KEY (`obj_id`) REFERENCES `cms3_objects` (`id`) ON DELETE CASCADE
) ENGINE=InnoDB DEFAULT CHARSET=utf8mb3;
/*!40101 SET character_set_client = @saved_cs_client */;

--
-- Dumping data for table `cms3_object_files`
--

LOCK TABLES `cms3_object_files` WRITE;
/*!40000 ALTER TABLE `cms3_object_files` DISABLE KEYS */;
/*!40000 ALTER TABLE `cms3_object_files` ENABLE KEYS */;
UNLOCK TABLES;

--
-- Table structure for table `cms3_object_images`
--

DROP TABLE IF EXISTS `cms3_object_images`;
/*!40101 SET @saved_cs_client     = @@character_set_client */;
/*!50503 SET character_set_client = utf8mb4 */;
CREATE TABLE `cms3_object_images` (
  `id` int unsigned NOT NULL AUTO_INCREMENT,
  `obj_id` int unsigned DEFAULT NULL,
  `field_id` int unsigned DEFAULT NULL,
  `src` varchar(500) DEFAULT NULL,
  `alt` varchar(255) DEFAULT NULL,
  `ord` int unsigned DEFAULT NULL,
  `title` varchar(255) DEFAULT NULL,
  PRIMARY KEY (`id`),
  KEY `load field value` (`obj_id`,`field_id`),
  KEY `field_id` (`field_id`),
  KEY `obj_id` (`obj_id`),
  KEY `src` (`src`(255)),
  KEY `alt` (`alt`),
  KEY `ord` (`ord`),
  CONSTRAINT `object field content to field` FOREIGN KEY (`field_id`) REFERENCES `cms3_object_fields` (`id`) ON DELETE CASCADE,
  CONSTRAINT `object field content to object` FOREIGN KEY (`obj_id`) REFERENCES `cms3_objects` (`id`) ON DELETE CASCADE
) ENGINE=InnoDB AUTO_INCREMENT=1669 DEFAULT CHARSET=utf8mb3;
/*!40101 SET character_set_client = @saved_cs_client */;

--
-- Dumping data for table `cms3_object_images`
--

LOCK TABLES `cms3_object_images` WRITE;
/*!40000 ALTER TABLE `cms3_object_images` DISABLE KEYS */;
INSERT INTO `cms3_object_images` VALUES (312,1891,457,'./images/watch/Jacques_Lemans_London/1-1844d_1.jpg','',1,NULL),(313,1891,457,'./images/watch/Jacques_Lemans_London/1-1844d_2.jpg','',2,NULL),(314,1891,457,'./images/watch/Jacques_Lemans_London/1-1844d_3.jpg','',3,NULL),(315,1891,457,'./images/watch/Jacques_Lemans_London/1-1844d_4.jpg','',4,NULL),(316,1898,457,'./images/watch/Epos_Passion_3403.193.24.15.25/3403_193_24_15_25_1.jpg','',1,NULL),(317,1898,457,'./images/watch/Epos_Passion_3403.193.24.15.25/3403_193_24_15_25_2.jpg','',2,NULL),(318,1898,457,'./images/watch/Epos_Passion_3403.193.24.15.25/3403_193_24_15_25_3.jpg','',3,NULL),(319,1898,457,'./images/watch/Epos_Passion_3403.193.24.15.25/3403_193_24_15_25_4.jpg','',4,NULL),(320,1898,457,'./images/watch/Epos_Passion_3403.193.24.15.25/3403_193_24_15_25_5.jpg','',5,NULL),(326,1918,457,'./images/watch/Seiko_Astron_SSE021J1/sse021j1_2.jpg','',1,NULL),(327,1918,457,'./images/watch/Seiko_Astron_SSE021J1/sse021j1_3.jpg','',2,NULL),(328,1918,457,'./images/watch/Seiko_Astron_SSE021J1/sse021j1_4.jpg','',3,NULL),(329,1924,457,'./images/watch/Posio_Baby-G_BGA-130-1B/bga-130-1b_2.jpg','',1,NULL),(330,1924,457,'./images/watch/Posio_Baby-G_BGA-130-1B/bga-130-1b_3.jpg','',2,NULL),(331,1924,457,'./images/watch/Posio_Baby-G_BGA-130-1B/bga-130-1b_4.jpg','',3,NULL),(429,1860,457,'./images/velosipedy/Elswick_Harmony_Girls_Bike/710687a.jpg','',1,NULL),(433,1866,457,'./images/velosipedy/Carrera_Star_Kids_Bike/160204a.jpg','',1,NULL),(434,1866,457,'./images/velosipedy/Carrera_Star_Kids_Bike/160204b.jpg','',2,NULL),(435,1866,457,'./images/velosipedy/Carrera_Star_Kids_Bike/160204z.jpg','',3,NULL),(508,1999,457,'./images/velosipedy/Elswick_Harmony_Girls_Bike/710687a.jpg','',1,NULL),(509,2000,457,'./images/velosipedy/Carrera_Star_Kids_Bike/160204a.jpg','',1,NULL),(510,2000,457,'./images/velosipedy/Carrera_Star_Kids_Bike/160204b.jpg','',2,NULL),(511,2000,457,'./images/velosipedy/Carrera_Star_Kids_Bike/160204z.jpg','',3,NULL),(512,2001,457,'./images/velosipedy/Apollo_Fade_Kids_Bike/265832a.jpg','',1,NULL),(513,2001,457,'./images/velosipedy/Apollo_Fade_Kids_Bike/265832b.jpg','',2,NULL),(515,2002,457,'./images/velosipedy/Elswick_Harmony_Girls_Bike/710687a.jpg','',1,NULL),(516,2003,457,'./images/velosipedy/Carrera_Star_Kids_Bike/160204a.jpg','',1,NULL),(517,2003,457,'./images/velosipedy/Carrera_Star_Kids_Bike/160204b.jpg','',2,NULL),(518,2003,457,'./images/velosipedy/Carrera_Star_Kids_Bike/160204z.jpg','',3,NULL),(519,2004,457,'./images/velosipedy/Carrera_Star_Kids_Bike/160204a.jpg','',1,NULL),(520,2004,457,'./images/velosipedy/Carrera_Star_Kids_Bike/160204b.jpg','',2,NULL),(521,2004,457,'./images/velosipedy/Carrera_Star_Kids_Bike/160204z.jpg','',3,NULL),(522,2005,457,'./images/velosipedy/Elswick_Harmony_Girls_Bike/710687a.jpg','',1,NULL),(523,2006,457,'./images/velosipedy/Carrera_Star_Kids_Bike/160204a.jpg','',1,NULL),(524,2006,457,'./images/velosipedy/Carrera_Star_Kids_Bike/160204b.jpg','',2,NULL),(525,2006,457,'./images/velosipedy/Carrera_Star_Kids_Bike/160204z.jpg','',3,NULL),(526,2009,457,'./images/watch/Jacques_Lemans_London/1-1844d_1.jpg','',1,NULL),(527,2009,457,'./images/watch/Jacques_Lemans_London/1-1844d_2.jpg','',2,NULL),(528,2009,457,'./images/watch/Jacques_Lemans_London/1-1844d_3.jpg','',3,NULL),(529,2009,457,'./images/watch/Jacques_Lemans_London/1-1844d_4.jpg','',4,NULL),(533,2010,457,'./images/watch/Epos_Passion_3403.193.24.15.25/3403_193_24_15_25_1.jpg','',1,NULL),(534,2010,457,'./images/watch/Epos_Passion_3403.193.24.15.25/3403_193_24_15_25_2.jpg','',2,NULL),(535,2010,457,'./images/watch/Epos_Passion_3403.193.24.15.25/3403_193_24_15_25_3.jpg','',3,NULL),(536,2010,457,'./images/watch/Epos_Passion_3403.193.24.15.25/3403_193_24_15_25_4.jpg','',4,NULL),(537,2010,457,'./images/watch/Epos_Passion_3403.193.24.15.25/3403_193_24_15_25_5.jpg','',5,NULL),(540,2016,457,'./images/watch/Jacques_Lemans_London/1-1844d_1.jpg','',1,NULL),(541,2016,457,'./images/watch/Jacques_Lemans_London/1-1844d_2.jpg','',2,NULL),(542,2016,457,'./images/watch/Jacques_Lemans_London/1-1844d_3.jpg','',3,NULL),(543,2016,457,'./images/watch/Jacques_Lemans_London/1-1844d_4.jpg','',4,NULL),(547,2017,457,'./images/watch/Epos_Passion_3403.193.24.15.25/3403_193_24_15_25_1.jpg','',1,NULL),(548,2017,457,'./images/watch/Epos_Passion_3403.193.24.15.25/3403_193_24_15_25_2.jpg','',2,NULL),(549,2017,457,'./images/watch/Epos_Passion_3403.193.24.15.25/3403_193_24_15_25_3.jpg','',3,NULL),(550,2017,457,'./images/watch/Epos_Passion_3403.193.24.15.25/3403_193_24_15_25_4.jpg','',4,NULL),(551,2017,457,'./images/watch/Epos_Passion_3403.193.24.15.25/3403_193_24_15_25_5.jpg','',5,NULL),(561,2020,457,'./images/watch/Epos_Passion_3403.193.24.15.25/3403_193_24_15_25_1.jpg','',1,NULL),(562,2020,457,'./images/watch/Epos_Passion_3403.193.24.15.25/3403_193_24_15_25_2.jpg','',2,NULL),(563,2020,457,'./images/watch/Epos_Passion_3403.193.24.15.25/3403_193_24_15_25_3.jpg','',3,NULL),(564,2020,457,'./images/watch/Epos_Passion_3403.193.24.15.25/3403_193_24_15_25_4.jpg','',4,NULL),(565,2020,457,'./images/watch/Epos_Passion_3403.193.24.15.25/3403_193_24_15_25_5.jpg','',5,NULL),(568,2035,457,'./images/odezhda/Mango_Man/he002emwyk74_5352108_6_v1.jpg','',1,NULL),(569,2035,457,'./images/odezhda/Mango_Man/he002emwyk74_5352109_7_v1.jpg','',2,NULL),(570,2035,457,'./images/odezhda/Mango_Man/he002emwyk74_5352110_8_v1.jpg','',3,NULL),(571,2029,457,'./images/odezhda/1558_700.jpg','',1,NULL),(572,2029,457,'./images/odezhda/1559_700.jpg','',2,NULL),(573,2041,457,'./images/odezhda/Burton_Menswear_London/bu014emuwr27_5047632_6_v2.jpg','',1,NULL),(574,2041,457,'./images/odezhda/Burton_Menswear_London/bu014emuwr27_5047633_7_v2.jpg','',2,NULL),(575,2041,457,'./images/odezhda/Burton_Menswear_London/bu014emuwr27_5047634_8_v2.jpg','',3,NULL),(578,2046,457,'./images/odezhda/Roosevelt/ro044emwjx83_5210791_8_v1_1.jpg','',1,NULL),(579,2046,457,'./images/odezhda/Roosevelt/ro044emwjx83_5210790_7_v1.jpg','',2,NULL),(580,2046,457,'./images/odezhda/Roosevelt/ro044emwjx83_5210792_9_v1.jpg','',3,NULL),(593,2052,457,'./images/odezhda/United_Colors_of_Benetton/un012emvww05_5220108_6_v1.jpg','',1,NULL),(594,2052,457,'./images/odezhda/United_Colors_of_Benetton/un012emvww05_5220109_7_v1.jpg','',2,NULL),(595,2052,457,'./images/odezhda/United_Colors_of_Benetton/un012emvww05_5220110_8_v1_1.jpg','',3,NULL),(603,2074,457,'./images/odezhda/Jack__Jones/ja391emuix49_5516148_6_v1.jpg','',1,NULL),(604,2074,457,'./images/odezhda/Jack__Jones/ja391emuix49_5516149_7_v1.jpg','',2,NULL),(605,2074,457,'./images/odezhda/Jack__Jones/ja391emuix49_5516151_9_v1.jpg','',3,NULL),(614,2080,457,'./images/odezhda/Windsor/wi013emwfg03_5358608_6_v2.jpg','',1,NULL),(615,2080,457,'./images/odezhda/Windsor/wi013emwfg03_5358609_7_v2.jpg','',2,NULL),(616,2080,457,'./images/odezhda/Windsor/wi013emwfg03_5358610_8_v2.jpg','',3,NULL),(617,2084,457,'./images/odezhda/Trussardi_Jeans/tr016emuwe49_5417757_6_v1.jpg','',1,NULL),(618,2084,457,'./images/odezhda/Trussardi_Jeans/tr016emuwe49_5417758_7_v1.jpg','',2,NULL),(619,2084,457,'./images/odezhda/Trussardi_Jeans/tr016emuwe49_5417760_9_v1.jpg','',3,NULL),(623,2090,457,'./images/odezhda/Berkytt/mp002xm0w5kq_5527321_2_v1.jpeg','',1,NULL),(624,2090,457,'./images/odezhda/Berkytt/mp002xm0w5kq_5527322_3_v1.jpeg','',2,NULL),(625,2090,457,'./images/odezhda/Berkytt/mp002xm0w5kq_5527323_4_v1.jpeg','',3,NULL),(629,2092,457,'./images/odezhda/Piazza_Italia/pi022emnyw60_4098325_6_v1.jpg','',1,NULL),(630,2092,457,'./images/odezhda/Piazza_Italia/pi022emnyw60_4098326_7_v1.jpg','',2,NULL),(631,2092,457,'./images/odezhda/Piazza_Italia/pi022emnyw60_4098327_8_v1.jpg','',3,NULL),(635,2095,457,'./images/odezhda/puhoviki/Atributika__Club/at006emgnq59_6_v1.jpg','',1,NULL),(636,2095,457,'./images/odezhda/puhoviki/Atributika__Club/at006emgnq59_7_v1.jpg','',2,NULL),(637,2095,457,'./images/odezhda/puhoviki/Atributika__Club/at006emgnq59_8_v1.jpg','',3,NULL),(640,2099,457,'./images/odezhda/puhoviki/Trespass/tr795emnip74_4055134_6_v1.jpg','',1,NULL),(641,2099,457,'./images/odezhda/puhoviki/Trespass/tr795emnip74_4055135_7_v1.jpg','',2,NULL),(642,2099,457,'./images/odezhda/puhoviki/Trespass/tr795emnip74_4055136_8_v1.jpg','',3,NULL),(648,2104,457,'./images/odezhda/puhoviki/EA7/ea002emuee64_5083601_6_v1.jpg','',1,NULL),(649,2104,457,'./images/odezhda/puhoviki/EA7/ea002emuee64_5083602_7_v1.jpg','',2,NULL),(650,2104,457,'./images/odezhda/puhoviki/EA7/ea002emuee64_5083604_9_v1.jpg','',3,NULL),(663,2110,457,'./images/odezhda/puhoviki/MEMURUTIND_DOWN_JKT/be071emycz70_5528521_6_v1.jpg','',1,NULL),(664,2110,457,'./images/odezhda/puhoviki/MEMURUTIND_DOWN_JKT/be071emycz70_5528523_8_v1.jpg','',2,NULL),(665,2110,457,'./images/odezhda/puhoviki/MEMURUTIND_DOWN_JKT/be071emycz70_5528524_9_v1.jpg','',3,NULL),(666,2113,457,'./images/odezhda/puhoviki/Springfield/sp014emwtl87_5511659_6_v1.jpg','',1,NULL),(667,2113,457,'./images/odezhda/puhoviki/Springfield/sp014emwtl87_5511660_7_v1.jpg','',2,NULL),(668,2113,457,'./images/odezhda/puhoviki/Springfield/sp014emwtl87_5511661_8_v1.jpg','',3,NULL),(669,2113,457,'./images/odezhda/puhoviki/Springfield/sp014emwtl87_5511662_9_v1.jpg','',4,NULL),(670,2115,457,'./images/odezhda/puhoviki/BARLOW_PASS_550_TURBODOWN_QUILTED_JKT/co214emwib62_5459072_6_v1.jpg','',1,NULL),(671,2115,457,'./images/odezhda/puhoviki/BARLOW_PASS_550_TURBODOWN_QUILTED_JKT/co214emwib62_5459073_7_v1.jpg','',2,NULL),(672,2115,457,'./images/odezhda/puhoviki/BARLOW_PASS_550_TURBODOWN_QUILTED_JKT/co214emwib62_5459074_8_v1.jpg','',3,NULL),(673,2115,457,'./images/odezhda/puhoviki/BARLOW_PASS_550_TURBODOWN_QUILTED_JKT/co214emwib62_5459075_9_v1.jpg','',4,NULL),(674,2116,457,'./images/odezhda/puhoviki/SYLVAN_LAKE_630_TURBODOWN_HOODED_JACKET/co214emwib45_5459068_6_v1.jpg','',1,NULL),(675,2116,457,'./images/odezhda/puhoviki/SYLVAN_LAKE_630_TURBODOWN_HOODED_JACKET/co214emwib45_5459069_7_v1.jpg','',2,NULL),(676,2116,457,'./images/odezhda/puhoviki/SYLVAN_LAKE_630_TURBODOWN_HOODED_JACKET/co214emwib45_5459070_8_v1_1.jpg','',3,NULL),(677,2118,457,'./images/odezhda/puhoviki/baon/ba007emwba85_5510738_6_v1.jpg','',1,NULL),(678,2118,457,'./images/odezhda/puhoviki/baon/ba007emwba85_5510739_7_v1.jpg','',2,NULL),(679,2118,457,'./images/odezhda/puhoviki/baon/ba007emwba85_5510740_8_v1.jpg','',3,NULL),(680,2118,457,'./images/odezhda/puhoviki/baon/ba007emwba85_5510741_9_v1.jpg','',4,NULL),(681,2121,457,'./images/odezhda/puhoviki/ARRIS_JACKET/qu192emvod05_5228106_6_v1.jpg','',1,NULL),(682,2121,457,'./images/odezhda/puhoviki/ARRIS_JACKET/qu192emvod05_5228107_7_v1.jpg','',2,NULL),(683,2121,457,'./images/odezhda/puhoviki/ARRIS_JACKET/qu192emvod05_5228108_8_v1.jpg','',3,NULL),(684,2121,457,'./images/odezhda/puhoviki/ARRIS_JACKET/qu192emvod05_5228109_9_v1.jpg','',4,NULL),(685,2124,457,'./images/odezhda/puhoviki/kurtka_uteplennaya_MOUNT_TABOR_JACKET/co214emmef35_6_v2.jpg','',1,NULL),(686,2124,457,'./images/odezhda/puhoviki/kurtka_uteplennaya_MOUNT_TABOR_JACKET/co214emmef35_7_v2.jpg','',2,NULL),(687,2124,457,'./images/odezhda/puhoviki/kurtka_uteplennaya_MOUNT_TABOR_JACKET/co214emmef35_8_v2.jpg','',3,NULL),(695,2156,457,'./images/Pomada/191b50b500.jpg','',1,NULL),(699,2187,457,'./images/Bytovaya_tehnika/stiralnie_mashini/LG_E10B8ND/bez_nazvaniya_2.jpg','',1,NULL),(700,2187,457,'./images/Bytovaya_tehnika/stiralnie_mashini/LG_E10B8ND/bez_nazvaniya_3.jpg','',2,NULL),(701,2187,457,'./images/Bytovaya_tehnika/stiralnie_mashini/LG_E10B8ND/bez_nazvaniya_1.jpg','',3,NULL),(702,2190,457,'./images/Bytovaya_tehnika/stiralnie_mashini/stiralnaya_mashina_BOSCH_WLG20165OE/bez_nazvaniya_1.jpg','',1,NULL),(703,2190,457,'./images/Bytovaya_tehnika/stiralnie_mashini/stiralnaya_mashina_BOSCH_WLG20165OE/bez_nazvaniya_2.jpg','',2,NULL),(704,2190,457,'./images/Bytovaya_tehnika/stiralnie_mashini/stiralnaya_mashina_BOSCH_WLG20165OE/bez_nazvaniya.jpg','',3,NULL),(705,2192,457,'./images/Bytovaya_tehnika/stiralnie_mashini/INDESIT_EWSC_51051_B/bez_nazvaniya_1.jpg','',1,NULL),(706,2192,457,'./images/Bytovaya_tehnika/stiralnie_mashini/INDESIT_EWSC_51051_B/bez_nazvaniya_2.jpg','',2,NULL),(707,2192,457,'./images/Bytovaya_tehnika/stiralnie_mashini/INDESIT_EWSC_51051_B/bez_nazvaniya.jpg','',3,NULL),(708,2199,457,'./images/Bytovaya_tehnika/stiralnie_mashini/stiralnaya_mashina_BOSCH_WLN2426EOE/bez_nazvaniya_2.jpg','',1,NULL),(709,2199,457,'./images/Bytovaya_tehnika/stiralnie_mashini/stiralnaya_mashina_BOSCH_WLN2426EOE/bez_nazvaniya_1.jpg','',2,NULL),(710,2201,457,'./images/Bytovaya_tehnika/stiralnie_mashini/SAMSUNG/bez_nazvaniya_2.jpg','',1,NULL),(711,2201,457,'./images/Bytovaya_tehnika/stiralnie_mashini/SAMSUNG/bez_nazvaniya.jpg','',2,NULL),(712,2201,457,'./images/Bytovaya_tehnika/stiralnie_mashini/SAMSUNG/bez_nazvaniya_1.jpg','',3,NULL),(713,2203,457,'./images/Bytovaya_tehnika/stiralnie_mashini/BEKO/bez_nazvaniya_1.jpg','',1,NULL),(714,2203,457,'./images/Bytovaya_tehnika/stiralnie_mashini/BEKO/bez_nazvaniya_2.jpg','',2,NULL),(715,2203,457,'./images/Bytovaya_tehnika/stiralnie_mashini/BEKO/bez_nazvaniya_3.jpg','',3,NULL),(718,2207,457,'./images/Bytovaya_tehnika/stiralnie_mashini/SHARP/bez_nazvaniya_3.jpg','',1,NULL),(719,2207,457,'./images/Bytovaya_tehnika/stiralnie_mashini/SHARP/bez_nazvaniya_2.jpg','',2,NULL),(720,2207,457,'./images/Bytovaya_tehnika/stiralnie_mashini/SHARP/bez_nazvaniya_1.jpg','',3,NULL),(721,2205,457,'./images/Bytovaya_tehnika/stiralnie_mashini/ZANUSSI/bez_nazvaniya_1.jpg','',1,NULL),(722,2205,457,'./images/Bytovaya_tehnika/stiralnie_mashini/ZANUSSI/bez_nazvaniya_2.jpg','',2,NULL),(723,2209,457,'./images/Bytovaya_tehnika/pilesosi/TEFAL/bez_nazvaniya_2.jpg','',1,NULL),(724,2209,457,'./images/Bytovaya_tehnika/pilesosi/TEFAL/bez_nazvaniya_3.jpg','',2,NULL),(725,2209,457,'./images/Bytovaya_tehnika/pilesosi/TEFAL/bez_nazvaniya.jpg','',3,NULL),(726,2210,457,'./images/Bytovaya_tehnika/pilesosi/KITFORT/bez_nazvaniya_2.jpg','',1,NULL),(727,2210,457,'./images/Bytovaya_tehnika/pilesosi/KITFORT/bez_nazvaniya_3.jpg','',2,NULL),(728,2210,457,'./images/Bytovaya_tehnika/pilesosi/KITFORT/bez_nazvaniya.jpg','',3,NULL),(729,2211,457,'./images/Bytovaya_tehnika/pilesosi/DYSON/bez_nazvaniya_2.jpg','',1,NULL),(730,2211,457,'./images/Bytovaya_tehnika/pilesosi/DYSON/bez_nazvaniya_3.jpg','',2,NULL),(731,2211,457,'./images/Bytovaya_tehnika/pilesosi/DYSON/bez_nazvaniya.jpg','',3,NULL),(732,2212,457,'./images/Bytovaya_tehnika/pilesosi/MIDEA/bez_nazvaniya_1.jpg','',1,NULL),(733,2212,457,'./images/Bytovaya_tehnika/pilesosi/MIDEA/bez_nazvaniya_2.jpg','',2,NULL),(734,2212,457,'./images/Bytovaya_tehnika/pilesosi/MIDEA/bez_nazvaniya_3.jpg','',3,NULL),(735,2213,457,'./images/Bytovaya_tehnika/pilesosi/BOSCH/bez_nazvaniya_1.jpg','',1,NULL),(736,2213,457,'./images/Bytovaya_tehnika/pilesosi/BOSCH/bez_nazvaniya_2.jpg','',2,NULL),(737,2213,457,'./images/Bytovaya_tehnika/pilesosi/BOSCH/bez_nazvaniya_3.jpg','',3,NULL),(738,2214,457,'./images/Bytovaya_tehnika/pilesosi/LG/bez_nazvaniya_1.jpg','',1,NULL),(739,2214,457,'./images/Bytovaya_tehnika/pilesosi/LG/bez_nazvaniya_2.jpg','',2,NULL),(740,2214,457,'./images/Bytovaya_tehnika/pilesosi/LG/bez_nazvaniya_3.jpg','',3,NULL),(741,2215,457,'./images/Bytovaya_tehnika/pilesosi/PHILIPS/bez_nazvaniya_1.jpg','',1,NULL),(742,2215,457,'./images/Bytovaya_tehnika/pilesosi/PHILIPS/bez_nazvaniya_2.jpg','',2,NULL),(743,2215,457,'./images/Bytovaya_tehnika/pilesosi/PHILIPS/bez_nazvaniya_3.jpg','',3,NULL),(744,2216,457,'./images/Bytovaya_tehnika/pilesosi/SAMSUNG/bez_nazvaniya_2.jpg','',1,NULL),(745,2216,457,'./images/Bytovaya_tehnika/pilesosi/SAMSUNG/bez_nazvaniya_3.jpg','',2,NULL),(746,2216,457,'./images/Bytovaya_tehnika/pilesosi/SAMSUNG/bez_nazvaniya.jpg','',3,NULL),(747,2219,457,'./images/Bytovaya_tehnika/holodilnii/INDESIT/bez_nazvaniya_1.jpg','',1,NULL),(748,2219,457,'./images/Bytovaya_tehnika/holodilnii/INDESIT/bez_nazvaniya_2.jpg','',2,NULL),(749,2219,457,'./images/Bytovaya_tehnika/holodilnii/INDESIT/bez_nazvaniya_3.jpg','',3,NULL),(750,2220,457,'./images/Bytovaya_tehnika/holodilnii/SAMSUNG/bez_nazvaniya_1.jpg','',1,NULL),(751,2220,457,'./images/Bytovaya_tehnika/holodilnii/SAMSUNG/bez_nazvaniya_2.jpg','',2,NULL),(752,2220,457,'./images/Bytovaya_tehnika/holodilnii/SAMSUNG/bez_nazvaniya_3.jpg','',3,NULL),(753,2221,457,'./images/Bytovaya_tehnika/holodilnii/BEKO/bez_nazvaniya_2.jpg','',1,NULL),(754,2221,457,'./images/Bytovaya_tehnika/holodilnii/BEKO/bez_nazvaniya_3.jpg','',2,NULL),(755,2221,457,'./images/Bytovaya_tehnika/holodilnii/BEKO/bez_nazvaniya.jpg','',3,NULL),(756,2223,457,'./images/Bytovaya_tehnika/holodilnii/HITACHI/bez_nazvaniya_1.jpg','',1,NULL),(757,2223,457,'./images/Bytovaya_tehnika/holodilnii/HITACHI/bez_nazvaniya_2.jpg','',2,NULL),(758,2223,457,'./images/Bytovaya_tehnika/holodilnii/HITACHI/bez_nazvaniya_3.jpg','',3,NULL),(759,2224,457,'./images/Bytovaya_tehnika/holodilnii/LG/bez_nazvaniya_1.jpg','',1,NULL),(760,2224,457,'./images/Bytovaya_tehnika/holodilnii/LG/bez_nazvaniya_2.jpg','',2,NULL),(761,2224,457,'./images/Bytovaya_tehnika/holodilnii/LG/bez_nazvaniya_3.jpg','',3,NULL),(762,2225,457,'./images/Bytovaya_tehnika/holodilnii/GORENJE/bez_nazvaniya_1.jpg','',1,NULL),(763,2225,457,'./images/Bytovaya_tehnika/holodilnii/GORENJE/bez_nazvaniya_2.jpg','',2,NULL),(764,2225,457,'./images/Bytovaya_tehnika/holodilnii/GORENJE/bez_nazvaniya_3.jpg','',3,NULL),(765,2226,457,'./images/Bytovaya_tehnika/holodilnii/BOSCH/bez_nazvaniya_1.jpg','',1,NULL),(766,2226,457,'./images/Bytovaya_tehnika/holodilnii/BOSCH/bez_nazvaniya_2.jpg','',2,NULL),(767,2227,457,'./images/Bytovaya_tehnika/holodilnii/LIEBHERR/bez_nazvaniya_2.jpg','',1,NULL),(768,2227,457,'./images/Bytovaya_tehnika/holodilnii/LIEBHERR/bez_nazvaniya_3.jpg','',2,NULL),(769,2227,457,'./images/Bytovaya_tehnika/holodilnii/LIEBHERR/bez_nazvaniya.jpg','',3,NULL),(770,2228,457,'./images/detskaya_odezshda/zimnyaya/kurtka_REIMA_REIMATEC_WINTER_JACKET_PENTTI_sinyaya/251.jpg','',1,NULL),(771,2228,457,'./images/detskaya_odezshda/zimnyaya/kurtka_REIMA_REIMATEC_WINTER_JACKET_PENTTI_sinyaya/25_1.jpg','',2,NULL),(772,2228,457,'./images/detskaya_odezshda/zimnyaya/kurtka_REIMA_REIMATEC_WINTER_JACKET_PENTTI_sinyaya/25_11.jpg','',3,NULL),(773,2229,457,'./images/detskaya_odezshda/zimnyaya/kurtka_REIMA_REIMATEC_WINTER_TAAG_zelenaya/52_1.jpg','',1,NULL),(774,2229,457,'./images/detskaya_odezshda/zimnyaya/kurtka_REIMA_REIMATEC_WINTER_TAAG_zelenaya/521.jpg','',2,NULL),(775,2229,457,'./images/detskaya_odezshda/zimnyaya/kurtka_REIMA_REIMATEC_WINTER_TAAG_zelenaya/52_11.jpg','',3,NULL),(776,2231,457,'./images/detskaya_odezshda/zimnyaya/kurtka_puhovaya_dlya_devochki_REIMA_FERN_golubaya/531284_6130_2.jpg','',1,NULL),(777,2231,457,'./images/detskaya_odezshda/zimnyaya/kurtka_puhovaya_dlya_devochki_REIMA_FERN_golubaya/531284_6130_3.jpg','',2,NULL),(778,2231,457,'./images/detskaya_odezshda/zimnyaya/kurtka_puhovaya_dlya_devochki_REIMA_FERN_golubaya/531284_6130_4.jpg','',3,NULL),(779,2232,457,'./images/detskaya_odezshda/zimnyaya/kurtka_puhovaya_dlya_malchika_REIMA_JANNE_sinyaya/531295_6490_5.jpg','',1,NULL),(780,2232,457,'./images/detskaya_odezshda/zimnyaya/kurtka_puhovaya_dlya_malchika_REIMA_JANNE_sinyaya/531295_6490_6.jpg','',2,NULL),(781,2232,457,'./images/detskaya_odezshda/zimnyaya/kurtka_puhovaya_dlya_malchika_REIMA_JANNE_sinyaya/531295_6490_7.jpg','',3,NULL),(782,2233,457,'./images/detskaya_odezshda/zimnyaya/kombinezon_REIMA_REIMATEC_WINTER_OVERALL_PUHURI_sinii/510262_6980_2.jpg','',1,NULL),(783,2233,457,'./images/detskaya_odezshda/zimnyaya/kombinezon_REIMA_REIMATEC_WINTER_OVERALL_PUHURI_sinii/510262_6980_3.jpg','',2,NULL),(784,2233,457,'./images/detskaya_odezshda/zimnyaya/kombinezon_REIMA_REIMATEC_WINTER_OVERALL_PUHURI_sinii/510262_6980_4.jpg','',3,NULL),(785,2234,457,'./images/detskaya_odezshda/zimnyaya/kombinezon_flisovii_REIMA_FLEECE_OVERALL_ESTER_74-98_r_sinii/516315_6980_3.jpg','',1,NULL),(786,2234,457,'./images/detskaya_odezshda/zimnyaya/kombinezon_flisovii_REIMA_FLEECE_OVERALL_ESTER_74-98_r_sinii/516315_6980_4.jpg','',2,NULL),(787,2235,457,'./images/detskaya_odezshda/zimnyaya/kombinezon_flisovii_REIMA_FLEECE_OVERALL_ESTER_74-98_r_serii/516315_9400_2.jpg','',1,NULL),(788,2235,457,'./images/detskaya_odezshda/zimnyaya/kombinezon_flisovii_REIMA_FLEECE_OVERALL_ESTER_74-98_r_serii/516315_9400_3.jpg','',2,NULL),(789,2235,457,'./images/detskaya_odezshda/zimnyaya/kombinezon_flisovii_REIMA_FLEECE_OVERALL_ESTER_74-98_r_serii/516315_9400_4.jpg','',3,NULL),(790,2236,457,'./images/detskaya_odezshda/zimnyaya/kombinezon_flisovii_REIMA_FLEECE_OVERALL_TAHTI_sinii/516320_6490_2.jpg','',1,NULL),(791,2236,457,'./images/detskaya_odezshda/zimnyaya/kombinezon_flisovii_REIMA_FLEECE_OVERALL_TAHTI_sinii/516320_6490_3.jpg','',2,NULL),(792,2236,457,'./images/detskaya_odezshda/zimnyaya/kombinezon_flisovii_REIMA_FLEECE_OVERALL_TAHTI_sinii/516320_6490_4.jpg','',3,NULL),(793,2238,457,'./images/detskaya_odezshda/letnyaya/kurtka_dlya_malchikov_sinyayagolubaya_MAYORAL/kurtka_malch_3446.jpg','',1,NULL),(794,2238,457,'./images/detskaya_odezshda/letnyaya/kurtka_dlya_malchikov_sinyayagolubaya_MAYORAL/kurtka_3446.jpg','',2,NULL),(795,2238,457,'./images/detskaya_odezshda/letnyaya/kurtka_dlya_malchikov_sinyayagolubaya_MAYORAL/kurtk3446.jpg','',3,NULL),(796,2239,457,'./images/detskaya_odezshda/letnyaya/kurtka_LASSIE_SOFTSHELL_JACKET_chernaya_s_rozovim/62_1.jpg','',1,NULL),(797,2239,457,'./images/detskaya_odezshda/letnyaya/kurtka_LASSIE_SOFTSHELL_JACKET_chernaya_s_rozovim/621.jpg','',2,NULL),(798,2240,457,'./images/detskaya_odezshda/letnyaya/kurtka_REIMA_WINDFLEECE_JACKET_VUOKSI_rozovaya/68_1.jpg','',1,NULL),(799,2240,457,'./images/detskaya_odezshda/letnyaya/kurtka_REIMA_WINDFLEECE_JACKET_VUOKSI_rozovaya/681.jpg','',2,NULL),(800,2240,457,'./images/detskaya_odezshda/letnyaya/kurtka_REIMA_WINDFLEECE_JACKET_VUOKSI_rozovaya/68_11.jpg','',3,NULL),(801,2241,457,'./images/detskaya_odezshda/letnyaya/vetrovka_dlya_devochki_golubaya_MAYORAL/keptka_dlya_devochki_1.jpg','',1,NULL),(802,2241,457,'./images/detskaya_odezshda/letnyaya/vetrovka_dlya_devochki_golubaya_MAYORAL/keptka_dlya_devochki_2.jpg','',2,NULL),(803,2242,457,'./images/detskaya_odezshda/letnyaya/vetrovka_dlya_devochki_golubaya_MAYORAL_1/00.jpg','',1,NULL),(804,2242,457,'./images/detskaya_odezshda/letnyaya/vetrovka_dlya_devochki_golubaya_MAYORAL_1/26_1.jpg','',2,NULL),(805,2245,457,'./images/detskaya_odezshda/letnyaya/plash_krasnii_VITACCI/44_1.jpg','',1,NULL),(806,2246,457,'./images/detskaya_odezshda/letnyaya/dozshdevik_svetlyachok_krasnii-zsheltii_chudo-chado/33_dozdevik_svetlyachok_krasnii01.jpg','',1,NULL),(807,2246,457,'./images/detskaya_odezshda/letnyaya/dozshdevik_svetlyachok_krasnii-zsheltii_chudo-chado/33_dozdevik_svetlyachok_krasnii02.jpg','',2,NULL),(808,2246,457,'./images/detskaya_odezshda/letnyaya/dozshdevik_svetlyachok_krasnii-zsheltii_chudo-chado/33_dozdevik_svetlyachok_krasnii04.jpg','',3,NULL),(809,2248,457,'./images/detskaya_obuv/polubotinki_REIMA_LOTTE_sinie/bot1.jpg','',1,NULL),(810,2248,457,'./images/detskaya_obuv/polubotinki_REIMA_LOTTE_sinie/bot2.jpg','',2,NULL),(811,2249,457,'./images/detskaya_obuv/botinki_LASSIE_LASSIETEC_CARLISLE_rozovie/botinki1.jpg','',1,NULL),(812,2249,457,'./images/detskaya_obuv/botinki_LASSIE_LASSIETEC_CARLISLE_rozovie/botinki2.jpg','',2,NULL),(813,2249,457,'./images/detskaya_obuv/botinki_LASSIE_LASSIETEC_CARLISLE_rozovie/botinki3.jpg','',3,NULL),(814,2250,457,'./images/detskaya_obuv/sapogi_LASSIE_COLDWELL_sinie/75_2.jpg','',1,NULL),(815,2250,457,'./images/detskaya_obuv/sapogi_LASSIE_COLDWELL_sinie/75_3.jpg','',2,NULL),(816,2251,457,'./images/detskaya_obuv/sapogi_LASSIE_COLDWELL_lilovie/74_2.jpg','',1,NULL),(817,2251,457,'./images/detskaya_obuv/sapogi_LASSIE_COLDWELL_lilovie/74_4.jpg','',2,NULL),(818,2251,457,'./images/detskaya_obuv/sapogi_LASSIE_COLDWELL_lilovie/74_3.jpg','',3,NULL),(819,2252,457,'./images/detskaya_obuv/sapogi_LASSIE_LASSIETEC_BOULDER_chernie_s_oranzshevim/72_2.jpg','',1,NULL),(820,2252,457,'./images/detskaya_obuv/sapogi_LASSIE_LASSIETEC_BOULDER_chernie_s_oranzshevim/72_4.jpg','',2,NULL),(821,2252,457,'./images/detskaya_obuv/sapogi_LASSIE_LASSIETEC_BOULDER_chernie_s_oranzshevim/s.jpg','',3,NULL),(822,2253,457,'./images/detskaya_obuv/sandalii_LASSIE_MARLE_GRAPHITE_BLUE/769106_9630_2.jpg','',1,NULL),(823,2253,457,'./images/detskaya_obuv/sandalii_LASSIE_MARLE_GRAPHITE_BLUE/769106_9630_3.jpg','',2,NULL),(824,2253,457,'./images/detskaya_obuv/sandalii_LASSIE_MARLE_GRAPHITE_BLUE/769106_9630_4.jpg','',3,NULL),(825,2254,457,'./images/detskaya_obuv/botinki_PATROL_kemel/bot.jpg','',1,NULL),(826,2254,457,'./images/detskaya_obuv/botinki_PATROL_kemel/bot3.jpg','',2,NULL),(827,2254,457,'./images/detskaya_obuv/botinki_PATROL_kemel/bot2.jpg','',3,NULL),(831,2256,457,'./images/odezhda/tolstovki/tolstovka_Think_Pink/1266476-2.jpg','',1,NULL),(832,2256,457,'./images/odezhda/tolstovki/tolstovka_Think_Pink/1266476-3.jpg','',2,NULL),(833,2256,457,'./images/odezhda/tolstovki/tolstovka_Think_Pink/1266476-4.jpg','',3,NULL),(834,2255,457,'./images/odezhda/tolstovki/tolstovka_Scorpion_Bay/3424377-2.jpg','',1,NULL),(835,2255,457,'./images/odezhda/tolstovki/tolstovka_Scorpion_Bay/3424377-3.jpg','',2,NULL),(836,2255,457,'./images/odezhda/tolstovki/tolstovka_Scorpion_Bay/3424377-4.jpg','',3,NULL),(837,2258,457,'./images/odezhda/tolstovki/tolstovka_VOI_JEANS/926564-2.jpg','',1,NULL),(838,2258,457,'./images/odezhda/tolstovki/tolstovka_VOI_JEANS/926564-3.jpg','',2,NULL),(839,2258,457,'./images/odezhda/tolstovki/tolstovka_VOI_JEANS/926564-4.jpg','',3,NULL),(840,2259,457,'./images/odezhda/tolstovki/tolstovka_GARCIA/1392002-2.jpg','',1,NULL),(841,2259,457,'./images/odezhda/tolstovki/tolstovka_GARCIA/1392002-3.jpg','',2,NULL),(842,2259,457,'./images/odezhda/tolstovki/tolstovka_GARCIA/1392002-4.jpg','',3,NULL),(843,2260,457,'./images/odezhda/tolstovki/tolstovka_Quiksilver/2663272-2.jpg','',1,NULL),(844,2260,457,'./images/odezhda/tolstovki/tolstovka_Quiksilver/2663272-3.jpg','',2,NULL),(845,2261,457,'./images/odezhda/tolstovki/tolstovka_Catbalou/3299093-2.jpg','',1,NULL),(846,2261,457,'./images/odezhda/tolstovki/tolstovka_Catbalou/3299093-3.jpg','',2,NULL),(847,2261,457,'./images/odezhda/tolstovki/tolstovka_Catbalou/3299093-4.jpg','',3,NULL),(848,2262,457,'./images/odezhda/tolstovki/tolstovka_VON_DUTCH/4070669-2.jpg','',1,NULL),(849,2262,457,'./images/odezhda/tolstovki/tolstovka_VON_DUTCH/4070669-3.jpg','',2,NULL),(850,2263,457,'./images/odezhda/tolstovki/tolstovka_Forward/4680306-2.jpg','',1,NULL),(851,2263,457,'./images/odezhda/tolstovki/tolstovka_Forward/4680306-3.jpg','',2,NULL),(852,2263,457,'./images/odezhda/tolstovki/tolstovka_Forward/4680306-4.jpg','',3,NULL),(853,2265,457,'./images/odezhda/rubashki/rubashka_Oodji/2174027-2.jpg','',1,NULL),(854,2265,457,'./images/odezhda/rubashki/rubashka_Oodji/2174027-3.jpg','',2,NULL),(855,2265,457,'./images/odezhda/rubashki/rubashka_Oodji/2174027-4.jpg','',3,NULL),(856,2266,457,'./images/odezhda/rubashki/rubashka_U.S._Polo_Assn./4800480-2.jpg','',1,NULL),(857,2266,457,'./images/odezhda/rubashki/rubashka_U.S._Polo_Assn./4800480-3.jpg','',2,NULL),(858,2270,457,'./images/odezhda/rubashki/rubashka_Slim_S.OLIVER/4886078-1.jpg','',1,NULL),(859,2270,457,'./images/odezhda/rubashki/rubashka_Slim_S.OLIVER/4886078-2.jpg','',2,NULL),(860,2270,457,'./images/odezhda/rubashki/rubashka_Slim_S.OLIVER/4886078-4.jpg','',3,NULL),(861,2271,457,'./images/odezhda/rubashki/rubashka_TOM_TAILOR/4477916-2.jpg','',1,NULL),(862,2271,457,'./images/odezhda/rubashki/rubashka_TOM_TAILOR/4477916-3.jpg','',2,NULL),(863,2271,457,'./images/odezhda/rubashki/rubashka_TOM_TAILOR/4477916-4.jpg','',3,NULL),(864,2267,457,'./images/odezhda/rubashki/rubashka_ELIZ_X_GRAND/4169041-2.jpg','',1,NULL),(865,2304,457,'./images/samokati/samokat_YEDOO_OX_NEW_cherniizelenii/y_new_ox_detail_03_l.jpg','',1,NULL),(866,2304,457,'./images/samokati/samokat_YEDOO_OX_NEW_cherniizelenii/y_new_ox_detail_04_l.jpg','',2,NULL),(867,2304,457,'./images/samokati/samokat_YEDOO_OX_NEW_cherniizelenii/y_new_ox_detail_08_l.jpg','',3,NULL),(868,2308,457,'./images/samokati/samokat_TROLO_RAPTOR_230_(2017)_belii/tr23073_samokat_trolo_raptor_2017_zelenyj-grafit-5.jpg','',1,NULL),(869,2308,457,'./images/samokati/samokat_TROLO_RAPTOR_230_(2017)_belii/tr23075_samokat_trolo_raptor_2017_belyj-zelenyj-7.jpg','',2,NULL),(870,2310,457,'./images/samokati/samokat_MICRO_SPEED_chernii/speed-black-002-800x800.jpg','',1,NULL),(871,2310,457,'./images/samokati/samokat_MICRO_SPEED_chernii/speed_plus_gal1.jpg','',2,NULL),(872,2312,457,'./images/samokati/samokat_MICRO_SUSPENSION_(SA0065)_dva_amortizatora_bronza/supsension_detail.jpg','',1,NULL),(873,2312,457,'./images/samokati/samokat_MICRO_SUSPENSION_(SA0065)_dva_amortizatora_bronza/suspension_detail_1.jpg','',2,NULL),(874,2312,457,'./images/samokati/samokat_MICRO_SUSPENSION_(SA0065)_dva_amortizatora_bronza/suspension_gal.jpg','',3,NULL),(875,2314,457,'./images/samokati/samokat_RAZOR_A5_LUX_sinii/31568637-700x700.jpg','',1,NULL),(876,2314,457,'./images/samokati/samokat_RAZOR_A5_LUX_sinii/a5_rearbrake_bl_prod.jpg','',2,NULL),(877,2316,457,'./images/samokati/samokat_WEELZ_ROCK_cherniizelenii/weelz_rock_green_gal1.jpg','',1,NULL),(878,2316,457,'./images/samokati/samokat_WEELZ_ROCK_cherniizelenii/weelz_rock_green_gal2.jpg','',2,NULL),(879,2318,457,'./images/samokati/samokat_HUDORA_BIG_WHEEL_STYLE_230_WHITE_(14236)_belii/hudora_big_wheel_style_230_white_2.jpg','',1,NULL),(880,2318,457,'./images/samokati/samokat_HUDORA_BIG_WHEEL_STYLE_230_WHITE_(14236)_belii/hudora_big_wheel_style_230_white_3.jpg','',2,NULL),(881,2318,457,'./images/samokati/samokat_HUDORA_BIG_WHEEL_STYLE_230_WHITE_(14236)_belii/hudora_big_wheel_style_230_white1.jpg','',3,NULL),(883,562,268,'./images/cms/data/0001057_image1.gif',NULL,NULL,NULL),(884,563,268,'./images/cms/data/bnc1.jpg',NULL,NULL,NULL),(885,564,268,'./images/cms/data/razem.jpg',NULL,NULL,NULL),(886,565,268,'./images/cms/data/firewire6_to_firewire41.jpg',NULL,NULL,NULL),(894,1860,268,'./images/velosipedy/Elswick_Harmony_Girls_Bike/710687.jpg',NULL,NULL,NULL),(895,1866,268,'./images/velosipedy/Carrera_Star_Kids_Bike/160204.jpg',NULL,NULL,NULL),(897,1891,268,'./images/watch/Jacques_Lemans_London/1-1844d.jpg',NULL,NULL,NULL),(898,1898,268,'./images/watch/Epos_Passion_3403.193.24.15.25/3403_193_24_15_25.jpg',NULL,NULL,NULL),(899,1906,268,'./images/watch/Suunto_Core_SS020692000/ss020692000.jpg',NULL,NULL,NULL),(901,1918,268,'./images/watch/Seiko_Astron_SSE021J1/sse021j1_1.jpg',NULL,NULL,NULL),(902,1921,268,'./images/watch/Candino_Ceramic_C6504.3/c6504_3.jpg',NULL,NULL,NULL),(903,1923,268,'./images/watch/Michael_Kors_Runway_MK3493/mk3493.jpg',NULL,NULL,NULL),(904,1924,268,'./images/watch/Posio_Baby-G_BGA-130-1B/bga-130-1b.jpg',NULL,NULL,NULL),(909,1938,268,'./images/velosipedy/4285576.jpg',NULL,NULL,NULL),(910,1939,268,'./images/velosipedy/3931214.jpg',NULL,NULL,NULL),(911,1940,268,'./images/velosipedy/4285580.jpg',NULL,NULL,NULL),(912,1942,268,'./images/turisticheskoe/spalnie_meshki/894741.jpg',NULL,NULL,NULL),(913,1943,268,'./images/turisticheskoe/spalnie_meshki/4227141.jpg',NULL,NULL,NULL),(914,1944,268,'./images/turisticheskoe/spalnie_meshki/3449233.jpg',NULL,NULL,NULL),(915,1945,268,'./images/turisticheskoe/spalnie_meshki/3477652.jpg',NULL,NULL,NULL),(916,1946,268,'./images/turisticheskoe/spalnie_meshki/3814485.jpg',NULL,NULL,NULL),(917,1952,268,'./images/zootovary/koshki/korma/4234063.jpg',NULL,NULL,NULL),(918,1954,268,'./images/zootovary/koshki/korma/4233940.jpg',NULL,NULL,NULL),(919,1956,268,'./images/zootovary/koshki/korma/753807.jpg',NULL,NULL,NULL),(920,1959,268,'./images/zootovary/koshki/korma/887994.jpg',NULL,NULL,NULL),(921,1962,268,'./images/zootovary/koshki/korma/945269.jpg',NULL,NULL,NULL),(922,1965,268,'./images/zootovary/koshki/korma/940043.jpg',NULL,NULL,NULL),(923,1967,268,'./images/zootovary/koshki/korma/3623349.jpg',NULL,NULL,NULL),(924,1968,268,'./images/zootovary/koshki/korma/3448207.jpg',NULL,NULL,NULL),(925,1972,268,'./images/zootovary/koshki/korma/937184.jpg',NULL,NULL,NULL),(926,1973,268,'./images/zootovary/koshki/korma/3520692.jpg',NULL,NULL,NULL),(927,1974,268,'./images/zootovary/sobaki/4199108.jpg',NULL,NULL,NULL),(928,1976,268,'./images/zootovary/sobaki/1032559.jpg',NULL,NULL,NULL),(929,1977,268,'./images/zootovary/sobaki/4199107.jpg',NULL,NULL,NULL),(930,1980,268,'./images/zootovary/Pticy/3476011.jpg',NULL,NULL,NULL),(931,1982,268,'./images/zootovary/Pticy/3475978.jpg',NULL,NULL,NULL),(932,1865,268,'./images/turisticheskoe/palatki/3426106.jpg',NULL,NULL,NULL),(933,1869,268,'./images/turisticheskoe/palatki/3887829.jpg',NULL,NULL,NULL),(935,1872,268,'./images/turisticheskoe/palatki/921708.jpg',NULL,NULL,NULL),(944,2006,268,'./images/velosipedy/Carrera_Star_Kids_Bike/160204.jpg',NULL,NULL,NULL),(945,1999,268,'./images/velosipedy/Carrera_Star_Kids_Bike/160204b.jpg',NULL,NULL,NULL),(946,2001,268,'./images/velosipedy/Elswick_Harmony_Girls_Bike/710687a.jpg',NULL,NULL,NULL),(947,2002,268,'./images/velosipedy/VooDoo_Zobop_Full_Suspension_Mountain_Bike/150361.jpg',NULL,NULL,NULL),(948,2000,268,'./images/velosipedy/Apollo_Fade_Kids_Bike/265832a.jpg',NULL,NULL,NULL),(949,2003,268,'./images/velosipedy/Carrera_Star_Kids_Bike/160204z.jpg',NULL,NULL,NULL),(950,2004,268,'./images/velosipedy/Carrera_Star_Kids_Bike/160204a.jpg',NULL,NULL,NULL),(951,2005,268,'./images/velosipedy/Boardman_CX_Comp_Bike/174452c.jpg',NULL,NULL,NULL),(952,1879,268,'./images/watch/Posio_Baby-G_BGA-130-1B/bga-130-1b.jpg',NULL,NULL,NULL),(954,2013,268,'./images/watch/Timex_Ironman_TW5K95700/tw5k95700.jpg',NULL,NULL,NULL),(955,2012,268,'./images/watch/Posio_Baby-G_BGA-130-1B/bga-130-1b_2.jpg',NULL,NULL,NULL),(957,1912,268,'./images/watch/Posio_Edifice_EQB-600D-1A2/eqb-600d-1a2_4.jpg',NULL,NULL,NULL),(958,2010,268,'./images/watch/Epos_Passion_3403.193.24.15.25/3403_193_24_15_25_5.jpg',NULL,NULL,NULL),(959,2017,268,'./images/watch/Jacques_Lemans_London/1-1844d_4.jpg',NULL,NULL,NULL),(960,2009,268,'./images/watch/Posio_Edifice_EQB-600D-1A2/eqb-600d-1a2_3.jpg',NULL,NULL,NULL),(961,2016,268,'./images/watch/Epos_Passion_3403.193.24.15.25/3403_193_24_15_25_3.jpg',NULL,NULL,NULL),(962,2007,268,'./images/watch/Seiko_Astron_SSE021J1/sse021j1_4.jpg',NULL,NULL,NULL),(963,2008,268,'./images/watch/Epos_Passion_3403.193.24.15.25/3403_193_24_15_25_1.jpg',NULL,NULL,NULL),(964,2014,268,'./images/watch/Posio_Edifice_EQB-600D-1A2/eqb-600d-1a2_2.jpg',NULL,NULL,NULL),(965,2018,268,'./images/watch/Epos_Passion_3403.193.24.15.25/3403_193_24_15_25_1.jpg',NULL,NULL,NULL),(966,2020,268,'./images/watch/Epos_Passion_3403.193.24.15.25/3403_193_24_15_25.jpg',NULL,NULL,NULL),(967,2029,268,'./images/odezhda/1557_970.jpg',NULL,NULL,NULL),(968,2035,268,'./images/odezhda/Mango_Man/he002emwyk74_5352107_1_v1.jpg',NULL,NULL,NULL),(969,2041,268,'./images/odezhda/Burton_Menswear_London/bu014emuwr27_5033700_1_v2.jpg',NULL,NULL,NULL),(971,2046,268,'./images/odezhda/Roosevelt/ro044emwjx83_5210789_6_v1.jpg',NULL,NULL,NULL),(973,2052,268,'./images/odezhda/United_Colors_of_Benetton/un012emvww05_5210830_1_v2.jpg',NULL,NULL,NULL),(978,2074,268,'./images/odezhda/Jack__Jones/ja391emuix49_5511170_1_v2.jpg',NULL,NULL,NULL),(980,2080,268,'./images/odezhda/Windsor/wi013emwfg03_5355986_1_v3.jpg',NULL,NULL,NULL),(981,2084,268,'./images/odezhda/Trussardi_Jeans/tr016emuwe49_5411271_1_v2.jpg',NULL,NULL,NULL),(982,2090,268,'./images/odezhda/Berkytt/mp002xm0w5kq_5527320_1_v1.jpeg',NULL,NULL,NULL),(984,2092,268,'./images/odezhda/Piazza_Italia/pi022emnyw60_4094031_1_v2.jpg',NULL,NULL,NULL),(986,2095,268,'./images/odezhda/puhoviki/Atributika__Club/at006emgnq59_1_v2.jpg',NULL,NULL,NULL),(988,2099,268,'./images/odezhda/puhoviki/Trespass/tr795emnip74_4049117_1_v2.jpg',NULL,NULL,NULL),(991,2104,268,'./images/odezhda/puhoviki/EA7/ea002emuee64_5081846_1_v2.jpg',NULL,NULL,NULL),(995,2110,268,'./images/odezhda/puhoviki/MEMURUTIND_DOWN_JKT/be071emycz70_5525500_1_v1.jpg',NULL,NULL,NULL),(996,2113,268,'./images/odezhda/puhoviki/Springfield/sp014emwtl87_5511658_1_v1.jpg',NULL,NULL,NULL),(997,2115,268,'./images/odezhda/puhoviki/BARLOW_PASS_550_TURBODOWN_QUILTED_JKT/co214emwib62_5454997_1_v2.jpg',NULL,NULL,NULL),(998,2116,268,'./images/odezhda/puhoviki/SYLVAN_LAKE_630_TURBODOWN_HOODED_JACKET/co214emwib45_5453102_1_v2.jpg',NULL,NULL,NULL),(999,2118,268,'./images/odezhda/puhoviki/baon/ba007emwba85_5498083_1_v2.jpg',NULL,NULL,NULL),(1000,2121,268,'./images/odezhda/puhoviki/ARRIS_JACKET/qu192emvod05_5222792_1_v2.jpg',NULL,NULL,NULL),(1001,2124,268,'./images/odezhda/puhoviki/kurtka_uteplennaya_MOUNT_TABOR_JACKET/co214emmef35_1_v3.jpg',NULL,NULL,NULL),(1002,2130,268,'./images/Pomada/1019761855.jpg',NULL,NULL,NULL),(1004,2133,268,'./images/Pomada/4240919.jpg',NULL,NULL,NULL),(1005,2134,268,'./images/Pomada/b25aa7bb4f.jpg',NULL,NULL,NULL),(1006,2135,268,'./images/Pomada/99de149570.jpg',NULL,NULL,NULL),(1007,2138,268,'./images/Pomada/b17c23916e.jpg',NULL,NULL,NULL),(1008,2141,268,'./images/Pomada/b1bfdd6c91.jpg',NULL,NULL,NULL),(1010,2146,268,'./images/Pomada/94c85ff44d.jpg',NULL,NULL,NULL),(1011,2148,268,'./images/Pomada/c8f7d0bc29.jpg',NULL,NULL,NULL),(1012,2150,268,'./images/Pomada/b4c99c4bda.jpg',NULL,NULL,NULL),(1013,2151,268,'./images/Pomada/ad266b5e87.jpg',NULL,NULL,NULL),(1014,2156,268,'./images/939855b068.jpg',NULL,NULL,NULL),(1016,2163,268,'./images/zootovary/Pticy/8828084486174.jpg',NULL,NULL,NULL),(1017,2164,268,'./images/zootovary/Pticy/8828070920222.jpg',NULL,NULL,NULL),(1018,2165,268,'./images/zootovary/Pticy/8828071706654.jpg',NULL,NULL,NULL),(1019,2166,268,'./images/zootovary/Pticy/8828149563422.jpg',NULL,NULL,NULL),(1020,2168,268,'./images/zootovary/Pticy/92029_1600x1600_310x310.jpg',NULL,NULL,NULL),(1021,2170,268,'./images/zootovary/Pticy/055494a1e69ef938206c841012d08664_284_284.jpg',NULL,NULL,NULL),(1022,2172,268,'./images/zootovary/Pticy/f378298c0f630d9f9867d6fc8046475a_284_284.jpg',NULL,NULL,NULL),(1028,2187,268,'./images/Bytovaya_tehnika/stiralnie_mashini/LG_E10B8ND/bez_nazvaniya.jpg',NULL,NULL,NULL),(1029,2190,268,'./images/Bytovaya_tehnika/stiralnie_mashini/stiralnaya_mashina_BOSCH_WLG20165OE/bez_nazvaniya_4.jpg',NULL,NULL,NULL),(1030,2192,268,'./images/Bytovaya_tehnika/stiralnie_mashini/INDESIT_EWSC_51051_B/bez_nazvaniya_3.jpg',NULL,NULL,NULL),(1031,2199,268,'./images/Bytovaya_tehnika/stiralnie_mashini/stiralnaya_mashina_BOSCH_WLN2426EOE/bez_nazvaniya.jpg',NULL,NULL,NULL),(1032,2201,268,'./images/Bytovaya_tehnika/stiralnie_mashini/SAMSUNG/bez_nazvaniya_3.jpg',NULL,NULL,NULL),(1033,685,412,'./images/cms/data/audio_loudspeakers/header_item.png',NULL,NULL,NULL),(1035,355,655,'./images/icons/sprite_mob_advantage_sign.png','',1,''),(1036,355,656,'./images/icons/sprite_mob_advantage_box.png','',1,''),(1037,355,657,'./images/icons/sprite_mob_advantage_paper.png','',1,''),(1038,355,658,'./images/icons/sprite_mob_advantage_shield.png','',1,''),(1060,1766,642,'./images/velosipedy/velosipedy.jpg','',1,''),(1061,2301,642,'./images/velosipedy/roller-3128709__340.png','',1,''),(1062,1862,642,'./images/turisticheskoe/travel-641635_960_720.jpg','',1,''),(1063,1778,642,'./images/velosipedy/bicycle_adults.jpg','',1,''),(1064,1782,642,'./images/velosipedy/bicycle_child.jpg','',1,''),(1065,1787,642,'./images/velosipedy/bicycle_accessories.jpg','',1,''),(1066,1875,642,'./images/watch/man_watch.jpg','',1,''),(1067,1876,642,'./images/watch/woman_watch.jpg','',1,''),(1068,1794,642,'./images/zootovary/cat.png','',1,''),(1069,1795,642,'./images/zootovary/dogs.jpg','',1,''),(1070,1796,642,'./images/zootovary/bird.png','',1,''),(1071,1797,642,'./images/zootovary/koshki/cat_tray.png','',1,''),(1072,1798,642,'./images/zootovary/koshki/food.jpg','',1,''),(1073,1799,642,'./images/zootovary/koshki/food_water.jpg','',1,''),(1074,1801,642,'./images/zootovary/sobaki/1032559.jpg','',1,''),(1075,1803,642,'./images/zootovary/Pticy/055494a1e69ef938206c841012d08664_284_284.jpg','',1,''),(1076,2161,642,'./images/zootovary/Pticy/8828070920222.jpg','',1,''),(1077,2173,642,'./images/Bytovaya_tehnika/20038005b.jpg','',1,''),(1078,2186,642,'./images/Bytovaya_tehnika/stiralnie_mashini/INDESIT_EWSC_51051_B/bez_nazvaniya_3.jpg','',1,''),(1079,2208,642,'./images/Bytovaya_tehnika/pilesosi/pilesos.jpg','',1,''),(1080,2217,642,'./images/Bytovaya_tehnika/holodilniki/appliance-1767311_960_720.jpg','',1,''),(1081,2125,642,'./images/Pomada/4dcf52f7a5.jpg','',1,''),(1082,2272,642,'./images/Pomada/shampoo-642517_960_720.jpg','',1,''),(1083,2281,642,'./images/Pomada/krasitel.jpg','',1,''),(1084,2290,642,'./images/Pomada/parfum.jpg','',1,''),(1085,1841,642,'./images/odezhda/zimnya_detskaya.jpg','',1,''),(1086,1846,642,'./images/odezhda/obuv_detskaya.jpg','',1,''),(1087,1840,642,'./images/odezhda/detskaya_letnya.jpg','',1,''),(1088,1983,642,'./images/odezhda/1557_970.jpg','',1,''),(1089,1984,642,'./images/odezhda/sweetshirt.jpg','',1,''),(1090,1985,642,'./images/odezhda/sweetshirt.jpg','',1,''),(1091,1986,642,'./images/ajinsy/41.jpg','',1,''),(1092,2203,268,'./images/Bytovaya_tehnika/stiralnie_mashini/BEKO/bez_nazvaniya.jpg',NULL,NULL,NULL),(1093,2207,268,'./images/Bytovaya_tehnika/stiralnie_mashini/SHARP/bez_nazvaniya.jpg',NULL,NULL,NULL),(1094,2205,268,'./images/Bytovaya_tehnika/stiralnie_mashini/ZANUSSI/bez_nazvaniya1.jpg',NULL,NULL,NULL),(1095,2209,268,'./images/Bytovaya_tehnika/pilesosi/TEFAL/bez_nazvaniya_1.jpg',NULL,NULL,NULL),(1096,2210,268,'./images/Bytovaya_tehnika/pilesosi/KITFORT/bez_nazvaniya_1.jpg',NULL,NULL,NULL),(1097,2211,268,'./images/Bytovaya_tehnika/pilesosi/DYSON/bez_nazvaniya_1.jpg',NULL,NULL,NULL),(1098,2212,268,'./images/Bytovaya_tehnika/pilesosi/MIDEA/bez_nazvaniya.jpg',NULL,NULL,NULL),(1099,2213,268,'./images/Bytovaya_tehnika/pilesosi/BOSCH/bez_nazvaniya.jpg',NULL,NULL,NULL),(1100,2214,268,'./images/Bytovaya_tehnika/pilesosi/LG/bez_nazvaniya.jpg',NULL,NULL,NULL),(1101,2215,268,'./images/Bytovaya_tehnika/pilesosi/PHILIPS/bez_nazvaniya.jpg',NULL,NULL,NULL),(1102,2216,268,'./images/Bytovaya_tehnika/pilesosi/SAMSUNG/bez_nazvaniya_1.jpg',NULL,NULL,NULL),(1103,2219,268,'./images/Bytovaya_tehnika/holodilnii/INDESIT/bez_nazvaniya.jpg',NULL,NULL,NULL),(1104,2220,268,'./images/Bytovaya_tehnika/holodilnii/SAMSUNG/bez_nazvaniya.jpg',NULL,NULL,NULL),(1105,2221,268,'./images/Bytovaya_tehnika/holodilnii/BEKO/bez_nazvaniya_1.jpg',NULL,NULL,NULL),(1106,2223,268,'./images/Bytovaya_tehnika/holodilnii/HITACHI/bez_nazvaniya.jpg',NULL,NULL,NULL),(1107,2224,268,'./images/Bytovaya_tehnika/holodilnii/LG/bez_nazvaniya.jpg',NULL,NULL,NULL),(1108,2225,268,'./images/Bytovaya_tehnika/holodilnii/GORENJE/bez_nazvaniya.jpg',NULL,NULL,NULL),(1109,2226,268,'./images/Bytovaya_tehnika/holodilnii/BOSCH/bez_nazvaniya.jpg',NULL,NULL,NULL),(1110,2227,268,'./images/Bytovaya_tehnika/holodilnii/LIEBHERR/bez_nazvaniya_1.jpg',NULL,NULL,NULL),(1111,2228,268,'./images/detskaya_odezshda/zimnyaya/kurtka_REIMA_REIMATEC_WINTER_JACKET_PENTTI_sinyaya/25.jpg',NULL,NULL,NULL),(1112,2229,268,'./images/detskaya_odezshda/zimnyaya/kurtka_REIMA_REIMATEC_WINTER_TAAG_zelenaya/52.jpg',NULL,NULL,NULL),(1113,2231,268,'./images/detskaya_odezshda/zimnyaya/kurtka_puhovaya_dlya_devochki_REIMA_FERN_golubaya/531284_6130_1.jpg',NULL,NULL,NULL),(1114,2232,268,'./images/detskaya_odezshda/zimnyaya/kurtka_puhovaya_dlya_malchika_REIMA_JANNE_sinyaya/531295_6490_4.jpg',NULL,NULL,NULL),(1115,2233,268,'./images/detskaya_odezshda/zimnyaya/kombinezon_REIMA_REIMATEC_WINTER_OVERALL_PUHURI_sinii/510262_6980_1.jpg',NULL,NULL,NULL),(1116,2234,268,'./images/detskaya_odezshda/zimnyaya/kombinezon_flisovii_REIMA_FLEECE_OVERALL_ESTER_74-98_r_sinii/516315_6980_1.jpg',NULL,NULL,NULL),(1117,2235,268,'./images/detskaya_odezshda/zimnyaya/kombinezon_flisovii_REIMA_FLEECE_OVERALL_ESTER_74-98_r_serii/516315_9400_1.jpg',NULL,NULL,NULL),(1118,2236,268,'./images/detskaya_odezshda/zimnyaya/kombinezon_flisovii_REIMA_FLEECE_OVERALL_TAHTI_sinii/516320_6490_1.jpg',NULL,NULL,NULL),(1119,2238,268,'./images/detskaya_odezshda/letnyaya/kurtka_dlya_malchikov_sinyayagolubaya_MAYORAL/kurtka3446.jpg',NULL,NULL,NULL),(1120,2239,268,'./images/detskaya_odezshda/letnyaya/kurtka_LASSIE_SOFTSHELL_JACKET_chernaya_s_rozovim/62.jpg',NULL,NULL,NULL),(1121,2240,268,'./images/detskaya_odezshda/letnyaya/kurtka_REIMA_WINDFLEECE_JACKET_VUOKSI_rozovaya/68.jpg',NULL,NULL,NULL),(1122,2241,268,'./images/detskaya_odezshda/letnyaya/vetrovka_dlya_devochki_golubaya_MAYORAL/keptka_dlya_devochki.jpg',NULL,NULL,NULL),(1123,2242,268,'./images/detskaya_odezshda/letnyaya/vetrovka_dlya_devochki_golubaya_MAYORAL_1/26.jpg',NULL,NULL,NULL),(1124,2244,268,'./images/detskaya_odezshda/letnyaya/palto_multikolor_VITACCI/43.jpg',NULL,NULL,NULL),(1125,2245,268,'./images/detskaya_odezshda/letnyaya/plash_krasnii_VITACCI/44.jpg',NULL,NULL,NULL),(1126,2246,268,'./images/detskaya_odezshda/letnyaya/dozshdevik_svetlyachok_krasnii-zsheltii_chudo-chado/33_1_dozdevik_svetlyachok_krasnii.jpg',NULL,NULL,NULL),(1127,2247,268,'./images/detskaya_obuv/sapogi_dlya_devochki_PUTKIVARSI_zvezdi_rr_21-26_rozovie_KUOMA/1_303r_3786.jpg',NULL,NULL,NULL),(1128,2248,268,'./images/detskaya_obuv/polubotinki_REIMA_LOTTE_sinie/bot.jpg',NULL,NULL,NULL),(1129,2249,268,'./images/detskaya_obuv/botinki_LASSIE_LASSIETEC_CARLISLE_rozovie/botinki.jpg',NULL,NULL,NULL),(1130,2250,268,'./images/detskaya_obuv/sapogi_LASSIE_COLDWELL_sinie/75_1.jpg',NULL,NULL,NULL),(1131,2251,268,'./images/detskaya_obuv/sapogi_LASSIE_COLDWELL_lilovie/74_1.jpg',NULL,NULL,NULL),(1132,2252,268,'./images/detskaya_obuv/sapogi_LASSIE_LASSIETEC_BOULDER_chernie_s_oranzshevim/6.jpg',NULL,NULL,NULL),(1133,2253,268,'./images/detskaya_obuv/sandalii_LASSIE_MARLE_GRAPHITE_BLUE/769106_9630_1.jpg',NULL,NULL,NULL),(1134,2254,268,'./images/detskaya_obuv/botinki_PATROL_kemel/bot1.jpg',NULL,NULL,NULL),(1135,2255,268,'./images/odezhda/tolstovki/tolstovka_Scorpion_Bay/3424377-1.jpg',NULL,NULL,NULL),(1136,2256,268,'./images/odezhda/tolstovki/tolstovka_Think_Pink/1266476-1.jpg',NULL,NULL,NULL),(1137,2258,268,'./images/odezhda/tolstovki/tolstovka_VOI_JEANS/926564-1.jpg',NULL,NULL,NULL),(1138,2259,268,'./images/odezhda/tolstovki/tolstovka_GARCIA/1392002-1.jpg',NULL,NULL,NULL),(1139,2260,268,'./images/odezhda/tolstovki/tolstovka_Quiksilver/2663272-1.jpg',NULL,NULL,NULL),(1140,2261,268,'./images/odezhda/tolstovki/tolstovka_Catbalou/3299093-1.jpg',NULL,NULL,NULL),(1141,2262,268,'./images/odezhda/tolstovki/tolstovka_VON_DUTCH/4070669-1.jpg',NULL,NULL,NULL),(1142,2263,268,'./images/odezhda/tolstovki/tolstovka_Forward/4680306-1.jpg',NULL,NULL,NULL),(1143,2264,268,'./images/odezhda/rubashki/rubashka_Envy_Lab/4810660-1.jpg',NULL,NULL,NULL),(1144,2265,268,'./images/odezhda/rubashki/rubashka_Oodji/2174027-1.jpg',NULL,NULL,NULL),(1145,2266,268,'./images/odezhda/rubashki/rubashka_U.S._Polo_Assn/4800480-1.jpg',NULL,NULL,NULL),(1146,2268,268,'./images/odezhda/rubashki/rubashka_GUESS/4797633-1.jpg',NULL,NULL,NULL),(1147,2269,268,'./images/odezhda/rubashki/rubashka_CHOUPETTE/4802348-1.jpg',NULL,NULL,NULL),(1148,2270,268,'./images/odezhda/rubashki/rubashka_Slim_S.OLIVER/4886078-3.jpg',NULL,NULL,NULL),(1149,2271,268,'./images/odezhda/rubashki/rubashka_TOM_TAILOR/4477916-1.jpg',NULL,NULL,NULL),(1150,2267,268,'./images/odezhda/rubashki/rubashka_ELIZ_X_GRAND/4169041-1.jpg',NULL,NULL,NULL),(1151,2273,268,'./images/shampuni/MOROCCANOIL_shampun_uvlazshnyayushii_1000_ml/uvlazhnjajushhij-shampun1_647_539_png.png',NULL,NULL,NULL),(1152,2274,268,'./images/shampuni/Greymy_Professiona_Shine_Shampoo_shampun_dlya_bleska_200ml/greymy-shine-shampoo-200ml_647_539_jpg.jpg',NULL,NULL,NULL),(1153,2275,268,'./images/shampuni/ESTEL_Haute_Couture_Luxury_Repair_shampun_dlya_volos_250ml/hc-r-s_bottle250_repair_647_539_png.png',NULL,NULL,NULL),(1154,2276,268,'./images/shampuni/Dermalogica_daily_cleansing_shampoo_ezshednevnii_shampun_dlya_zdorovya_volos_250_ml/daily-cleansing-shampoo_647_539_jpg.jpg',NULL,NULL,NULL),(1155,2277,268,'./images/shampuni/L_Oreal_Professionnel_Absolut_Lipidium__vosstanavlivayushii_shampun_dlya_povrezshdennih_volos_absolyut_reper_lipidium_250ml/shampun-loreal-absolut-repair-lipidium_647_539_jpg.jpg',NULL,NULL,NULL),(1156,2278,268,'./images/shampuni/Davines_NOUNOU_shampoo_pitatelnii_shampun_dlya_uplotneniya_volos_250_ml/4f7a879dd714d2038679567fd3bbeb92_647_539_jpg.jpg',NULL,NULL,NULL),(1157,2279,268,'./images/shampuni/KAPOUS_Studio_shampun_dlya_vosstanovleniya_volos_Profound_Re_serii_Caring_Line_350ml/kapous3414_647_539_jpg.jpg',NULL,NULL,NULL),(1158,2280,268,'./images/shampuni/ALFAPARF_keratinovii_shampun-gladkost_dlya_volos_LISSE_DESIGN_MAINTENANCE_SHAMPOO_250_ml/alfaparf_9064_647_539_jpg.jpg',NULL,NULL,NULL),(1159,2282,268,'./images/krasiteli_dlya_volos/BAREX_JOC_Color_Shine_Developer_6_oksigent_s_effektom_bleska_6_125ml/img65159_15134_big_647_539_jpg.jpg',NULL,NULL,NULL),(1160,2283,268,'./images/krasiteli_dlya_volos/ESTEL_87_kraska-uhod_De_Luxe_svetlo-rusii_korichnevii_60_ml/8_7_647_539_jpg.jpg',NULL,NULL,NULL),(1161,2284,268,'./images/krasiteli_dlya_volos/BAREX_JOC_Color_krem-kraska_7.3_-_blondin_zolotistii_100ml/7_3_joc_new-226x226_647_539_jpg.jpg',NULL,NULL,NULL),(1162,2285,268,'./images/krasiteli_dlya_volos/ALFAPARF_Milano_PIGMENTS_Violet_ash_ultrakoncentrirovannii_pigment_v_mini-upakovke_perlamutrovo-pepelnii_.21_8ml/3e687bf05de_647_539_jpg.jpg',NULL,NULL,NULL),(1163,2286,268,'./images/krasiteli_dlya_volos/FULL_COLOR_color_corrector_in_drops_korrektor_cveta_v_kaplyah_krasnii_10ml/8_20171_647_539_jpg.jpg',NULL,NULL,NULL),(1164,2287,268,'./images/krasiteli_dlya_volos/ESTEL_1066_kraska-uhod_De_Luxe_svetlii_blondin_fioletovii_intensivnii_60_ml/10_66_647_539_jpg.jpg',NULL,NULL,NULL),(1165,2288,268,'./images/krasiteli_dlya_volos/ALFAPARF_Milano_PIGMENTS_Golden_mahogany_ultrakoncentrirovannii_pigment_v_mini-upakovke_zolotisto-mahagonovii_.35_8ml/676d941d91_647_539_jpg.jpg',NULL,NULL,NULL),(1166,2289,268,'./images/krasiteli_dlya_volos/ESTEL_87_kraska-uhod_De_Luxe_svetlo-rusii_korichnevii_60_ml_1/8_7_647_539_jpg.jpg',NULL,NULL,NULL),(1167,2292,268,'./images/papfyumeriya/Antonio_Banderas_Blue_Seduction_Play_Eau_de_Toilette/9104098197534.jpg',NULL,NULL,NULL),(1168,2293,268,'./images/papfyumeriya/Gucci_Guilty_Pour_Homme_Absolute_Eau_De_Parfum/9221635342366.jpg',NULL,NULL,NULL),(1169,2294,268,'./images/papfyumeriya/Carolina_Herrera_212_VIP_Black_Eau_de_Parfum/9221636390942.jpg',NULL,NULL,NULL),(1170,2295,268,'./images/papfyumeriya/Lacoste_LHomme_Eau_De_Toilette/9210913554462.jpg',NULL,NULL,NULL),(1171,2297,268,'./images/papfyumeriya/Thierry_Mugler_Angel_Muse_Eau_de_Parfum/9104115236894.jpg',NULL,NULL,NULL),(1172,2298,268,'./images/papfyumeriya/Shakira_Dance_Eau_de_Toilette/9101461749790.jpg',NULL,NULL,NULL),(1173,2299,268,'./images/papfyumeriya/Carolina_Herrera_Good_Girl_Eau_De_Parfum/9101470990366.jpg',NULL,NULL,NULL),(1174,2300,268,'./images/papfyumeriya/Masaki_Matsushima_Matsu_Sakura_Eau_De_Parfum/9220633296926.jpg',NULL,NULL,NULL),(1175,2304,268,'./images/samokati/samokat_YEDOO_OX_NEW_cherniizelenii/y_new_ox_black_green.jpg',NULL,NULL,NULL),(1176,2308,268,'./images/samokati/samokat_TROLO_RAPTOR_230_(2017)_belii/tr23075_samokat_trolo_raptor_2017_belyj-zelenyj.jpg',NULL,NULL,NULL),(1177,2310,268,'./images/samokati/samokat_MICRO_SPEED_chernii/speedplus_black.jpg',NULL,NULL,NULL),(1178,2312,268,'./images/samokati/samokat_MICRO_SUSPENSION_(SA0065)_dva_amortizatora_bronza/suspension_sa0065.jpg',NULL,NULL,NULL),(1179,2314,268,'./images/samokati/samokat_RAZOR_A5_LUX_sinii/razor_a5_lux.jpg',NULL,NULL,NULL),(1180,2316,268,'./images/samokati/samokat_WEELZ_ROCK_cherniizelenii/weelz_rock_green1.jpg',NULL,NULL,NULL),(1181,2318,268,'./images/samokati/samokat_HUDORA_BIG_WHEEL_STYLE_230_WHITE_(14236)_belii/hudora_big_wheel_style_230_white.jpg',NULL,NULL,NULL),(1182,2320,268,'./images/samokati/gorodskoi_samokat_XOOTR_NEW_ULTRA_CRUZ_serii/new_ultra_cruz.jpg',NULL,NULL,NULL),(1186,2593,668,'./images/ajinsy/63.jpg','',1,''),(1187,2594,668,'./images/ajinsy/22.jpg','',1,''),(1189,2595,668,'./images/ajinsy/av.jpg','',1,''),(1190,2596,668,'./images/ajinsy/63.jpg','',1,''),(1191,2597,668,'./images/ajinsy/63.jpg','',1,''),(1192,2598,668,'./images/ajinsy/63.jpg','',1,''),(1193,2599,668,'./images/ajinsy/22.jpg','',1,''),(1194,2600,668,'./images/ajinsy/22.jpg','',1,''),(1195,2601,668,'./images/ajinsy/22.jpg','',1,''),(1196,2602,668,'./images/ajinsy/av.jpg','',1,''),(1197,2603,668,'./images/ajinsy/av.jpg','',1,''),(1198,2604,668,'./images/ajinsy/av.jpg','',1,''),(1203,2640,668,'./images/ajinsy/22.jpg','',1,''),(1204,2641,668,'./images/ajinsy/22.jpg','',1,''),(1205,2634,668,'./images/ajinsy/36183515-jeans-isolated-on-white.jpg','',1,''),(1206,2639,668,'./images/ajinsy/36183515-jeans-isolated-on-white.jpg','',1,''),(1208,2642,668,'./images/ajinsy/36183515-jeans-isolated-on-white.jpg','',1,''),(1209,2643,668,'./images/ajinsy/36183515-jeans-isolated-on-white.jpg','',1,''),(1210,2644,668,'./images/ajinsy/22.jpg','',1,''),(1211,2645,668,'./images/ajinsy/22.jpg','',1,''),(1215,2646,668,'./images/ajinsy/18389795-blue-jeans.jpg','',1,''),(1216,2647,668,'./images/ajinsy/18389795-blue-jeans.jpg','',1,''),(1217,2648,668,'./images/ajinsy/18389795-blue-jeans.jpg','',1,''),(1218,2649,668,'./images/ajinsy/18389795-blue-jeans.jpg','',1,''),(1220,2650,668,'./images/ajinsy/18317698-dark-blue-jeans-on-the-back-side.jpg','',1,''),(1221,2651,668,'./images/ajinsy/18317698-dark-blue-jeans-on-the-back-side.jpg','',1,''),(1222,2652,668,'./images/ajinsy/18317698-dark-blue-jeans-on-the-back-side.jpg','',1,''),(1223,2653,668,'./images/ajinsy/18317698-dark-blue-jeans-on-the-back-side.jpg','',1,''),(1226,2654,668,'./images/ajinsy/50181719-blank-men-s-jeans-on-isolated-white-background.jpg','',1,''),(1227,2655,668,'./images/ajinsy/50181719-blank-men-s-jeans-on-isolated-white-background.jpg','',1,''),(1228,2656,668,'./images/ajinsy/50181719-blank-men-s-jeans-on-isolated-white-background.jpg','',1,''),(1229,2657,668,'./images/ajinsy/50181719-blank-men-s-jeans-on-isolated-white-background.jpg','',1,''),(1231,2658,668,'./images/ajinsy/24001037-black-jeans-trouser-isolated-on-the-white-background.jpg','',1,''),(1232,2659,668,'./images/ajinsy/24001037-black-jeans-trouser-isolated-on-the-white-background.jpg','',1,''),(1233,2660,668,'./images/ajinsy/24001037-black-jeans-trouser-isolated-on-the-white-background.jpg','',1,''),(1234,2661,668,'./images/ajinsy/24001037-black-jeans-trouser-isolated-on-the-white-background.jpg','',1,''),(1237,2662,668,'./images/ajinsy/18824054-blue-jeans-boy.jpg','',1,''),(1238,2663,668,'./images/ajinsy/18824054-blue-jeans-boy.jpg','',1,''),(1239,2664,668,'./images/ajinsy/18824054-blue-jeans-boy.jpg','',1,''),(1240,2665,668,'./images/ajinsy/18824054-blue-jeans-boy.jpg','',1,''),(1246,2666,668,'./images/ajinsy/38661617-mens-jeans-isolated-on-white-background.jpg','',1,''),(1247,2667,668,'./images/ajinsy/38661617-mens-jeans-isolated-on-white-background.jpg','',1,''),(1248,2668,668,'./images/ajinsy/38661617-mens-jeans-isolated-on-white-background.jpg','',1,''),(1250,2669,668,'./images/ajinsy/38661617-mens-jeans-isolated-on-white-background.jpg','',1,''),(1253,2670,668,'./images/ajinsy/24972638-blue-jeans.jpg','',1,''),(1254,2671,668,'./images/ajinsy/24972638-blue-jeans.jpg','',1,''),(1255,2672,668,'./images/ajinsy/24972638-blue-jeans.jpg','',1,''),(1256,2673,668,'./images/ajinsy/24972638-blue-jeans.jpg','',1,''),(1258,2077,457,'./images/ajinsy/63.jpg','',2,''),(1259,2674,668,'./images/ajinsy/70025581-black-denim-jeans-isolated-on-white.jpg','',1,''),(1260,2675,668,'./images/ajinsy/70025581-black-denim-jeans-isolated-on-white.jpg','',1,''),(1261,2676,668,'./images/ajinsy/70025581-black-denim-jeans-isolated-on-white.jpg','',1,''),(1262,2677,668,'./images/ajinsy/70025581-black-denim-jeans-isolated-on-white.jpg','',1,''),(1265,2678,668,'./images/ajinsy/24282337-dark-blue-jeans-isolated-on-white-background.jpg','',1,''),(1266,2679,668,'./images/ajinsy/24282337-dark-blue-jeans-isolated-on-white-background.jpg','',1,''),(1267,2680,668,'./images/ajinsy/24282337-dark-blue-jeans-isolated-on-white-background.jpg','',1,''),(1268,2681,668,'./images/ajinsy/24282337-dark-blue-jeans-isolated-on-white-background.jpg','',1,''),(1270,2682,668,'./images/ajinsy/35392243-jeans-isolated-on-white.jpg','',1,''),(1271,2683,668,'./images/ajinsy/35392243-jeans-isolated-on-white.jpg','',1,''),(1272,2684,668,'./images/ajinsy/35392243-jeans-isolated-on-white.jpg','',1,''),(1273,2685,668,'./images/ajinsy/35392243-jeans-isolated-on-white.jpg','',1,''),(1275,2686,668,'./images/ajinsy/25636641-blue-jeans-trouser-isolated-on-the-white.jpg','',1,''),(1277,2687,668,'./images/ajinsy/25636641-blue-jeans-trouser-isolated-on-the-white.jpg','',1,''),(1278,2688,668,'./images/ajinsy/25636641-blue-jeans-trouser-isolated-on-the-white.jpg','',1,''),(1279,2689,668,'./images/ajinsy/25636641-blue-jeans-trouser-isolated-on-the-white.jpg','',1,''),(1281,2690,668,'./images/ajinsy/24001037-black-jeans-trouser-isolated-on-the-white-background.jpg','',1,''),(1282,2691,668,'./images/ajinsy/24001037-black-jeans-trouser-isolated-on-the-white-background.jpg','',1,''),(1283,2692,668,'./images/ajinsy/24001037-black-jeans-trouser-isolated-on-the-white-background.jpg','',1,''),(1284,2693,668,'./images/ajinsy/24001037-black-jeans-trouser-isolated-on-the-white-background.jpg','',1,''),(1286,2694,668,'./images/ajinsy/16150773-blue-jeans.jpg','',1,''),(1287,2695,668,'./images/ajinsy/16150773-blue-jeans.jpg','',1,''),(1288,2696,668,'./images/ajinsy/16150773-blue-jeans.jpg','',1,''),(1289,2697,668,'./images/ajinsy/16150773-blue-jeans.jpg','',1,''),(1291,2698,668,'./images/ajinsy/14551146-jeans-stylish-jeans-on-the-blackground.jpg','',1,''),(1292,2699,668,'./images/ajinsy/14551146-jeans-stylish-jeans-on-the-blackground.jpg','',1,''),(1293,2700,668,'./images/ajinsy/14551146-jeans-stylish-jeans-on-the-blackground.jpg','',1,''),(1294,2701,668,'./images/ajinsy/14551146-jeans-stylish-jeans-on-the-blackground.jpg','',1,''),(1296,2702,668,'./images/ajinsy/24972638-blue-jeans.jpg','',1,''),(1297,2703,668,'./images/ajinsy/24972638-blue-jeans.jpg','',1,''),(1298,2704,668,'./images/ajinsy/24972638-blue-jeans.jpg','',1,''),(1299,2705,668,'./images/ajinsy/24972638-blue-jeans.jpg','',1,''),(1301,2706,668,'./images/ajinsy/36183515-jeans-isolated-on-white.jpg','',1,''),(1302,2707,668,'./images/ajinsy/36183515-jeans-isolated-on-white.jpg','',1,''),(1303,2708,668,'./images/ajinsy/36183515-jeans-isolated-on-white.jpg','',1,''),(1304,2709,668,'./images/ajinsy/36183515-jeans-isolated-on-white.jpg','',1,''),(1306,2710,668,'./images/ajinsy/21778575-blue-jeans.jpg','',1,''),(1307,2711,668,'./images/ajinsy/21778575-blue-jeans.jpg','',1,''),(1308,2712,668,'./images/ajinsy/21778575-blue-jeans.jpg','',1,''),(1309,2713,668,'./images/ajinsy/21778575-blue-jeans.jpg','',1,''),(1311,2714,668,'./images/ajinsy/25951575-black-jeans-trouser-isolated-on-the-white-background.jpg','',1,''),(1312,2715,668,'./images/ajinsy/25951575-black-jeans-trouser-isolated-on-the-white-background.jpg','',1,''),(1313,2716,668,'./images/ajinsy/25951575-black-jeans-trouser-isolated-on-the-white-background.jpg','',1,''),(1314,2717,668,'./images/ajinsy/25951575-black-jeans-trouser-isolated-on-the-white-background.jpg','',1,''),(1326,2718,668,'./images/ajinsy/21778464-blue-jeans.jpg','',1,''),(1327,2719,668,'./images/ajinsy/21778464-blue-jeans.jpg','',1,''),(1328,2720,668,'./images/ajinsy/21778464-blue-jeans.jpg','',1,''),(1329,2721,668,'./images/ajinsy/21778464-blue-jeans.jpg','',1,''),(1331,2107,457,'./images/ajinsy/61.jpg','',2,''),(1332,2722,668,'./images/ajinsy/70025581-black-denim-jeans-isolated-on-white.jpg','',1,''),(1333,2723,668,'./images/ajinsy/70025581-black-denim-jeans-isolated-on-white.jpg','',1,''),(1334,2724,668,'./images/ajinsy/70025581-black-denim-jeans-isolated-on-white.jpg','',1,''),(1335,2725,668,'./images/ajinsy/70025581-black-denim-jeans-isolated-on-white.jpg','',1,''),(1340,1823,457,'./images/velosipedy/Carrera_Virtuoso_Road_Bike/221439e.jpg','',2,''),(1342,1833,457,'./images/velosipedy/Boardman_CX_Comp_Bike/174452b.jpg','',2,''),(1343,1833,457,'./images/velosipedy/Boardman_CX_Comp_Bike/174452c.jpg','',3,''),(1344,1833,457,'./images/velosipedy/Boardman_CX_Comp_Bike/174452e.jpg','',5,''),(1347,1994,457,'./images/velosipedy/Apollo_Paradox_Road_Bike/303149f.jpg','',3,''),(1352,1852,457,'./images/velosipedy/Laura_Trott_RD_2_Womens_Road_Bike/216553b.jpg','',2,''),(1355,1855,457,'./images/velosipedy/VooDoo_Zobop_Full_Suspension_Mountain_Bike/150361a.jpg','',1,''),(1356,1855,457,'./images/velosipedy/VooDoo_Zobop_Full_Suspension_Mountain_Bike/150361b.jpg','',2,''),(1359,1859,457,'./images/velosipedy/Apollo_Paradox_Road_Bike/303149f.jpg','',3,''),(1362,1991,457,'./images/velosipedy/Boardman_CX_Comp_Bike/174452b.jpg','',2,''),(1363,1991,457,'./images/velosipedy/Boardman_CX_Comp_Bike/174452c.jpg','',3,''),(1364,1991,457,'./images/velosipedy/Boardman_CX_Comp_Bike/174452e.jpg','',5,''),(1367,1993,457,'./images/velosipedy/Laura_Trott_RD_2_Womens_Road_Bike/216553b.jpg','',2,''),(1370,1995,457,'./images/velosipedy/Boardman_CX_Comp_Bike/174452b.jpg','',2,''),(1371,1995,457,'./images/velosipedy/Boardman_CX_Comp_Bike/174452c.jpg','',3,''),(1372,1995,457,'./images/velosipedy/Boardman_CX_Comp_Bike/174452e.jpg','',5,''),(1375,1996,268,'./images/velosipedy/Carrera_Virtuoso_Road_Bike/221439e.jpg','',1,''),(1377,1992,457,'./images/velosipedy/VooDoo_Zobop_Full_Suspension_Mountain_Bike/150361a.jpg','',1,''),(1378,1992,457,'./images/velosipedy/VooDoo_Zobop_Full_Suspension_Mountain_Bike/150361b.jpg','',2,''),(1383,1997,457,'./images/velosipedy/VooDoo_Zobop_Full_Suspension_Mountain_Bike/150361a.jpg','',1,''),(1384,1997,457,'./images/velosipedy/VooDoo_Zobop_Full_Suspension_Mountain_Bike/150361b.jpg','',2,''),(1390,2867,668,'./images/Bytovaya_tehnika/33820f6ecd8275649574a52ed3fe52dbc0039aab5c610ba91aa615d07c700664.jpg','',1,''),(1391,2857,668,'./images/Bytovaya_tehnika/1740c5371ddbea31f01dcb14d5210833.jpg','',1,''),(1396,2871,668,'./images/Bytovaya_tehnika/1740c5371ddbea31f01dcb14d5210833.jpg','',1,''),(1397,2872,668,'./images/Bytovaya_tehnika/33820f6ecd8275649574a52ed3fe52dbc0039aab5c610ba91aa615d07c700664.jpg','',1,''),(1398,2873,668,'./images/Bytovaya_tehnika/1740c5371ddbea31f01dcb14d5210833.jpg','',1,''),(1399,2874,668,'./images/Bytovaya_tehnika/33820f6ecd8275649574a52ed3fe52dbc0039aab5c610ba91aa615d07c700664.jpg','',1,''),(1400,2875,668,'./images/Bytovaya_tehnika/1740c5371ddbea31f01dcb14d5210833.jpg','',1,''),(1401,2876,668,'./images/Bytovaya_tehnika/33820f6ecd8275649574a52ed3fe52dbc0039aab5c610ba91aa615d07c700664.jpg','',1,''),(1402,2877,668,'./images/Bytovaya_tehnika/1740c5371ddbea31f01dcb14d5210833.jpg','',1,''),(1406,2878,668,'./images/Bytovaya_tehnika/33820f6ecd8275649574a52ed3fe52dbc0039aab5c610ba91aa615d07c700664.jpg','',1,''),(1407,2879,668,'./images/Bytovaya_tehnika/1740c5371ddbea31f01dcb14d5210833.jpg','',1,''),(1408,2880,668,'./images/Bytovaya_tehnika/33820f6ecd8275649574a52ed3fe52dbc0039aab5c610ba91aa615d07c700664.jpg','',1,''),(1409,2881,668,'./images/Bytovaya_tehnika/1740c5371ddbea31f01dcb14d5210833.jpg','',1,''),(1410,2882,668,'./images/Bytovaya_tehnika/33820f6ecd8275649574a52ed3fe52dbc0039aab5c610ba91aa615d07c700664.jpg','',1,''),(1411,2883,668,'./images/Bytovaya_tehnika/1740c5371ddbea31f01dcb14d5210833.jpg','',1,''),(1412,2884,668,'./images/Bytovaya_tehnika/33820f6ecd8275649574a52ed3fe52dbc0039aab5c610ba91aa615d07c700664.jpg','',1,''),(1414,2177,268,'./images/Bytovaya_tehnika/1740c5371ddbea31f01dcb14d5210833.jpg','',1,''),(1417,2887,668,'./images/Bytovaya_tehnika/55662_10131_3es_boes64002.png','',1,''),(1418,2889,668,'./images/Bytovaya_tehnika/55662_10131_3es_boes64002.png','',1,''),(1419,2891,668,'./images/Bytovaya_tehnika/55662_10131_3es_boes64002.png','',1,''),(1420,2893,668,'./images/Bytovaya_tehnika/55662_10131_3es_boes64002.png','',1,''),(1421,2895,668,'./images/Bytovaya_tehnika/55662_10131_3es_boes64002.png','',1,''),(1422,2897,668,'./images/Bytovaya_tehnika/55662_10131_3es_boes64002.png','',1,''),(1423,2899,668,'./images/Bytovaya_tehnika/55662_10131_3es_boes64002.png','',1,''),(1425,2901,668,'./images/Bytovaya_tehnika/55662_10131_3es_boes64002.png','',1,''),(1427,2162,268,'./images/zootovary/Pticy/8828085862430.jpg','',1,''),(1429,2903,668,'./images/Bytovaya_tehnika/hansa-boei68077.jpg','',1,''),(1430,2905,668,'./images/Bytovaya_tehnika/hansa-boei68077.jpg','',1,''),(1431,2907,668,'./images/Bytovaya_tehnika/hansa-boei68077.jpg','',1,''),(1432,2909,668,'./images/Bytovaya_tehnika/hansa-boei68077.jpg','',1,''),(1433,2911,668,'./images/Bytovaya_tehnika/hansa-boei68077.jpg','',1,''),(1434,2913,668,'./images/Bytovaya_tehnika/hansa-boei68077.jpg','',1,''),(1435,2915,668,'./images/Bytovaya_tehnika/hansa-boei68077.jpg','',1,''),(1436,2920,668,'./images/Bytovaya_tehnika/hansa-boei68077.jpg','',1,''),(1438,2885,668,'./images/Bytovaya_tehnika/20038005b.jpg','',1,''),(1439,2888,668,'./images/Bytovaya_tehnika/20038005b.jpg','',1,''),(1440,2890,668,'./images/Bytovaya_tehnika/20038005b.jpg','',1,''),(1441,2892,668,'./images/Bytovaya_tehnika/20038005b.jpg','',1,''),(1442,2894,668,'./images/Bytovaya_tehnika/20038005b.jpg','',1,''),(1443,2896,668,'./images/Bytovaya_tehnika/20038005b.jpg','',1,''),(1444,2898,668,'./images/Bytovaya_tehnika/20038005b.jpg','',1,''),(1445,2900,668,'./images/Bytovaya_tehnika/20038005b.jpg','',1,''),(1446,2179,268,'./images/Bytovaya_tehnika/20038005b.jpg','',1,''),(1447,2902,668,'./images/Bytovaya_tehnika/20038004b.jpg','',1,''),(1448,2906,668,'./images/Bytovaya_tehnika/20038004b.jpg','',1,''),(1449,2904,668,'./images/Bytovaya_tehnika/20038004b.jpg','',1,''),(1450,2908,668,'./images/Bytovaya_tehnika/20038004b.jpg','',1,''),(1451,2910,668,'./images/Bytovaya_tehnika/20038004b.jpg','',1,''),(1452,2912,668,'./images/Bytovaya_tehnika/20038004b.jpg','',1,''),(1453,2914,668,'./images/Bytovaya_tehnika/20038004b.jpg','',1,''),(1454,2918,668,'./images/Bytovaya_tehnika/20038004b.jpg','',1,''),(1455,2180,268,'./images/Bytovaya_tehnika/20038004b.jpg','',1,''),(1456,2949,668,'./images/Bytovaya_tehnika/20037295b.jpg','',1,''),(1458,2951,668,'./images/Bytovaya_tehnika/20037295b.jpg','',1,''),(1460,2953,668,'./images/Bytovaya_tehnika/20037295b.jpg','',1,''),(1462,2955,668,'./images/Bytovaya_tehnika/20037295b.jpg','',1,''),(1464,2957,668,'./images/Bytovaya_tehnika/20037295b.jpg','',1,''),(1466,2959,668,'./images/Bytovaya_tehnika/20037295b.jpg','',1,''),(1468,2961,668,'./images/Bytovaya_tehnika/20037295b.jpg','',1,''),(1470,2963,668,'./images/Bytovaya_tehnika/20037295b.jpg','',1,''),(1471,2964,668,'./images/Bytovaya_tehnika/20037295b.jpg','',1,''),(1473,2967,668,'./images/Bytovaya_tehnika/20037295b.jpg','',1,''),(1474,2966,668,'./images/Bytovaya_tehnika/20037295b.jpg','',1,''),(1475,2968,668,'./images/Bytovaya_tehnika/20037295b.jpg','',1,''),(1476,2969,668,'./images/Bytovaya_tehnika/20037295b.jpg','',1,''),(1477,2950,668,'./images/Bytovaya_tehnika/20037296b.jpg','',1,''),(1478,2952,668,'./images/Bytovaya_tehnika/20037296b.jpg','',1,''),(1479,2954,668,'./images/Bytovaya_tehnika/20037296b.jpg','',1,''),(1480,2956,668,'./images/Bytovaya_tehnika/20037296b.jpg','',1,''),(1481,2958,668,'./images/Bytovaya_tehnika/20037296b.jpg','',1,''),(1482,2960,668,'./images/Bytovaya_tehnika/20037296b.jpg','',1,''),(1483,2962,668,'./images/Bytovaya_tehnika/20037296b.jpg','',1,''),(1484,2965,668,'./images/Bytovaya_tehnika/20037296b.jpg','',1,''),(1486,2970,668,'./images/Bytovaya_tehnika/20035855b.jpg','',1,''),(1488,2183,268,'./images/Bytovaya_tehnika/20037295b.jpg','',1,''),(1490,2972,668,'./images/Bytovaya_tehnika/20035855b.jpg','',1,''),(1492,2974,668,'./images/Bytovaya_tehnika/20035855b.jpg','',1,''),(1494,2976,668,'./images/Bytovaya_tehnika/20035855b.jpg','',1,''),(1496,2978,668,'./images/Bytovaya_tehnika/20035855b.jpg','',1,''),(1498,2980,668,'./images/Bytovaya_tehnika/20035855b.jpg','',1,''),(1500,2982,668,'./images/Bytovaya_tehnika/20035855b.jpg','',1,''),(1502,2984,668,'./images/Bytovaya_tehnika/20035855b.jpg','',1,''),(1505,2971,668,'./images/Bytovaya_tehnika/58738941384e1f606523b3cf.jpg','',1,''),(1506,2973,668,'./images/Bytovaya_tehnika/58738941384e1f606523b3cf.jpg','',1,''),(1507,2975,668,'./images/Bytovaya_tehnika/58738941384e1f606523b3cf.jpg','',1,''),(1508,2977,668,'./images/Bytovaya_tehnika/58738941384e1f606523b3cf.jpg','',1,''),(1509,2979,668,'./images/Bytovaya_tehnika/58738941384e1f606523b3cf.jpg','',1,''),(1510,2981,668,'./images/Bytovaya_tehnika/58738941384e1f606523b3cf.jpg','',1,''),(1511,2983,668,'./images/Bytovaya_tehnika/58738941384e1f606523b3cf.jpg','',1,''),(1512,2985,668,'./images/Bytovaya_tehnika/58738941384e1f606523b3cf.jpg','',1,''),(1514,2185,268,'./images/Bytovaya_tehnika/20035855b.jpg','',1,''),(1516,2986,668,'./images/Bytovaya_tehnika/ce78a89e021f04108a0b3e2a4a4d2fac_113367_5.png','',1,''),(1518,2988,668,'./images/Bytovaya_tehnika/ce78a89e021f04108a0b3e2a4a4d2fac_113367_5.png','',1,''),(1520,2990,668,'./images/Bytovaya_tehnika/ce78a89e021f04108a0b3e2a4a4d2fac_113367_5.png','',1,''),(1522,2992,668,'./images/Bytovaya_tehnika/ce78a89e021f04108a0b3e2a4a4d2fac_113367_5.png','',1,''),(1524,2994,668,'./images/Bytovaya_tehnika/ce78a89e021f04108a0b3e2a4a4d2fac_113367_5.png','',1,''),(1526,2996,668,'./images/Bytovaya_tehnika/ce78a89e021f04108a0b3e2a4a4d2fac_113367_5.png','',1,''),(1527,2997,668,'./images/Bytovaya_tehnika/ce78a89e021f04108a0b3e2a4a4d2fac_113367_5.png','',1,''),(1528,2998,668,'./images/Bytovaya_tehnika/ce78a89e021f04108a0b3e2a4a4d2fac_113367_5.png','',1,''),(1530,3000,668,'./images/Bytovaya_tehnika/ce78a89e021f04108a0b3e2a4a4d2fac_113367_5.png','',1,''),(1532,3002,668,'./images/Bytovaya_tehnika/ce78a89e021f04108a0b3e2a4a4d2fac_113367_5.png','',1,''),(1534,3004,668,'./images/Bytovaya_tehnika/ce78a89e021f04108a0b3e2a4a4d2fac_113367_5.png','',1,''),(1535,3005,668,'./images/Bytovaya_tehnika/ce78a89e021f04108a0b3e2a4a4d2fac_113367_5.png','',1,''),(1536,3006,668,'./images/Bytovaya_tehnika/ce78a89e021f04108a0b3e2a4a4d2fac_113367_5.png','',1,''),(1537,2987,668,'./images/Bytovaya_tehnika/9d4103e6cdea975f64b31adc1458642c_133313_1.png','',1,''),(1538,2989,668,'./images/Bytovaya_tehnika/9d4103e6cdea975f64b31adc1458642c_133313_1.png','',1,''),(1539,2991,668,'./images/Bytovaya_tehnika/9d4103e6cdea975f64b31adc1458642c_133313_1.png','',1,''),(1540,2993,668,'./images/Bytovaya_tehnika/9d4103e6cdea975f64b31adc1458642c_133313_1.png','',1,''),(1541,2995,668,'./images/Bytovaya_tehnika/9d4103e6cdea975f64b31adc1458642c_133313_1.png','',1,''),(1542,2999,668,'./images/Bytovaya_tehnika/9d4103e6cdea975f64b31adc1458642c_133313_1.png','',1,''),(1543,3001,668,'./images/Bytovaya_tehnika/9d4103e6cdea975f64b31adc1458642c_133313_1.png','',1,''),(1544,3003,668,'./images/Bytovaya_tehnika/9d4103e6cdea975f64b31adc1458642c_133313_1.png','',1,''),(1546,2324,268,'./images/Bytovaya_tehnika/ce78a89e021f04108a0b3e2a4a4d2fac_113367_5.png','',1,''),(1547,3007,668,'./images/Bytovaya_tehnika/20032118b.jpg','',1,''),(1549,3009,668,'./images/Bytovaya_tehnika/20032118b.jpg','',1,''),(1551,3011,668,'./images/Bytovaya_tehnika/20032118b.jpg','',1,''),(1553,3013,668,'./images/Bytovaya_tehnika/20032118b.jpg','',1,''),(1555,3015,668,'./images/Bytovaya_tehnika/20032118b.jpg','',1,''),(1557,3017,668,'./images/Bytovaya_tehnika/20032118b.jpg','',1,''),(1559,3019,668,'./images/Bytovaya_tehnika/20032118b.jpg','',1,''),(1561,3020,668,'./images/Bytovaya_tehnika/20032118b.jpg','',1,''),(1562,3022,668,'./images/Bytovaya_tehnika/20032118b.jpg','',1,''),(1565,3008,668,'./images/Bytovaya_tehnika/539686_0.jpg','',1,''),(1566,3010,668,'./images/Bytovaya_tehnika/539686_0.jpg','',1,''),(1567,3012,668,'./images/Bytovaya_tehnika/539686_0.jpg','',1,''),(1568,3014,668,'./images/Bytovaya_tehnika/539686_0.jpg','',1,''),(1569,3016,668,'./images/Bytovaya_tehnika/539686_0.jpg','',1,''),(1570,3018,668,'./images/Bytovaya_tehnika/539686_0.jpg','',1,''),(1571,3021,668,'./images/Bytovaya_tehnika/539686_0.jpg','',1,''),(1572,3023,668,'./images/Bytovaya_tehnika/539686_0.jpg','',1,''),(1573,2326,268,'./images/Bytovaya_tehnika/20032118b.jpg','',1,''),(1574,3024,668,'./images/Bytovaya_tehnika/344399d7914cdfe38067dbb698ad9329d2c886af3d2ce30e825163c29f8b4f03.jpg','',1,''),(1577,3026,668,'./images/Bytovaya_tehnika/344399d7914cdfe38067dbb698ad9329d2c886af3d2ce30e825163c29f8b4f03.jpg','',1,''),(1579,3028,668,'./images/Bytovaya_tehnika/344399d7914cdfe38067dbb698ad9329d2c886af3d2ce30e825163c29f8b4f03.jpg','',1,''),(1581,3030,668,'./images/Bytovaya_tehnika/344399d7914cdfe38067dbb698ad9329d2c886af3d2ce30e825163c29f8b4f03.jpg','',1,''),(1583,3032,668,'./images/Bytovaya_tehnika/344399d7914cdfe38067dbb698ad9329d2c886af3d2ce30e825163c29f8b4f03.jpg','',1,''),(1585,3034,668,'./images/Bytovaya_tehnika/344399d7914cdfe38067dbb698ad9329d2c886af3d2ce30e825163c29f8b4f03.jpg','',1,''),(1587,3036,668,'./images/Bytovaya_tehnika/344399d7914cdfe38067dbb698ad9329d2c886af3d2ce30e825163c29f8b4f03.jpg','',1,''),(1589,3038,668,'./images/Bytovaya_tehnika/344399d7914cdfe38067dbb698ad9329d2c886af3d2ce30e825163c29f8b4f03.jpg','',1,''),(1592,3025,668,'./images/Bytovaya_tehnika/81387db0d2732fda409d2b5c3ce2e2da57cfdf4fb40ac38b42c6b91bba81fb56.jpg','',1,''),(1593,3027,668,'./images/Bytovaya_tehnika/81387db0d2732fda409d2b5c3ce2e2da57cfdf4fb40ac38b42c6b91bba81fb56.jpg','',1,''),(1594,3029,668,'./images/Bytovaya_tehnika/81387db0d2732fda409d2b5c3ce2e2da57cfdf4fb40ac38b42c6b91bba81fb56.jpg','',1,''),(1595,3031,668,'./images/Bytovaya_tehnika/81387db0d2732fda409d2b5c3ce2e2da57cfdf4fb40ac38b42c6b91bba81fb56.jpg','',1,''),(1597,3033,668,'./images/Bytovaya_tehnika/81387db0d2732fda409d2b5c3ce2e2da57cfdf4fb40ac38b42c6b91bba81fb56.jpg','',1,''),(1598,3035,668,'./images/Bytovaya_tehnika/81387db0d2732fda409d2b5c3ce2e2da57cfdf4fb40ac38b42c6b91bba81fb56.jpg','',1,''),(1599,3037,668,'./images/Bytovaya_tehnika/81387db0d2732fda409d2b5c3ce2e2da57cfdf4fb40ac38b42c6b91bba81fb56.jpg','',1,''),(1600,3039,668,'./images/Bytovaya_tehnika/81387db0d2732fda409d2b5c3ce2e2da57cfdf4fb40ac38b42c6b91bba81fb56.jpg','',1,''),(1601,2330,268,'./images/Bytovaya_tehnika/344399d7914cdfe38067dbb698ad9329d2c886af3d2ce30e825163c29f8b4f03.jpg','',1,''),(1605,3043,668,'./images/cms/data/napolnitely/1021372860.jpg','',1,''),(1608,3040,668,'./images/cms/data/napolnitely/screenshot_1.png','',1,''),(1609,1929,268,'./images/cms/data/napolnitely/screenshot_1.png','',1,''),(1610,3045,668,'./images/cms/data/napolnitely/bars_nat.jpg','',1,''),(1612,3046,668,'./images/cms/data/napolnitely/106946101_w0_h0_8ea17f33e0.jpg','',1,''),(1613,1933,268,'./images/cms/data/napolnitely/bars_nat.jpg','',1,''),(1614,3047,668,'./images/cms/data/napolnitely/screenshot_3.png','',1,''),(1617,3049,668,'./images/cms/data/napolnitely/screenshot_2.png','',1,''),(1619,1935,268,'./images/cms/data/napolnitely/screenshot_3.png','',1,''),(1621,3052,668,'./images/cms/data/napolnitely/screenshot_5.png','',1,''),(1623,3053,668,'./images/cms/data/napolnitely/screenshot_4.png','',1,''),(1624,1937,268,'./images/cms/data/napolnitely/screenshot_5.png','',1,''),(1625,2131,268,'./images/Pomada/191b50b500.jpg','',1,''),(1626,1901,268,'./images/watch/Jacques_Lemans_London/1-1844d_2.jpg','',1,''),(1627,1871,268,'./images/turisticheskoe/palatki/4262623.jpg','',1,''),(1628,2143,268,'./images/Pomada/4dcf52f7a5.jpg','',1,''),(1629,2109,268,'./images/odezhda/puhoviki/AUDA_DOWN_JKT/be071emycz69_5525499_1_v1.jpg','',1,''),(1630,2106,268,'./images/odezhda/puhoviki/Reebok_Classics/re005emuot42_5174696_1_v2.jpg','',1,''),(1631,1868,268,'./images/velosipedy/Apollo_Fade_Kids_Bike/265832.jpg','',1,''),(1632,1868,457,'./images/velosipedy/Apollo_Fade_Kids_Bike/265832a.jpg','',1,''),(1633,2070,268,'./images/odezhda/Only__Sons/on013emukb08_5373061_1_v1.jpg','',1,''),(1634,1915,268,'./images/watch/Victorinox_Swiss_Army_Chrono_Classic_241511/241511.jpg','',1,''),(1635,2011,268,'./images/watch/Hublot_Classic_Fusion_545/545_nx_0170_lr.jpg','',1,''),(1636,1998,268,'./images/velosipedy/Intuition_Lambda_Road_Bike/156756.jpg','',1,''),(1637,1823,268,'./images/velosipedy/Carrera_Virtuoso_Road_Bike/221439.jpg','',1,''),(1638,1833,268,'./images/velosipedy/Boardman_CX_Comp_Bike/174452.jpg','',1,''),(1639,1994,268,'./images/velosipedy/Apollo_Paradox_Road_Bike/303149f.jpg','',1,''),(1640,1849,268,'./images/velosipedy/Mizani_AR1_Womens_Road_Bike/1487109849410i.jpg','',1,''),(1641,1852,268,'./images/velosipedy/Laura_Trott_RD_2_Womens_Road_Bike/216553.jpg','',1,''),(1642,1855,268,'./images/velosipedy/VooDoo_Zobop_Full_Suspension_Mountain_Bike/150361.jpg','',1,''),(1644,1859,268,'./images/velosipedy/Apollo_Paradox_Road_Bike/303149.jpg','',1,''),(1645,1991,268,'./images/velosipedy/Boardman_CX_Comp_Bike/174452b.jpg','',1,''),(1646,1993,268,'./images/velosipedy/Laura_Trott_RD_2_Womens_Road_Bike/216553b.jpg','',1,''),(1647,1995,268,'./images/velosipedy/Boardman_CX_Comp_Bike/174452e.jpg','',1,''),(1648,1992,268,'./images/velosipedy/VooDoo_Zobop_Full_Suspension_Mountain_Bike/150361b.jpg','',1,''),(1649,1858,268,'./images/velosipedy/Intuition_Lambda_Road_Bike/156756.jpg','',1,''),(1650,1997,268,'./images/velosipedy/VooDoo_Zobop_Full_Suspension_Mountain_Bike/150361a.jpg','',1,''),(1651,2043,268,'./images/ajinsy/20873400_mmdb.jpg','',1,''),(1652,2051,268,'./images/ajinsy/222.jpg','',1,''),(1653,2069,268,'./images/ajinsy/31.jpg','',1,''),(1654,2071,268,'./images/ajinsy/41.jpg','',1,''),(1655,2073,268,'./images/ajinsy/51.jpg','',1,''),(1656,2077,268,'./images/ajinsy/61.jpg','',1,''),(1661,2103,268,'./images/ajinsy/av.jpg','',1,''),(1662,2107,268,'./images/ajinsy/63.jpg','',1,''),(1663,2093,268,'./images/ajinsy/1q1.jpg','',1,''),(1664,2096,268,'./images/ajinsy/1121.jpg','',1,''),(1665,2100,268,'./images/ajinsy/aa1.jpg','',1,''),(1666,2078,268,'./images/ajinsy/711.jpg','',1,''),(1668,1441,501,'./images/cms/data/logo_mobile.png','',1,'');
/*!40000 ALTER TABLE `cms3_object_images` ENABLE KEYS */;
UNLOCK TABLES;

--
-- Table structure for table `cms3_object_lang_id_list`
--

DROP TABLE IF EXISTS `cms3_object_lang_id_list`;
/*!40101 SET @saved_cs_client     = @@character_set_client */;
/*!50503 SET character_set_client = utf8mb4 */;
CREATE TABLE `cms3_object_lang_id_list` (
  `id` int unsigned NOT NULL AUTO_INCREMENT,
  `obj_id` int unsigned DEFAULT NULL,
  `field_id` int unsigned DEFAULT NULL,
  `lang_id` int unsigned DEFAULT NULL,
  PRIMARY KEY (`id`),
  KEY `cms3_object_lang_id_list load field value` (`obj_id`,`field_id`),
  KEY `cms3_object_lang_id_list field_id` (`field_id`),
  KEY `cms3_object_lang_id_list obj_id` (`obj_id`),
  KEY `cms3_object_lang_id_list lang_id` (`lang_id`),
  CONSTRAINT `cms3_object_lang_id_list field id` FOREIGN KEY (`field_id`) REFERENCES `cms3_object_fields` (`id`) ON DELETE CASCADE,
  CONSTRAINT `cms3_object_lang_id_list lang id` FOREIGN KEY (`lang_id`) REFERENCES `cms3_langs` (`id`) ON DELETE CASCADE,
  CONSTRAINT `cms3_object_lang_id_list object id` FOREIGN KEY (`obj_id`) REFERENCES `cms3_objects` (`id`) ON DELETE CASCADE
) ENGINE=InnoDB AUTO_INCREMENT=2 DEFAULT CHARSET=utf8mb3;
/*!40101 SET character_set_client = @saved_cs_client */;

--
-- Dumping data for table `cms3_object_lang_id_list`
--

LOCK TABLES `cms3_object_lang_id_list` WRITE;
/*!40000 ALTER TABLE `cms3_object_lang_id_list` DISABLE KEYS */;
INSERT INTO `cms3_object_lang_id_list` VALUES (1,1441,498,1);
/*!40000 ALTER TABLE `cms3_object_lang_id_list` ENABLE KEYS */;
UNLOCK TABLES;

--
-- Table structure for table `cms3_object_offer_id_list`
--

DROP TABLE IF EXISTS `cms3_object_offer_id_list`;
/*!40101 SET @saved_cs_client     = @@character_set_client */;
/*!50503 SET character_set_client = utf8mb4 */;
CREATE TABLE `cms3_object_offer_id_list` (
  `id` int unsigned NOT NULL AUTO_INCREMENT,
  `obj_id` int unsigned NOT NULL,
  `field_id` int unsigned NOT NULL,
  `offer_id` int unsigned NOT NULL,
  PRIMARY KEY (`id`),
  KEY `cms3_object_offer_id_list load field value` (`obj_id`,`field_id`),
  KEY `cms3_object_offer_id_list field_id` (`field_id`),
  KEY `cms3_object_offer_id_list obj_id` (`obj_id`),
  KEY `cms3_object_offer_id_list offer_id` (`offer_id`),
  CONSTRAINT `cms3_object_offer_id_list field id` FOREIGN KEY (`field_id`) REFERENCES `cms3_object_fields` (`id`) ON DELETE CASCADE,
  CONSTRAINT `cms3_object_offer_id_list object id` FOREIGN KEY (`obj_id`) REFERENCES `cms3_objects` (`id`) ON DELETE CASCADE,
  CONSTRAINT `cms3_object_offer_id_list offer id` FOREIGN KEY (`offer_id`) REFERENCES `cms3_offer_list` (`id`) ON DELETE CASCADE
) ENGINE=InnoDB AUTO_INCREMENT=2933 DEFAULT CHARSET=utf8mb3;
/*!40101 SET character_set_client = @saved_cs_client */;

--
-- Dumping data for table `cms3_object_offer_id_list`
--

LOCK TABLES `cms3_object_offer_id_list` WRITE;
/*!40000 ALTER TABLE `cms3_object_offer_id_list` DISABLE KEYS */;
INSERT INTO `cms3_object_offer_id_list` VALUES (67,2043,669,1),(68,2043,669,2),(69,2043,669,3),(70,2043,669,4),(71,2043,669,5),(72,2043,669,6),(73,2043,669,7),(74,2043,669,8),(75,2043,669,9),(76,2043,669,10),(77,2043,669,11),(78,2043,669,12),(107,2051,669,13),(108,2051,669,14),(109,2051,669,15),(110,2051,669,16),(111,2051,669,17),(112,2051,669,18),(113,2051,669,19),(114,2051,669,20),(143,2069,669,21),(144,2069,669,22),(145,2069,669,23),(146,2069,669,24),(147,2069,669,25),(148,2069,669,26),(149,2069,669,27),(150,2069,669,28),(179,2071,669,29),(180,2071,669,30),(181,2071,669,31),(182,2071,669,32),(183,2071,669,33),(184,2071,669,34),(185,2071,669,35),(186,2071,669,36),(215,2073,669,37),(216,2073,669,38),(217,2073,669,39),(218,2073,669,40),(219,2073,669,41),(220,2073,669,42),(221,2073,669,43),(222,2073,669,44),(251,2077,669,45),(252,2077,669,46),(253,2077,669,47),(254,2077,669,48),(255,2077,669,49),(256,2077,669,50),(257,2077,669,51),(258,2077,669,52),(287,2078,669,53),(288,2078,669,54),(289,2078,669,55),(290,2078,669,56),(291,2078,669,57),(292,2078,669,58),(293,2078,669,59),(294,2078,669,60),(323,2093,669,61),(324,2093,669,62),(325,2093,669,63),(326,2093,669,64),(327,2093,669,65),(328,2093,669,66),(329,2093,669,67),(330,2093,669,68),(359,2096,669,69),(360,2096,669,70),(361,2096,669,71),(362,2096,669,72),(363,2096,669,73),(364,2096,669,74),(365,2096,669,75),(366,2096,669,76),(395,2100,669,77),(396,2100,669,78),(397,2100,669,79),(398,2100,669,80),(399,2100,669,81),(400,2100,669,82),(401,2100,669,83),(402,2100,669,84),(431,2103,669,85),(432,2103,669,86),(433,2103,669,87),(434,2103,669,88),(435,2103,669,89),(436,2103,669,90),(437,2103,669,91),(438,2103,669,92),(467,2107,669,93),(468,2107,669,94),(469,2107,669,95),(470,2107,669,96),(471,2107,669,97),(472,2107,669,98),(473,2107,669,99),(474,2107,669,100),(503,1998,669,101),(504,1998,669,102),(505,1998,669,103),(506,1998,669,104),(507,1998,669,105),(508,1998,669,106),(509,1998,669,107),(510,1998,669,108),(565,1823,669,109),(566,1823,669,110),(567,1823,669,111),(568,1823,669,112),(569,1823,669,113),(570,1823,669,116),(571,1823,669,117),(572,1823,669,119),(602,1833,669,121),(603,1833,669,122),(604,1833,669,123),(605,1833,669,124),(606,1833,669,125),(607,1833,669,126),(608,1833,669,127),(609,1833,669,128),(638,1994,669,129),(639,1994,669,130),(640,1994,669,131),(641,1994,669,132),(642,1994,669,133),(643,1994,669,134),(644,1994,669,135),(645,1994,669,136),(674,1849,669,137),(675,1849,669,138),(676,1849,669,139),(677,1849,669,140),(678,1849,669,141),(679,1849,669,142),(680,1849,669,143),(681,1849,669,144),(710,1852,669,145),(711,1852,669,146),(712,1852,669,147),(713,1852,669,148),(714,1852,669,149),(715,1852,669,150),(716,1852,669,151),(717,1852,669,152),(746,1855,669,153),(747,1855,669,154),(748,1855,669,155),(749,1855,669,156),(750,1855,669,157),(751,1855,669,158),(752,1855,669,159),(753,1855,669,160),(783,1859,669,161),(784,1859,669,162),(785,1859,669,163),(786,1859,669,164),(787,1859,669,165),(788,1859,669,166),(789,1859,669,167),(790,1859,669,168),(819,1991,669,169),(820,1991,669,170),(821,1991,669,171),(822,1991,669,172),(823,1991,669,173),(824,1991,669,174),(825,1991,669,175),(826,1991,669,176),(855,1993,669,177),(856,1993,669,178),(857,1993,669,179),(858,1993,669,180),(859,1993,669,181),(860,1993,669,182),(861,1993,669,183),(862,1993,669,184),(891,1995,669,185),(892,1995,669,186),(893,1995,669,187),(894,1995,669,188),(895,1995,669,189),(896,1995,669,190),(897,1995,669,191),(898,1995,669,192),(927,1996,669,193),(928,1996,669,194),(929,1996,669,195),(930,1996,669,196),(931,1996,669,197),(932,1996,669,198),(933,1996,669,199),(934,1996,669,200),(963,1992,669,201),(964,1992,669,202),(965,1992,669,203),(966,1992,669,204),(967,1992,669,205),(968,1992,669,206),(969,1992,669,207),(970,1992,669,208),(999,1858,669,209),(1000,1858,669,210),(1001,1858,669,211),(1002,1858,669,212),(1003,1858,669,213),(1004,1858,669,214),(1005,1858,669,215),(1006,1858,669,216),(1035,1997,669,217),(1036,1997,669,218),(1037,1997,669,219),(1038,1997,669,220),(1039,1997,669,221),(1040,1997,669,222),(1041,1997,669,223),(1042,1997,669,224),(1046,2870,685,177),(1164,2177,669,225),(1165,2177,669,226),(1166,2177,669,227),(1167,2177,669,228),(1168,2177,669,229),(1169,2177,669,230),(1170,2177,669,231),(1171,2177,669,232),(1172,2177,669,233),(1173,2177,669,234),(1174,2177,669,235),(1175,2177,669,236),(1176,2177,669,237),(1177,2177,669,238),(1178,2177,669,239),(1179,2177,669,240),(1302,2179,669,241),(1303,2179,669,243),(1304,2179,669,244),(1305,2179,669,245),(1306,2179,669,246),(1307,2179,669,247),(1308,2179,669,248),(1309,2179,669,249),(1310,2179,669,250),(1311,2179,669,251),(1312,2179,669,252),(1313,2179,669,253),(1314,2179,669,254),(1315,2179,669,255),(1316,2179,669,256),(1317,2179,669,257),(2010,2180,669,258),(2011,2180,669,259),(2012,2180,669,260),(2013,2180,669,261),(2014,2180,669,262),(2015,2180,669,264),(2016,2180,669,263),(2017,2180,669,265),(2018,2180,669,266),(2019,2180,669,267),(2020,2180,669,268),(2021,2180,669,269),(2022,2180,669,270),(2023,2180,669,271),(2024,2180,669,274),(2025,2180,669,275),(2268,2183,669,305),(2269,2183,669,306),(2270,2183,669,307),(2271,2183,669,308),(2272,2183,669,309),(2273,2183,669,310),(2274,2183,669,311),(2275,2183,669,312),(2276,2183,669,313),(2277,2183,669,314),(2278,2183,669,315),(2279,2183,669,316),(2280,2183,669,317),(2281,2183,669,318),(2282,2183,669,319),(2283,2183,669,321),(2407,2185,669,326),(2408,2185,669,327),(2409,2185,669,328),(2410,2185,669,329),(2411,2185,669,330),(2412,2185,669,331),(2413,2185,669,332),(2414,2185,669,333),(2415,2185,669,334),(2416,2185,669,335),(2417,2185,669,336),(2418,2185,669,337),(2419,2185,669,338),(2420,2185,669,339),(2421,2185,669,340),(2422,2185,669,341),(2616,2324,669,342),(2617,2324,669,343),(2618,2324,669,344),(2619,2324,669,345),(2620,2324,669,346),(2621,2324,669,347),(2622,2324,669,348),(2623,2324,669,349),(2624,2324,669,350),(2625,2324,669,351),(2626,2324,669,354),(2627,2324,669,355),(2628,2324,669,356),(2629,2324,669,357),(2630,2324,669,358),(2631,2324,669,359),(2769,2326,669,363),(2770,2326,669,364),(2771,2326,669,365),(2772,2326,669,366),(2773,2326,669,367),(2774,2326,669,368),(2775,2326,669,369),(2776,2326,669,370),(2777,2326,669,371),(2778,2326,669,373),(2779,2326,669,372),(2780,2326,669,374),(2781,2326,669,375),(2782,2326,669,376),(2783,2326,669,378),(2784,2326,669,379),(2905,2330,669,380),(2906,2330,669,381),(2907,2330,669,382),(2908,2330,669,383),(2909,2330,669,384),(2910,2330,669,385),(2911,2330,669,386),(2912,2330,669,387),(2913,2330,669,388),(2914,2330,669,389),(2915,2330,669,390),(2916,2330,669,391),(2917,2330,669,392),(2918,2330,669,393),(2919,2330,669,394),(2920,2330,669,395),(2922,1929,669,396),(2923,1929,669,397),(2925,1933,669,398),(2926,1933,669,399),(2928,1935,669,400),(2929,1935,669,401),(2931,1937,669,402),(2932,1937,669,403);
/*!40000 ALTER TABLE `cms3_object_offer_id_list` ENABLE KEYS */;
UNLOCK TABLES;

--
-- Table structure for table `cms3_object_price_type_id_list`
--

DROP TABLE IF EXISTS `cms3_object_price_type_id_list`;
/*!40101 SET @saved_cs_client     = @@character_set_client */;
/*!50503 SET character_set_client = utf8mb4 */;
CREATE TABLE `cms3_object_price_type_id_list` (
  `id` int unsigned NOT NULL AUTO_INCREMENT,
  `obj_id` int unsigned DEFAULT NULL,
  `field_id` int unsigned DEFAULT NULL,
  `price_type_id` int unsigned DEFAULT NULL,
  PRIMARY KEY (`id`),
  KEY `cms3_object_price_type_id_list load field value` (`obj_id`,`field_id`),
  KEY `cms3_object_price_type_id_list field_id` (`field_id`),
  KEY `cms3_object_price_type_id_list obj_id` (`obj_id`),
  KEY `cms3_object_price_type_id_list price_type_id` (`price_type_id`),
  CONSTRAINT `cms3_object_price_type_id_list field id` FOREIGN KEY (`field_id`) REFERENCES `cms3_object_fields` (`id`) ON DELETE CASCADE,
  CONSTRAINT `cms3_object_price_type_id_list object id` FOREIGN KEY (`obj_id`) REFERENCES `cms3_objects` (`id`) ON DELETE CASCADE,
  CONSTRAINT `cms3_object_price_type_id_list price id` FOREIGN KEY (`price_type_id`) REFERENCES `cms3_offer_price_type_list` (`id`) ON DELETE CASCADE
) ENGINE=InnoDB DEFAULT CHARSET=utf8mb3;
/*!40101 SET character_set_client = @saved_cs_client */;

--
-- Dumping data for table `cms3_object_price_type_id_list`
--

LOCK TABLES `cms3_object_price_type_id_list` WRITE;
/*!40000 ALTER TABLE `cms3_object_price_type_id_list` DISABLE KEYS */;
/*!40000 ALTER TABLE `cms3_object_price_type_id_list` ENABLE KEYS */;
UNLOCK TABLES;

--
-- Table structure for table `cms3_object_type_tree`
--

DROP TABLE IF EXISTS `cms3_object_type_tree`;
/*!40101 SET @saved_cs_client     = @@character_set_client */;
/*!50503 SET character_set_client = utf8mb4 */;
CREATE TABLE `cms3_object_type_tree` (
  `id` int unsigned NOT NULL AUTO_INCREMENT,
  `parent_id` int unsigned DEFAULT NULL,
  `child_id` int unsigned DEFAULT NULL,
  `level` int unsigned DEFAULT NULL,
  PRIMARY KEY (`id`),
  UNIQUE KEY `unique parent-child object type relation` (`parent_id`,`child_id`),
  KEY `Object type id from child_id` (`child_id`),
  CONSTRAINT `Object type id from child_id` FOREIGN KEY (`child_id`) REFERENCES `cms3_object_types` (`id`) ON DELETE CASCADE ON UPDATE CASCADE,
  CONSTRAINT `Object type id from parent_id` FOREIGN KEY (`parent_id`) REFERENCES `cms3_object_types` (`id`) ON DELETE CASCADE ON UPDATE CASCADE
) ENGINE=InnoDB AUTO_INCREMENT=381 DEFAULT CHARSET=utf8mb3;
/*!40101 SET character_set_client = @saved_cs_client */;

--
-- Dumping data for table `cms3_object_type_tree`
--

LOCK TABLES `cms3_object_type_tree` WRITE;
/*!40000 ALTER TABLE `cms3_object_type_tree` DISABLE KEYS */;
INSERT INTO `cms3_object_type_tree` VALUES (1,NULL,1,1),(2,NULL,3,1),(3,NULL,4,2),(4,1,4,2),(5,NULL,7,2),(6,3,7,2),(7,NULL,9,2),(8,1,9,2),(9,NULL,11,2),(10,1,11,2),(11,NULL,14,2),(12,1,14,2),(13,NULL,15,2),(14,1,15,2),(15,NULL,16,2),(16,1,16,2),(17,NULL,17,2),(18,1,17,2),(19,NULL,26,2),(20,1,26,2),(21,NULL,28,2),(22,1,28,2),(23,NULL,31,1),(24,NULL,33,1),(25,NULL,34,1),(26,NULL,35,1),(27,NULL,36,1),(28,NULL,37,2),(29,1,37,2),(30,NULL,41,2),(31,1,41,2),(32,NULL,42,2),(33,1,42,2),(34,NULL,43,2),(35,1,43,2),(36,NULL,44,1),(37,NULL,45,2),(38,1,45,2),(39,NULL,46,2),(40,1,46,2),(41,NULL,48,1),(42,NULL,49,2),(43,1,49,2),(44,NULL,50,1),(45,NULL,51,1),(46,NULL,52,1),(47,NULL,54,2),(48,3,54,2),(49,NULL,55,2),(50,3,55,2),(51,NULL,56,1),(52,NULL,57,2),(53,3,57,2),(54,NULL,58,1),(55,NULL,59,2),(56,3,59,2),(57,NULL,60,2),(58,3,60,2),(59,NULL,61,2),(60,3,61,2),(61,NULL,62,2),(62,3,62,2),(63,NULL,63,2),(64,3,63,2),(65,NULL,64,2),(66,3,64,2),(67,NULL,65,1),(68,NULL,66,2),(69,3,66,2),(70,NULL,67,2),(71,3,67,2),(72,NULL,68,1),(73,NULL,69,1),(74,NULL,70,1),(75,NULL,71,2),(76,3,71,2),(77,NULL,72,2),(78,3,72,2),(79,NULL,75,2),(80,3,75,2),(81,NULL,76,1),(82,NULL,77,1),(83,NULL,78,1),(84,NULL,79,1),(85,NULL,80,2),(86,3,80,2),(87,NULL,82,2),(88,3,82,2),(89,NULL,86,2),(90,33,86,2),(91,NULL,87,2),(92,33,87,2),(93,NULL,88,2),(94,33,88,2),(95,NULL,89,2),(96,33,89,2),(97,NULL,90,2),(98,33,90,2),(99,NULL,91,2),(100,33,91,2),(101,NULL,92,2),(102,33,92,2),(103,NULL,93,2),(104,48,93,2),(105,NULL,94,2),(106,48,94,2),(107,NULL,95,2),(108,48,95,2),(109,NULL,96,2),(110,48,96,2),(111,NULL,97,2),(112,44,97,2),(113,NULL,98,2),(114,44,98,2),(115,NULL,99,2),(116,44,99,2),(117,NULL,100,2),(118,44,100,2),(119,NULL,102,2),(120,44,102,2),(121,NULL,103,2),(122,44,103,2),(123,NULL,104,2),(124,44,104,2),(125,NULL,108,2),(126,44,108,2),(127,NULL,109,2),(128,1,109,2),(129,NULL,110,1),(130,NULL,111,2),(131,110,111,2),(132,NULL,112,2),(133,110,112,2),(134,NULL,113,2),(135,110,113,2),(136,NULL,115,1),(137,NULL,116,1),(138,NULL,118,3),(139,3,118,3),(140,117,118,3),(141,NULL,119,2),(142,3,119,2),(143,NULL,120,1),(144,NULL,121,2),(145,3,121,2),(146,NULL,139,2),(147,68,139,2),(148,NULL,141,2),(149,120,141,2),(150,NULL,142,3),(151,3,142,3),(152,55,142,3),(153,NULL,143,2),(154,44,143,2),(155,NULL,170,3),(156,3,170,3),(157,82,170,3),(158,NULL,177,3),(159,3,177,3),(160,82,177,3),(161,NULL,178,3),(162,3,178,3),(163,82,178,3),(164,NULL,180,3),(165,3,180,3),(166,82,180,3),(167,NULL,184,3),(168,3,184,3),(169,82,184,3),(170,NULL,185,3),(171,3,185,3),(172,82,185,3),(173,NULL,191,3),(174,3,191,3),(175,82,191,3),(176,NULL,200,3),(177,3,200,3),(178,82,200,3),(179,NULL,202,3),(180,3,202,3),(181,82,202,3),(182,NULL,204,3),(183,3,204,3),(184,82,204,3),(185,NULL,206,3),(186,3,206,3),(187,82,206,3),(188,NULL,208,3),(189,3,208,3),(190,82,208,3),(191,NULL,209,3),(192,3,209,3),(193,82,209,3),(194,NULL,210,1),(195,NULL,211,3),(196,3,211,3),(197,82,211,3),(198,NULL,215,3),(199,3,215,3),(200,82,215,3),(201,NULL,219,3),(202,3,219,3),(203,82,219,3),(204,NULL,221,2),(205,68,221,2),(206,NULL,222,2),(207,44,222,2),(208,NULL,226,2),(209,1,226,2),(210,NULL,227,2),(211,1,227,2),(212,NULL,232,1),(213,NULL,235,2),(214,232,235,2),(215,NULL,236,2),(216,115,236,2),(217,NULL,237,2),(218,33,237,2),(219,NULL,2,2),(220,1,2,2),(221,NULL,5,2),(222,1,5,2),(223,NULL,6,2),(224,1,6,2),(225,NULL,8,2),(226,1,8,2),(227,NULL,10,2),(228,1,10,2),(229,NULL,12,2),(230,1,12,2),(231,NULL,13,2),(232,1,13,2),(233,NULL,18,2),(234,1,18,2),(235,NULL,19,2),(236,1,19,2),(237,NULL,22,1),(238,NULL,24,2),(239,1,24,2),(240,NULL,25,2),(241,1,25,2),(242,NULL,27,2),(243,1,27,2),(244,NULL,29,2),(245,1,29,2),(246,NULL,30,2),(247,1,30,2),(248,NULL,32,2),(249,1,32,2),(250,NULL,38,2),(251,1,38,2),(252,NULL,39,1),(253,NULL,40,2),(254,1,40,2),(255,NULL,47,2),(256,1,47,2),(257,NULL,53,2),(258,1,53,2),(259,NULL,73,2),(260,3,73,2),(261,NULL,74,2),(262,3,74,2),(263,NULL,81,2),(264,1,81,2),(265,NULL,83,2),(266,1,83,2),(267,NULL,84,2),(268,31,84,2),(269,NULL,85,2),(270,31,85,2),(271,NULL,114,2),(272,1,114,2),(273,NULL,117,2),(274,3,117,2),(275,NULL,122,2),(276,1,122,2),(277,NULL,123,2),(278,1,123,2),(279,NULL,124,2),(280,1,124,2),(281,NULL,146,2),(282,1,146,2),(283,NULL,148,2),(284,1,148,2),(285,NULL,149,2),(286,1,149,2),(287,NULL,150,2),(288,1,150,2),(289,NULL,151,2),(290,1,151,2),(291,NULL,152,2),(292,1,152,2),(293,NULL,153,2),(294,1,153,2),(295,NULL,154,2),(296,1,154,2),(297,NULL,157,2),(298,1,157,2),(299,NULL,158,2),(300,1,158,2),(301,NULL,159,2),(302,1,159,2),(303,NULL,160,2),(304,1,160,2),(305,NULL,161,2),(306,1,161,2),(307,NULL,162,2),(308,1,162,2),(309,NULL,164,2),(310,1,164,2),(311,NULL,166,3),(312,1,166,3),(313,40,166,3),(314,NULL,171,2),(315,1,171,2),(316,NULL,172,2),(317,1,172,2),(318,NULL,173,2),(319,1,173,2),(320,NULL,174,2),(321,1,174,2),(322,NULL,175,2),(323,1,175,2),(324,NULL,176,2),(325,1,176,2),(326,NULL,179,2),(327,1,179,2),(328,NULL,181,2),(329,1,181,2),(330,NULL,182,2),(331,1,182,2),(332,NULL,183,2),(333,1,183,2),(334,NULL,186,2),(335,1,186,2),(336,NULL,187,2),(337,1,187,2),(338,NULL,188,2),(339,1,188,2),(340,NULL,189,2),(341,1,189,2),(342,NULL,197,2),(343,1,197,2),(344,NULL,198,2),(345,1,198,2),(346,NULL,201,2),(347,1,201,2),(348,NULL,203,2),(349,1,203,2),(350,NULL,205,2),(351,1,205,2),(352,NULL,207,2),(353,1,207,2),(354,NULL,213,2),(355,1,213,2),(356,NULL,217,2),(357,1,217,2),(358,NULL,218,2),(359,1,218,2),(360,NULL,220,2),(361,1,220,2),(362,NULL,223,2),(363,1,223,2),(364,NULL,224,2),(365,1,224,2),(366,NULL,225,2),(367,1,225,2),(368,NULL,228,2),(369,1,228,2),(370,NULL,229,2),(371,1,229,2),(372,NULL,230,2),(373,1,230,2),(374,NULL,231,2),(375,1,231,2),(376,NULL,233,2),(377,1,233,2),(378,NULL,234,3),(379,1,234,3),(380,233,234,3);
/*!40000 ALTER TABLE `cms3_object_type_tree` ENABLE KEYS */;
UNLOCK TABLES;

--
-- Table structure for table `cms3_object_types`
--

DROP TABLE IF EXISTS `cms3_object_types`;
/*!40101 SET @saved_cs_client     = @@character_set_client */;
/*!50503 SET character_set_client = utf8mb4 */;
CREATE TABLE `cms3_object_types` (
  `domain_id` int unsigned DEFAULT NULL,
  `id` int unsigned NOT NULL AUTO_INCREMENT,
  `guid` varchar(255) DEFAULT NULL,
  `name` varchar(255) DEFAULT NULL,
  `is_locked` tinyint(1) DEFAULT '0',
  `parent_id` int unsigned DEFAULT NULL,
  `is_guidable` tinyint(1) DEFAULT '0',
  `is_public` tinyint(1) DEFAULT '0',
  `hierarchy_type_id` int unsigned DEFAULT NULL,
  `sortable` tinyint DEFAULT '0',
  PRIMARY KEY (`id`),
  KEY `hierarchy_type_id` (`hierarchy_type_id`),
  KEY `parent_id` (`parent_id`),
  KEY `is_public` (`is_public`),
  KEY `name` (`name`),
  KEY `is_locked` (`is_locked`),
  KEY `is_guidable` (`is_guidable`),
  KEY `guid` (`guid`),
  KEY `cms3_object_types domain id` (`domain_id`),
  CONSTRAINT `cms3_object_types domain id` FOREIGN KEY (`domain_id`) REFERENCES `cms3_domains` (`id`) ON DELETE SET NULL
) ENGINE=InnoDB AUTO_INCREMENT=238 DEFAULT CHARSET=utf8mb3;
/*!40101 SET character_set_client = @saved_cs_client */;

--
-- Dumping data for table `cms3_object_types`
--

LOCK TABLES `cms3_object_types` WRITE;
/*!40000 ALTER TABLE `cms3_object_types` DISABLE KEYS */;
INSERT INTO `cms3_object_types` VALUES (NULL,1,'root-guides-type','i18n::object-type-spravochniki',1,0,0,0,0,0),(NULL,2,'de8627f75ba1abcfafd00a0e75ad189105cfdc21','i18n::object-type-status_stranicy',1,1,1,1,0,0),(NULL,3,'root-pages-type','i18n::object-type-razdel_sajta',1,0,0,0,0,0),(NULL,4,'fe5dbbcea5ce7e2988b8c69bcfdfde8904aabc1f','i18n::object-type-pol',1,1,1,0,0,0),(NULL,5,'472b07b9fcf2c2451e8781e944bf5f77cd8457c8','i18n::object-type-tip_rss',1,1,1,1,0,0),(NULL,6,'news-rss-source-charset','i18n::object-type-news-rss-source-charset',1,1,1,1,0,0),(NULL,7,'news-rubric','i18n::object-type-news-rubric',1,3,1,0,1,0),(NULL,8,'12c6fc06c99a462375eeb3f43dfd832b08ca9e17','i18n::object-type-rss-lenta',1,1,1,1,0,0),(NULL,9,'banners-banner-swf-quality','i18n::object-type-kachestvo_fleshki',1,1,1,0,0,0),(NULL,10,'d69b923df6140a16aefc89546a384e0493641fbe','i18n::object-type-strany',1,1,1,1,0,0),(NULL,11,'sytem-citylist','i18n::object-type-spisok_gorodov_dlya_geo',1,1,1,0,0,0),(NULL,12,'96e388c0b3b7fd874b48621e850335a8f06ca58d','i18n::object-type-price_modifier',1,1,1,1,0,0),(NULL,13,'6fe3dfe314684a658c1b19ca7a8e3abd29afe23e','i18n::object-type-validation_rule',1,1,1,1,0,0),(NULL,14,'cd8b7a4b8bb9bbf442a9d50fa465fe0e9d868a13','i18n::object-type-dispatch_type',1,1,1,0,0,0),(NULL,15,'a1496d4ad0a359b6fe93d819e4a2141bd9d9ac35','i18n::object-type-carriage_type',1,1,1,0,0,0),(NULL,16,'c9264fc806cdb67dc2080db570871067a6134c2d','i18n::object-type-hours',1,1,1,0,0,0),(NULL,17,'d528edaa45e66e08a9ece98272130b42e77cef55','i18n::object-type-days',1,1,1,0,0,0),(NULL,18,'blacklist','i18n::object-type-blacklist',1,1,1,1,0,0),(NULL,19,'ip-blacklist','i18n::object-type-ip_blacklist',1,1,1,1,0,0),(NULL,22,'emarket-currency','i18n::object-type-valyuta',1,0,1,1,2,0),(NULL,24,'emarket-mobile-platform','i18n::object-type-mobile-platform',1,1,1,1,0,0),(NULL,25,'emarket-mobile-devices','i18n::object-type-mobile-devices',1,1,1,1,0,0),(NULL,26,'emarket-purchase-oneclick','i18n::object-type-emarket-purchase-oneclick',1,1,1,0,0,0),(NULL,27,'exchange-encodings','i18n::object-type-exchange-encodings',0,1,1,1,0,0),(NULL,28,'tax-rate-guide','i18n::object-type-tax-rate',1,1,1,0,0,0),(NULL,29,'emarket-discounttype','i18n::object-type-discounttype',1,1,1,1,3,0),(NULL,30,'emarket-discountmodificatortype','i18n::object-type-discountmodificatortype',1,1,1,1,4,0),(NULL,31,'81755a2845e39420c81902a3ce83dff1cfc782e7','i18n::object-type-discount_price_modifier',1,0,0,0,0,0),(NULL,32,'emarket-discountruletype','i18n::object-type-discountruletype',1,1,1,1,5,0),(NULL,33,'190c4a70068f9453e2320b650e94869a1306adb0','i18n::object-type-discountrules',1,0,0,0,0,0),(NULL,34,'exchange-format-import','i18n::object-type-import_format',1,0,1,0,0,0),(NULL,35,'exchange-format-export','i18n::object-type-export_format',1,0,1,0,0,0),(NULL,36,'users-users','i18n::object-type-users-users',1,0,1,0,6,0),(NULL,37,'emarket-deliveryaddress','i18n::object-type-eshop-address',1,1,1,0,7,0),(NULL,38,'emarket-itemtype','i18n::object-type-itemtype',1,1,1,1,8,0),(NULL,39,'emarket-discount','i18n::object-type-discount',1,0,1,1,9,0),(NULL,40,'emarket-itemoption','i18n::object-type-itemoption',1,1,1,1,10,0),(NULL,41,'emarket-orderitem','i18n::object-type-eshop-order_item',1,1,1,0,11,0),(NULL,42,'emarket-orderstatus','i18n::object-type-eshop-order_status',1,1,1,0,12,0),(NULL,43,'emarket-paymenttype','i18n::object-type-paymenttype',1,1,1,0,13,0),(NULL,44,'emarket-payment','i18n::object-type-payment',1,0,1,0,14,0),(NULL,45,'emarket-orderpaymentstatus','i18n::object-type-orderpaymentstatus',1,1,1,0,15,0),(NULL,46,'emarket-legalperson','i18n::object-type-legalperson',1,1,1,0,16,0),(NULL,47,'emarket-deliverytype','i18n::object-type-deliverytype',1,1,1,1,17,0),(NULL,48,'emarket-delivery','i18n::object-type-delivery',1,0,1,0,18,0),(NULL,49,'emarket-orderdeliverystatus','i18n::object-type-orderdeliverystatus',1,1,1,0,19,0),(NULL,50,'emarket-order','i18n::object-type-order',1,0,1,0,20,0),(NULL,51,'users-user','i18n::object-type-users-user',1,0,1,0,21,0),(NULL,52,'menu-menu','i18n::object-type-menu',0,0,0,0,22,0),(NULL,53,'news-subject','i18n::object-type-news-subject',1,1,1,1,23,0),(NULL,54,'news-item','i18n::object-type-news-item',1,3,0,0,24,0),(NULL,55,'content-page','i18n::object-type-content-',1,3,0,0,25,0),(NULL,56,'content-ticket','i18n::object-type-content-ticket',1,0,0,0,26,0),(NULL,57,'blogs20-blog','i18n::object-type-blogs20-blog',1,3,1,0,27,0),(NULL,58,'users-author','i18n::object-type-users-author',1,0,1,0,28,0),(NULL,59,'blogs20-comment','i18n::object-type-blogs20-comment',1,3,1,0,29,0),(NULL,60,'blogs20-post','i18n::object-type-blogs20-post',1,3,1,0,30,0),(NULL,61,'forum-conf','i18n::object-type-forum-conf',1,3,0,0,31,0),(NULL,62,'forum-topic','i18n::object-type-forum-topic',1,3,0,0,32,0),(NULL,63,'forum-message','i18n::object-type-forum-message',1,3,0,0,33,0),(NULL,64,'comments-comment','i18n::object-type-comments-comment',1,3,0,0,34,0),(NULL,65,'vote-pollitem','i18n::object-type-vote-poll_item',1,0,1,0,35,0),(NULL,66,'vote-poll','i18n::object-type-vote-poll',1,3,0,0,36,0),(NULL,67,'webforms-page','i18n::object-type-webforms-page',1,3,1,0,37,0),(NULL,68,'webforms-form','i18n::object-type-webforms-form',1,0,0,0,38,0),(NULL,69,'webforms-template','i18n::object-type-webforms-template',1,0,0,0,39,0),(NULL,70,'webforms-address','i18n::object-type-webforms-address',1,0,0,0,40,0),(NULL,71,'photoalbum-album','i18n::object-type-photoalbum-album',1,3,0,0,41,0),(NULL,72,'photoalbum-photo','i18n::object-type-photoalbum-photo',1,3,0,0,42,0),(NULL,73,'faq-project','i18n::object-type-faq-project',1,3,0,1,43,0),(NULL,74,'faq-category','i18n::object-type-faq-category',1,3,0,1,44,0),(NULL,75,'faq-question','i18n::object-type-faq-question',1,3,0,0,45,0),(NULL,76,'dispatches-dispatch','i18n::object-type-dispatches-dispatch',1,0,1,0,46,0),(NULL,77,'dispatches-release','i18n::object-type-dispatches-release',1,0,1,0,47,0),(NULL,78,'dispatches-message','i18n::object-type-dispatches-message',1,0,1,0,48,0),(NULL,79,'dispatches-subscriber','i18n::object-type-dispatches-subscriber',1,0,1,0,49,0),(NULL,80,'catalog-category','i18n::object-type-catalog-category',1,3,0,0,50,0),(NULL,81,'emarket-store','i18n::object-type-store',1,1,1,1,51,0),(NULL,82,'catalog-object','i18n::object-type-catalog-object',1,3,0,0,52,0),(NULL,83,'emarket-customer','i18n::object-type-customer',1,1,1,1,53,0),(NULL,84,'emarket-discountmodificator-768','i18n::object-type-order_summ_percent',1,31,1,1,54,0),(NULL,85,'emarket-discountmodificator-800','i18n::object-type-fixed_discount',1,31,1,1,54,0),(NULL,86,'emarket-discountrule-777','i18n::object-type-special_items_discount',1,33,0,0,55,0),(NULL,87,'emarket-discountrule-794','i18n::object-type-time_interval',1,33,0,0,55,0),(NULL,88,'emarket-discountrule-795','i18n::object-type-order_summ',1,33,0,0,55,0),(NULL,89,'emarket-discountrule-796','i18n::object-type-customer_summ',1,33,0,0,55,0),(NULL,90,'emarket-discountrule-797','i18n::object-type-users_group_discount',1,33,0,0,55,0),(NULL,91,'emarket-discountrule-798','i18n::object-type-users_discount',1,33,0,0,55,0),(NULL,92,'emarket-discountrule-799','i18n::object-type-related_items_discount',1,33,0,0,55,0),(NULL,93,'emarket-delivery-783','i18n::object-type-pickup',1,48,0,0,18,0),(NULL,94,'emarket-delivery-784','i18n::object-type-courier_deliver_spb',1,48,0,0,18,0),(NULL,95,'emarket-delivery-808','i18n::object-type-mail',1,48,0,0,18,0),(NULL,96,'emarket-delivery-842','i18n::object-type-apiship',1,48,0,0,18,0),(NULL,97,'emarket-payment-791','i18n::object-type-sales_draft',1,44,0,0,14,0),(NULL,98,'emarket-payment-801','i18n::object-type-pay_online',1,44,0,0,14,0),(NULL,99,'emarket-payment-802','i18n::object-type-courier',1,44,0,0,14,0),(NULL,100,'emarket-payment-812','i18n::object-type-robokassa',1,44,0,0,14,0),(NULL,102,'emarket-payment-816','i18n::object-type-legal_person_account',1,44,0,0,14,0),(NULL,103,'emarket-payment-payanyway','i18n::object-type-payanyway',1,44,0,0,14,0),(NULL,104,'emarket-payment-dengionline','i18n::object-type-dengionline',1,44,0,0,14,0),(NULL,108,'emarket-payment-paypal','i18n::object-type-emarket-payment-paypal',1,44,0,0,14,0),(NULL,109,'banners-place','i18n::object-type-banners-place',1,1,1,0,56,0),(NULL,110,'banners-banner','i18n::object-type-banners-banner',1,0,0,0,57,0),(NULL,111,'banners-banner-image','i18n::object-type-banners-banner-image',1,110,0,0,57,0),(NULL,112,'banners-banner-swf','i18n::object-type-banners-banner-swf',1,110,0,0,57,0),(NULL,113,'banners-banner-html','i18n::object-type-banners-banner-html',1,110,0,0,57,0),(NULL,114,'users-avatar','i18n::object-type-users-avatar',1,1,1,1,58,0),(NULL,115,'exchange-export','i18n::object-type-export',1,0,0,0,59,0),(NULL,116,'exchange-import','i18n::object-type-import',1,0,0,0,60,0),(NULL,117,'social_networks-network','i18n::object-type-network',1,3,1,1,61,0),(NULL,118,'social_networks-network-vkontakte','i18n::object-type-vkontakte',1,117,0,0,62,0),(NULL,119,'filemanager-sharedfile','i18n::object-type-filemanager-shared_file',1,3,0,0,63,0),(NULL,120,'root-settings-type','i18n::object-type-root-settings-type',1,0,0,0,64,0),(NULL,121,'appointment-page','i18n::hierarchy-type-appointment-page',1,3,0,0,65,0),(NULL,122,'filemanagers','i18n::object-type-filemanagers',1,1,1,1,0,0),(NULL,123,'','i18n::object-type-decoration',0,1,1,1,0,0),(NULL,124,'','i18n::object-type-color-field-guide',0,1,1,1,0,0),(NULL,139,'call-order-form','Заказать звонок',0,68,0,0,38,0),(NULL,141,'','demomarket',0,120,0,0,64,0),(NULL,142,'','Главная',0,55,0,0,25,0),(NULL,143,'','Оплата при получении',0,44,0,0,14,0),(NULL,146,'','Справочник для поля \"Вид взрослых велосипедов\"',0,1,1,1,0,0),(NULL,148,'','Справочник для поля \"Диаметр колес\"',0,1,1,1,0,0),(NULL,149,'','Справочник для поля \"Состояние поставки\"',0,1,1,1,0,0),(NULL,150,'','Справочник для поля \"Размер рамы\"',0,1,1,1,0,0),(NULL,151,'','Справочник для поля \"Система торможения\"',0,1,1,1,0,0),(NULL,152,'','Справочник для поля \"Назначение\"',0,1,1,1,0,0),(NULL,153,'','Справочник для поля \"Дополнительная гарантия\"',0,1,1,1,0,0),(NULL,154,'','Справочник для поля \"Тип велосипеда\"',0,1,1,1,0,0),(NULL,157,'','Справочник для поля \"Вид упаковки\"',0,1,1,1,0,0),(NULL,158,'','Справочник для поля \"Возраст\"',0,1,1,1,0,0),(NULL,159,'','Справочник для поля \"Размер питомца\"',0,1,1,1,0,0),(NULL,160,'','Справочник для поля \"Ингредиенты (вкус)\"',0,1,1,1,0,0),(NULL,161,'','Справочник для поля \"Производитель\"',0,1,1,1,0,0),(NULL,162,'','Справочник для поля \"Страна-производитель\"',0,1,1,1,0,0),(NULL,164,'','Справочник для поля \"Форма\"',0,1,1,1,0,0),(NULL,166,'','Справочник для поля \"Дополнительная гарантия\"',0,40,1,1,10,0),(NULL,170,'','Часы',0,82,0,0,52,0),(NULL,171,'','Справочник для поля \"Производитель (бренд) одежды\"',0,1,1,1,0,0),(NULL,172,'','Справочник для поля \"Материал корпуса\"',0,1,1,1,0,0),(NULL,173,'','Справочник для поля \"Стекло\"',0,1,1,1,0,0),(NULL,174,'','Справочник для поля \"Наличие будильника\"',0,1,1,1,0,0),(NULL,175,'','Справочник для поля \"Цвет корпуса\"',0,1,1,1,0,0),(NULL,176,'','Справочник для поля \"Тип механизма\"',0,1,1,1,0,0),(NULL,177,'','Велосипеды',0,82,0,0,52,0),(NULL,178,'','Корма для животных',0,82,0,0,52,0),(NULL,179,'','Справочник для поля \"Вес упаковки\"',0,1,1,1,0,0),(NULL,180,'','Наполнители для животных',0,82,0,0,52,0),(NULL,181,'','Справочник для поля \"Размер гранул наполнителя\"',0,1,1,1,0,0),(NULL,182,'','Справочник для поля \"Состав наполнителя\"',0,1,1,1,0,0),(NULL,183,'','Справочник для поля \"Ароматизаторы наполнителя\"',0,1,1,1,0,0),(NULL,184,'','Палатки',0,82,0,0,52,0),(NULL,185,'','Одежда',0,82,0,0,52,0),(NULL,186,'','Справочник для поля \"Размер одежды\"',0,1,1,1,0,0),(NULL,187,'','Справочник для поля \"Сезон одежды\"',0,1,1,1,0,0),(NULL,188,'','Справочник для поля \"Тип застежки одежды\"',0,1,1,1,0,0),(NULL,189,'','Бренд одежды',0,1,1,1,0,0),(NULL,191,'','Губная помада',0,82,0,0,52,0),(NULL,197,'','Бренд Губной помады',0,1,1,1,0,0),(NULL,198,'','Линейка/серия губной помады',0,1,1,1,0,0),(NULL,200,'','Клетки для птиц',0,82,0,0,52,0),(NULL,201,'','Справочник для поля \"Производитель бытовой техники\"',0,1,1,1,0,0),(NULL,202,'','Бытовая техника',0,82,0,0,52,0),(NULL,203,'','Справочник для поля \"Тип управления. Духовки\"',0,1,1,1,0,0),(NULL,204,'','Стиральные машины',0,82,0,0,52,0),(NULL,205,'','Бытовая техника бренд',0,1,1,1,0,0),(NULL,206,'','Пылесосы',0,82,0,0,52,0),(NULL,207,'','Тип холодильников',0,1,1,1,0,0),(NULL,208,'','Холодильники',0,82,0,0,52,0),(NULL,209,'','Детская обувь',0,82,0,0,52,0),(NULL,210,'','i18n::object-type-new-data-type',0,0,0,0,0,0),(NULL,211,'','Шампуни',0,82,0,0,52,0),(NULL,213,'','Аромат парфюма',0,1,1,1,0,0),(NULL,215,'','Парфюм',0,82,0,0,52,0),(NULL,217,'','Ёмкость аккамулятора',0,1,1,1,0,0),(NULL,218,'','Бренд Самокат',0,1,1,1,0,0),(NULL,219,'','Самокаты',0,82,0,0,52,0),(NULL,220,'','Самокаты. Для веса',0,1,1,1,0,0),(NULL,221,'contacts-form','Контактная информация',0,68,0,0,38,0),(NULL,222,'emarket-payment-yandex-kassa','i18n::object-type-emarket-payment-yandex-kassa',1,44,0,0,14,0),(NULL,223,'','Справочник для поля \"Фасовка\"',0,1,1,1,0,0),(NULL,224,'','Справочник для поля \"Навесное оборудование\"',0,1,1,1,0,0),(NULL,225,'','Справочник для поля \"Диаметр колес (дюймы)\"',0,1,1,1,0,0),(NULL,226,'payment_subject','i18n::payment-subject-type',0,1,1,0,0,0),(NULL,227,'payment_mode','i18n::payment-mode-type',0,1,1,0,0,0),(NULL,228,'','Справочник для поля \"Установка\"',0,1,1,1,0,0),(NULL,229,'','Справочник для поля \"Предпродажная подготовка\"',0,1,1,1,0,0),(NULL,230,'ip-whitelist','i18n::object-type-ip_whitelist',1,1,1,1,67,0),(NULL,231,'robots-txt','i18n::object-type-robots-txt',1,1,1,1,68,0),(NULL,232,'umiCrmIntegration-scenario','i18n::object-type-umiCrmIntegration-scenario',0,0,0,0,69,0),(NULL,233,'umiCrmIntegration-field-relation-guide','i18n::object-type-umiCrmIntegration-field-relation-guide',0,1,1,1,70,0),(NULL,234,'umiCrmIntegration-field-relation-guide-amo','i18n::object-type-umiCrmIntegration-field-relation-guide-amo',0,233,1,1,70,0),(NULL,235,'umiCrmIntegration-scenario-amo','i18n::object-type-umiCrmIntegration-scenario-amo',0,232,0,0,69,0),(NULL,236,'exchange-export-yandex-turbo-pages','i18n::object-type-export-yandex-turbo-pages',0,115,0,0,59,0),(NULL,237,'emarket-discountrule-850','i18n::object-type-promo_code_discount',1,33,0,0,55,0);
/*!40000 ALTER TABLE `cms3_object_types` ENABLE KEYS */;
UNLOCK TABLES;

--
-- Table structure for table `cms3_objects`
--

DROP TABLE IF EXISTS `cms3_objects`;
/*!40101 SET @saved_cs_client     = @@character_set_client */;
/*!50503 SET character_set_client = utf8mb4 */;
CREATE TABLE `cms3_objects` (
  `id` int unsigned NOT NULL AUTO_INCREMENT,
  `guid` varchar(255) DEFAULT NULL,
  `name` varchar(255) DEFAULT NULL,
  `is_locked` tinyint(1) DEFAULT NULL,
  `type_id` int unsigned DEFAULT NULL,
  `owner_id` int unsigned DEFAULT NULL,
  `ord` int unsigned DEFAULT '0',
  `updatetime` int unsigned DEFAULT NULL,
  PRIMARY KEY (`id`),
  KEY `Object to type relation_FK` (`type_id`),
  KEY `name` (`name`),
  KEY `owner_id` (`owner_id`),
  KEY `is_locked` (`is_locked`),
  KEY `ord` (`ord`),
  KEY `guid` (`guid`),
  KEY `updatetime` (`updatetime`),
  CONSTRAINT `FK_Object to type relation` FOREIGN KEY (`type_id`) REFERENCES `cms3_object_types` (`id`)
) ENGINE=InnoDB AUTO_INCREMENT=3069 DEFAULT CHARSET=utf8mb3;
/*!40101 SET character_set_client = @saved_cs_client */;

--
-- Dumping data for table `cms3_objects`
--

LOCK TABLES `cms3_objects` WRITE;
/*!40000 ALTER TABLE `cms3_objects` DISABLE KEYS */;
INSERT INTO `cms3_objects` VALUES (1,'2ca45ca1c710cf65f451f098f4bf683082566200','i18n::object-commerceml_catalog',0,35,25,1,1498560651),(2,'681665ea8b72237d1677dfaf7339ef7a7ec40269','i18n::object-commerceml_offer_list',0,35,25,2,1498560651),(3,'8e9874cd7a1b20f4b00c95fd7126f2112101c2ac','i18n::object-commerceml_order_list',0,35,25,3,1498560651),(4,'ff6c38d4ab12cda6c035cf36a4afb829049fbf21','i18n::object-yml_catalog',0,35,25,4,1498560651),(5,'b8c554e9ce8127f2405c189857cfd6831dcc2f5d','i18n::object-umiDump_data_format',0,35,25,5,1498560651),(6,'de2d91f2111e74d1fab49ffed3220fc4b1d51d42','i18n::object-csv_dataformat',0,35,25,6,1498560651),(7,'ccc9bf34f683f8e4ecf2ffe2910f3d8cda2b6852','i18n::object-umi_export_umiDump',0,35,25,7,1498560652),(8,'exchange-export-commerceml','i18n::object-catalog_export',0,35,25,8,1498560652),(9,'25ec3f9da5444fe6a125910137ec28200d4eaaa8','i18n::object-status-publish',0,2,25,1,1498560650),(10,'8a6f804b3690f0592a3f17ed980a9df5f16bacd8','i18n::object-status-unpublish',0,2,25,2,1498560650),(11,'f4df5d14f5a1aeeebfe3db75b73e57fef8bcc4f2','i18n::object-status-preunpublish',0,2,25,3,1498560650),(12,'84a36e2847c33ac03a7223b57b0c864b80ab26c8','i18n::object-rss',0,5,0,1,1498560503),(13,'a35ff773f425e44df36c1cc68a415d92318b19ac','i18n::object-atom',0,5,0,2,1498560503),(14,'news-rss-charset-27949','i18n::object-windows_1251',0,6,25,1,1498560652),(15,'news-rss-charset-27950','i18n::object-utf_8',0,6,25,2,1498560652),(16,'emarket-currency-27226','i18n::object-rur',0,22,25,1,1498560650),(17,'emarket-currency-27227','i18n::object-usd',0,22,25,2,1501681021),(18,'emarket-currency-27228','i18n::object-euro',0,22,25,3,1501681005),(19,'emarket-mobile-platform-27944','i18n::object-android',0,24,25,1,1498560652),(20,'emarket-mobile-platform-27945','i18n::object-ios',0,24,25,2,1498560652),(21,'emarket-discounttype-27131','i18n::object-catalog_item_discount',0,29,25,1,1498560650),(22,'emarket-discounttype-27132','i18n::object-order_discount',0,29,25,2,1498560650),(23,'emarket-discounttype-bonus','i18n::object-bonus-discount',0,29,25,3,1498560650),(24,'users-users-15','i18n::object-supervajzery',0,36,0,1,1498560503),(25,'system-supervisor','sv',0,51,0,1,1607071365),(26,'emarket-discountmodificatortype-27136','i18n::object-summ_percent',0,30,25,1,1498560650),(27,'emarket-discountmodificatortype-27456','i18n::object-fixed_modifier',0,30,25,2,1552573407),(28,'emarket-discountruletype-27150','i18n::object-specify_items',0,32,25,1,1498560650),(29,'emarket-discountruletype-27393','i18n::object-time_interval_discount',0,32,25,2,1498560650),(30,'emarket-discountruletype-27394','i18n::object-order_summ_discount',0,32,25,3,1498560650),(31,'emarket-discountruletype-27395','i18n::object-user_summ_discount',0,32,25,4,1498560650),(32,'emarket-discountruletype-27396','i18n::object-user_group_discount',0,32,25,5,1498560650),(33,'emarket-discountruletype-27397','i18n::object-users_discount',0,32,25,6,1498560650),(34,'emarket-discountruletype-27398','i18n::object-related_items_discount',0,32,25,7,1498560650),(35,'users-users-2374','i18n::object-zaregistrirovannye_pol_zovateli',0,36,0,2,1498560508),(36,'a1e3ae17e80ba2b4a3ddb1b855430346f74b8d48','i18n::object-usa',0,10,25,1,1498560648),(37,'e9aa8c23a339224b25945aa9e99f09f578bdd483','i18n::object-russia',0,10,25,2,1498560645),(38,'emarket-itemtype-27180','i18n::object-digital',0,38,25,1,1498560650),(39,'emarket-itemtype-27181','i18n::object-complex',0,38,25,2,1498560650),(40,'tax-rate-27961','Без НДС',0,28,0,1,1600862641),(41,'tax-rate-27962','НДС по ставке 0%',0,28,0,2,1600862641),(42,'tax-rate-27963','НДС по ставке 10%',0,28,0,3,1600862641),(43,'tax-rate-27964','НДС по ставке 20%',0,28,0,4,1600862641),(44,'tax-rate-27965','НДС по расчетной ставке 10/110',0,28,0,5,1600862641),(45,'tax-rate-27966','НДС  по расчетной ставке 20/120',0,28,0,6,1600862641),(46,'system-guest','i18n::object-guest',0,51,0,2,1580910738),(47,'emarket-orderstatus-27258','i18n::object-otmenen',0,42,25,1,1498560650),(48,'emarket-orderstatus-27259','i18n::object-otklonen',0,42,25,2,1498560650),(49,'emarket-orderstatus-27260','i18n::object-oplachivaetsya',0,42,25,3,1498560650),(50,'emarket-orderstatus-27261','i18n::object-dostavlyaetsya',0,42,25,4,1498560650),(51,'emarket-orderstatus-27262','i18n::object-ozhidaet_proverki',0,42,25,5,1498560645),(52,'emarket-orderstatus-27263','i18n::object-prinyat',0,42,25,6,1498560650),(53,'emarket-orderstatus-27264','i18n::object-gotov',0,42,25,7,1498560650),(54,'emarket-orderstatus-editing','i18n::object-orderstatus-editing',0,42,25,8,1498560651),(68,'emarket-paymenttype-27236','i18n::object-sales_draft',0,43,25,1,1498560645),(69,'emarket-paymenttype-27457','i18n::object-payonline_system',0,43,25,2,1498560650),(70,'emarket-paymenttype-27458','i18n::object-to_courier',0,43,25,3,1498560650),(71,'emarket-paymenttype-27486','i18n::object-robokassa',0,43,25,4,1498560651),(73,'emarket-paymenttype-27519','i18n::object-legal_bodies_account',0,43,25,6,1498560651),(74,'emarket-paymenttype-payanyway','i18n::object-payanyway',0,43,25,7,1498560651),(75,'emarket-paymenttype-dengionline','i18n::object-money_online',0,43,25,8,1498560651),(79,'emarket-paymenttype-paypal','i18n::object-paymenttype-paypal',0,43,25,12,1498560652),(80,'emarket-orderpaymentstatus-27380','i18n::object-inicialisirovana',0,45,25,1,1498560650),(81,'emarket-orderpaymentstatus-27381','i18n::object-podtverjdena',0,45,25,2,1498560650),(82,'emarket-orderpaymentstatus-27382','i18n::object-otklonena',0,45,25,3,1498560650),(83,'emarket-orderpaymentstatus-27383','i18n::object-prinyata',0,45,25,4,1498560650),(84,'emarket-order-payment-status-default','i18n::object-order-payment-status-default',0,45,25,5,1498560652),(85,'emarket-deliverytype-27230','i18n::object-pickup',0,47,25,1,1498560650),(86,'emarket-deliverytype-27233','i18n::object-courier_delivery',0,47,25,2,1498560645),(87,'emarket-deliverytype-27481','i18n::object-russian_post',0,47,25,3,1498560651),(88,'emarket-deliverytype-27958','i18n::object-type-apiship',0,47,0,4,1498560509),(89,'emarket-orderdeliverystatus-27377','i18n::object-ojidaet_otgruzki',0,49,25,1,1498560650),(90,'emarket-orderdeliverystatus-27378','i18n::object-dostavlyaetsya',0,49,25,2,1498560650),(91,'emarket-orderdeliverystatus-27379','i18n::object-dostavlen',0,49,25,3,1498560650),(92,'emarket-order-delivery-status-default','i18n::object-order-payment-status-default',0,49,25,4,1498560652),(93,'emarket-orderdeliverystatus-27959','i18n::object-otmenen',0,49,0,5,1498560509),(94,'emarket-orderdeliverystatus-27960','i18n::object-return',0,49,0,6,1498560509),(95,'0a6697c2e0b67a404a645c2dd03f846e55afd981','i18n::object-monday',0,17,25,1,1498560651),(96,'4ba74364fd714bc12a8e8943cc6a36a26eaa36df','i18n::object-tuesday',0,17,25,2,1498560651),(97,'95b836e6799c016df64fdbab8d40d1c2b60173b3','i18n::object-wednesday',0,17,25,3,1498560651),(98,'a9bbb4de15c70fc416f13be9760ef33c3b2c6d67','i18n::object-thursday',0,17,25,4,1498560651),(99,'14a13a85a4e99c4f6c2fa9f42c4ff765e14415c3','i18n::object-friday',0,17,25,5,1498560651),(100,'bd7e2b0388c70b3ae4f64fe0bf5533f16e814704','i18n::object-saturday',0,17,25,6,1498560651),(101,'31586aa19a50a89a33e4d37a5d200671252fbd60','i18n::object-sunday',0,17,25,7,1498560651),(102,'8d0a7e8844fd4b2eea8da19a39b81b048ce713d0','12:00',0,16,25,1,1498560651),(103,'873f75be11e53b76dea6a438a97d3167d0aeb95c','23:00',0,16,25,2,1498560651),(104,'4f4c3308c188af2a2e08d59aecfaa2690fcf9981','22:00',0,16,25,3,1498560651),(105,'0837bbc4bf13fa667b3397def81d3a95a22f0739','21:00',0,16,25,4,1498560651),(106,'c60043f184d65a3101c6df21a087bbf99875a60b','20:00',0,16,25,5,1498560651),(107,'70df85f9ac44cb7c7598b6ef28a50ddaa21d3937','19:00',0,16,25,6,1498560651),(108,'e7951bd7de49615dc83491a195b47b61e82263bf','18:00',0,16,25,7,1498560651),(109,'0db9ccf6183c19890acb33bc83c6167c7e941a5b','17:00',0,16,25,8,1498560651),(110,'76ef341932f74678306044a0fa3e0105f5564492','16:00',0,16,25,9,1498560651),(111,'de1581726146cac70c29f0db6043eaa552da041f','15:00',0,16,25,10,1498560651),(112,'a03164eed7751779efd5d55464af6ae13fc4696e','14:00',0,16,25,11,1498560651),(113,'22df1963ca47cc9ae5f0228f56ceeff467a2a280','13:00',0,16,25,12,1498560651),(114,'6bc46e77b86f1420917bee7a0e2154b34cdaad61','00:00',0,16,25,13,1498560651),(115,'a86f018536b8cb5896cdb631c8da8f10f0253fd9','11:00',0,16,25,14,1498560651),(116,'fffaba271c93a300f405a329f303686a9450bf5b','10:00',0,16,25,15,1498560651),(117,'fd1f432dc313a02bcbcc9f405d8e9d121b01ba8d','09:00',0,16,25,16,1498560651),(118,'23b3d29bb04eec144896f7f983b2f66611fe1435','08:00',0,16,25,17,1498560651),(119,'8e0da95ba94e4757f3cc0f24bb0955069eb0f771','07:00',0,16,25,18,1498560651),(120,'5dc9eb3a83efd4d3302570742365c0186386947d','06:00',0,16,25,19,1498560651),(121,'14aa300dbddcacb6c76a4b5a364a034b6128693a','05:00',0,16,25,20,1498560651),(122,'2054dced2668a57484cb2aa2498def91c22320ae','04:00',0,16,25,21,1498560651),(123,'8794b39a7bd4fe275575b6b864cf1fcca4d6d93b','03:00',0,16,25,22,1498560651),(124,'da2e75029f33e530c848c3aa89690ec07dd414b2','02:00',0,16,25,23,1498560651),(125,'1648322caec238f02862b0449a33b58245a9d6ce','01:00',0,16,25,24,1498560651),(126,'e99ecbbec4c871f3fb63c3cc85796e177d017614','i18n::object-male',0,4,0,1,1498560524),(127,'7b04a4565f37a07f1c2ee54be8286017de6c56df','i18n::object-female',0,4,0,2,1498560524),(153,'emarket-store-27147','i18n::object-main_store',0,81,25,1,1498560646),(154,'russianpost_ems_standart','i18n::object-ems_standart',0,14,25,1,1538039640),(155,'russianpost_ems_declared_value','i18n::object-ems_declared_value',0,14,25,2,1538039640),(156,'russianpost_registered_wrapper','i18n::object-registered_wrapper',0,14,25,3,1538039640),(157,'russianpost_registered_wrapper_first_class','i18n::object-registered_wrapper_first_class',0,14,25,4,1538039640),(158,'russianpost_wrapper_with_declared_value','i18n::object-wrapper_with_declared_value',0,14,25,5,1538039640),(159,'russianpost_wrapper_first_class_with_declared_value','i18n::object-wrapper_first_class_with_declared_value',0,14,25,6,1538039640),(160,'russianpost_parcel_with_declared_value','i18n::object-parcel_with_declared_value',0,14,25,7,1538039640),(161,'399872db6f3d1341ef99b406aa2a9e515292b0c9','i18n::object-surface',0,15,25,1,1498560651),(162,'417baf8cefb99325510d31e974835254c980828b','i18n::object-air',0,15,25,2,1498560651),(163,'76377e05d0ffd4b0f6f0e72a45645f4be10f1c66','i18n::object-composite',0,15,25,3,1498560651),(164,'df383879afa5ac2e221b8fa0b0f2a6467da2886f','i18n::object-accelerated',0,15,25,4,1498560651),(165,'sytem-citylist-26905','Москва',0,11,25,1,1498560648),(166,'sytem-citylist-26906','Санкт-Петербург',0,11,25,2,1498560648),(167,'sytem-citylist-26907','Новосибирск',0,11,25,3,1498560648),(168,'sytem-citylist-26908','Екатеринбург',0,11,25,4,1498560648),(169,'sytem-citylist-26909','Нижний Новгород',0,11,25,5,1498560648),(170,'sytem-citylist-26910','Самара',0,11,25,6,1498560648),(171,'sytem-citylist-26911','Омск',0,11,25,7,1498560648),(172,'sytem-citylist-26912','Казань',0,11,25,8,1498560648),(173,'sytem-citylist-26913','Челябинск',0,11,25,9,1498560648),(174,'sytem-citylist-26914','Ростов-на-Дону',0,11,25,10,1498560648),(175,'sytem-citylist-26915','Уфа',0,11,25,11,1498560648),(176,'sytem-citylist-26916','Пермь',0,11,25,12,1498560648),(177,'sytem-citylist-26917','Волгоград',0,11,25,13,1498560648),(178,'sytem-citylist-26918','Красноярск',0,11,25,14,1498560648),(179,'sytem-citylist-26919','Саратов',0,11,25,15,1498560648),(180,'sytem-citylist-26920','Воронеж',0,11,25,16,1498560648),(181,'sytem-citylist-26921','Краснодар',0,11,25,17,1498560648),(182,'sytem-citylist-26922','Тольятти',0,11,25,18,1498560648),(183,'sytem-citylist-26923','Ижевск',0,11,25,19,1498560648),(184,'sytem-citylist-26924','Ульяновск',0,11,25,20,1498560648),(185,'sytem-citylist-26925','Ярославль',0,11,25,21,1498560648),(186,'sytem-citylist-26926','Барнаул',0,11,25,22,1498560648),(187,'sytem-citylist-26927','Владивосток',0,11,25,23,1498560648),(188,'sytem-citylist-26928','Хабаровск',0,11,25,24,1498560648),(189,'sytem-citylist-26929','Иркутск',0,11,25,25,1498560648),(190,'sytem-citylist-26930','Новокузнецк',0,11,25,26,1498560648),(191,'sytem-citylist-26931','Тюмень',0,11,25,27,1498560648),(192,'sytem-citylist-26932','Оренбург',0,11,25,28,1498560648),(193,'sytem-citylist-26933','Кемерово',0,11,25,29,1498560648),(194,'sytem-citylist-26934','Рязань',0,11,25,30,1498560648),(195,'sytem-citylist-26935','Пенза',0,11,25,31,1498560648),(196,'sytem-citylist-26936','Набережные Челны',0,11,25,32,1498560649),(197,'sytem-citylist-26937','Тула',0,11,25,33,1498560649),(198,'sytem-citylist-26938','Липецк',0,11,25,34,1498560649),(199,'sytem-citylist-26939','Астрахань',0,11,25,35,1498560649),(200,'sytem-citylist-26940','Томск',0,11,25,36,1498560649),(201,'sytem-citylist-26941','Махачкала',0,11,25,37,1498560649),(202,'sytem-citylist-26942','Киров',0,11,25,38,1498560649),(203,'sytem-citylist-26943','Чебоксары',0,11,25,39,1498560649),(204,'sytem-citylist-26944','Калининград',0,11,25,40,1498560649),(205,'sytem-citylist-26945','Брянск',0,11,25,41,1498560649),(206,'sytem-citylist-26946','Магнитогорск',0,11,25,42,1498560649),(207,'sytem-citylist-26947','Иваново',0,11,25,43,1498560649),(208,'sytem-citylist-26948','Курск',0,11,25,44,1498560649),(209,'sytem-citylist-26949','Тверь',0,11,25,45,1498560649),(210,'sytem-citylist-26950','Нижний Тагил',0,11,25,46,1498560649),(211,'sytem-citylist-26951','Ставрополь',0,11,25,47,1498560649),(212,'sytem-citylist-26952','Архангельск',0,11,25,48,1498560649),(213,'sytem-citylist-26953','Белгород',0,11,25,49,1498560649),(214,'sytem-citylist-26954','Улан-Удэ',0,11,25,50,1498560649),(215,'sytem-citylist-26955','Владимир',0,11,25,51,1498560649),(216,'sytem-citylist-26956','Сочи',0,11,25,52,1498560649),(217,'sytem-citylist-26957','Калуга',0,11,25,53,1498560649),(218,'sytem-citylist-26958','Курган',0,11,25,54,1498560649),(219,'sytem-citylist-26959','Орёл',0,11,25,55,1498560649),(220,'sytem-citylist-26960','Смоленск',0,11,25,56,1498560649),(221,'sytem-citylist-26961','Мурманск',0,11,25,57,1498560649),(222,'sytem-citylist-26962','Владикавказ',0,11,25,58,1498560649),(223,'sytem-citylist-26963','Череповец',0,11,25,59,1498560649),(224,'sytem-citylist-26964','Волжский',0,11,25,60,1498560649),(225,'sytem-citylist-26965','Чита',0,11,25,61,1498560649),(226,'sytem-citylist-26966','Саранск',0,11,25,62,1498560649),(227,'sytem-citylist-26967','Сургут',0,11,25,63,1498560649),(228,'sytem-citylist-26968','Вологда',0,11,25,64,1498560649),(229,'sytem-citylist-26969','Тамбов',0,11,25,65,1498560649),(230,'sytem-citylist-26970','Кострома',0,11,25,66,1498560649),(231,'sytem-citylist-26971','Комсомольск-на-Амуре',0,11,25,67,1498560649),(232,'sytem-citylist-26972','Нальчик',0,11,25,68,1498560649),(233,'sytem-citylist-26973','Петрозаводск',0,11,25,69,1498560649),(234,'sytem-citylist-26974','Стерлитамак',0,11,25,70,1498560649),(235,'sytem-citylist-26975','Таганрог',0,11,25,71,1498560649),(236,'sytem-citylist-26976','Братск',0,11,25,72,1498560649),(237,'sytem-citylist-26977','Дзержинск',0,11,25,73,1498560649),(238,'sytem-citylist-26978','Йошкар-Ола',0,11,25,74,1498560649),(239,'sytem-citylist-26979','Орск',0,11,25,75,1498560649),(240,'sytem-citylist-26980','Шахты',0,11,25,76,1498560649),(241,'sytem-citylist-26981','Якутск',0,11,25,77,1498560649),(242,'sytem-citylist-26982','Ангарск',0,11,25,78,1498560649),(243,'sytem-citylist-26983','Нижневартовск',0,11,25,79,1498560649),(244,'sytem-citylist-26984','Сыктывкар',0,11,25,80,1498560649),(245,'sytem-citylist-26985','Новороссийск',0,11,25,81,1498560649),(246,'sytem-citylist-26986','Нижнекамск',0,11,25,82,1498560649),(247,'sytem-citylist-26987','Бийск',0,11,25,83,1498560649),(248,'sytem-citylist-26988','Грозный',0,11,25,84,1498560649),(249,'sytem-citylist-26989','Старый Оскол',0,11,25,85,1498560649),(250,'sytem-citylist-26990','Великий Новгород',0,11,25,86,1498560649),(251,'sytem-citylist-26991','Прокопьевск',0,11,25,87,1498560649),(252,'sytem-citylist-26992','Рыбинск',0,11,25,88,1498560649),(253,'sytem-citylist-26993','Норильск',0,11,25,89,1498560649),(254,'sytem-citylist-26994','Благовещенск',0,11,25,90,1498560649),(255,'sytem-citylist-26995','Энгельс',0,11,25,91,1498560649),(256,'sytem-citylist-26996','Балаково',0,11,25,92,1498560649),(257,'sytem-citylist-26997','Петропавловск-Камчатский',0,11,25,93,1498560649),(258,'sytem-citylist-26998','Псков',0,11,25,94,1498560649),(259,'sytem-citylist-26999','Северодвинск',0,11,25,95,1498560649),(260,'sytem-citylist-27000','Армавир',0,11,25,96,1498560649),(261,'sytem-citylist-27001','Златоуст',0,11,25,97,1498560649),(262,'sytem-citylist-27002','Балашиха',0,11,25,98,1498560649),(263,'sytem-citylist-27003','Каменск-Уральский',0,11,25,99,1498560649),(264,'sytem-citylist-27004','Химки',0,11,25,100,1498560649),(265,'sytem-citylist-27005','Сызрань',0,11,25,101,1498560649),(266,'sytem-citylist-27006','Подольск',0,11,25,102,1498560649),(267,'sytem-citylist-27007','Новочеркасск',0,11,25,103,1498560649),(268,'sytem-citylist-27008','Королёв',0,11,25,104,1498560649),(269,'sytem-citylist-27009','Южно-Сахалинск',0,11,25,105,1498560649),(270,'sytem-citylist-27010','Волгодонск',0,11,25,106,1498560649),(271,'sytem-citylist-27011','Находка',0,11,25,107,1498560649),(272,'sytem-citylist-27012','Березники',0,11,25,108,1498560649),(273,'sytem-citylist-27013','Абакан',0,11,25,109,1498560649),(274,'sytem-citylist-27014','Мытищи',0,11,25,110,1498560649),(275,'sytem-citylist-27015','Люберцы',0,11,25,111,1498560649),(276,'sytem-citylist-27016','Рубцовск',0,11,25,112,1498560649),(277,'sytem-citylist-27017','Майкоп',0,11,25,113,1498560649),(278,'sytem-citylist-27018','Салават',0,11,25,114,1498560649),(279,'sytem-citylist-27019','Уссурийск',0,11,25,115,1498560649),(280,'sytem-citylist-27020','Миасс',0,11,25,116,1498560649),(281,'sytem-citylist-27021','Ковров',0,11,25,117,1498560649),(282,'sytem-citylist-27022','Коломна',0,11,25,118,1498560649),(283,'sytem-citylist-27023','Электросталь',0,11,25,119,1498560649),(284,'sytem-citylist-27024','Альметьевск',0,11,25,120,1498560649),(285,'sytem-citylist-27025','Пятигорск',0,11,25,121,1498560649),(286,'sytem-citylist-27026','Копейск',0,11,25,122,1498560649),(287,'sytem-citylist-27027','Первоуральск',0,11,25,123,1498560649),(288,'sytem-citylist-27028','Назрань',0,11,25,124,1498560649),(289,'sytem-citylist-27029','Одинцово',0,11,25,125,1498560649),(290,'sytem-citylist-27030','Невинномысск',0,11,25,126,1498560649),(291,'sytem-citylist-27031','Кисловодск',0,11,25,127,1498560649),(292,'sytem-citylist-27032','Димитровград',0,11,25,128,1498560649),(293,'sytem-citylist-27033','Хасавюрт',0,11,25,129,1498560649),(294,'sytem-citylist-27034','Новочебоксарск',0,11,25,130,1498560649),(295,'sytem-citylist-27035','Новомосковск',0,11,25,131,1498560649),(296,'sytem-citylist-27036','Серпухов',0,11,25,132,1498560649),(297,'sytem-citylist-27037','Орехово-Зуево',0,11,25,133,1498560649),(298,'sytem-citylist-27038','Муром',0,11,25,134,1498560649),(299,'sytem-citylist-27039','Камышин',0,11,25,135,1498560649),(300,'sytem-citylist-27040','Железнодорожный',0,11,25,136,1498560649),(301,'sytem-citylist-27041','Нефтекамск',0,11,25,137,1498560649),(302,'sytem-citylist-27042','Новый Уренгой',0,11,25,138,1498560649),(303,'sytem-citylist-27043','Черкесск',0,11,25,139,1498560649),(304,'sytem-citylist-27044','Ногинск',0,11,25,140,1498560649),(305,'sytem-citylist-27045','Новошахтинск',0,11,25,141,1498560649),(306,'sytem-citylist-27046','Нефтеюганск',0,11,25,142,1498560649),(307,'sytem-citylist-27047','Щёлково',0,11,25,143,1498560649),(308,'sytem-citylist-27048','Елец',0,11,25,144,1498560649),(309,'sytem-citylist-27049','Ачинск',0,11,25,145,1498560649),(310,'sytem-citylist-27050','Новокуйбышевск',0,11,25,146,1498560649),(311,'sytem-citylist-27051','Сергиев Посад',0,11,25,147,1498560649),(312,'sytem-citylist-27052','Ноябрьск',0,11,25,148,1498560649),(313,'sytem-citylist-27053','Кызыл',0,11,25,149,1498560649),(314,'sytem-citylist-27054','Дербент',0,11,25,150,1498560649),(315,'sytem-citylist-27055','Октябрьский',0,11,25,151,1498560649),(316,'sytem-citylist-27056','Северск',0,11,25,152,1498560649),(317,'sytem-citylist-27057','Ленинск-Кузнецкий',0,11,25,153,1498560649),(318,'sytem-citylist-27058','Арзамас',0,11,25,154,1498560649),(319,'sytem-citylist-27059','Обнинск',0,11,25,155,1498560649),(320,'sytem-citylist-27060','Ухта',0,11,25,156,1498560649),(321,'sytem-citylist-27061','Междуреченск',0,11,25,157,1498560649),(322,'sytem-citylist-27062','Киселёвск',0,11,25,158,1498560649),(323,'sytem-citylist-27063','Новотроицк',0,11,25,159,1498560649),(324,'sytem-citylist-27064','Батайск',0,11,25,160,1498560649),(325,'sytem-citylist-27065','Элиста',0,11,25,161,1498560649),(326,'sytem-citylist-27066','Артём',0,11,25,162,1498560649),(327,'sytem-citylist-27067','Жуковский',0,11,25,163,1498560649),(328,'sytem-citylist-27068','Великие Луки',0,11,25,164,1498560649),(329,'sytem-citylist-27069','Канск',0,11,25,165,1498560649),(330,'sytem-citylist-27070','Магадан',0,11,25,166,1498560649),(331,'sytem-citylist-27071','Тобольск',0,11,25,167,1498560650),(332,'sytem-citylist-27072','Глазов',0,11,25,168,1498560650),(333,'swf-banner-quality-low','i18n::object-low',0,9,25,1,1498560651),(334,'swf-banner-quality-medium','i18n::object-medium',0,9,25,2,1498560651),(335,'swf-banner-quality-high','i18n::object-height',0,9,25,3,1498560651),(336,'exchange-encoding-windows-1251','Windows-1251',0,27,0,1,1498560543),(337,'exchange-encoding-utf-8','UTF-8',0,27,0,2,1498560543),(338,'3fb6d39f5279c04f1bfec5a7cc13783a45d00141','i18n::object-commerceml_data_format',0,34,25,1,1498560650),(339,'2c4eff97ef278f12c4461309e84dd0627bd4a37b','i18n::object-umiDump_data_format',0,34,25,2,1498560651),(340,'23abbfa28d922d786d39218e3aa26719ad16ee47','i18n::object-csv_dataformat',0,34,25,3,1498560651),(341,'cdc4a1f4e0ee63b2359d3dec91efe33d2a296c92','i18n::object-umi_export_umiDump',0,34,25,4,1498560652),(342,'social_networks-network-27915','i18n::object-vkontakte',0,118,25,1,1498560651),(343,'','Address for customer #14',0,37,25,1,1498560645),(345,'','i18n::object-type-blue',0,124,25,1,1498560645),(347,'','Ленинский',0,81,25,2,1498560645),(352,'','i18n::object-sales_draft',0,44,25,9,1499756611),(355,'','Главная страница',0,142,25,3,1549012578),(356,'','Каталог товаров',0,80,25,4,1678971914),(357,'','Новости',0,7,25,5,1544795573),(358,'','Доставка и оплата',0,55,25,6,1498560645),(359,'','Помощь',0,55,25,7,1498560645),(362,'','О магазине',0,55,25,8,1498560645),(363,'','Страница не найдена',0,55,25,9,1499932211),(364,'','Уже пользуюсь',0,65,25,1,1498646284),(365,'','Скоро приобрету',0,65,25,2,1498560645),(366,'','Хочу, но нет возможности',0,65,25,3,1499700598),(367,'','Ни в коем случае!',0,65,25,4,1498560645),(368,'','Готовы ли вы купить iPad?',0,66,25,10,1498560645),(369,'','Обзоры новинок техники',0,57,25,11,1498560645),(370,'','Вопросы и ответы',0,73,25,12,1498560645),(371,'','Admin',0,58,25,1,1498560645),(372,'','Поделитесь мнениями',0,63,25,13,1515762518),(373,'','Я выбрал M-150. Что скажете?',0,62,25,14,1544792794),(374,'','Фан-клуб Pioneer',0,61,25,15,1515762658),(375,'','Фотогалерея кабелей',0,71,25,16,1498560645),(393,'','I already use it',0,65,25,5,1498560645),(394,'','I am going to buy it soon',0,65,25,6,1498560645),(395,'','I wish I had an opportunity',0,65,25,7,1498560645),(396,'','Never!',0,65,25,8,1498560645),(415,'','i18n::object-type-black',0,124,25,2,1498560646),(417,'','i18n::object-type-red',0,124,25,3,1498560646),(420,'','i18n::object-type-silver',0,124,25,4,1498560646),(421,'','Лиговский',0,81,25,3,1498560646),(425,'','i18n::object-type-mahogany',0,123,25,1,1498560646),(426,'','i18n::object-type-ivory',0,123,25,2,1498560646),(427,'','i18n::object-type-strass',0,123,25,3,1498560646),(435,'','i18n::object-type-vinous',0,124,25,5,1498560646),(437,'','Литейный',0,81,25,4,1498560646),(449,'','i18n::object-type-brown',0,124,25,8,1498560646),(458,'','i18n::object-type-green',0,124,25,9,1498560646),(463,'','i18n::object-type-velour',0,123,25,4,1498560646),(505,'','i18n::object-type-grey',0,124,25,11,1498560647),(537,'','Спешите, акция!',0,54,25,79,1501682123),(538,'','Только семь дней',0,54,25,80,1501682095),(556,'','Электроника 432-Д',0,60,25,89,1498560647),(557,'','Браво!',0,59,25,90,1498560647),(558,'','С чего начать?',0,74,25,91,1498560647),(559,'','Как снять корпус?',0,75,25,92,1498560647),(560,'','Нужно ли выключать прибор?',0,75,25,93,1498560647),(561,'','Я выбрал M-150. Что скажете?',0,63,25,94,1515762658),(562,'','Оптоволоконный разъем',0,72,25,95,1498560647),(563,'','BNC-коннектор',0,72,25,96,1498560647),(564,'','Разъем для PSP',0,72,25,97,1498560647),(565,'','Разъем firewire',0,72,25,98,1498560647),(642,'emarket-discountmodificator-768-27135','i18n::object-test_percent_modifier',0,84,25,1,1498560650),(643,'','27154',0,84,25,2,1498560650),(644,'','27155',0,86,25,1,1498560650),(645,'','27166',0,40,25,1,1498560650),(646,'','i18n::object-type-red',0,40,25,2,1498560650),(647,'','L',0,40,25,3,1498560650),(648,'','i18n::object-type-without_design',0,40,25,4,1498560650),(649,'','i18n::object-type-blue',0,40,25,5,1498560650),(650,'','XL',0,40,25,6,1498560650),(651,'','i18n::object-type-basic_design',0,40,25,7,1498560650),(652,'','XXL',0,40,25,8,1498560650),(653,'','i18n::object-type-personal_design',0,40,25,9,1498560650),(654,'','27191',0,84,25,3,1498560650),(655,'','items',0,86,25,2,1498560650),(656,'','27196',0,84,25,4,1498560650),(657,'','test',0,53,25,1,1498560650),(658,'','27374',0,84,25,5,1498560650),(659,'','items',0,86,25,3,1498560650),(660,'','orderPrice',0,88,25,4,1498560650),(661,'','orderPrice',0,88,25,5,1498560650),(662,'','orderPrice',0,88,25,6,1498560650),(663,'','userGroups',0,90,25,7,1498560650),(664,'','orderPrice',0,88,25,8,1498560650),(665,'','userGroups',0,90,25,9,1498560650),(666,'','orderPrice',0,88,25,10,1498560650),(667,'','userGroups',0,90,25,11,1498560650),(668,'emarket-discountrule-798-27438','i18n::object-users',0,91,25,12,1498560650),(669,'','orderPrice',0,88,25,13,1498560650),(670,'','userGroups',0,90,25,14,1498560650),(671,'','i18n::object-users',0,91,25,15,1498560650),(672,'','allOrdersPrices',0,89,25,16,1498560650),(673,'','orderPrice',0,88,25,17,1498560650),(674,'','userGroups',0,90,25,18,1498560650),(675,'','i18n::object-users',0,91,25,19,1498560650),(676,'','allOrdersPrices',0,89,25,20,1498560650),(677,'','dateRange',0,87,25,21,1498560650),(678,'','userGroups',0,90,25,22,1498560650),(679,'','allOrdersPrices',0,89,25,23,1498560650),(680,'','Address for customer #27495',0,37,0,2,1498560634),(682,'','homepage',0,109,25,1,1499647263),(684,'','-',0,77,25,1,1498560650),(685,'','Успей купить колонку в виде панды по сниженной цене',0,111,25,2,1678971972),(687,'','Новости о мобильных гаджетах',0,76,25,1,1498560650),(688,'','-',0,77,25,2,1498560650),(689,'','еуые',0,40,0,10,1498560589),(737,'filemanager-elfinder','i18n::object-filemanager-elfinder',0,122,25,1,1498560651),(763,'','Администратор',0,70,25,1,1513952108),(764,'call-order-template','Заказать звонок',0,69,25,1,1498560652),(1021,'','Оплата по безналичному расчету',0,102,25,14,1499931181),(1023,'','Пункт самовывоза: Москва, ул. Ленина 15 (+100 рублей)',0,93,25,6,1501142655),(1024,'','Пункт самовывоза: Волгоград, ул. Пушкина 11 (+50 рублей)',0,93,25,7,1501142873),(1280,'','Онлайн-запись',0,121,0,135,1498560678),(1281,'','Доставка курьером',0,96,0,8,1580911147),(1282,'','Меню для мобильной версии',0,52,25,2,1542095604),(1283,'','Верхнее левое меню',0,52,25,3,1513952620),(1284,'','Верхнее правое меню',0,52,25,4,1510763132),(1441,'','Общие поля',0,141,25,1,1548860315),(1572,'','Заказать звонок',0,67,25,136,1499760018),(1594,'','Администратор',0,139,25,1,1499777480),(1597,'','dummy',0,50,25,1,1502103686),(1598,'social_networks-network-27915','i18n::object-vkontakte',0,118,25,1,1500037211),(1599,'','178.16.152.254',0,83,46,1,1501085627),(1600,'',NULL,0,50,0,2,1501141272),(1601,'','Ericssont DISEN9',0,41,0,1,1501084463),(1602,'','Самовывоз из офиса: СПб, Красного Курсанта 25 (с 9:00 по 20:00 без выходных)',0,93,25,3,1501142742),(1603,'','i18n::object-russian_post',0,95,25,9,1501136387),(1604,'','Оплата при получении',0,99,25,5,1501085496),(1605,'','Address for customer #1599',0,37,0,3,1501085627),(1606,'','Заказ #22',0,50,25,3,1506504622),(1609,'','178.16.152.254',0,83,46,2,1501140743),(1610,'',NULL,0,50,0,4,1501140716),(1612,'','Dual X-980Z (Велюр)',0,41,0,5,1501140716),(1613,'','178.16.152.254',0,83,46,3,1501141545),(1614,'',NULL,0,50,0,5,1501141501),(1615,'','Ericssont DISEN9',0,41,0,6,1501141501),(1616,'','178.16.152.254',0,83,46,4,1501141846),(1617,'','Заказ #14',0,50,0,6,1501237581),(1618,'','Akai BB-1442',0,41,0,7,1501141766),(1619,'','Самовывоз из офиса: СПб, пр. Стачек 15 (пн-пт 11:00 до 19:00, сб-вс 13:00-16:00)',0,93,25,5,1501142981),(1622,'','Менеджеры',0,36,25,3,1501144845),(1623,'','SalesManager1',0,51,25,3,1501144990),(1624,'','SalesManager2',0,51,25,4,1501144976),(1625,'','SalesManager3',0,51,25,5,1501145037),(1626,'','178.16.152.254',0,83,46,5,1501145316),(1627,'','Заказ #15',0,50,0,7,1501152945),(1628,'','Moskwich SINGED12',0,41,0,8,1501145216),(1629,'','Teac 2525',0,41,0,9,1501145220),(1631,'','Mpad INHIB100 (Красное дерево)',0,41,0,11,1501145227),(1632,'','plaer N78',0,41,0,12,1501145261),(1633,'','Телевизор «Panasonic»',0,41,0,13,1501145243),(1634,'','Вrandon_start',0,51,1634,6,1512647582),(1638,'','Sovet BC-HOOK (Слоновая кость)',0,41,0,15,1501145780),(1639,'','Заказ #16',0,50,1634,9,1501146136),(1641,'',NULL,0,84,25,6,1501146204),(1642,'','allOrdersPrices',0,89,25,24,1501146204),(1643,'','i18n::object-users',0,91,25,25,1501146204),(1645,'',NULL,0,84,25,7,1501146256),(1647,'',NULL,0,84,25,8,1501146286),(1648,'','orderPrice',0,88,25,26,1501146331),(1650,'',NULL,0,84,25,9,1501146352),(1651,'','dateRange',0,87,25,27,1501146352),(1652,'','Накопительная скидка - 3%',0,39,25,3,1501146507),(1653,'',NULL,0,84,25,10,1501146452),(1654,'','allOrdersPrices',0,89,25,28,1501146452),(1655,'','Накопительная скидка - 5%',0,39,25,4,1501146541),(1656,'',NULL,0,84,25,11,1501146490),(1657,'','allOrdersPrices',0,89,25,29,1501146490),(1658,'','Накопительная скидка - 10%',0,39,25,5,1501146597),(1659,'',NULL,0,84,25,12,1501146573),(1660,'','allOrdersPrices',0,89,25,30,1501146573),(1662,'',NULL,0,85,25,13,1501146652),(1663,'','orderPrice',0,88,25,31,1501146652),(1664,'','Скидка для своих',0,39,25,7,1501146747),(1665,'',NULL,0,84,25,14,1501146722),(1666,'','userGroups',0,90,25,32,1501146722),(1668,'',NULL,0,84,25,15,1501146786),(1669,'','dateRange',0,87,25,33,1501146786),(1670,'','Распродажа аудиотехники',0,39,25,9,1501146903),(1671,'',NULL,0,84,25,16,1501146878),(1672,'','items',0,86,25,34,1501146878),(1673,'','dateRange',0,87,25,35,1501146878),(1674,'','178.16.152.254',0,83,46,6,1501245471),(1675,'','Заказ #18',0,50,0,10,1501245461),(1677,'','Akai TF-000 (Стразы)',0,41,0,17,1501147067),(1678,'','intellect_rebus',0,51,1678,7,1512647585),(1679,'','Заказ #17',0,50,1678,11,1501152893),(1680,'','Телевизор «Philips»',0,41,1678,18,1501147258),(1681,'','Tekila_lover',0,51,1681,8,1512647603),(1682,'','RamzesIII',0,51,1682,9,1512647618),(1683,'','i_am_boss',0,51,1683,10,1512647591),(1684,'','178.16.152.254',0,83,46,7,1501235786),(1685,'',NULL,0,50,0,12,1501237623),(1686,'','Ericssont TOME2',0,41,0,19,1501233617),(1687,'','178.16.152.254',0,83,46,8,1501235993),(1688,'',NULL,0,50,0,13,1501235993),(1689,'','Coral GG-WP',0,41,0,20,1501235993),(1691,'','Player B783 (Велюр)',0,41,0,22,1501237178),(1692,'','dvd 01',0,41,0,23,1501237189),(1693,'','Ericssont 415',0,41,0,24,1501245342),(1694,'','Address for customer #1674',0,37,0,4,1501245449),(1695,'',NULL,0,50,0,14,1501245486),(1697,'','Akai TF-000 (Стразы)',0,41,0,26,1501245471),(1698,'','178.16.152.254',0,83,46,9,1501245568),(1699,'','Заказ #19',0,50,0,15,1501245595),(1700,'','plaer N78',0,41,0,27,1501245525),(1701,'','Заказ #20',0,50,1678,16,1501246036),(1702,'','Moskwich SINGED12',0,41,1678,28,1501246015),(1703,'','95.188.69.249',0,83,46,10,1501255771),(1704,'',NULL,0,50,0,17,1501255782),(1705,'','Sony PS-6750',0,41,0,29,1501255771),(1706,'','plaer T2',0,41,0,30,1501255782),(1717,'','178.16.152.254',0,83,46,11,1501680522),(1718,'','Заказ #21',0,50,0,18,1501681271),(1719,'','Ericssont 450',0,41,0,31,1501679524),(1720,'','Address for customer #1717',0,37,0,5,1501680461),(1721,'','Address for customer #1717',0,37,0,6,1501680522),(1725,'','Выгрузка каталога товаров в Excel',0,115,25,2,1501681742),(1726,'','178.16.152.254',0,83,46,12,1501843689),(1727,'',NULL,0,50,0,19,1501843696),(1728,'','Ericssont 415',0,41,0,32,1501843673),(1729,'','146.185.223.166',0,83,46,13,1501847772),(1731,'','146.185.223.132',0,83,46,14,1501848065),(1733,'','146.185.223.123',0,83,46,15,1501848091),(1735,'','146.185.223.163',0,83,46,16,1501850103),(1737,'','37.115.184.31',0,83,46,17,1501850120),(1752,'','176.10.115.139',0,83,46,18,1502103686),(1765,'','Спорт и туризм',0,80,25,137,1506348067),(1766,'','Велосипеды и аксессуары',0,80,25,138,1542183692),(1767,'','Оранжевый',0,124,25,12,1506343379),(1768,'','Хардтейл',0,146,25,1,1506343500),(1769,'','i18n::object-male',0,152,25,1,1506343507),(1770,'','18',0,150,25,1,1506343521),(1772,'','Ободная',0,151,25,1,1506343551),(1773,'','В коробке',0,149,25,1,1506343565),(1775,'','26',0,148,25,1,1506350230),(1776,'','Нет (3 года)',0,153,25,1,1506343755),(1777,'','Городской',0,154,25,1,1506344173),(1778,'','Взрослые велосипеды',0,80,25,139,1542184846),(1782,'','Детские велосипеды',0,80,25,139,1542184846),(1787,'','Велоаксессуары',0,80,25,139,1542184846),(1793,'','Зоотовары',0,80,25,141,1506348068),(1794,'','Для кошек',0,80,25,142,1542185613),(1795,'','Для собак',0,80,25,143,1542185613),(1796,'','Для птиц',0,80,25,144,1542185613),(1797,'','Наполнители',0,80,25,145,1542186144),(1798,'','Сухие корма',0,80,25,146,1542186144),(1799,'','Влажные корма',0,80,25,147,1542186144),(1801,'','Туалеты',0,80,25,149,1542186203),(1803,'','Корма и лакомства',0,80,25,151,1542186227),(1806,'','Бытовая техника',0,80,25,154,1506348068),(1807,'','Парфюмерия и косметика',0,80,25,155,1513775214),(1823,'','Велосипед Carrera Virtuoso Road Bike',0,177,25,2,1545913233),(1824,'','Дорожный',0,146,25,2,1506350159),(1825,'','Дорожный',0,154,25,2,1506350182),(1826,'','Мужская одежда',0,80,25,157,1506524601),(1828,'','i18n::object-type-green',0,124,25,13,1506350309),(1829,'','Детская одежда',0,80,25,159,1513775144),(1831,'','25',0,148,25,2,1506350349),(1832,'','22',0,148,25,3,1506350434),(1833,'','Boardman CX Comp Bike',0,177,25,3,1545913243),(1840,'','Летняя ',0,80,25,167,1542186940),(1841,'','Зимняя',0,80,25,168,1542186851),(1845,'','i18n::object-female',0,152,25,2,1506351350),(1846,'','Обувь ',0,80,25,172,1542186851),(1847,'','Бирюзовый',0,124,25,14,1506351366),(1848,'','Дисковая',0,151,25,2,1506351561),(1849,'','Велосипед Mizani AR1 Womens Road Bike',0,177,25,4,1545913265),(1850,'','Двухподвес',0,146,25,3,1506352012),(1851,'','21',0,150,25,2,1506352112),(1852,'','Laura Trott RD 2 Women\'s Road Bike',0,177,25,5,1545913277),(1853,'','Горный',0,154,25,3,1506352878),(1854,'','20',0,150,25,3,1506352937),(1855,'','VooDoo Zobop Full Suspension Mountain Bike',0,177,25,6,1545913287),(1856,'','23',0,148,25,4,1506353445),(1857,'','Унисекс',0,152,25,3,1506353459),(1858,'','Intuition Lambda Women\'s Road Bike',0,177,25,7,1545913431),(1859,'','Apollo Paradox Road Bike',0,177,25,8,1545913380),(1860,'','Elswick Harmony Girls Bike',0,177,25,9,1513520051),(1861,'','20',0,148,25,5,1506354470),(1862,'','Туристическое снаряжение',0,80,25,173,1542184498),(1863,'','Палатки',0,80,25,174,1506355954),(1864,'','14',0,148,25,6,1506354843),(1865,'','TREK PLANET Lite Dome 2',0,184,25,10,1513487962),(1866,'','Carrera Star Kids\' Bike',0,177,25,10,1513520042),(1867,'','16',0,148,25,7,1506355175),(1868,'','Apollo Fade Kids Bike',0,177,25,11,1545913093),(1869,'','Палатка рыболовная Columbus Sea Shel',0,184,25,12,1513519106),(1870,'','Полусфера',0,164,25,1,1506355334),(1871,'','Палатка Columbus Sea Shell',0,184,25,13,1545912969),(1872,'','Палатка 2-х местная Larsen A2',0,184,25,14,1513519099),(1874,'','Часы',0,80,25,176,1506439157),(1875,'','Мужские часы',0,80,25,177,1542184984),(1876,'','Женские часы',0,80,25,178,1542184985),(1877,'','Стандартная 3 года',0,166,25,1,1506436790),(1878,'','3,5 года',0,166,25,2,1506436862),(1879,'','Posio Edifice EQB-600D-1A2',0,82,25,179,1513528673),(1880,'','i18n::object-russia',0,162,25,1,1506436999),(1882,'','Китай',0,162,25,2,1506437157),(1883,'','Кварцевые часы',0,176,25,1,1506437179),(1885,'','Минеральное',0,173,25,1,1506437310),(1886,'','Posio',0,171,25,1,1506437316),(1887,'','Нержавеющая сталь',0,172,25,1,1506437328),(1888,'','i18n::object-type-grey',0,175,25,1,1506437352),(1889,'','Кварцевый хронограф',0,176,25,2,1506438395),(1890,'','Jacques Lemans',0,171,25,2,1506438409),(1891,'','Jacques Lemans London 1-1844D',0,170,25,64,1513954117),(1892,'','Швейцария',0,162,25,3,1506438652),(1893,'','Механические часы с ручным заводом',0,176,25,3,1506438662),(1894,'','Сапфировое',0,173,25,2,1506438677),(1895,'','Epos',0,171,25,3,1506438700),(1896,'','Нержавеющая сталь + PVD покрытие',0,172,25,2,1506438715),(1897,'','Золотой',0,175,25,2,1506438723),(1898,'','Epos Passion 3403.193.24.15.25',0,170,25,65,1513520452),(1899,'','Титан',0,172,25,3,1506439082),(1900,'','Hublot',0,171,25,4,1506439362),(1901,'','Montana 15 X',0,170,25,66,1545912940),(1902,'','Финляндия',0,162,25,4,1506439686),(1903,'','Электронные',0,176,25,4,1506439697),(1904,'','Suunto',0,171,25,5,1506439714),(1905,'','i18n::object-type-black',0,175,25,3,1506439734),(1906,'','Suunto Core SS020692000',0,170,25,67,1513520272),(1907,'','i18n::object-usa',0,162,25,5,1506439862),(1908,'','Пластик',0,173,25,3,1506439883),(1909,'','Пластик',0,172,25,4,1506439895),(1910,'','Timex',0,171,25,6,1506439903),(1911,'','i18n::object-type-blue',0,175,25,4,1506439913),(1912,'','Timeman K9',0,170,25,68,1513520177),(1913,'','Victorinox Swiss Army',0,171,25,7,1506440137),(1914,'','Белый',0,175,25,5,1506440167),(1915,'','Victorinox Swiss Army Chrono Classic',0,170,25,69,1545913160),(1916,'','Япония',0,162,25,6,1506440426),(1917,'','Seiko',0,171,25,8,1506440451),(1918,'','Seiko Astron SSE021J1',0,170,25,70,1513520513),(1919,'','Candino',0,171,25,9,1506440655),(1920,'','Керамика',0,172,25,5,1506440664),(1921,'','Candino Ceramic C6504.3',0,170,25,71,1513520399),(1922,'','Michael Kors',0,171,25,10,1506440872),(1923,'','Michael Kors Runway MK3493',0,170,25,72,1513497652),(1924,'','Posio Baby-G BGA-130-1B',0,170,25,73,1513497812),(1925,'','Boardman CX Comp Bike',0,41,25,33,1506504580),(1926,'','Boardman CX Comp Bike',0,41,25,34,1506504581),(1927,'','Laura Trott RD 2 Women\'s Road Bike',0,41,25,35,1506504584),(1928,'','Carrera Star Kids\' Bike',0,41,25,36,1506504587),(1929,'','Наполнитель древесный Vitaline',0,180,25,74,1545912142),(1930,'','Средние',0,181,25,1,1506515554),(1931,'','Древесина',0,182,25,1,1506515561),(1932,'','Без добавок',0,183,25,1,1506515576),(1933,'','Наполнитель древесный Барсик',0,180,25,75,1545912325),(1934,'','Хлопок',0,182,25,2,1506515780),(1935,'','Наполнитель впитывающий N1 NATUReL',0,180,25,76,1545912639),(1936,'','Глина + мин. добавки',0,182,25,3,1506515884),(1937,'','Наполнитель впитывающий Fresh Step',0,180,25,77,1545912848),(1938,'','Насос велосипедный Bike Attitude GP23',0,82,25,180,1513508262),(1939,'','Фляга BBB 750ml CompTank',0,82,25,181,1513521673),(1940,'','Насос велосипедный ZEFAL Profil Max FP30',0,82,25,182,1513521242),(1941,'','Спальные мешки',0,80,25,183,1506522327),(1942,'','Спальный мешок Picrest СО2',0,82,25,184,1513521370),(1943,'','Спальный мешок TREK PLANET Camper',0,82,25,185,1513954118),(1944,'','Спальный мешок NOVA TOUR Валдай 300',0,82,25,186,1513521689),(1945,'','Спальный мешок Greenell Tory',0,82,25,187,1513521532),(1946,'','Спальный мешок Nova Tour Крым V2',0,82,25,188,1513521593),(1947,'','Пакет',0,157,25,1,1506520134),(1948,'','Взрослые',0,158,25,1,1506520149),(1949,'','Любой размер',0,159,25,1,1506520168),(1950,'','Кролик',0,160,25,1,1506520177),(1951,'','Франция',0,162,25,7,1506520196),(1952,'','Корм сухой Purina Pro Plan Sterilised feline with Rabbit dry',0,178,25,78,1513521552),(1953,'','Ассорти',0,160,25,2,1506520310),(1954,'','Упаковка сухих кормов 8 шт Purina CAT CHOW Adult',0,178,25,79,1513521507),(1955,'','Курица, рис',0,160,25,3,1506520417),(1956,'','Корм сухой Royal Canin Fit 32',0,178,25,80,1513521736),(1957,'','Цыпленок, лосось, ягненок',0,160,25,4,1506520501),(1958,'','Канада',0,162,25,8,1506520513),(1959,'','Корм ProNature 28 Meat Fiesta with Chicken, Salmon &amp; Lamb Flavor',0,178,25,81,1513521342),(1960,'','Любой',0,158,25,2,1506520598),(1961,'','Лосось, форель',0,160,25,5,1506520608),(1962,'','Корм GO! Sensitivity + Shine Trout+Salmon Cat Recipe, Grain Free',0,178,25,82,1513521776),(1963,'','Паучи',0,157,25,2,1506520724),(1964,'','Австрия',0,162,25,9,1506520751),(1965,'','Упаковка паучей 12 шт Royal Canin Instinctive в соусе',0,178,25,83,1513520602),(1966,'','Италия',0,162,25,10,1506520873),(1967,'','Упаковка паучей 24 шт STUZZYCAT',0,178,25,84,1513520545),(1968,'','Упаковка паучей 24 шт Purina Pro Plan NutriSavour Sterilised feline with Chicken in gravy',0,178,25,85,1513520352),(1969,'','Железная банка',0,157,25,3,1506521025),(1970,'','Таиланд',0,162,25,11,1506521050),(1972,'','Упаковка консервов 14 шт Schesir',0,178,25,86,1513520578),(1973,'','Упаковка консервов 48 шт Brit Care Tuna &amp; Salmon',0,178,25,87,1513508119),(1974,'','Туалет для собак V.I.PET со столбиком 48x35x6 см малый, коричневый (P159-02)',0,82,25,189,1513522133),(1975,'','Бельгия',0,162,25,12,1506521542),(1976,'','Туалет Savic д/щенков мелких и средних пород S3240',0,82,25,190,1513522164),(1977,'','Туалет для собак V.I.PET со стенкой 50x38x29 см малый (P130)',0,82,25,191,1513522075),(1978,'','Малый и средний',0,159,25,2,1506521761),(1979,'','Злаковые',0,160,25,6,1506521776),(1980,'','Лакомства для канареек Cliffi, палочки с отборными зернами и медом',0,178,25,88,1513526349),(1981,'','Картонная коробка',0,157,25,4,1506522294),(1982,'','Корм для попугаев Cliffi, с ягодами фрутти и орехами',0,178,25,89,1513526346),(1983,'','Верхняя одежда',0,80,25,192,1542186965),(1984,'','Толстовки',0,80,25,193,1542187123),(1985,'','Рубашки',0,80,25,194,1542187123),(1986,'','Джинсы',0,80,25,195,1542187123),(1988,'','Пальто',0,80,25,197,1507121735),(1989,'','Пуховики',0,80,25,198,1507121735),(1991,'','Oldman RZ Comp',0,177,25,3,1545913391),(1992,'',' Zobop  Mountain ',0,177,25,6,1545913421),(1993,'','Trott RD',0,177,25,5,1545913401),(1994,'','Paradox Bike',0,177,25,8,1545913255),(1995,'',' CX Comp Bike',0,177,25,3,1545913412),(1996,'','AR1 Road Bike',0,177,25,4,1545902134),(1997,'','Suspension Mountain Bike',0,177,25,6,1545913443),(1998,'','Intuition  Women\'s Road',0,177,25,7,1545913225),(1999,'','Nur Girls',0,177,25,9,1513519915),(2000,'','Water PLA',0,177,25,10,1513521642),(2001,'','Bord Kids Bike',0,177,25,11,1513520048),(2002,'','CW-512 Yuppi',0,177,25,9,1513520075),(2003,'','Grant 2',0,177,25,10,1513521262),(2004,'','Moon\'s way',0,177,25,10,1513521613),(2005,'','Elswick Love',0,177,25,9,1513519702),(2006,'','RL 98 Stars',0,177,25,10,1513521757),(2007,'','Edifice E-600',0,82,25,179,1513519031),(2008,'','Edifice A2',0,82,25,179,1513520207),(2009,'','Lemon 4RD',0,170,25,64,1513954117),(2010,'','Ession V',0,170,25,65,1513520313),(2011,'','Hublot Classic Fusion 515.NX.0170.LR',0,170,25,66,1545913178),(2012,'','UtR 2000',0,170,25,67,1513520192),(2013,'','Timex Ironman TW5K95700',0,170,25,68,1513499242),(2014,'','Ed AN 12',0,82,25,179,1513519042),(2016,'','Esans 2007',0,170,25,64,1513954117),(2017,'','Es Lion',0,170,25,65,1513520226),(2018,'','Edifice A2',0,82,25,179,1513497821),(2020,'','Epos Passion 3403.193.24.15.25',0,170,25,65,1513520189),(2021,'','Заказ #23',0,50,25,20,1507734969),(2022,'','Велосипед Carrera Virtuoso Road Bike',0,41,25,37,1507734800),(2023,'','Заказ #24',0,50,25,21,1600682304),(2025,'','Демисезон',0,187,25,1,1508425923),(2026,'','Молния+пуговицы',0,188,25,1,1508425949),(2027,'','52-54',0,186,25,1,1508425986),(2028,'','MiLtex',0,171,25,11,1508426385),(2029,'','Мужское пальто с пластроном,черное.Арт 60',0,185,25,90,1513523821),(2030,'','Камбоджа',0,162,25,13,1508427207),(2031,'','Пуговицы',0,188,25,2,1508427295),(2032,'','Mango Man',0,189,25,1,1508427317),(2033,'','50-52',0,186,25,2,1508427336),(2034,'','Бежевый',0,124,25,15,1508427347),(2035,'','ARIZONA1',0,185,25,91,1513523845),(2037,'','MitLex',0,189,25,2,1508427482),(2038,'','MitLex',0,189,25,3,1508427484),(2039,'','Вьетнам',0,162,25,14,1508427616),(2040,'','Burton Menswear London',0,189,25,4,1508427652),(2041,'','Burton Menswear London',0,185,25,92,1513523762),(2042,'','BRUNO BANANI',0,189,25,5,1508427896),(2043,'','Джинсы \"Dylan\" BRUNO BANANI',0,185,25,93,1545913466),(2044,'','Roosevelt',0,189,25,6,1508427937),(2045,'','48-50',0,186,25,3,1508427944),(2046,'','Roosevelt RO044EMWJX83',0,185,25,94,1513523837),(2047,'','Румыния',0,162,25,15,1508428186),(2048,'','i18n::object-type-winter',0,187,25,2,1508428202),(2049,'','RHODE ISLAND',0,189,25,7,1508428205),(2050,'','United Colors of Benetton',0,189,25,8,1508428234),(2051,'','Джинсы RHODE ISLAND',0,185,25,95,1545913480),(2052,'','United Colors of Benetton UN012EMVWW05',0,185,25,96,1513523744),(2053,'','Only & Sons',0,189,25,9,1508428556),(2054,'','Only & Sons',0,189,25,10,1508428557),(2055,'','Only & Sons',0,189,25,11,1508428558),(2056,'','54-56',0,186,25,4,1508428567),(2057,'','54-56',0,186,25,5,1508428578),(2058,'','54-56',0,186,25,7,1508428572),(2059,'','54-56',0,186,25,6,1508428572),(2060,'','54-56',0,186,25,8,1508428576),(2061,'','54-56',0,186,25,9,1508428576),(2062,'','54-56',0,186,25,10,1508428581),(2063,'','54-56',0,186,25,10,1508428581),(2064,'','54-56',0,186,25,11,1508428581),(2065,'','54-56',0,186,25,12,1508428581),(2066,'','54-56',0,186,25,13,1508428582),(2067,'','54-56',0,186,25,14,1508428582),(2068,'','54-56',0,186,25,15,1508428582),(2069,'','Джинсы RHODE ISLAND hard',0,185,25,97,1545913489),(2070,'','Only &amp; Sons ON013EMUKB08',0,185,25,98,1545913114),(2071,'','ДЖИНСЫ СТРЕТЧ ФАСОНА SLIM',0,185,25,99,1545913497),(2072,'','Jack & Jones',0,189,25,12,1508428904),(2073,'','ДЖИНСЫ ПРЯМОГО ПОКРОЯ С 5 КАРМАНАМИ',0,185,25,100,1545913508),(2074,'','Jack &amp; Jones JA391EMUIX49',0,185,25,101,1513523848),(2075,'','Kekker style',0,189,25,13,1508429067),(2076,'','Kekker style',0,189,25,14,1508429070),(2077,'','ДЖИНСЫ KEKKER ФАСОНА SLIM',0,185,25,102,1545913516),(2078,'','ДЖИНСЫ KEKKER ФАСОНА Swag',0,185,25,103,1545913791),(2079,'','Windsor',0,189,25,15,1508513129),(2080,'','Windsor WI013EMWFG03',0,185,25,104,1513523702),(2081,'','Молния',0,188,25,3,1508513266),(2082,'','Trussardi Jeans',0,189,25,16,1508513275),(2083,'','Trussardi Jeans',0,189,25,17,1508513276),(2084,'','Trussardi Jeans TR016EMUWE49',0,185,25,105,1513477031),(2085,'','Польша',0,162,25,16,1508513514),(2086,'','Lagerfeld ',0,189,25,18,1508513537),(2088,'','Демисезон, зима',0,187,25,3,1508513762),(2089,'','Berkytt',0,189,25,19,1508513774),(2090,'','Berkytt MP002XM0W5KQ',0,185,25,107,1513477014),(2091,'','Piazza Italia',0,189,25,20,1508514022),(2092,'','Piazza Italia PI022EMNYW60',0,185,25,108,1513523633),(2093,'','Джинсы \"Peter\" FOR MEN',0,185,25,109,1545913658),(2094,'','Atributika & Club',0,189,25,21,1508514268),(2095,'','Atributika &amp; Club NHL CHICAGO BLACKHAWKS',0,185,25,110,1513523851),(2096,'','Джинсы \"Peter\" BRUTAL',0,185,25,111,1545913702),(2097,'','Trespass',0,189,25,22,1508514460),(2098,'','Хакки',0,124,25,16,1508514467),(2099,'','Trespass HIGHLAND',0,185,25,112,1513954118),(2100,'','Джинсы KEKKER classic',0,185,25,113,1545913747),(2101,'','EA7',0,189,25,23,1508514640),(2102,'','JOHN DEVIN',0,189,25,24,1508514645),(2103,'','Джинсы JOHN DEVIN',0,185,25,114,1545913567),(2104,'','EA7 EA002EMUEE64',0,185,25,115,1513954118),(2105,'','Reebok',0,189,25,25,1508514906),(2106,'','Reebok Classics F LONG JACKET',0,185,25,116,1545913072),(2107,'','Джинсы JOHN DEVIN strong',0,185,25,117,1545913578),(2108,'','Bergans of Norway',0,189,25,26,1508772154),(2109,'','SAUDA DOWN JKT',0,185,25,118,1545913025),(2110,'','MEMURUTIND DOWN JKT',0,185,25,119,1513523818),(2111,'','Springfield',0,189,25,27,1508772699),(2112,'','Желтый',0,124,25,17,1508772719),(2113,'','Springfield',0,185,25,120,1513523698),(2114,'','Columbia',0,189,25,28,1508773116),(2115,'','BARLOW PASS 550 TURBODOWN™ QUILTED JKT',0,185,25,121,1513529037),(2116,'','SYLVAN LAKE 630 TURBODOWN™ HOODED JACKET',0,185,25,122,1513523709),(2117,'','Baon',0,189,25,29,1508773677),(2118,'','Baon',0,185,25,123,1513954118),(2119,'','Индонезия',0,162,25,17,1508773788),(2120,'','Quiksilver',0,189,25,30,1508773834),(2121,'','Куртка утепленная ARRIS JACKET',0,185,25,124,1513523827),(2122,'','Бангладеш',0,162,25,18,1508774014),(2123,'','Columbia',0,189,25,31,1508774028),(2124,'','Куртка утепленная MOUNT TABOR™ JACKET',0,185,25,125,1513523804),(2125,'','Губная помада',0,80,25,201,1542186661),(2126,'','Розовый',0,124,25,18,1508858812),(2127,'','L`Oreal',0,197,25,1,1508858834),(2128,'','Bell Lipstick тон 119',0,124,25,19,1510671132),(2129,'','Bell',0,197,25,2,1510671143),(2130,'','Bell Lipstick Classic, Тон 119',0,191,25,126,1513520069),(2131,'','Губная помада Bell \"Classic\", тон 130',0,191,25,127,1545912921),(2133,'','Bell Hypoallergenic пудровая губная помада Powder Lipstick Тон 05',0,191,25,129,1513520087),(2134,'','L\'Oreal Paris Color Riche, MatteAddiction оттенок 633, Бархатный бежевый',0,191,25,130,1513954117),(2135,'','Помада-бальзам для губ \"Sexy Balm, Infaillible\", полупрозрачный, оттенок 108',0,191,25,131,1513954117),(2136,'','Фиолетовый',0,124,25,20,1510673658),(2137,'','Maybelline New York',0,197,25,3,1510673672),(2138,'','Увлажняющая помада для губ \"Color Sensational\", Maybelline New York',0,191,25,132,1513487875),(2139,'','Великобритания',0,162,25,19,1510673904),(2140,'','Rimmel',0,197,25,4,1510673936),(2141,'','Губная помада \"rimmel lasting finish by kate\", тон 008, Rimmel',0,191,25,133,1513520078),(2142,'','Лиловый',0,124,25,21,1510674256),(2143,'','Увлажняющая помада Moisture Renew № 180, Rimmel',0,191,25,134,1545913002),(2144,'','Сливовый',0,124,25,22,1510674585),(2145,'','NOUBA',0,197,25,5,1510674591),(2146,'','Устойчивая помада для губ MILLEBACI, NOUBA',0,191,25,135,1513954117),(2147,'','MAX FACTOR',0,197,25,6,1510674892),(2148,'','Губная помада \"Colour Elixir Lipstick\", MAX FACTOR',0,191,25,136,1513520013),(2149,'','Revlon',0,197,25,7,1510675130),(2150,'','Помада для губ \"Super Lustrous Lipstick\", Rum raisin 535, Revlon',0,191,25,137,1513520036),(2151,'','Губная помада \"Classic\", тон 123, Bell',0,191,25,138,1513520063),(2154,'','Беларусь',0,162,25,20,1510818728),(2155,'','LUXVISAGE',0,197,25,8,1510818738),(2156,'','LUXVISAGE',0,191,25,139,1513520039),(2161,'','Клетки',0,80,25,202,1542186227),(2162,'','Клетка InterZoo LUNA, 45х28х42.5 см',0,200,25,144,1545907833),(2163,'','INTER-ZOO SONIA Р-025',0,200,25,145,1513520686),(2164,'','INTER-ZOO MARGOT I Р-048',0,200,25,146,1513520646),(2165,'','SAVIC ARTE 50 S5570',0,200,25,147,1513520666),(2166,'','FERPLAST REKORD',0,200,25,148,1513954118),(2167,'','Орехи, Фрукты',0,160,25,7,1511606621),(2168,'','Корм для попугаев Cliffi, с фруктами и орехами',0,178,25,149,1513526352),(2170,'','Лакомство Fiory Biscottelli with apples',0,178,25,151,1513526334),(2171,'','Лесные ягоды',0,160,25,8,1511608089),(2172,'','Лакомство Рио Бисквиты для птиц с лесными ягодами',0,178,25,152,1513526358),(2173,'','Духовые шкафы',0,80,25,203,1542186300),(2174,'','RICCI',0,201,25,1,1511608636),(2175,'','Механическое',0,203,25,1,1511608665),(2177,'','духовка газовая RGO-610BL',0,202,25,154,1545905246),(2178,'','Hansa',0,201,25,2,1511609180),(2179,'','Электрический духовой шкаф Hansa BOEW68077',0,202,25,155,1545908313),(2180,'','Электрический духовой шкаф Hansa BOES68077',0,202,25,156,1545908365),(2181,'','Bosch',0,201,25,3,1511609497),(2182,'','Электронный',0,203,25,2,1511609511),(2183,'','Электрический духовой шкаф Bosch Serie | 6 HBA23B351R',0,202,25,157,1545908990),(2184,'','Samsung',0,201,25,4,1511609697),(2185,'','Электрический духовой шкаф Samsung NV70K2340RS',0,202,25,158,1545909389),(2186,'','Стиральные машины',0,80,25,204,1542186300),(2187,'','LG E10B8ND',0,204,25,159,1513521043),(2188,'','LG',0,205,25,1,1511611163),(2189,'','Bosch',0,205,25,2,1511611274),(2190,'','Стиральная машина BOSCH WLG20165OE',0,204,25,160,1513477082),(2191,'','Indesit',0,205,25,3,1511611554),(2192,'','INDESIT EWSC 51051 B',0,204,25,161,1513521052),(2193,'','Xanter',0,51,25,11,1512647365),(2194,'','Gennadiy',0,51,25,12,1512647379),(2195,'','O_donnel',0,51,25,13,1512647392),(2196,'','Viktor_vuten',0,51,25,14,1512647414),(2197,'','No_body',0,51,25,15,1512647579),(2198,'','kekman',0,51,25,16,1512648024),(2199,'','Стиральная машина BOSCH WLN2426EOE',0,204,25,162,1513754850),(2200,'','SAMSUNG',0,205,25,4,1513755157),(2201,'','Стиральная машина SAMSUNG WW70J52E04W',0,204,25,163,1513755551),(2202,'','BEKO',0,205,25,5,1513755782),(2203,'','Стиральная машина BEKO WKB 51031 PTMA',0,204,25,164,1513755941),(2204,'','ZANUSSI',0,205,25,6,1513756120),(2205,'','Стиральная машина ZANUSSI ZWY61025RI',0,204,25,165,1513756714),(2206,'','SHARP',0,205,25,7,1513756413),(2207,'','Стиральная машина SHARP ES-FB5102AR',0,204,25,166,1513756566),(2208,'','Пылесосы',0,80,25,205,1542186478),(2209,'','Пылесос с контейнером для пыли TEFAL TW3786RA Compact Power',0,206,25,167,1513757565),(2210,'','Вертикальный пылесос KITFORT КТ-506',0,206,25,168,1513757857),(2211,'','Пылесос DYSON DC37 Allergy Musclehead',0,206,25,169,1513758149),(2212,'','Пылесос MIDEA VCS35B15K-B',0,206,25,170,1513758534),(2213,'','Пылесос BOSCH BGL32500',0,206,25,171,1513758869),(2214,'','Пылесос LG VC73203UHAO',0,206,25,172,1513759148),(2215,'','Пылесос PHILIPS FC8588/01 Performer Active',0,206,25,173,1513759403),(2216,'','Пылесос SAMSUNG SC5241 (VCC5241S3K/XEV)',0,206,25,174,1513759610),(2217,'','Холодильники',0,80,25,206,1542186478),(2218,'','Двухкамерный',0,207,25,1,1513760962),(2219,'','Холодильник INDESIT DF 4160 W',0,208,25,175,1513761128),(2220,'','Холодильник SAMSUNG RB37J5000WW',0,208,25,176,1513761411),(2221,'','Холодильник BEKO RCNK400E20ZGR',0,208,25,177,1513761680),(2222,'','Трехкамерный',0,207,25,2,1513761882),(2223,'','Холодильник HITACHI R-SG37BPU GS',0,208,25,178,1513761991),(2224,'','Холодильник LG GA-E429SQRZ',0,208,25,179,1513762239),(2225,'','Холодильник GORENJE NRK6192MCH',0,208,25,180,1513762582),(2226,'','Холодильник BOSCH VitaFresh KGN39LQ3AR',0,208,25,181,1513762860),(2227,'','Холодильник LIEBHERR CTP 3316-22 001',0,208,25,182,1513763151),(2228,'','КУРТКА REIMA REIMATEC WINTER JACKET PENTTI СИНЯЯ',0,185,25,183,1513765174),(2229,'','КУРТКА REIMA REIMATEC WINTER TAAG ЗЕЛЕНАЯ',0,185,25,184,1513765471),(2230,'','Голубая',0,124,25,23,1513765693),(2231,'','КУРТКА ПУХОВАЯ ДЛЯ ДЕВОЧКИ REIMA FERN ГОЛУБАЯ',0,185,25,185,1513765735),(2232,'','КУРТКА ПУХОВАЯ ДЛЯ МАЛЬЧИКА REIMA JANNE СИНЯЯ',0,185,25,186,1513766005),(2233,'','КОМБИНЕЗОН REIMA REIMATEC® WINTER OVERALL PUHURI СИНИЙ',0,185,25,187,1513766273),(2234,'','КОМБИНЕЗОН ФЛИСОВЫЙ REIMA FLEECE OVERALL ESTER 74-98 Р СИНИЙ',0,185,25,188,1513766552),(2235,'','КОМБИНЕЗОН ФЛИСОВЫЙ REIMA FLEECE OVERALL ESTER 74-98 Р СЕРЫЙ',0,185,25,189,1513766881),(2236,'','КОМБИНЕЗОН ФЛИСОВЫЙ REIMA FLEECE OVERALL TAHTI СИНИЙ',0,185,25,190,1513767049),(2237,'','i18n::object-type-summer',0,187,25,4,1513767523),(2238,'','КУРТКА ДЛЯ МАЛЬЧИКОВ СИНЯЯ/ГОЛУБАЯ MAYORAL',0,185,25,191,1513767579),(2239,'','КУРТКА LASSIE SOFTSHELL JACKET ЧЕРНАЯ С РОЗОВЫМ',0,185,25,192,1513767810),(2240,'','КУРТКА REIMA WINDFLEECE JACKET VUOKSI РОЗОВАЯ',0,185,25,193,1513768021),(2241,'','ВЕТРОВКА ДЛЯ ДЕВОЧКИ ГОЛУБАЯ MAYORAL',0,185,25,194,1513768260),(2242,'','КУРТКА КОРИЧНЕВАЯ VITACCI',0,185,25,195,1513768466),(2243,'','Мультиколор',0,124,25,24,1513768564),(2244,'','ПАЛЬТО МУЛЬТИКОЛОР VITACCI',0,185,25,196,1513768605),(2245,'','ПЛАЩ КРАСНЫЙ VITACCI',0,185,25,197,1513768767),(2246,'','ДОЖДЕВИК СВЕТЛЯЧОК КРАСНЫЙ-ЖЕЛТЫЙ ЧУДО-ЧАДО',0,185,25,198,1513768952),(2247,'','САПОГИ ДЛЯ ДЕВОЧКИ PUTKIVARSI ЗВЕЗДЫ РР 21-26 РОЗОВЫЕ KUOMA',0,209,25,199,1513773921),(2248,'','ПОЛУБОТИНКИ REIMA LOTTE СИНИЕ',0,209,25,200,1513774140),(2249,'','БОТИНКИ LASSIE LASSIETEC CARLISLE РОЗОВЫЕ',0,209,25,201,1513774343),(2250,'','САПОГИ LASSIE COLDWELL СИНИЕ',0,209,25,202,1513774566),(2251,'','САПОГИ LASSIE COLDWELL ЛИЛОВЫЕ',0,209,25,203,1513774791),(2252,'','САПОГИ LASSIE LASSIETEC BOULDER ЧЕРНЫЕ С ОРАНЖЕВЫМ',0,209,25,204,1513774947),(2253,'','САНДАЛИИ LASSIE MARLE GRAPHITE BLUE',0,209,25,205,1513775162),(2254,'','БОТИНКИ PATROL КЭМЭЛ',0,209,25,206,1513775350),(2255,'','Толстовка, Scorpion Bay',0,185,25,207,1513777865),(2256,'','Толстовка, Think Pink',0,185,25,208,1513777572),(2257,'','Темно-синий, малиновый',0,124,25,25,1513778026),(2258,'','Толстовка, VOI JEANS',0,185,25,209,1513778097),(2259,'','Толстовка, GARCIA',0,185,25,210,1513778453),(2260,'','Толстовка, Quiksilver',0,185,25,211,1513778616),(2261,'','Толстовка, Catbalou',0,185,25,212,1513778806),(2262,'','Толстовка, VON DUTCH',0,185,25,213,1513954117),(2263,'','Толстовка, Forward',0,185,25,214,1513779389),(2264,'','Рубашка, Envy Lab',0,185,25,215,1513779821),(2265,'','Рубашка, Oodji',0,185,25,216,1513779984),(2266,'','Рубашка, U.S. Polo Assn.',0,185,25,217,1513780134),(2267,'','Рубашка, ELIZ X GRAND',0,185,25,218,1513782313),(2268,'','Рубашка, GUESS',0,185,25,219,1513780364),(2269,'','Рубашка, CHOUPETTE',0,185,25,220,1513780464),(2270,'','Рубашка Slim, S.OLIVER',0,185,25,221,1513780655),(2271,'','Рубашка, TOM TAILOR',0,185,25,222,1513780816),(2272,'','Шампуни',0,80,25,223,1542186661),(2273,'','MOROCCANOIL Шампунь увлажняющий 1000 мл',0,211,25,223,1513841392),(2274,'','Greymy Professiona Shine Shampoo Шампунь для блеска 200мл',0,211,25,224,1513841614),(2275,'','ESTEL Haute Couture Luxury Repair Шампунь для волос 250мл',0,211,25,225,1513954117),(2276,'','Dermalogica daily cleansing shampoo Ежедневный шампунь для здоровья волос 250 мл',0,211,25,226,1513841965),(2277,'','L’Oreal Professionnel Absolut Lipidium / Восстанавливающий шампунь для поврежденных волос Абсолют Репэр Липидиум 250мл',0,211,25,227,1513842137),(2278,'','Davines NOUNOU shampoo Питательный шампунь для уплотнения волос 250 мл',0,211,25,228,1513954117),(2279,'','KAPOUS Studio Шампунь для восстановления волос «Profound Re» серии «Caring Line» 350мл',0,211,25,229,1513842477),(2280,'','ALFAPARF Кератиновый шампунь-гладкость для волос LISSE DESIGN MAINTENANCE SHAMPOO 250 ml',0,211,25,230,1513842627),(2281,'','Красители для волос',0,80,25,231,1542186661),(2282,'','BAREX JOC Color Shine Developer 6% Оксигент с эффектом блеска 6% 125мл',0,211,25,231,1513844170),(2283,'','ESTEL 8/7 Краска-уход De Luxe, светло-русый коричневый 60 мл',0,211,25,232,1513844181),(2284,'','BAREX JOC Color Крем-краска 7.3 - Блондин золотистый 100мл',0,211,25,233,1513844195),(2285,'','ALFAPARF Milano PIGMENTS Violet ash Ультраконцентрированный пигмент в мини-упаковке, перламутрово-пепельный .21 8мл',0,211,25,234,1513844205),(2286,'','FULL COLOR color corrector in drops Корректор цвета в каплях красный 10мл',0,211,25,235,1513844216),(2287,'','ESTEL 10/66 Краска-уход De Luxe, светлый блондин фиолетовый интенсивный 60 мл',0,211,25,236,1513844517),(2288,'','ALFAPARF Milano PIGMENTS Golden mahogany Ультраконцентрированный пигмент в мини-упаковке, золотисто-махагоновый .35 8мл',0,211,25,237,1513844696),(2289,'','ESTEL 8/7 Краска-уход De Luxe, светло-русый коричневый 60 мл',0,211,25,238,1513844878),(2290,'','i18n::object-social_categories_perfumery',0,80,25,239,1542186661),(2291,'','i18n::object-male',0,213,25,1,1513845799),(2292,'','Antonio Banderas Blue Seduction Play Eau de Toilette',0,215,25,239,1513845865),(2293,'','Gucci Guilty Pour Homme Absolute Eau De Parfum',0,215,25,240,1513846171),(2294,'','Carolina Herrera 212 VIP Black Eau de Parfum',0,215,25,241,1513846330),(2295,'','Lacoste L\'Homme Eau De Toilette',0,215,25,242,1513846494),(2296,'','i18n::object-female',0,213,25,2,1513846649),(2297,'','Thierry Mugler Angel Muse Eau de Parfum',0,215,25,243,1513846707),(2298,'','Shakira Dance Eau de Toilette',0,215,25,244,1513846842),(2299,'','Carolina Herrera Good Girl Eau De Parfum',0,215,25,245,1513846941),(2300,'','Masaki Matsushima Matsu Sakura Eau De Parfum',0,215,25,246,1513847161),(2301,'','Самокаты',0,80,25,247,1542183692),(2302,'','Yedoo',0,218,25,1,1513849370),(2303,'','80кг',0,220,25,1,1513849428),(2304,'','САМОКАТ YEDOO OX NEW ЧЕРНЫЙ/ЗЕЛЕНЫЙ',0,219,25,247,1513849646),(2305,'','Trolo Raptor',0,218,25,2,1513849818),(2306,'','100',0,220,25,2,1513849845),(2307,'','100кг',0,220,25,3,1513849861),(2308,'','САМОКАТ TROLO RAPTOR 230 (2017) БЕЛЫЙ',0,219,25,248,1513849947),(2309,'','MICRO SPEED',0,218,25,3,1513850067),(2310,'','САМОКАТ MICRO SPEED+ ЧЕРНЫЙ',0,219,25,249,1513850181),(2311,'','Micro Suspension',0,218,25,4,1513850318),(2312,'','САМОКАТ MICRO SUSPENSION (SA0065) ДВА АМОРТИЗАТОРА БРОНЗА',0,219,25,250,1513850418),(2313,'','Razor',0,218,25,5,1513850607),(2314,'','САМОКАТ RAZOR A5 LUX СИНИЙ',0,219,25,251,1513850699),(2315,'','Weelz Rock',0,218,25,6,1513850920),(2316,'','САМОКАТ WEELZ ROCK ЧЕРНЫЙ/ЗЕЛЕНЫЙ',0,219,25,252,1513851017),(2317,'','HUDORA',0,218,25,7,1513851158),(2318,'','САМОКАТ HUDORA BIG WHEEL STYLE 230 WHITE (14236) БЕЛЫЙ',0,219,25,253,1513851209),(2319,'','Xootr',0,218,25,8,1513851314),(2320,'','ГОРОДСКОЙ САМОКАТ XOOTR NEW ULTRA CRUZ СЕРЫЙ',0,219,25,254,1513851379),(2321,'','Asko',0,201,25,5,1513853222),(2322,'','Сенсорный',0,203,25,3,1513853244),(2323,'','Антрацит',0,124,25,26,1513853327),(2324,'','Встраиваемый электрический духовой шкаф Asko OP 8478 G',0,202,25,255,1545910008),(2325,'','Darina',0,201,25,6,1513853630),(2326,'','Встраиваемый электрический духовой шкаф Darina 1V8 BDE 111707 Bg',0,202,25,256,1545910831),(2327,'','Hotpoint-Ariston',0,201,25,7,1513853853),(2328,'','Лед',0,124,25,27,1513853876),(2329,'','Поворотные переключатели',0,203,25,4,1513853912),(2330,'','Встраиваемый электрический духовой шкаф Hotpoint-Ariston FI7 861 SH IC HA',0,202,25,257,1545911356),(2331,'','Контакты',0,67,25,258,1514273146),(2332,'','Контактная информация',0,69,25,2,1513953415),(2333,'country-AU','i18n::object-country-AU',1,10,0,3,1513955220),(2334,'country-AT','i18n::object-country-AT',1,10,0,4,1513955220),(2335,'country-AZ','i18n::object-country-AZ',1,10,0,5,1513955220),(2336,'country-AX','i18n::object-country-AX',1,10,0,6,1513955220),(2337,'country-AL','i18n::object-country-AL',1,10,0,7,1513955220),(2338,'country-DZ','i18n::object-country-DZ',1,10,0,8,1513955220),(2339,'country-AS','i18n::object-country-AS',1,10,0,9,1513955220),(2340,'country-AI','i18n::object-country-AI',1,10,0,10,1513955220),(2341,'country-AO','i18n::object-country-AO',1,10,0,11,1513955220),(2342,'country-AD','i18n::object-country-AD',1,10,0,12,1513955220),(2343,'country-AQ','i18n::object-country-AQ',1,10,0,13,1513955220),(2344,'country-AG','i18n::object-country-AG',1,10,0,14,1513955220),(2345,'country-AR','i18n::object-country-AR',1,10,0,15,1513955220),(2346,'country-AM','i18n::object-country-AM',1,10,0,16,1513955220),(2347,'country-AW','i18n::object-country-AW',1,10,0,17,1513955220),(2348,'country-AF','i18n::object-country-AF',1,10,0,18,1513955220),(2349,'country-BS','i18n::object-country-BS',1,10,0,19,1513955220),(2350,'country-BD','i18n::object-country-BD',1,10,0,20,1513955220),(2351,'country-BB','i18n::object-country-BB',1,10,0,21,1513955220),(2352,'country-BH','i18n::object-country-BH',1,10,0,22,1513955220),(2353,'country-BY','i18n::object-country-BY',1,10,0,23,1513955221),(2354,'country-BZ','i18n::object-country-BZ',1,10,0,24,1513955221),(2355,'country-BE','i18n::object-country-BE',1,10,0,25,1513955221),(2356,'country-BJ','i18n::object-country-BJ',1,10,0,26,1513955221),(2357,'country-BM','i18n::object-country-BM',1,10,0,27,1513955221),(2358,'country-BG','i18n::object-country-BG',1,10,0,28,1513955221),(2359,'country-BO','i18n::object-country-BO',1,10,0,29,1513955221),(2360,'country-BQ','i18n::object-country-BQ',1,10,0,30,1513955221),(2361,'country-BA','i18n::object-country-BA',1,10,0,31,1513955221),(2362,'country-BW','i18n::object-country-BW',1,10,0,32,1513955221),(2363,'country-BR','i18n::object-country-BR',1,10,0,33,1513955221),(2364,'country-IO','i18n::object-country-IO',1,10,0,34,1513955221),(2365,'country-BN','i18n::object-country-BN',1,10,0,35,1513955221),(2366,'country-BF','i18n::object-country-BF',1,10,0,36,1513955221),(2367,'country-BI','i18n::object-country-BI',1,10,0,37,1513955221),(2368,'country-BT','i18n::object-country-BT',1,10,0,38,1513955221),(2369,'country-VU','i18n::object-country-VU',1,10,0,39,1513955221),(2370,'country-VA','i18n::object-country-VA',1,10,0,40,1513955221),(2371,'country-GB','i18n::object-country-GB',1,10,0,41,1513955221),(2372,'country-HU','i18n::object-country-HU',1,10,0,42,1513955221),(2373,'country-VE','i18n::object-country-VE',1,10,0,43,1513955221),(2374,'country-VG','i18n::object-country-VG',1,10,0,44,1513955221),(2375,'country-VI','i18n::object-country-VI',1,10,0,45,1513955221),(2376,'country-UM','i18n::object-country-UM',1,10,0,46,1513955221),(2377,'country-TL','i18n::object-country-TL',1,10,0,47,1513955221),(2378,'country-VN','i18n::object-country-VN',1,10,0,48,1513955221),(2379,'country-GA','i18n::object-country-GA',1,10,0,49,1513955221),(2380,'country-HT','i18n::object-country-HT',1,10,0,50,1513955221),(2381,'country-GY','i18n::object-country-GY',1,10,0,51,1513955221),(2382,'country-GM','i18n::object-country-GM',1,10,0,52,1513955221),(2383,'country-GH','i18n::object-country-GH',1,10,0,53,1513955221),(2384,'country-GP','i18n::object-country-GP',1,10,0,54,1513955222),(2385,'country-GT','i18n::object-country-GT',1,10,0,55,1513955222),(2386,'country-GN','i18n::object-country-GN',1,10,0,56,1513955222),(2387,'country-GW','i18n::object-country-GW',1,10,0,57,1513955222),(2388,'country-DE','i18n::object-country-DE',1,10,0,58,1513955222),(2389,'country-GG','i18n::object-country-GG',1,10,0,59,1513955222),(2390,'country-GI','i18n::object-country-GI',1,10,0,60,1513955222),(2391,'country-HN','i18n::object-country-HN',1,10,0,61,1513955222),(2392,'country-HK','i18n::object-country-HK',1,10,0,62,1513955222),(2393,'country-GD','i18n::object-country-GD',1,10,0,63,1513955222),(2394,'country-GL','i18n::object-country-GL',1,10,0,64,1513955222),(2395,'country-GR','i18n::object-country-GR',1,10,0,65,1513955222),(2396,'country-GE','i18n::object-country-GE',1,10,0,66,1513955222),(2397,'country-GU','i18n::object-country-GU',1,10,0,67,1513955222),(2398,'country-DK','i18n::object-country-DK',1,10,0,68,1513955222),(2399,'country-JE','i18n::object-country-JE',1,10,0,69,1513955222),(2400,'country-DJ','i18n::object-country-DJ',1,10,0,70,1513955222),(2401,'country-DG','i18n::object-country-DG',1,10,0,71,1513955222),(2402,'country-DM','i18n::object-country-DM',1,10,0,72,1513955222),(2403,'country-DO','i18n::object-country-DO',1,10,0,73,1513955222),(2404,'country-EG','i18n::object-country-EG',1,10,0,74,1513955222),(2405,'country-ZM','i18n::object-country-ZM',1,10,0,75,1513955222),(2406,'country-EH','i18n::object-country-EH',1,10,0,76,1513955222),(2407,'country-ZW','i18n::object-country-ZW',1,10,0,77,1513955222),(2408,'country-IL','i18n::object-country-IL',1,10,0,78,1513955222),(2409,'country-IN','i18n::object-country-IN',1,10,0,79,1513955222),(2410,'country-ID','i18n::object-country-ID',1,10,0,80,1513955222),(2411,'country-JO','i18n::object-country-JO',1,10,0,81,1513955222),(2412,'country-IQ','i18n::object-country-IQ',1,10,0,82,1513955222),(2413,'country-IR','i18n::object-country-IR',1,10,0,83,1513955222),(2414,'country-IE','i18n::object-country-IE',1,10,0,84,1513955222),(2415,'country-IS','i18n::object-country-IS',1,10,0,85,1513955222),(2416,'country-ES','i18n::object-country-ES',1,10,0,86,1513955223),(2417,'country-IT','i18n::object-country-IT',1,10,0,87,1513955223),(2418,'country-YE','i18n::object-country-YE',1,10,0,88,1513955223),(2419,'country-CV','i18n::object-country-CV',1,10,0,89,1513955223),(2420,'country-KZ','i18n::object-country-KZ',1,10,0,90,1513955223),(2421,'country-KY','i18n::object-country-KY',1,10,0,91,1513955223),(2422,'country-KH','i18n::object-country-KH',1,10,0,92,1513955223),(2423,'country-CM','i18n::object-country-CM',1,10,0,93,1513955223),(2424,'country-CA','i18n::object-country-CA',1,10,0,94,1513955223),(2425,'country-IC','i18n::object-country-IC',1,10,0,95,1513955223),(2426,'country-QA','i18n::object-country-QA',1,10,0,96,1513955223),(2427,'country-KE','i18n::object-country-KE',1,10,0,97,1513955223),(2428,'country-CY','i18n::object-country-CY',1,10,0,98,1513955223),(2429,'country-KG','i18n::object-country-KG',1,10,0,99,1513955223),(2430,'country-KI','i18n::object-country-KI',1,10,0,100,1513955223),(2431,'country-CN','i18n::object-country-CN',1,10,0,101,1513955223),(2432,'country-KP','i18n::object-country-KP',1,10,0,102,1513955223),(2433,'country-CC','i18n::object-country-CC',1,10,0,103,1513955223),(2434,'country-CO','i18n::object-country-CO',1,10,0,104,1513955223),(2435,'country-KM','i18n::object-country-KM',1,10,0,105,1513955223),(2436,'country-CG','i18n::object-country-CG',1,10,0,106,1513955223),(2437,'country-CD','i18n::object-country-CD',1,10,0,107,1513955223),(2438,'country-XK','i18n::object-country-XK',1,10,0,108,1513955223),(2439,'country-CR','i18n::object-country-CR',1,10,0,109,1513955223),(2440,'country-CI','i18n::object-country-CI',1,10,0,110,1513955223),(2441,'country-CU','i18n::object-country-CU',1,10,0,111,1513955223),(2442,'country-KW','i18n::object-country-KW',1,10,0,112,1513955223),(2443,'country-CW','i18n::object-country-CW',1,10,0,113,1513955223),(2444,'country-LA','i18n::object-country-LA',1,10,0,114,1513955224),(2445,'country-LV','i18n::object-country-LV',1,10,0,115,1513955224),(2446,'country-LS','i18n::object-country-LS',1,10,0,116,1513955224),(2447,'country-LR','i18n::object-country-LR',1,10,0,117,1513955224),(2448,'country-LB','i18n::object-country-LB',1,10,0,118,1513955224),(2449,'country-LY','i18n::object-country-LY',1,10,0,119,1513955224),(2450,'country-LT','i18n::object-country-LT',1,10,0,120,1513955224),(2451,'country-LI','i18n::object-country-LI',1,10,0,121,1513955224),(2452,'country-LU','i18n::object-country-LU',1,10,0,122,1513955224),(2453,'country-MU','i18n::object-country-MU',1,10,0,123,1513955224),(2454,'country-MR','i18n::object-country-MR',1,10,0,124,1513955224),(2455,'country-MG','i18n::object-country-MG',1,10,0,125,1513955224),(2456,'country-YT','i18n::object-country-YT',1,10,0,126,1513955224),(2457,'country-MO','i18n::object-country-MO',1,10,0,127,1513955224),(2458,'country-MK','i18n::object-country-MK',1,10,0,128,1513955224),(2459,'country-MW','i18n::object-country-MW',1,10,0,129,1513955224),(2460,'country-MY','i18n::object-country-MY',1,10,0,130,1513955224),(2461,'country-ML','i18n::object-country-ML',1,10,0,131,1513955224),(2462,'country-MV','i18n::object-country-MV',1,10,0,132,1513955224),(2463,'country-MT','i18n::object-country-MT',1,10,0,133,1513955224),(2464,'country-MA','i18n::object-country-MA',1,10,0,134,1513955224),(2465,'country-MQ','i18n::object-country-MQ',1,10,0,135,1513955224),(2466,'country-MH','i18n::object-country-MH',1,10,0,136,1513955224),(2467,'country-MX','i18n::object-country-MX',1,10,0,137,1513955224),(2468,'country-MZ','i18n::object-country-MZ',1,10,0,138,1513955224),(2469,'country-MD','i18n::object-country-MD',1,10,0,139,1513955224),(2470,'country-MC','i18n::object-country-MC',1,10,0,140,1513955224),(2471,'country-MN','i18n::object-country-MN',1,10,0,141,1513955224),(2472,'country-MS','i18n::object-country-MS',1,10,0,142,1513955224),(2473,'country-MM','i18n::object-country-MM',1,10,0,143,1513955225),(2474,'country-NA','i18n::object-country-NA',1,10,0,144,1513955225),(2475,'country-NR','i18n::object-country-NR',1,10,0,145,1513955225),(2476,'country-NP','i18n::object-country-NP',1,10,0,146,1513955225),(2477,'country-NE','i18n::object-country-NE',1,10,0,147,1513955225),(2478,'country-NG','i18n::object-country-NG',1,10,0,148,1513955225),(2479,'country-NL','i18n::object-country-NL',1,10,0,149,1513955225),(2480,'country-NI','i18n::object-country-NI',1,10,0,150,1513955225),(2481,'country-NU','i18n::object-country-NU',1,10,0,151,1513955225),(2482,'country-NZ','i18n::object-country-NZ',1,10,0,152,1513955225),(2483,'country-NC','i18n::object-country-NC',1,10,0,153,1513955225),(2484,'country-NO','i18n::object-country-NO',1,10,0,154,1513955225),(2485,'country-AC','i18n::object-country-AC',1,10,0,155,1513955225),(2486,'country-IM','i18n::object-country-IM',1,10,0,156,1513955225),(2487,'country-NF','i18n::object-country-NF',1,10,0,157,1513955225),(2488,'country-CX','i18n::object-country-CX',1,10,0,158,1513955225),(2489,'country-SH','i18n::object-country-SH',1,10,0,159,1513955225),(2490,'country-CK','i18n::object-country-CK',1,10,0,160,1513955225),(2491,'country-TC','i18n::object-country-TC',1,10,0,161,1513955225),(2492,'country-AE','i18n::object-country-AE',1,10,0,162,1513955225),(2493,'country-OM','i18n::object-country-OM',1,10,0,163,1513955225),(2494,'country-PK','i18n::object-country-PK',1,10,0,164,1513955225),(2495,'country-PW','i18n::object-country-PW',1,10,0,165,1513955225),(2496,'country-PS','i18n::object-country-PS',1,10,0,166,1513955225),(2497,'country-PA','i18n::object-country-PA',1,10,0,167,1513955225),(2498,'country-PG','i18n::object-country-PG',1,10,0,168,1513955225),(2499,'country-PY','i18n::object-country-PY',1,10,0,169,1513955225),(2500,'country-PE','i18n::object-country-PE',1,10,0,170,1513955225),(2501,'country-PN','i18n::object-country-PN',1,10,0,171,1513955225),(2502,'country-PL','i18n::object-country-PL',1,10,0,172,1513955225),(2503,'country-PT','i18n::object-country-PT',1,10,0,173,1513955225),(2504,'country-PR','i18n::object-country-PR',1,10,0,174,1513955225),(2505,'country-KR','i18n::object-country-KR',1,10,0,175,1513955226),(2506,'country-RE','i18n::object-country-RE',1,10,0,176,1513955226),(2507,'country-RW','i18n::object-country-RW',1,10,0,177,1513955226),(2508,'country-RO','i18n::object-country-RO',1,10,0,178,1513955226),(2509,'country-SV','i18n::object-country-SV',1,10,0,179,1513955226),(2510,'country-WS','i18n::object-country-WS',1,10,0,180,1513955226),(2511,'country-SM','i18n::object-country-SM',1,10,0,181,1513955226),(2512,'country-ST','i18n::object-country-ST',1,10,0,182,1513955226),(2513,'country-SA','i18n::object-country-SA',1,10,0,183,1513955226),(2514,'country-SZ','i18n::object-country-SZ',1,10,0,184,1513955226),(2515,'country-MP','i18n::object-country-MP',1,10,0,185,1513955226),(2516,'country-SC','i18n::object-country-SC',1,10,0,186,1513955226),(2517,'country-BL','i18n::object-country-BL',1,10,0,187,1513955226),(2518,'country-MF','i18n::object-country-MF',1,10,0,188,1513955226),(2519,'country-PM','i18n::object-country-PM',1,10,0,189,1513955226),(2520,'country-SN','i18n::object-country-SN',1,10,0,190,1513955226),(2521,'country-VC','i18n::object-country-VC',1,10,0,191,1513955226),(2522,'country-KN','i18n::object-country-KN',1,10,0,192,1513955226),(2523,'country-LC','i18n::object-country-LC',1,10,0,193,1513955226),(2524,'country-RS','i18n::object-country-RS',1,10,0,194,1513955226),(2525,'country-EA','i18n::object-country-EA',1,10,0,195,1513955226),(2526,'country-SG','i18n::object-country-SG',1,10,0,196,1513955226),(2527,'country-SX','i18n::object-country-SX',1,10,0,197,1513955226),(2528,'country-SY','i18n::object-country-SY',1,10,0,198,1513955226),(2529,'country-SK','i18n::object-country-SK',1,10,0,199,1513955226),(2530,'country-SI','i18n::object-country-SI',1,10,0,200,1513955226),(2531,'country-SB','i18n::object-country-SB',1,10,0,201,1513955226),(2532,'country-SO','i18n::object-country-SO',1,10,0,202,1513955226),(2533,'country-SD','i18n::object-country-SD',1,10,0,203,1513955226),(2534,'country-SR','i18n::object-country-SR',1,10,0,204,1513955226),(2535,'country-SL','i18n::object-country-SL',1,10,0,205,1513955226),(2536,'country-TJ','i18n::object-country-TJ',1,10,0,206,1513955227),(2537,'country-TH','i18n::object-country-TH',1,10,0,207,1513955227),(2538,'country-TW','i18n::object-country-TW',1,10,0,208,1513955227),(2539,'country-TZ','i18n::object-country-TZ',1,10,0,209,1513955227),(2540,'country-TG','i18n::object-country-TG',1,10,0,210,1513955227),(2541,'country-TK','i18n::object-country-TK',1,10,0,211,1513955227),(2542,'country-TO','i18n::object-country-TO',1,10,0,212,1513955227),(2543,'country-TT','i18n::object-country-TT',1,10,0,213,1513955227),(2544,'country-TA','i18n::object-country-TA',1,10,0,214,1513955227),(2545,'country-TV','i18n::object-country-TV',1,10,0,215,1513955227),(2546,'country-TN','i18n::object-country-TN',1,10,0,216,1513955227),(2547,'country-TM','i18n::object-country-TM',1,10,0,217,1513955227),(2548,'country-TR','i18n::object-country-TR',1,10,0,218,1513955227),(2549,'country-UG','i18n::object-country-UG',1,10,0,219,1513955227),(2550,'country-UZ','i18n::object-country-UZ',1,10,0,220,1513955227),(2551,'country-UA','i18n::object-country-UA',1,10,0,221,1513955227),(2552,'country-WF','i18n::object-country-WF',1,10,0,222,1513955227),(2553,'country-UY','i18n::object-country-UY',1,10,0,223,1513955227),(2554,'country-FO','i18n::object-country-FO',1,10,0,224,1513955227),(2555,'country-FM','i18n::object-country-FM',1,10,0,225,1513955227),(2556,'country-FJ','i18n::object-country-FJ',1,10,0,226,1513955227),(2557,'country-PH','i18n::object-country-PH',1,10,0,227,1513955227),(2558,'country-FI','i18n::object-country-FI',1,10,0,228,1513955227),(2559,'country-FK','i18n::object-country-FK',1,10,0,229,1513955227),(2560,'country-FR','i18n::object-country-FR',1,10,0,230,1513955227),(2561,'country-GF','i18n::object-country-GF',1,10,0,231,1513955227),(2562,'country-PF','i18n::object-country-PF',1,10,0,232,1513955227),(2563,'country-TF','i18n::object-country-TF',1,10,0,233,1513955227),(2564,'country-HR','i18n::object-country-HR',1,10,0,234,1513955227),(2565,'country-CF','i18n::object-country-CF',1,10,0,235,1513955227),(2566,'country-TD','i18n::object-country-TD',1,10,0,236,1513955228),(2567,'country-ME','i18n::object-country-ME',1,10,0,237,1513955228),(2568,'country-CZ','i18n::object-country-CZ',1,10,0,238,1513955228),(2569,'country-CL','i18n::object-country-CL',1,10,0,239,1513955228),(2570,'country-CH','i18n::object-country-CH',1,10,0,240,1513955228),(2571,'country-SE','i18n::object-country-SE',1,10,0,241,1513955228),(2572,'country-SJ','i18n::object-country-SJ',1,10,0,242,1513955228),(2573,'country-LK','i18n::object-country-LK',1,10,0,243,1513955228),(2574,'country-EC','i18n::object-country-EC',1,10,0,244,1513955228),(2575,'country-GQ','i18n::object-country-GQ',1,10,0,245,1513955228),(2576,'country-ER','i18n::object-country-ER',1,10,0,246,1513955228),(2577,'country-EE','i18n::object-country-EE',1,10,0,247,1513955228),(2578,'country-ET','i18n::object-country-ET',1,10,0,248,1513955228),(2579,'country-ZA','i18n::object-country-ZA',1,10,0,249,1513955228),(2580,'country-GS','i18n::object-country-GS',1,10,0,250,1513955228),(2581,'country-SS','i18n::object-country-SS',1,10,0,251,1513955228),(2582,'country-JM','i18n::object-country-JM',1,10,0,252,1513955228),(2583,'country-JP','i18n::object-country-JP',1,10,0,253,1513955228),(2584,'emarket-payment-type-yandex-kassa','i18n::object-payment-type-yandex-kassa',1,43,0,13,1519627131),(2585,'','Online-оплата в ЮKassa',0,222,25,15,1519627723),(2588,'','127.0.0.1',0,83,46,19,1521454280),(2589,'russianpost_wrapper_simple','i18n::object-wrapper_simple',0,14,0,8,1538039627),(2590,'russianpost_parcel','i18n::object-parcel',0,14,0,9,1538039627),(2591,'russianpost_parcel_first_class','i18n::object-parcel_first_class',0,14,0,10,1538039627),(2592,'russianpost_parcel_first_class_with_declared_value','i18n::object-parcel_first_class_with_declared_value',0,14,0,11,1538039627),(2593,'trade_offer_data_object_2593','Джинсы \"Dylan\" BRUNO BANANI',0,185,25,258,1544712109),(2594,'trade_offer_data_object_2594','Джинсы \"Dylan\" BRUNO BANANI',0,185,25,258,1544712294),(2595,'trade_offer_data_object_2595','Джинсы \"Dylan\" BRUNO BANANI',0,185,25,258,1544712330),(2596,'trade_offer_data_object_2596','Джинсы \"Dylan\" BRUNO BANANI',0,185,25,258,1544712177),(2597,'trade_offer_data_object_2597','Джинсы \"Dylan\" BRUNO BANANI',0,185,25,258,1544712198),(2598,'trade_offer_data_object_2598','Джинсы \"Dylan\" BRUNO BANANI',0,185,25,258,1544712219),(2599,'trade_offer_data_object_2599','Джинсы \"Dylan\" BRUNO BANANI',0,185,25,258,1544712297),(2600,'trade_offer_data_object_2600','Джинсы \"Dylan\" BRUNO BANANI',0,185,25,258,1544712300),(2601,'trade_offer_data_object_2601','Джинсы \"Dylan\" BRUNO BANANI',0,185,25,258,1544712116),(2602,'trade_offer_data_object_2602','Джинсы \"Dylan\" BRUNO BANANI',0,185,25,258,1544712332),(2603,'trade_offer_data_object_2603','Джинсы \"Dylan\" BRUNO BANANI',0,185,25,258,1544712343),(2604,'trade_offer_data_object_2604','Джинсы \"Dylan\" BRUNO BANANI',0,185,25,258,1544712354),(2606,'','178.16.152.254',0,83,46,20,1544791657),(2607,'',NULL,0,50,0,22,1544791667),(2608,'','Джинсы \"Dylan\" BRUNO BANANI',0,41,0,40,1544791667),(2609,'','178.16.152.254',0,83,46,21,1544796850),(2610,'',NULL,0,50,0,23,1544796850),(2611,'','Джинсы \"Dylan\" BRUNO BANANI',0,41,0,41,1544796850),(2612,'emarket-item-type-custom','Пользовательский',1,38,0,3,1545829300),(2613,'emarket-item-type-trade-offer','Торговое предложение',1,38,0,4,1545829300),(2614,'payment-subject-28225','Товар',1,226,0,1,1545829300),(2615,'payment-mode-28238','Полная предоплата',1,227,0,1,1545829300),(2616,'payment-subject-28226','Подакцизный товар',1,226,0,2,1545829300),(2617,'payment-mode-28239','Частичная предоплата',1,227,0,2,1545829300),(2618,'payment-subject-28227','Работа',1,226,0,3,1545829300),(2619,'payment-mode-28240','Аванс',1,227,0,3,1545829300),(2620,'payment-subject-28228','Услуга',1,226,0,4,1545829300),(2621,'payment-mode-28241','Полный расчет',1,227,0,4,1545829300),(2622,'payment-subject-28229','Ставка в азартной игре',1,226,0,5,1545829300),(2623,'payment-mode-28242','Частичный расчет и кредит',1,227,0,5,1545829300),(2624,'payment-subject-28230','Выигрыш в азартной игре',1,226,0,6,1545829300),(2625,'payment-mode-28243','Кредит',1,227,0,6,1545829300),(2626,'payment-subject-28231','Лотерейный билет',1,226,0,7,1545829300),(2627,'payment-mode-28244','Выплата по кредиту',1,227,0,7,1545829300),(2628,'payment-subject-28232','Выигрыш в лотерею',1,226,0,8,1545829300),(2629,'payment-subject-28233','Результаты интеллектуальной деятельности',1,226,0,9,1545829300),(2630,'payment-subject-28234','Платеж',1,226,0,10,1545829300),(2631,'payment-subject-28235','Агентское вознаграждение',1,226,0,11,1545829300),(2632,'payment-subject-28236','Несколько вариантов',1,226,0,12,1545829300),(2633,'payment-subject-28237','i18n::object-social_categories_other',1,226,0,13,1545829300),(2634,'trade_offer_data_object_2634','Джинсы RHODE ISLAND',0,185,25,259,1545892685),(2635,'','S',0,186,25,16,1545891962),(2636,'','L',0,186,25,17,1545891977),(2637,'','XL',0,186,25,18,1545891988),(2638,'','XXL',0,186,25,19,1545891995),(2639,'trade_offer_data_object_2639','Джинсы RHODE ISLAND',0,185,25,260,1545892691),(2640,'trade_offer_data_object_2640','Джинсы RHODE ISLAND',0,185,25,261,1545892208),(2641,'trade_offer_data_object_2641','Джинсы RHODE ISLAND',0,185,25,262,1545892215),(2642,'trade_offer_data_object_2642','Джинсы RHODE ISLAND',0,185,25,263,1545892784),(2643,'trade_offer_data_object_2643','Джинсы RHODE ISLAND',0,185,25,264,1545892793),(2644,'trade_offer_data_object_2644','Джинсы RHODE ISLAND',0,185,25,265,1545892850),(2645,'trade_offer_data_object_2645','Джинсы RHODE ISLAND',0,185,25,266,1545892860),(2646,'trade_offer_data_object_2646','Джинсы RHODE ISLAND hard',0,185,25,267,1545893262),(2647,'trade_offer_data_object_2647','Джинсы RHODE ISLAND hard',0,185,25,268,1545893266),(2648,'trade_offer_data_object_2648','Джинсы RHODE ISLAND hard',0,185,25,269,1545893270),(2649,'trade_offer_data_object_2649','Джинсы RHODE ISLAND hard',0,185,25,270,1545893276),(2650,'trade_offer_data_object_2650','Джинсы RHODE ISLAND hard',0,185,25,271,1545893380),(2651,'trade_offer_data_object_2651','Джинсы RHODE ISLAND hard',0,185,25,272,1545893384),(2652,'trade_offer_data_object_2652','Джинсы RHODE ISLAND hard',0,185,25,273,1545893389),(2653,'trade_offer_data_object_2653','Джинсы RHODE ISLAND hard',0,185,25,274,1545893393),(2654,'trade_offer_data_object_2654','ДЖИНСЫ СТРЕТЧ ФАСОНА SLIM',0,185,25,275,1545893830),(2655,'trade_offer_data_object_2655','ДЖИНСЫ СТРЕТЧ ФАСОНА SLIM',0,185,25,276,1545893834),(2656,'trade_offer_data_object_2656','ДЖИНСЫ СТРЕТЧ ФАСОНА SLIM',0,185,25,277,1545893838),(2657,'trade_offer_data_object_2657','ДЖИНСЫ СТРЕТЧ ФАСОНА SLIM',0,185,25,278,1545893842),(2658,'trade_offer_data_object_2658','ДЖИНСЫ СТРЕТЧ ФАСОНА SLIM',0,185,25,279,1545893932),(2659,'trade_offer_data_object_2659','ДЖИНСЫ СТРЕТЧ ФАСОНА SLIM',0,185,25,280,1545893935),(2660,'trade_offer_data_object_2660','ДЖИНСЫ СТРЕТЧ ФАСОНА SLIM',0,185,25,281,1545893940),(2661,'trade_offer_data_object_2661','ДЖИНСЫ СТРЕТЧ ФАСОНА SLIM',0,185,25,282,1545893943),(2662,'trade_offer_data_object_2662','ДЖИНСЫ ПРЯМОГО ПОКРОЯ С 5 КАРМАНАМИ',0,185,25,283,1545894128),(2663,'trade_offer_data_object_2663','ДЖИНСЫ ПРЯМОГО ПОКРОЯ С 5 КАРМАНАМИ',0,185,25,284,1545894132),(2664,'trade_offer_data_object_2664','ДЖИНСЫ ПРЯМОГО ПОКРОЯ С 5 КАРМАНАМИ',0,185,25,285,1545894136),(2665,'trade_offer_data_object_2665','ДЖИНСЫ ПРЯМОГО ПОКРОЯ С 5 КАРМАНАМИ',0,185,25,286,1545894142),(2666,'trade_offer_data_object_2666','ДЖИНСЫ ПРЯМОГО ПОКРОЯ С 5 КАРМАНАМИ',0,185,25,287,1545895101),(2667,'trade_offer_data_object_2667','ДЖИНСЫ ПРЯМОГО ПОКРОЯ С 5 КАРМАНАМИ',0,185,25,288,1545895104),(2668,'trade_offer_data_object_2668','ДЖИНСЫ ПРЯМОГО ПОКРОЯ С 5 КАРМАНАМИ',0,185,25,289,1545895108),(2669,'trade_offer_data_object_2669','ДЖИНСЫ ПРЯМОГО ПОКРОЯ С 5 КАРМАНАМИ',0,185,25,290,1545895111),(2670,'trade_offer_data_object_2670','ДЖИНСЫ KEKKER ФАСОНА SLIM',0,185,25,291,1545895406),(2671,'trade_offer_data_object_2671','ДЖИНСЫ KEKKER ФАСОНА SLIM',0,185,25,292,1545895409),(2672,'trade_offer_data_object_2672','ДЖИНСЫ KEKKER ФАСОНА SLIM',0,185,25,293,1545895414),(2673,'trade_offer_data_object_2673','ДЖИНСЫ KEKKER ФАСОНА SLIM',0,185,25,294,1545895417),(2674,'trade_offer_data_object_2674','ДЖИНСЫ KEKKER ФАСОНА SLIM',0,185,25,295,1545895518),(2675,'trade_offer_data_object_2675','ДЖИНСЫ KEKKER ФАСОНА SLIM',0,185,25,296,1545895522),(2676,'trade_offer_data_object_2676','ДЖИНСЫ KEKKER ФАСОНА SLIM',0,185,25,297,1545895525),(2677,'trade_offer_data_object_2677','ДЖИНСЫ KEKKER ФАСОНА SLIM',0,185,25,298,1545895528),(2678,'trade_offer_data_object_2678','ДЖИНСЫ KEKKER ФАСОНА Swag',0,185,25,299,1545895882),(2679,'trade_offer_data_object_2679','ДЖИНСЫ KEKKER ФАСОНА Swag',0,185,25,300,1545895885),(2680,'trade_offer_data_object_2680','ДЖИНСЫ KEKKER ФАСОНА Swag',0,185,25,301,1545895889),(2681,'trade_offer_data_object_2681','ДЖИНСЫ KEKKER ФАСОНА Swag',0,185,25,302,1545895894),(2682,'trade_offer_data_object_2682','ДЖИНСЫ KEKKER ФАСОНА Swag',0,185,25,303,1545896003),(2683,'trade_offer_data_object_2683','ДЖИНСЫ KEKKER ФАСОНА Swag',0,185,25,304,1545896006),(2684,'trade_offer_data_object_2684','ДЖИНСЫ KEKKER ФАСОНА Swag',0,185,25,305,1545896010),(2685,'trade_offer_data_object_2685','ДЖИНСЫ KEKKER ФАСОНА Swag',0,185,25,306,1545896013),(2686,'trade_offer_data_object_2686','Джинсы \"Peter\" FOR MEN',0,185,25,307,1545897126),(2687,'trade_offer_data_object_2687','Джинсы \"Peter\" FOR MEN',0,185,25,308,1545897130),(2688,'trade_offer_data_object_2688','Джинсы \"Peter\" FOR MEN',0,185,25,309,1545897133),(2689,'trade_offer_data_object_2689','Джинсы \"Peter\" FOR MEN',0,185,25,310,1545897136),(2690,'trade_offer_data_object_2690','Джинсы \"Peter\" FOR MEN',0,185,25,311,1545897235),(2691,'trade_offer_data_object_2691','Джинсы \"Peter\" FOR MEN',0,185,25,312,1545897238),(2692,'trade_offer_data_object_2692','Джинсы \"Peter\" FOR MEN',0,185,25,313,1545897243),(2693,'trade_offer_data_object_2693','Джинсы \"Peter\" FOR MEN',0,185,25,314,1545897250),(2694,'trade_offer_data_object_2694','Джинсы \"Peter\" BRUTAL',0,185,25,315,1545897447),(2695,'trade_offer_data_object_2695','Джинсы \"Peter\" BRUTAL',0,185,25,316,1545897452),(2696,'trade_offer_data_object_2696','Джинсы \"Peter\" BRUTAL',0,185,25,317,1545897455),(2697,'trade_offer_data_object_2697','Джинсы \"Peter\" BRUTAL',0,185,25,318,1545897459),(2698,'trade_offer_data_object_2698','Джинсы \"Peter\" BRUTAL',0,185,25,319,1545897557),(2699,'trade_offer_data_object_2699','Джинсы \"Peter\" BRUTAL',0,185,25,320,1545897561),(2700,'trade_offer_data_object_2700','Джинсы \"Peter\" BRUTAL',0,185,25,321,1545897564),(2701,'trade_offer_data_object_2701','Джинсы \"Peter\" BRUTAL',0,185,25,322,1545897567),(2702,'trade_offer_data_object_2702','Джинсы KEKKER classic',0,185,25,323,1545897799),(2703,'trade_offer_data_object_2703','Джинсы KEKKER classic',0,185,25,324,1545897803),(2704,'trade_offer_data_object_2704','Джинсы KEKKER classic',0,185,25,325,1545897807),(2705,'trade_offer_data_object_2705','Джинсы KEKKER classic',0,185,25,326,1545897812),(2706,'trade_offer_data_object_2706','Джинсы KEKKER classic',0,185,25,327,1545897895),(2707,'trade_offer_data_object_2707','Джинсы KEKKER classic',0,185,25,328,1545897899),(2708,'trade_offer_data_object_2708','Джинсы KEKKER classic',0,185,25,329,1545897902),(2709,'trade_offer_data_object_2709','Джинсы KEKKER classic',0,185,25,330,1545897906),(2710,'trade_offer_data_object_2710','Джинсы JOHN DEVIN',0,185,25,331,1545898105),(2711,'trade_offer_data_object_2711','Джинсы JOHN DEVIN',0,185,25,332,1545898109),(2712,'trade_offer_data_object_2712','Джинсы JOHN DEVIN',0,185,25,333,1545898112),(2713,'trade_offer_data_object_2713','Джинсы JOHN DEVIN',0,185,25,334,1545898117),(2714,'trade_offer_data_object_2714','Джинсы JOHN DEVIN',0,185,25,335,1545898208),(2715,'trade_offer_data_object_2715','Джинсы JOHN DEVIN',0,185,25,336,1545898212),(2716,'trade_offer_data_object_2716','Джинсы JOHN DEVIN',0,185,25,337,1545898215),(2717,'trade_offer_data_object_2717','Джинсы JOHN DEVIN',0,185,25,338,1545898218),(2718,'trade_offer_data_object_2718','Джинсы JOHN DEVIN strong',0,185,25,339,1545898910),(2719,'trade_offer_data_object_2719','Джинсы JOHN DEVIN strong',0,185,25,340,1545898914),(2720,'trade_offer_data_object_2720','Джинсы JOHN DEVIN strong',0,185,25,341,1545898917),(2721,'trade_offer_data_object_2721','Джинсы JOHN DEVIN strong',0,185,25,342,1545898924),(2722,'trade_offer_data_object_2722','Джинсы JOHN DEVIN strong',0,185,25,343,1545899028),(2723,'trade_offer_data_object_2723','Джинсы JOHN DEVIN strong',0,185,25,344,1545899032),(2724,'trade_offer_data_object_2724','Джинсы JOHN DEVIN strong',0,185,25,345,1545899035),(2725,'trade_offer_data_object_2725','Джинсы JOHN DEVIN strong',0,185,25,346,1545899037),(2726,'trade_offer_data_object_2726','Intuition  Women\'s Road',0,177,25,347,1545899647),(2727,'trade_offer_data_object_2727','Intuition  Women\'s Road',0,177,25,348,1545899649),(2728,'trade_offer_data_object_2728','Intuition  Women\'s Road',0,177,25,349,1545899652),(2729,'trade_offer_data_object_2729','Intuition  Women\'s Road',0,177,25,350,1545899654),(2730,'trade_offer_data_object_2730','Intuition  Women\'s Road',0,177,25,351,1545899736),(2731,'','Shimano',0,224,25,1,1545899553),(2732,'','Sram',0,224,25,2,1545899562),(2733,'','22',0,225,25,1,1545899585),(2734,'','26',0,225,25,2,1545899591),(2735,'','28',0,225,25,3,1545899597),(2736,'','29',0,225,25,4,1545899603),(2737,'trade_offer_data_object_2737','Intuition  Women\'s Road',0,177,25,352,1545899739),(2738,'trade_offer_data_object_2738','Intuition  Women\'s Road',0,177,25,353,1545899741),(2739,'trade_offer_data_object_2739','Intuition  Women\'s Road',0,177,25,354,1545899743),(2740,'trade_offer_data_object_2740','Велосипед Carrera Virtuoso Road Bike',0,177,25,355,1545899880),(2741,'trade_offer_data_object_2741','Велосипед Carrera Virtuoso Road Bike',0,177,25,356,1545899884),(2742,'trade_offer_data_object_2742','Велосипед Carrera Virtuoso Road Bike',0,177,25,357,1545899890),(2743,'trade_offer_data_object_2743','Велосипед Carrera Virtuoso Road Bike',0,177,25,358,1545899893),(2744,'trade_offer_data_object_2744','Велосипед Carrera Virtuoso Road Bike',0,177,25,359,1545899982),(2745,'trade_offer_data_object_2745','Велосипед Carrera Virtuoso Road Bike',0,177,25,359,1545899895),(2746,'trade_offer_data_object_2746','Велосипед Carrera Virtuoso Road Bike',0,177,25,360,1545899896),(2747,'trade_offer_data_object_2747','Велосипед Carrera Virtuoso Road Bike',0,177,25,360,1545899984),(2748,'trade_offer_data_object_2748','Велосипед Carrera Virtuoso Road Bike',0,177,25,361,1545899988),(2749,'trade_offer_data_object_2749','Велосипед Carrera Virtuoso Road Bike',0,177,25,361,1545899897),(2750,'trade_offer_data_object_2750','Велосипед Carrera Virtuoso Road Bike',0,177,25,362,1545899990),(2751,'trade_offer_data_object_2751','Велосипед Carrera Virtuoso Road Bike',0,177,25,363,1545899898),(2752,'trade_offer_data_object_2752','Boardman CX Comp Bike',0,177,25,364,1545900143),(2753,'trade_offer_data_object_2753','Boardman CX Comp Bike',0,177,25,365,1545900145),(2754,'trade_offer_data_object_2754','Boardman CX Comp Bike',0,177,25,366,1545900148),(2755,'trade_offer_data_object_2755','Boardman CX Comp Bike',0,177,25,367,1545900151),(2756,'trade_offer_data_object_2756','Boardman CX Comp Bike',0,177,25,368,1545900237),(2757,'trade_offer_data_object_2757','Boardman CX Comp Bike',0,177,25,369,1545900239),(2758,'trade_offer_data_object_2758','Boardman CX Comp Bike',0,177,25,370,1545900242),(2759,'trade_offer_data_object_2759','Boardman CX Comp Bike',0,177,25,371,1545900245),(2760,'trade_offer_data_object_2760','Paradox Bike',0,177,25,372,1545900383),(2761,'trade_offer_data_object_2761','Paradox Bike',0,177,25,373,1545900385),(2762,'trade_offer_data_object_2762','Paradox Bike',0,177,25,374,1545900388),(2763,'trade_offer_data_object_2763','Paradox Bike',0,177,25,375,1545900392),(2764,'trade_offer_data_object_2764','Paradox Bike',0,177,25,376,1545900471),(2765,'trade_offer_data_object_2765','Paradox Bike',0,177,25,377,1545900472),(2766,'trade_offer_data_object_2766','Paradox Bike',0,177,25,378,1545900475),(2767,'trade_offer_data_object_2767','Paradox Bike',0,177,25,379,1545900480),(2768,'trade_offer_data_object_2768','Велосипед Mizani AR1 Womens Road Bike',0,177,25,380,1545900597),(2769,'trade_offer_data_object_2769','Велосипед Mizani AR1 Womens Road Bike',0,177,25,381,1545900599),(2770,'trade_offer_data_object_2770','Велосипед Mizani AR1 Womens Road Bike',0,177,25,382,1545900601),(2771,'trade_offer_data_object_2771','Велосипед Mizani AR1 Womens Road Bike',0,177,25,383,1545900605),(2772,'trade_offer_data_object_2772','Велосипед Mizani AR1 Womens Road Bike',0,177,25,384,1545900684),(2773,'trade_offer_data_object_2773','Велосипед Mizani AR1 Womens Road Bike',0,177,25,385,1545900686),(2774,'trade_offer_data_object_2774','Велосипед Mizani AR1 Womens Road Bike',0,177,25,386,1545900688),(2775,'trade_offer_data_object_2775','Велосипед Mizani AR1 Womens Road Bike',0,177,25,387,1545900692),(2776,'trade_offer_data_object_2776','Laura Trott RD 2 Women\'s Road Bike',0,177,25,388,1545900818),(2777,'trade_offer_data_object_2777','Laura Trott RD 2 Women\'s Road Bike',0,177,25,389,1545900820),(2778,'trade_offer_data_object_2778','Laura Trott RD 2 Women\'s Road Bike',0,177,25,390,1545900822),(2779,'trade_offer_data_object_2779','Laura Trott RD 2 Women\'s Road Bike',0,177,25,391,1545900825),(2780,'trade_offer_data_object_2780','Laura Trott RD 2 Women\'s Road Bike',0,177,25,392,1545900907),(2781,'trade_offer_data_object_2781','Laura Trott RD 2 Women\'s Road Bike',0,177,25,393,1545900909),(2782,'trade_offer_data_object_2782','Laura Trott RD 2 Women\'s Road Bike',0,177,25,394,1545900911),(2783,'trade_offer_data_object_2783','Laura Trott RD 2 Women\'s Road Bike',0,177,25,395,1545900914),(2784,'trade_offer_data_object_2784','VooDoo Zobop Full Suspension Mountain Bike',0,177,25,396,1545901031),(2785,'trade_offer_data_object_2785','VooDoo Zobop Full Suspension Mountain Bike',0,177,25,397,1545901035),(2786,'trade_offer_data_object_2786','VooDoo Zobop Full Suspension Mountain Bike',0,177,25,398,1545901038),(2787,'trade_offer_data_object_2787','VooDoo Zobop Full Suspension Mountain Bike',0,177,25,399,1545901041),(2788,'trade_offer_data_object_2788','VooDoo Zobop Full Suspension Mountain Bike',0,177,25,400,1545901119),(2789,'trade_offer_data_object_2789','VooDoo Zobop Full Suspension Mountain Bike',0,177,25,401,1545901121),(2790,'trade_offer_data_object_2790','VooDoo Zobop Full Suspension Mountain Bike',0,177,25,402,1545901123),(2791,'trade_offer_data_object_2791','VooDoo Zobop Full Suspension Mountain Bike',0,177,25,403,1545901126),(2793,'trade_offer_data_object_2793','Apollo Paradox Road Bike',0,177,25,404,1545901241),(2794,'trade_offer_data_object_2794','Apollo Paradox Road Bike',0,177,25,405,1545901244),(2795,'trade_offer_data_object_2795','Apollo Paradox Road Bike',0,177,25,406,1545901246),(2796,'trade_offer_data_object_2796','Apollo Paradox Road Bike',0,177,25,407,1545901248),(2797,'trade_offer_data_object_2797','Apollo Paradox Road Bike',0,177,25,408,1545901332),(2798,'trade_offer_data_object_2798','Apollo Paradox Road Bike',0,177,25,409,1545901334),(2799,'trade_offer_data_object_2799','Apollo Paradox Road Bike',0,177,25,410,1545901336),(2800,'trade_offer_data_object_2800','Apollo Paradox Road Bike',0,177,25,411,1545901339),(2801,'trade_offer_data_object_2801','Oldman RZ Comp',0,177,25,412,1545901466),(2802,'trade_offer_data_object_2802','Oldman RZ Comp',0,177,25,413,1545901468),(2803,'trade_offer_data_object_2803','Oldman RZ Comp',0,177,25,414,1545901470),(2804,'trade_offer_data_object_2804','Oldman RZ Comp',0,177,25,415,1545901473),(2805,'trade_offer_data_object_2805','Oldman RZ Comp',0,177,25,416,1545901551),(2806,'trade_offer_data_object_2806','Oldman RZ Comp',0,177,25,417,1545901553),(2807,'trade_offer_data_object_2807','Oldman RZ Comp',0,177,25,418,1545901555),(2808,'trade_offer_data_object_2808','Oldman RZ Comp',0,177,25,419,1545901558),(2809,'trade_offer_data_object_2809','Trott RD',0,177,25,420,1545901660),(2810,'trade_offer_data_object_2810','Trott RD',0,177,25,421,1545901662),(2811,'trade_offer_data_object_2811','Trott RD',0,177,25,422,1545901665),(2812,'trade_offer_data_object_2812','Trott RD',0,177,25,423,1545901667),(2813,'trade_offer_data_object_2813','Trott RD',0,177,25,424,1545901737),(2814,'trade_offer_data_object_2814','Trott RD',0,177,25,425,1545901738),(2815,'trade_offer_data_object_2815','Trott RD',0,177,25,426,1545901741),(2816,'trade_offer_data_object_2816','Trott RD',0,177,25,427,1545901743),(2817,'trade_offer_data_object_2817',' CX Comp Bike',0,177,25,428,1545901840),(2818,'trade_offer_data_object_2818',' CX Comp Bike',0,177,25,429,1545901842),(2819,'trade_offer_data_object_2819',' CX Comp Bike',0,177,25,430,1545901844),(2820,'trade_offer_data_object_2820',' CX Comp Bike',0,177,25,431,1545901847),(2821,'trade_offer_data_object_2821',' CX Comp Bike',0,177,25,432,1545901920),(2822,'trade_offer_data_object_2822',' CX Comp Bike',0,177,25,433,1545901923),(2823,'trade_offer_data_object_2823',' CX Comp Bike',0,177,25,434,1545901926),(2824,'trade_offer_data_object_2824',' CX Comp Bike',0,177,25,435,1545901928),(2825,'trade_offer_data_object_2825','AR1 Road Bike',0,177,25,436,1545902038),(2826,'trade_offer_data_object_2826','AR1 Road Bike',0,177,25,437,1545902040),(2827,'trade_offer_data_object_2827','AR1 Road Bike',0,177,25,438,1545902042),(2828,'trade_offer_data_object_2828','AR1 Road Bike',0,177,25,439,1545902045),(2829,'trade_offer_data_object_2829','AR1 Road Bike',0,177,25,440,1545902122),(2830,'trade_offer_data_object_2830','AR1 Road Bike',0,177,25,441,1545902126),(2831,'trade_offer_data_object_2831','AR1 Road Bike',0,177,25,442,1545902130),(2832,'trade_offer_data_object_2832','AR1 Road Bike',0,177,25,443,1545902132),(2833,'trade_offer_data_object_2833',' Zobop  Mountain ',0,177,25,444,1545902228),(2834,'trade_offer_data_object_2834',' Zobop  Mountain ',0,177,25,445,1545902229),(2835,'trade_offer_data_object_2835',' Zobop  Mountain ',0,177,25,446,1545902232),(2836,'trade_offer_data_object_2836',' Zobop  Mountain ',0,177,25,447,1545902234),(2837,'trade_offer_data_object_2837',' Zobop  Mountain ',0,177,25,448,1545902315),(2838,'trade_offer_data_object_2838',' Zobop  Mountain ',0,177,25,449,1545902317),(2839,'trade_offer_data_object_2839',' Zobop  Mountain ',0,177,25,450,1545902319),(2840,'trade_offer_data_object_2840',' Zobop  Mountain ',0,177,25,451,1545902322),(2841,'trade_offer_data_object_2841','Intuition Lambda Women\'s Road Bike',0,177,25,452,1545902413),(2842,'trade_offer_data_object_2842','Intuition Lambda Women\'s Road Bike',0,177,25,453,1545902417),(2843,'trade_offer_data_object_2843','Intuition Lambda Women\'s Road Bike',0,177,25,454,1545902420),(2844,'trade_offer_data_object_2844','Intuition Lambda Women\'s Road Bike',0,177,25,455,1545902423),(2845,'trade_offer_data_object_2845','Intuition Lambda Women\'s Road Bike',0,177,25,456,1545902524),(2846,'trade_offer_data_object_2846','Intuition Lambda Women\'s Road Bike',0,177,25,457,1545902526),(2847,'trade_offer_data_object_2847','Intuition Lambda Women\'s Road Bike',0,177,25,458,1545902529),(2848,'trade_offer_data_object_2848','Intuition Lambda Women\'s Road Bike',0,177,25,459,1545902531),(2849,'trade_offer_data_object_2849','Suspension Mountain Bike',0,177,25,460,1545902631),(2850,'trade_offer_data_object_2850','Suspension Mountain Bike',0,177,25,461,1545902635),(2851,'trade_offer_data_object_2851','Suspension Mountain Bike',0,177,25,462,1545902637),(2852,'trade_offer_data_object_2852','Suspension Mountain Bike',0,177,25,463,1545902640),(2853,'trade_offer_data_object_2853','Suspension Mountain Bike',0,177,25,464,1545902718),(2854,'trade_offer_data_object_2854','Suspension Mountain Bike',0,177,25,465,1545902721),(2855,'trade_offer_data_object_2855','Suspension Mountain Bike',0,177,25,466,1545902724),(2856,'trade_offer_data_object_2856','Suspension Mountain Bike',0,177,25,467,1545902726),(2857,'trade_offer_data_object_2857','духовка газовая RGO-610BL',0,202,25,468,1545904067),(2858,'','включена в заказ',0,228,25,1,1545903515),(2859,'','не включена в заказ',0,228,25,2,1545903523),(2860,'','включена в заказ',0,229,25,1,1545903554),(2861,'','не включена в заказ',0,229,25,2,1545903561),(2862,'','1 год',0,153,25,2,1545903614),(2863,'','3 года',0,153,25,3,1545903622),(2864,'','7 лет',0,153,25,4,1545903632),(2865,'','Черный металлик',0,124,25,28,1545903691),(2866,'','Серый металлик',0,124,25,29,1545903700),(2867,'trade_offer_data_object_2867','духовка газовая RGO-610BL',0,202,25,469,1545904060),(2868,'','178.16.152.254',0,83,46,22,1545904152),(2869,'',NULL,0,50,0,24,1545904152),(2870,'','Trott RD Shimano22',0,41,0,43,1545904152),(2871,'trade_offer_data_object_2871','духовка газовая RGO-610BL',0,202,25,470,1545904989),(2872,'trade_offer_data_object_2872','духовка газовая RGO-610BL',0,202,25,471,1545904995),(2873,'trade_offer_data_object_2873','духовка газовая RGO-610BL',0,202,25,472,1545905000),(2874,'trade_offer_data_object_2874','духовка газовая RGO-610BL',0,202,25,473,1545905003),(2875,'trade_offer_data_object_2875','духовка газовая RGO-610BL',0,202,25,474,1545905007),(2876,'trade_offer_data_object_2876','духовка газовая RGO-610BL',0,202,25,475,1545905010),(2877,'trade_offer_data_object_2877','духовка газовая RGO-610BL',0,202,25,476,1545905016),(2878,'trade_offer_data_object_2878','духовка газовая RGO-610BL',0,202,25,477,1545905042),(2879,'trade_offer_data_object_2879','духовка газовая RGO-610BL',0,202,25,478,1545905045),(2880,'trade_offer_data_object_2880','духовка газовая RGO-610BL',0,202,25,479,1545905049),(2881,'trade_offer_data_object_2881','духовка газовая RGO-610BL',0,202,25,480,1545905052),(2882,'trade_offer_data_object_2882','духовка газовая RGO-610BL',0,202,25,481,1545905056),(2883,'trade_offer_data_object_2883','духовка газовая RGO-610BL',0,202,25,482,1545905060),(2884,'trade_offer_data_object_2884','духовка газовая RGO-610BL',0,202,25,483,1545905063),(2885,'trade_offer_data_object_2885','Электрический духовой шкаф Hansa BOEW68077',0,202,25,484,1545908288),(2886,'trade_offer_data_object_2886','Электрический духовой шкаф Hansa BOEW68077',0,202,25,485,1545907045),(2887,'trade_offer_data_object_2887','Электрический духовой шкаф Hansa BOEW68077',0,202,25,484,1545907507),(2888,'trade_offer_data_object_2888','Электрический духовой шкаф Hansa BOEW68077',0,202,25,484,1545908291),(2889,'trade_offer_data_object_2889','Электрический духовой шкаф Hansa BOEW68077',0,202,25,484,1545907512),(2890,'trade_offer_data_object_2890','Электрический духовой шкаф Hansa BOEW68077',0,202,25,484,1545908294),(2891,'trade_offer_data_object_2891','Электрический духовой шкаф Hansa BOEW68077',0,202,25,484,1545907517),(2892,'trade_offer_data_object_2892','Электрический духовой шкаф Hansa BOEW68077',0,202,25,484,1545908298),(2893,'trade_offer_data_object_2893','Электрический духовой шкаф Hansa BOEW68077',0,202,25,484,1545907521),(2894,'trade_offer_data_object_2894','Электрический духовой шкаф Hansa BOEW68077',0,202,25,484,1545908301),(2895,'trade_offer_data_object_2895','Электрический духовой шкаф Hansa BOEW68077',0,202,25,484,1545907524),(2896,'trade_offer_data_object_2896','Электрический духовой шкаф Hansa BOEW68077',0,202,25,484,1545908305),(2897,'trade_offer_data_object_2897','Электрический духовой шкаф Hansa BOEW68077',0,202,25,484,1545907528),(2898,'trade_offer_data_object_2898','Электрический духовой шкаф Hansa BOEW68077',0,202,25,484,1545908308),(2899,'trade_offer_data_object_2899','Электрический духовой шкаф Hansa BOEW68077',0,202,25,484,1545907538),(2900,'trade_offer_data_object_2900','Электрический духовой шкаф Hansa BOEW68077',0,202,25,484,1545908311),(2901,'trade_offer_data_object_2901','Электрический духовой шкаф Hansa BOEW68077',0,202,25,484,1545907558),(2902,'trade_offer_data_object_2902','Электрический духовой шкаф Hansa BOES68077',0,202,25,486,1545908330),(2903,'trade_offer_data_object_2903','Электрический духовой шкаф Hansa BOES68077',0,202,25,486,1545908192),(2904,'trade_offer_data_object_2904','Электрический духовой шкаф Hansa BOES68077',0,202,25,486,1545908344),(2905,'trade_offer_data_object_2905','Электрический духовой шкаф Hansa BOES68077',0,202,25,486,1545908196),(2906,'trade_offer_data_object_2906','Электрический духовой шкаф Hansa BOES68077',0,202,25,486,1545908340),(2907,'trade_offer_data_object_2907','Электрический духовой шкаф Hansa BOES68077',0,202,25,486,1545908201),(2908,'trade_offer_data_object_2908','Электрический духовой шкаф Hansa BOES68077',0,202,25,486,1545908348),(2909,'trade_offer_data_object_2909','Электрический духовой шкаф Hansa BOES68077',0,202,25,486,1545908205),(2910,'trade_offer_data_object_2910','Электрический духовой шкаф Hansa BOES68077',0,202,25,486,1545908352),(2911,'trade_offer_data_object_2911','Электрический духовой шкаф Hansa BOES68077',0,202,25,486,1545908208),(2912,'trade_offer_data_object_2912','Электрический духовой шкаф Hansa BOES68077',0,202,25,486,1545908355),(2913,'trade_offer_data_object_2913','Электрический духовой шкаф Hansa BOES68077',0,202,25,486,1545908212),(2914,'trade_offer_data_object_2914','Электрический духовой шкаф Hansa BOES68077',0,202,25,486,1545908359),(2915,'trade_offer_data_object_2915','Электрический духовой шкаф Hansa BOES68077',0,202,25,486,1545908215),(2916,'trade_offer_data_object_2916','Электрический духовой шкаф Hansa BOES68077',0,202,25,486,1545907674),(2917,'trade_offer_data_object_2917','Электрический духовой шкаф Hansa BOES68077',0,202,25,486,1545907674),(2918,'trade_offer_data_object_2918','Электрический духовой шкаф Hansa BOES68077',0,202,25,486,1545908362),(2919,'trade_offer_data_object_2919','Электрический духовой шкаф Hansa BOES68077',0,202,25,486,1545907674),(2920,'trade_offer_data_object_2920','Электрический духовой шкаф Hansa BOES68077',0,202,25,486,1545908219),(2921,'trade_offer_data_object_2921','Электрический духовой шкаф Hansa BOES68077',0,202,25,486,1545907674),(2922,'trade_offer_data_object_2922','Электрический духовой шкаф Hansa BOES68077',0,202,25,486,1545907674),(2923,'trade_offer_data_object_2923','Электрический духовой шкаф Hansa BOES68077',0,202,25,486,1545907674),(2924,'trade_offer_data_object_2924','Электрический духовой шкаф Hansa BOES68077',0,202,25,486,1545907674),(2925,'trade_offer_data_object_2925','Электрический духовой шкаф Hansa BOES68077',0,202,25,486,1545907674),(2926,'trade_offer_data_object_2926','Электрический духовой шкаф Hansa BOES68077',0,202,25,486,1545907674),(2927,'trade_offer_data_object_2927','Электрический духовой шкаф Hansa BOES68077',0,202,25,486,1545907674),(2928,'trade_offer_data_object_2928','Электрический духовой шкаф Hansa BOES68077',0,202,25,486,1545907674),(2929,'trade_offer_data_object_2929','Электрический духовой шкаф Hansa BOES68077',0,202,25,486,1545907674),(2930,'trade_offer_data_object_2930','Электрический духовой шкаф Hansa BOES68077',0,202,25,486,1545907674),(2931,'trade_offer_data_object_2931','Электрический духовой шкаф Hansa BOES68077',0,202,25,486,1545907674),(2932,'trade_offer_data_object_2932','Электрический духовой шкаф Hansa BOES68077',0,202,25,486,1545907674),(2933,'trade_offer_data_object_2933','Электрический духовой шкаф Hansa BOES68077',0,202,25,486,1545907674),(2934,'trade_offer_data_object_2934','Электрический духовой шкаф Hansa BOES68077',0,202,25,486,1545907674),(2935,'trade_offer_data_object_2935','Электрический духовой шкаф Hansa BOES68077',0,202,25,486,1545907674),(2936,'trade_offer_data_object_2936','Электрический духовой шкаф Hansa BOES68077',0,202,25,486,1545907674),(2937,'trade_offer_data_object_2937','Электрический духовой шкаф Hansa BOES68077',0,202,25,486,1545907674),(2938,'trade_offer_data_object_2938','Электрический духовой шкаф Hansa BOES68077',0,202,25,486,1545907674),(2939,'trade_offer_data_object_2939','Электрический духовой шкаф Hansa BOES68077',0,202,25,486,1545907674),(2940,'trade_offer_data_object_2940','Электрический духовой шкаф Hansa BOES68077',0,202,25,486,1545907674),(2941,'trade_offer_data_object_2941','Электрический духовой шкаф Hansa BOES68077',0,202,25,486,1545907674),(2942,'trade_offer_data_object_2942','Электрический духовой шкаф Hansa BOES68077',0,202,25,486,1545907674),(2943,'trade_offer_data_object_2943','Клетка InterZoo LUNA, 45х28х42.5 см',0,200,25,487,1545907800),(2944,'trade_offer_data_object_2944','Клетка InterZoo LUNA, 45х28х42.5 см',0,200,25,487,1545907800),(2945,'trade_offer_data_object_2945','Клетка InterZoo LUNA, 45х28х42.5 см',0,200,25,487,1545907800),(2946,'trade_offer_data_object_2946','Клетка InterZoo LUNA, 45х28х42.5 см',0,200,25,487,1545907800),(2947,'trade_offer_data_object_2947','Клетка InterZoo LUNA, 45х28х42.5 см',0,200,25,487,1545907800),(2948,'trade_offer_data_object_2948','Клетка InterZoo LUNA, 45х28х42.5 см',0,200,25,487,1545907800),(2949,'trade_offer_data_object_2949','Электрический духовой шкаф Bosch Serie | 6 HBA23B351R',0,202,25,488,1545908535),(2950,'trade_offer_data_object_2950','Электрический духовой шкаф Bosch Serie | 6 HBA23B351R',0,202,25,488,1545908794),(2951,'trade_offer_data_object_2951','Электрический духовой шкаф Bosch Serie | 6 HBA23B351R',0,202,25,488,1545908555),(2952,'trade_offer_data_object_2952','Электрический духовой шкаф Bosch Serie | 6 HBA23B351R',0,202,25,488,1545908801),(2953,'trade_offer_data_object_2953','Электрический духовой шкаф Bosch Serie | 6 HBA23B351R',0,202,25,488,1545908579),(2954,'trade_offer_data_object_2954','Электрический духовой шкаф Bosch Serie | 6 HBA23B351R',0,202,25,488,1545908805),(2955,'trade_offer_data_object_2955','Электрический духовой шкаф Bosch Serie | 6 HBA23B351R',0,202,25,488,1545908601),(2956,'trade_offer_data_object_2956','Электрический духовой шкаф Bosch Serie | 6 HBA23B351R',0,202,25,488,1545908810),(2957,'trade_offer_data_object_2957','Электрический духовой шкаф Bosch Serie | 6 HBA23B351R',0,202,25,488,1545908629),(2958,'trade_offer_data_object_2958','Электрический духовой шкаф Bosch Serie | 6 HBA23B351R',0,202,25,488,1545908815),(2959,'trade_offer_data_object_2959','Электрический духовой шкаф Bosch Serie | 6 HBA23B351R',0,202,25,488,1545908657),(2960,'trade_offer_data_object_2960','Электрический духовой шкаф Bosch Serie | 6 HBA23B351R',0,202,25,488,1545908819),(2961,'trade_offer_data_object_2961','Электрический духовой шкаф Bosch Serie | 6 HBA23B351R',0,202,25,488,1545908681),(2962,'trade_offer_data_object_2962','Электрический духовой шкаф Bosch Serie | 6 HBA23B351R',0,202,25,488,1545908823),(2963,'trade_offer_data_object_2963','Электрический духовой шкаф Bosch Serie | 6 HBA23B351R',0,202,25,488,1545908706),(2964,'trade_offer_data_object_2964','Электрический духовой шкаф Bosch Serie | 6 HBA23B351R',0,202,25,488,1545908411),(2965,'trade_offer_data_object_2965','Электрический духовой шкаф Bosch Serie | 6 HBA23B351R',0,202,25,488,1545908827),(2966,'trade_offer_data_object_2966','Электрический духовой шкаф Bosch Serie | 6 HBA23B351R',0,202,25,488,1545908411),(2967,'trade_offer_data_object_2967','Электрический духовой шкаф Bosch Serie | 6 HBA23B351R',0,202,25,488,1545908411),(2968,'trade_offer_data_object_2968','Электрический духовой шкаф Bosch Serie | 6 HBA23B351R',0,202,25,488,1545908411),(2969,'trade_offer_data_object_2969','Электрический духовой шкаф Bosch Serie | 6 HBA23B351R',0,202,25,488,1545908411),(2970,'trade_offer_data_object_2970','Электрический духовой шкаф Samsung NV70K2340RS',0,202,25,489,1545909068),(2971,'trade_offer_data_object_2971','Электрический духовой шкаф Samsung NV70K2340RS',0,202,25,489,1545909292),(2972,'trade_offer_data_object_2972','Электрический духовой шкаф Samsung NV70K2340RS',0,202,25,489,1545909085),(2973,'trade_offer_data_object_2973','Электрический духовой шкаф Samsung NV70K2340RS',0,202,25,489,1545909296),(2974,'trade_offer_data_object_2974','Электрический духовой шкаф Samsung NV70K2340RS',0,202,25,489,1545909105),(2975,'trade_offer_data_object_2975','Электрический духовой шкаф Samsung NV70K2340RS',0,202,25,489,1545909300),(2976,'trade_offer_data_object_2976','Электрический духовой шкаф Samsung NV70K2340RS',0,202,25,489,1545909125),(2977,'trade_offer_data_object_2977','Электрический духовой шкаф Samsung NV70K2340RS',0,202,25,489,1545909304),(2978,'trade_offer_data_object_2978','Электрический духовой шкаф Samsung NV70K2340RS',0,202,25,489,1545909146),(2979,'trade_offer_data_object_2979','Электрический духовой шкаф Samsung NV70K2340RS',0,202,25,489,1545909308),(2980,'trade_offer_data_object_2980','Электрический духовой шкаф Samsung NV70K2340RS',0,202,25,489,1545909169),(2981,'trade_offer_data_object_2981','Электрический духовой шкаф Samsung NV70K2340RS',0,202,25,489,1545909313),(2982,'trade_offer_data_object_2982','Электрический духовой шкаф Samsung NV70K2340RS',0,202,25,489,1545909196),(2983,'trade_offer_data_object_2983','Электрический духовой шкаф Samsung NV70K2340RS',0,202,25,489,1545909321),(2984,'trade_offer_data_object_2984','Электрический духовой шкаф Samsung NV70K2340RS',0,202,25,489,1545909216),(2985,'trade_offer_data_object_2985','Электрический духовой шкаф Samsung NV70K2340RS',0,202,25,489,1545909326),(2986,'trade_offer_data_object_2986','Встраиваемый электрический духовой шкаф Asko OP 8478 G',0,202,25,490,1545909642),(2987,'trade_offer_data_object_2987','Встраиваемый электрический духовой шкаф Asko OP 8478 G',0,202,25,490,1545909880),(2988,'trade_offer_data_object_2988','Встраиваемый электрический духовой шкаф Asko OP 8478 G',0,202,25,490,1545909664),(2989,'trade_offer_data_object_2989','Встраиваемый электрический духовой шкаф Asko OP 8478 G',0,202,25,490,1545909884),(2990,'trade_offer_data_object_2990','Встраиваемый электрический духовой шкаф Asko OP 8478 G',0,202,25,490,1545909687),(2991,'trade_offer_data_object_2991','Встраиваемый электрический духовой шкаф Asko OP 8478 G',0,202,25,490,1545909889),(2992,'trade_offer_data_object_2992','Встраиваемый электрический духовой шкаф Asko OP 8478 G',0,202,25,490,1545909709),(2993,'trade_offer_data_object_2993','Встраиваемый электрический духовой шкаф Asko OP 8478 G',0,202,25,490,1545909892),(2994,'trade_offer_data_object_2994','Встраиваемый электрический духовой шкаф Asko OP 8478 G',0,202,25,490,1545909752),(2995,'trade_offer_data_object_2995','Встраиваемый электрический духовой шкаф Asko OP 8478 G',0,202,25,490,1545909896),(2996,'trade_offer_data_object_2996','Встраиваемый электрический духовой шкаф Asko OP 8478 G',0,202,25,490,1545909521),(2997,'trade_offer_data_object_2997','Встраиваемый электрический духовой шкаф Asko OP 8478 G',0,202,25,490,1545909521),(2998,'trade_offer_data_object_2998','Встраиваемый электрический духовой шкаф Asko OP 8478 G',0,202,25,490,1545909796),(2999,'trade_offer_data_object_2999','Встраиваемый электрический духовой шкаф Asko OP 8478 G',0,202,25,490,1545909901),(3000,'trade_offer_data_object_3000','Встраиваемый электрический духовой шкаф Asko OP 8478 G',0,202,25,490,1545909817),(3001,'trade_offer_data_object_3001','Встраиваемый электрический духовой шкаф Asko OP 8478 G',0,202,25,490,1545909906),(3002,'trade_offer_data_object_3002','Встраиваемый электрический духовой шкаф Asko OP 8478 G',0,202,25,490,1545909850),(3003,'trade_offer_data_object_3003','Встраиваемый электрический духовой шкаф Asko OP 8478 G',0,202,25,490,1545909910),(3004,'trade_offer_data_object_3004','Встраиваемый электрический духовой шкаф Asko OP 8478 G',0,202,25,490,1545909521),(3005,'trade_offer_data_object_3005','Встраиваемый электрический духовой шкаф Asko OP 8478 G',0,202,25,490,1545909521),(3006,'trade_offer_data_object_3006','Встраиваемый электрический духовой шкаф Asko OP 8478 G',0,202,25,490,1545909521),(3007,'trade_offer_data_object_3007','Встраиваемый электрический духовой шкаф Darina 1V8 BDE 111707 Bg',0,202,25,491,1545910354),(3008,'trade_offer_data_object_3008','Встраиваемый электрический духовой шкаф Darina 1V8 BDE 111707 Bg',0,202,25,491,1545910687),(3009,'trade_offer_data_object_3009','Встраиваемый электрический духовой шкаф Darina 1V8 BDE 111707 Bg',0,202,25,491,1545910375),(3010,'trade_offer_data_object_3010','Встраиваемый электрический духовой шкаф Darina 1V8 BDE 111707 Bg',0,202,25,491,1545910693),(3011,'trade_offer_data_object_3011','Встраиваемый электрический духовой шкаф Darina 1V8 BDE 111707 Bg',0,202,25,491,1545910394),(3012,'trade_offer_data_object_3012','Встраиваемый электрический духовой шкаф Darina 1V8 BDE 111707 Bg',0,202,25,491,1545910708),(3013,'trade_offer_data_object_3013','Встраиваемый электрический духовой шкаф Darina 1V8 BDE 111707 Bg',0,202,25,491,1545910413),(3014,'trade_offer_data_object_3014','Встраиваемый электрический духовой шкаф Darina 1V8 BDE 111707 Bg',0,202,25,491,1545910716),(3015,'trade_offer_data_object_3015','Встраиваемый электрический духовой шкаф Darina 1V8 BDE 111707 Bg',0,202,25,491,1545910459),(3016,'trade_offer_data_object_3016','Встраиваемый электрический духовой шкаф Darina 1V8 BDE 111707 Bg',0,202,25,491,1545910721),(3017,'trade_offer_data_object_3017','Встраиваемый электрический духовой шкаф Darina 1V8 BDE 111707 Bg',0,202,25,491,1545910503),(3018,'trade_offer_data_object_3018','Встраиваемый электрический духовой шкаф Darina 1V8 BDE 111707 Bg',0,202,25,491,1545910724),(3019,'trade_offer_data_object_3019','Встраиваемый электрический духовой шкаф Darina 1V8 BDE 111707 Bg',0,202,25,491,1545910523),(3020,'trade_offer_data_object_3020','Встраиваемый электрический духовой шкаф Darina 1V8 BDE 111707 Bg',0,202,25,491,1545910166),(3021,'trade_offer_data_object_3021','Встраиваемый электрический духовой шкаф Darina 1V8 BDE 111707 Bg',0,202,25,491,1545910728),(3022,'trade_offer_data_object_3022','Встраиваемый электрический духовой шкаф Darina 1V8 BDE 111707 Bg',0,202,25,491,1545910556),(3023,'trade_offer_data_object_3023','Встраиваемый электрический духовой шкаф Darina 1V8 BDE 111707 Bg',0,202,25,491,1545910732),(3024,'trade_offer_data_object_3024','Встраиваемый электрический духовой шкаф Hotpoint-Ariston FI7 861 SH IC HA',0,202,25,492,1545911049),(3025,'trade_offer_data_object_3025','Встраиваемый электрический духовой шкаф Hotpoint-Ariston FI7 861 SH IC HA',0,202,25,492,1545911241),(3026,'trade_offer_data_object_3026','Встраиваемый электрический духовой шкаф Hotpoint-Ariston FI7 861 SH IC HA',0,202,25,492,1545911072),(3027,'trade_offer_data_object_3027','Встраиваемый электрический духовой шкаф Hotpoint-Ariston FI7 861 SH IC HA',0,202,25,492,1545911245),(3028,'trade_offer_data_object_3028','Встраиваемый электрический духовой шкаф Hotpoint-Ariston FI7 861 SH IC HA',0,202,25,492,1545911091),(3029,'trade_offer_data_object_3029','Встраиваемый электрический духовой шкаф Hotpoint-Ariston FI7 861 SH IC HA',0,202,25,492,1545911248),(3030,'trade_offer_data_object_3030','Встраиваемый электрический духовой шкаф Hotpoint-Ariston FI7 861 SH IC HA',0,202,25,492,1545911111),(3031,'trade_offer_data_object_3031','Встраиваемый электрический духовой шкаф Hotpoint-Ariston FI7 861 SH IC HA',0,202,25,492,1545911252),(3032,'trade_offer_data_object_3032','Встраиваемый электрический духовой шкаф Hotpoint-Ariston FI7 861 SH IC HA',0,202,25,492,1545911139),(3033,'trade_offer_data_object_3033','Встраиваемый электрический духовой шкаф Hotpoint-Ariston FI7 861 SH IC HA',0,202,25,492,1545911259),(3034,'trade_offer_data_object_3034','Встраиваемый электрический духовой шкаф Hotpoint-Ariston FI7 861 SH IC HA',0,202,25,492,1545911163),(3035,'trade_offer_data_object_3035','Встраиваемый электрический духовой шкаф Hotpoint-Ariston FI7 861 SH IC HA',0,202,25,492,1545911263),(3036,'trade_offer_data_object_3036','Встраиваемый электрический духовой шкаф Hotpoint-Ariston FI7 861 SH IC HA',0,202,25,492,1545911187),(3037,'trade_offer_data_object_3037','Встраиваемый электрический духовой шкаф Hotpoint-Ariston FI7 861 SH IC HA',0,202,25,492,1545911266),(3038,'trade_offer_data_object_3038','Встраиваемый электрический духовой шкаф Hotpoint-Ariston FI7 861 SH IC HA',0,202,25,492,1545911211),(3039,'trade_offer_data_object_3039','Встраиваемый электрический духовой шкаф Hotpoint-Ariston FI7 861 SH IC HA',0,202,25,492,1545911271),(3040,'trade_offer_data_object_3040','Наполнитель древесный Vitaline',0,180,25,493,1545912141),(3041,'','4.5 л',0,223,25,1,1545912017),(3042,'','15 л',0,223,25,2,1545912028),(3043,'trade_offer_data_object_3043','Наполнитель древесный Vitaline',0,180,25,493,1545912056),(3044,'','4.54 л',0,223,25,3,1545912265),(3045,'trade_offer_data_object_3045','Наполнитель древесный Барсик',0,180,25,494,1545912306),(3046,'trade_offer_data_object_3046','Наполнитель древесный Барсик',0,180,25,494,1545912321),(3047,'trade_offer_data_object_3047','Наполнитель впитывающий N1 NATUReL',0,180,25,495,1545912552),(3048,'','17.5 л',0,223,25,4,1545912568),(3049,'trade_offer_data_object_3049','Наполнитель впитывающий N1 NATUReL',0,180,25,495,1545912591),(3050,'','3 л',0,223,25,5,1545912742),(3051,'','10 л',0,223,25,6,1545912765),(3052,'trade_offer_data_object_3052','Наполнитель впитывающий Fresh Step',0,180,25,496,1545912830),(3053,'trade_offer_data_object_3053','Наполнитель впитывающий Fresh Step',0,180,25,496,1545912846),(3054,'','178.16.152.254',0,83,46,23,1547561314),(3055,'','178.16.152.254',0,83,46,24,1548850782),(3056,'','178.16.152.254',0,83,46,25,1549012427),(3057,'','178.16.152.254',0,83,46,26,1549270388),(3058,'exchange-export-yandex-turbo-pages','i18n::object-yandex-turbo-pages',0,35,0,9,1678706422),(3059,'','ДЖИНСЫ KEKKER ФАСОНА SLIM',0,41,25,44,1580911155),(3060,'emarket-order-payment-status-waiting','i18n::object-order-payment-status-waiting',1,45,0,6,1600680741),(3061,'emarket-order-payment-status-refund','i18n::object-order-payment-status-refund',1,45,0,7,1600680741),(3062,'','88.212.232.148',0,83,46,27,1605257992),(3063,'emarket-discountruletype-28247','i18n::object-promocode_discount',0,32,0,8,1605258285),(3065,'','212.32.208.17',0,83,46,28,1667986567),(3066,'social_networks-network-27915','i18n::object-vkontakte',0,118,25,1,1667987233),(3067,'','172.18.0.1',0,83,46,29,1678113885),(3068,'','85.143.144.93',0,83,46,30,1678971715);
/*!40000 ALTER TABLE `cms3_objects` ENABLE KEYS */;
UNLOCK TABLES;

--
-- Table structure for table `cms3_objects_expiration`
--

DROP TABLE IF EXISTS `cms3_objects_expiration`;
/*!40101 SET @saved_cs_client     = @@character_set_client */;
/*!50503 SET character_set_client = utf8mb4 */;
CREATE TABLE `cms3_objects_expiration` (
  `obj_id` int unsigned NOT NULL,
  `entrytime` int unsigned NOT NULL,
  `expire` int unsigned NOT NULL,
  PRIMARY KEY (`obj_id`),
  KEY `FK_ObjectsExpire to objects` (`obj_id`),
  KEY `entrytime` (`entrytime`,`expire`),
  CONSTRAINT `FK_ObjectsExpire to objects` FOREIGN KEY (`obj_id`) REFERENCES `cms3_objects` (`id`) ON DELETE CASCADE ON UPDATE CASCADE
) ENGINE=InnoDB DEFAULT CHARSET=utf8mb3;
/*!40101 SET character_set_client = @saved_cs_client */;

--
-- Dumping data for table `cms3_objects_expiration`
--

LOCK TABLES `cms3_objects_expiration` WRITE;
/*!40000 ALTER TABLE `cms3_objects_expiration` DISABLE KEYS */;
INSERT INTO `cms3_objects_expiration` VALUES (2868,1545904210,2678400),(3054,1547561796,2678400),(3055,1548862197,2678400),(3056,1549012548,2678400),(3057,1549270451,2678400),(3062,1605531897,2678400),(3065,1667987175,2678400),(3067,1678114597,2678400),(3068,1678971978,2678400);
/*!40000 ALTER TABLE `cms3_objects_expiration` ENABLE KEYS */;
UNLOCK TABLES;

--
-- Table structure for table `cms3_offer_list`
--

DROP TABLE IF EXISTS `cms3_offer_list`;
/*!40101 SET @saved_cs_client     = @@character_set_client */;
/*!50503 SET character_set_client = utf8mb4 */;
CREATE TABLE `cms3_offer_list` (
  `id` int unsigned NOT NULL AUTO_INCREMENT,
  `type_id` int unsigned NOT NULL,
  `data_object_id` int unsigned DEFAULT NULL,
  `name` varchar(255) DEFAULT NULL,
  `vendor_code` varchar(255) DEFAULT NULL,
  `bar_code` varchar(255) DEFAULT NULL,
  `total_count` bigint unsigned DEFAULT '0',
  `is_active` tinyint(1) DEFAULT '1',
  `order` bigint unsigned DEFAULT '0',
  `weight` bigint unsigned DEFAULT '0',
  `width` bigint unsigned DEFAULT '0',
  `length` bigint unsigned DEFAULT '0',
  `height` bigint unsigned DEFAULT '0',
  PRIMARY KEY (`id`),
  KEY `offer to type id` (`type_id`),
  KEY `offer to data object id` (`data_object_id`),
  CONSTRAINT `offer to data object id` FOREIGN KEY (`data_object_id`) REFERENCES `cms3_objects` (`id`) ON DELETE SET NULL ON UPDATE CASCADE,
  CONSTRAINT `offer to type id` FOREIGN KEY (`type_id`) REFERENCES `cms3_object_types` (`id`) ON DELETE CASCADE ON UPDATE CASCADE
) ENGINE=InnoDB AUTO_INCREMENT=404 DEFAULT CHARSET=utf8mb3;
/*!40101 SET character_set_client = @saved_cs_client */;

--
-- Dumping data for table `cms3_offer_list`
--

LOCK TABLES `cms3_offer_list` WRITE;
/*!40000 ALTER TABLE `cms3_offer_list` DISABLE KEYS */;
INSERT INTO `cms3_offer_list` VALUES (1,185,2593,'Джинсы черные 48-50','1-185',NULL,10,1,99,0,0,0,0),(2,185,2594,'Джинсы синие 48-50','2-185',NULL,10,1,200,0,0,0,0),(3,185,2595,'Джинсы серые 48-50','3-185',NULL,10,1,300,0,0,0,0),(4,185,2596,'Джинсы черные 50-52','4-185',NULL,10,1,199,0,0,0,0),(5,185,2597,'Джинсы черные 52-54','5-185',NULL,10,1,199,0,0,0,0),(6,185,2598,'Джинсы черные 54-56','6-185',NULL,10,1,199,0,0,0,0),(7,185,2599,'Джинсы синие 50-52','7-185',NULL,10,1,299,0,0,0,0),(8,185,2600,'Джинсы синие 52-54','8-185',NULL,10,1,299,0,0,0,0),(9,185,2601,'Джинсы синие 54-56','9-185',NULL,10,1,299,0,0,0,0),(10,185,2602,'Джинсы серые 50-52','10-185',NULL,10,1,400,0,0,0,0),(11,185,2603,'Джинсы серые 52-54','11-185',NULL,10,1,500,0,0,0,0),(12,185,2604,'Джинсы серые 54-56','12-185',NULL,10,1,600,0,0,0,0),(13,185,2634,'Джинсы черные S','13-185',NULL,5,1,700,0,0,0,0),(14,185,2639,'Джинсы черные L','14-185',NULL,5,1,800,0,0,0,0),(15,185,2640,'Джинсы синие XL','15-185',NULL,10,1,900,0,0,0,0),(16,185,2641,'Джинсы синие XXL','16-185',NULL,5,1,1000,0,0,0,0),(17,185,2642,'Джинсы черные XL','17-185',NULL,5,1,1100,0,0,0,0),(18,185,2643,'Джинсы черные XXL','18-185',NULL,5,1,1200,0,0,0,0),(19,185,2644,'Джинсы синие S','19-185',NULL,5,1,1300,0,0,0,0),(20,185,2645,'Джинсы синие L','20-185',NULL,5,1,1400,0,0,0,0),(21,185,2646,'Джинсы синие S','21-185',NULL,5,1,1500,0,0,0,0),(22,185,2647,'Джинсы синие L','22-185',NULL,5,1,1600,0,0,0,0),(23,185,2648,'Джинсы синие XL','23-185',NULL,5,1,1700,0,0,0,0),(24,185,2649,'Джинсы синие XXL','24-185',NULL,5,1,1800,0,0,0,0),(25,185,2650,'Джинсы черные S','25-185',NULL,5,1,1900,0,0,0,0),(26,185,2651,'Джинсы черные L','26-185',NULL,5,1,2000,0,0,0,0),(27,185,2652,'Джинсы черные XL','27-185',NULL,5,1,2100,0,0,0,0),(28,185,2653,'Джинсы черные XXL','28-185',NULL,5,1,2200,0,0,0,0),(29,185,2654,'ДЖИНСЫ синие S','29-185',NULL,5,1,2300,0,0,0,0),(30,185,2655,'ДЖИНСЫ синие L','30-185',NULL,5,1,2400,0,0,0,0),(31,185,2656,'ДЖИНСЫ синие XL','31-185',NULL,5,1,2500,0,0,0,0),(32,185,2657,'ДЖИНСЫ синие XXL','32-185',NULL,5,1,2600,0,0,0,0),(33,185,2658,'ДЖИНСЫ черные S','33-185',NULL,5,1,2700,0,0,0,0),(34,185,2659,'ДЖИНСЫ черные L','34-185',NULL,5,1,2800,0,0,0,0),(35,185,2660,'ДЖИНСЫ черные XL','35-185',NULL,5,1,2900,0,0,0,0),(36,185,2661,'ДЖИНСЫ черные XXL','36-185',NULL,5,1,3000,0,0,0,0),(37,185,2662,'ДЖИНСЫ синие S','37-185',NULL,5,1,3100,0,0,0,0),(38,185,2663,'ДЖИНСЫ синие L','38-185',NULL,5,1,3200,0,0,0,0),(39,185,2664,'ДЖИНСЫ синие XL','39-185',NULL,5,1,3300,0,0,0,0),(40,185,2665,'ДЖИНСЫ синие XXL','40-185',NULL,5,1,3400,0,0,0,0),(41,185,2666,'ДЖИНСЫ черные S','41-185',NULL,5,1,3500,0,0,0,0),(42,185,2667,'ДЖИНСЫ черные L','42-185',NULL,5,1,3600,0,0,0,0),(43,185,2668,'ДЖИНСЫ черные XL','43-185',NULL,5,1,3700,0,0,0,0),(44,185,2669,'ДЖИНСЫ черные XXL','44-185',NULL,5,1,3800,0,0,0,0),(45,185,2670,'ДЖИНСЫ синие S','45-185',NULL,5,1,3900,0,0,0,0),(46,185,2671,'ДЖИНСЫ синие L','46-185',NULL,5,1,4000,0,0,0,0),(47,185,2672,'ДЖИНСЫ синие XL','47-185',NULL,5,1,4100,0,0,0,0),(48,185,2673,'ДЖИНСЫ синие XXL','48-185',NULL,5,1,4200,0,0,0,0),(49,185,2674,'ДЖИНСЫ черные S','49-185',NULL,5,1,4300,0,0,0,0),(50,185,2675,'ДЖИНСЫ черные L','50-185',NULL,5,1,4400,0,0,0,0),(51,185,2676,'ДЖИНСЫ черные XL','51-185',NULL,5,1,4500,0,0,0,0),(52,185,2677,'ДЖИНСЫ черные XXL','52-185',NULL,5,1,4600,0,0,0,0),(53,185,2678,'ДЖИНСЫ синие S','53-185',NULL,5,1,4700,0,0,0,0),(54,185,2679,'ДЖИНСЫ синие L','54-185',NULL,5,1,4800,0,0,0,0),(55,185,2680,'ДЖИНСЫ синие XL','55-185',NULL,5,1,4900,0,0,0,0),(56,185,2681,'ДЖИНСЫ синие XXL','56-185',NULL,5,1,5000,0,0,0,0),(57,185,2682,'ДЖИНСЫ черный S','57-185',NULL,5,1,5100,0,0,0,0),(58,185,2683,'ДЖИНСЫ черный L','58-185',NULL,5,1,5200,0,0,0,0),(59,185,2684,'ДЖИНСЫ черный XL','59-185',NULL,5,1,5300,0,0,0,0),(60,185,2685,'ДЖИНСЫ черный XXL','60-185',NULL,5,1,5400,0,0,0,0),(61,185,2686,'Джинсы синие S','61-185',NULL,5,1,5500,0,0,0,0),(62,185,2687,'Джинсы синие L','62-185',NULL,5,1,5600,0,0,0,0),(63,185,2688,'Джинсы синие XL','63-185',NULL,5,1,5700,0,0,0,0),(64,185,2689,'Джинсы синие XXL','64-185',NULL,5,1,5800,0,0,0,0),(65,185,2690,'Джинсы черные S','65-185',NULL,5,1,5900,0,0,0,0),(66,185,2691,'Джинсы черные L','66-185',NULL,5,1,6000,0,0,0,0),(67,185,2692,'Джинсы черные XL','67-185',NULL,5,1,6100,0,0,0,0),(68,185,2693,'Джинсы черные XXL','68-185',NULL,5,1,6200,0,0,0,0),(69,185,2694,'Джинсы синие S','69-185',NULL,5,1,6300,0,0,0,0),(70,185,2695,'Джинсы синие L','70-185',NULL,5,1,6400,0,0,0,0),(71,185,2696,'Джинсы синие XL','71-185',NULL,5,1,6500,0,0,0,0),(72,185,2697,'Джинсы синие XXL','72-185',NULL,5,1,6600,0,0,0,0),(73,185,2698,'Джинсы черные S','73-185',NULL,5,1,6700,0,0,0,0),(74,185,2699,'Джинсы черные L','74-185',NULL,5,1,6800,0,0,0,0),(75,185,2700,'Джинсы черные XL','75-185',NULL,5,1,6900,0,0,0,0),(76,185,2701,'Джинсы черные XXL','76-185',NULL,5,1,7000,0,0,0,0),(77,185,2702,'Джинсы синие S','77-185',NULL,5,1,7100,0,0,0,0),(78,185,2703,'Джинсы синие L','78-185',NULL,5,1,7200,0,0,0,0),(79,185,2704,'Джинсы синие XL','79-185',NULL,5,1,7300,0,0,0,0),(80,185,2705,'Джинсы синие XXL','80-185',NULL,5,1,7400,0,0,0,0),(81,185,2706,'Джинсы черные S','81-185',NULL,5,1,7500,0,0,0,0),(82,185,2707,'Джинсы черные L','82-185',NULL,5,1,7600,0,0,0,0),(83,185,2708,'Джинсы черные XL','83-185',NULL,5,1,7700,0,0,0,0),(84,185,2709,'Джинсы черные XXL','84-185',NULL,5,1,7800,0,0,0,0),(85,185,2710,'Джинсы синие S','85-185',NULL,5,1,7900,0,0,0,0),(86,185,2711,'Джинсы синие L','86-185',NULL,5,1,8000,0,0,0,0),(87,185,2712,'Джинсы синие XL','87-185',NULL,5,1,8100,0,0,0,0),(88,185,2713,'Джинсы синие XXL','88-185',NULL,5,1,8200,0,0,0,0),(89,185,2714,'Джинсы черные S','89-185',NULL,5,1,8300,0,0,0,0),(90,185,2715,'Джинсы черные L','90-185',NULL,5,1,8400,0,0,0,0),(91,185,2716,'Джинсы черные XL','91-185',NULL,5,1,8500,0,0,0,0),(92,185,2717,'Джинсы черные XXL','92-185',NULL,5,1,8600,0,0,0,0),(93,185,2718,'Джинсы синие S','93-185',NULL,5,1,8700,0,0,0,0),(94,185,2719,'Джинсы синие L','94-185',NULL,5,1,8800,0,0,0,0),(95,185,2720,'Джинсы синие XL','95-185',NULL,5,1,8900,0,0,0,0),(96,185,2721,'Джинсы синие XXL','96-185',NULL,5,1,9000,0,0,0,0),(97,185,2722,'Джинсы черные S','97-185',NULL,5,1,9100,0,0,0,0),(98,185,2723,'Джинсы черные L','98-185',NULL,5,1,9200,0,0,0,0),(99,185,2724,'Джинсы черные XL','99-185',NULL,5,1,9300,0,0,0,0),(100,185,2725,'Джинсы черные XXL','100-185',NULL,5,1,9400,0,0,0,0),(101,177,2726,'Intuition  Shimano 22','101-177',NULL,5,1,100,0,0,0,0),(102,177,2727,'Intuition  Shimano 26','102-177',NULL,5,1,200,0,0,0,0),(103,177,2728,'Intuition  Shimano 28','103-177',NULL,5,1,300,0,0,0,0),(104,177,2729,'Intuition  Shimano 29','104-177',NULL,5,1,400,0,0,0,0),(105,177,2730,'Intuition  Sram 22','105-177',NULL,5,1,500,0,0,0,0),(106,177,2737,'Intuition  Sram 26','106-177',NULL,5,1,600,0,0,0,0),(107,177,2738,'Intuition  Sram 28','107-177',NULL,5,1,700,0,0,0,0),(108,177,2739,'Intuition Sram 29','108-177',NULL,5,1,800,0,0,0,0),(109,177,2740,'Велосипед Carrera Shimano 22','109-177',NULL,5,1,900,0,0,0,0),(110,177,2741,'Велосипед Carrera Shimano 26','110-177',NULL,5,1,1000,0,0,0,0),(111,177,2742,'Велосипед Carrera  Shimano 28','111-177',NULL,5,1,1100,0,0,0,0),(112,177,2743,'Велосипед Carrera  Shimano 29','112-177',NULL,5,1,1200,0,0,0,0),(113,177,2744,'Велосипед Carrera Sram 22','113-177',NULL,5,1,1300,0,0,0,0),(114,177,2745,'Велосипед Carrera Virtuoso Road Bike','114-177',NULL,0,1,1400,0,0,0,0),(115,177,2746,'Велосипед Carrera Virtuoso Road Bike','115-177',NULL,0,1,1500,0,0,0,0),(116,177,2747,'Велосипед Carrera  Sram 26','116-177',NULL,5,1,1500,0,0,0,0),(117,177,2748,'Велосипед Carrera Sram 28','117-177',NULL,5,1,1600,0,0,0,0),(118,177,2749,'Велосипед Carrera Virtuoso Road Bike','118-177',NULL,0,1,1700,0,0,0,0),(119,177,2750,'Велосипед Carrera  Sram 29','119-177',NULL,5,1,1800,0,0,0,0),(121,177,2752,'Boardman Shimano 22','121-177',NULL,5,1,1900,0,0,0,0),(122,177,2753,'Boardman Shimano 26','122-177',NULL,5,1,2000,0,0,0,0),(123,177,2754,'Boardman Shimano 28','123-177',NULL,5,1,2100,0,0,0,0),(124,177,2755,'Boardman Shimano 29','124-177',NULL,5,1,2200,0,0,0,0),(125,177,2756,'Boardman Sram 22','125-177',NULL,2,1,2300,0,0,0,0),(126,177,2757,'Boardman Sram 26','126-177',NULL,5,1,2400,0,0,0,0),(127,177,2758,'Boardman Sram 28','127-177',NULL,5,1,2500,0,0,0,0),(128,177,2759,'Boardman Sram 29','128-177',NULL,5,1,2600,0,0,0,0),(129,177,2760,'Paradox Shimano 22','129-177',NULL,5,1,2700,0,0,0,0),(130,177,2761,'Paradox Shimano 26','130-177',NULL,5,1,2800,0,0,0,0),(131,177,2762,'Paradox Shimano 28','131-177',NULL,5,1,2900,0,0,0,0),(132,177,2763,'Paradox Shimano 29','132-177',NULL,5,1,3000,0,0,0,0),(133,177,2764,'Paradox Sram 22','133-177',NULL,5,1,3100,0,0,0,0),(134,177,2765,'Paradox  Sram 26','134-177',NULL,5,1,3200,0,0,0,0),(135,177,2766,'Paradox  Sram 28','135-177',NULL,5,1,3300,0,0,0,0),(136,177,2767,'Paradox  Sram 29','136-177',NULL,5,1,3400,0,0,0,0),(137,177,2768,'Велосипед Shimano 22','137-177',NULL,5,1,3500,0,0,0,0),(138,177,2769,'Велосипед Shimano 26','138-177',NULL,5,1,3600,0,0,0,0),(139,177,2770,'Велосипед Shimano 28','139-177',NULL,5,1,3700,0,0,0,0),(140,177,2771,'Велосипед Shimano 29','140-177',NULL,5,1,3800,0,0,0,0),(141,177,2772,'Велосипед Sram 22','141-177',NULL,5,1,3900,0,0,0,0),(142,177,2773,'Велосипед Sram 26','142-177',NULL,5,1,4000,0,0,0,0),(143,177,2774,'Велосипед Sram 28','143-177',NULL,5,1,4100,0,0,0,0),(144,177,2775,'Велосипед Sram 29','144-177',NULL,5,1,4200,0,0,0,0),(145,177,2776,'Laura Trott Shimano 22','145-177',NULL,5,1,4300,0,0,0,0),(146,177,2777,'Laura Trott Shimano 26','146-177',NULL,5,1,4400,0,0,0,0),(147,177,2778,'Laura Trott Shimano 28','147-177',NULL,5,1,4500,0,0,0,0),(148,177,2779,'Laura Trott Shimano 29','148-177',NULL,5,1,4600,0,0,0,0),(149,177,2780,'Laura Trott Sram 22','149-177',NULL,5,1,4700,0,0,0,0),(150,177,2781,'Laura Trott Sram 26','150-177',NULL,5,1,4800,0,0,0,0),(151,177,2782,'Laura Trott Sram 28','151-177',NULL,5,1,4900,0,0,0,0),(152,177,2783,'Laura Trott Sram 29','152-177',NULL,5,1,5000,0,0,0,0),(153,177,2784,'VooDoo Zobop Shimano 22','153-177',NULL,5,1,5100,0,0,0,0),(154,177,2785,'VooDoo Zobop Shimano 26','154-177',NULL,5,1,5200,0,0,0,0),(155,177,2786,'VooDoo Zobop Shimano 28','155-177',NULL,5,1,5300,0,0,0,0),(156,177,2787,'VooDoo Zobop Shimano 29','156-177',NULL,5,1,5400,0,0,0,0),(157,177,2788,'VooDoo Zobop Sram 22','157-177',NULL,5,1,5500,0,0,0,0),(158,177,2789,'VooDoo Zobop Sram 26','158-177',NULL,5,1,5600,0,0,0,0),(159,177,2790,'VooDoo Zobop Sram 28','159-177',NULL,5,1,5700,0,0,0,0),(160,177,2791,'VooDoo Zobop Sram 29','160-177',NULL,5,1,5800,0,0,0,0),(161,177,2793,'Apollo Paradox Shimano 22','161-177',NULL,5,1,5900,0,0,0,0),(162,177,2794,'Apollo Paradox Shimano 26','162-177',NULL,5,1,6000,0,0,0,0),(163,177,2795,'Apollo Paradox Shimano 28','163-177',NULL,5,1,6100,0,0,0,0),(164,177,2796,'Apollo Paradox Shimano 29','164-177',NULL,5,1,6200,0,0,0,0),(165,177,2797,'Apollo Paradox Sram 22','165-177',NULL,5,1,6300,0,0,0,0),(166,177,2798,'Apollo Paradox Sram 26','166-177',NULL,5,1,6400,0,0,0,0),(167,177,2799,'Apollo Paradox Sram 28','167-177',NULL,5,1,6500,0,0,0,0),(168,177,2800,'Apollo Paradox Sram 29','168-177',NULL,5,1,6600,0,0,0,0),(169,177,2801,'Oldman Shimano 22','169-177',NULL,5,1,6700,0,0,0,0),(170,177,2802,'Oldman Shimano 26','170-177',NULL,5,1,6800,0,0,0,0),(171,177,2803,'Oldman Shimano 28','171-177',NULL,5,1,6900,0,0,0,0),(172,177,2804,'Oldman Shimano 29','172-177',NULL,5,1,7000,0,0,0,0),(173,177,2805,'Oldman Sram 22','173-177',NULL,5,1,7100,0,0,0,0),(174,177,2806,'Oldman Sram 26','174-177',NULL,5,1,7200,0,0,0,0),(175,177,2807,'Oldman Sram 28','175-177',NULL,5,1,7300,0,0,0,0),(176,177,2808,'Oldman Sram 29','176-177',NULL,5,1,7400,0,0,0,0),(177,177,2809,'Trott RD Shimano22','177-177',NULL,5,1,7500,0,0,0,0),(178,177,2810,'Trott RD Shimano26','178-177',NULL,5,1,7600,0,0,0,0),(179,177,2811,'Trott RD Shimano28','179-177',NULL,5,1,7700,0,0,0,0),(180,177,2812,'Trott RD Shimano29','180-177',NULL,5,1,7800,0,0,0,0),(181,177,2813,'Trott RD Sram 22','181-177',NULL,5,1,7900,0,0,0,0),(182,177,2814,'Trott RD Sram 26','182-177',NULL,5,1,8000,0,0,0,0),(183,177,2815,'Trott RD Sram 28','183-177',NULL,5,1,8100,0,0,0,0),(184,177,2816,'Trott RD Sram 29','184-177',NULL,5,1,8200,0,0,0,0),(185,177,2817,' CX Comp Bike Shimano 22','185-177',NULL,5,1,8300,0,0,0,0),(186,177,2818,' CX Comp Bike Shimano 26','186-177',NULL,5,1,8400,0,0,0,0),(187,177,2819,' CX Comp Bike Shimano 28','187-177',NULL,5,1,8500,0,0,0,0),(188,177,2820,' CX Comp Bike Shimano 29','188-177',NULL,5,1,8600,0,0,0,0),(189,177,2821,' CX Comp Bike Sram 22','189-177',NULL,5,1,8700,0,0,0,0),(190,177,2822,' CX Comp Bike Sram 26','190-177',NULL,5,1,8800,0,0,0,0),(191,177,2823,' CX Comp Bike Sram 28','191-177',NULL,5,1,8900,0,0,0,0),(192,177,2824,' CX Comp Bike Sram 29','192-177',NULL,5,1,9000,0,0,0,0),(193,177,2825,'AR1 Road Bike Shimano 22','193-177',NULL,4,1,9100,0,0,0,0),(194,177,2826,'AR1 Road Bike Shimano 26','194-177',NULL,5,1,9200,0,0,0,0),(195,177,2827,'AR1 Road Bike Shimano 28','195-177',NULL,5,1,9300,0,0,0,0),(196,177,2828,'AR1 Road Bike Shimano 29','196-177',NULL,5,1,9400,0,0,0,0),(197,177,2829,'AR1 Road Bike Sram 22','197-177',NULL,5,1,9500,0,0,0,0),(198,177,2830,'AR1 Road Bike Sram 26','198-177',NULL,5,1,9600,0,0,0,0),(199,177,2831,'AR1 Road Bike Sram 28','199-177',NULL,5,1,9700,0,0,0,0),(200,177,2832,'AR1 Road Bike Sram 29','200-177',NULL,5,1,9800,0,0,0,0),(201,177,2833,' Zobop  Mountain  Shimano 22','201-177',NULL,5,1,9900,0,0,0,0),(202,177,2834,' Zobop  Mountain  Shimano 26','202-177',NULL,5,1,10000,0,0,0,0),(203,177,2835,' Zobop  Mountain  Shimano 28','203-177',NULL,5,1,10100,0,0,0,0),(204,177,2836,' Zobop  Mountain Shimano29','204-177',NULL,5,1,10200,0,0,0,0),(205,177,2837,' Zobop  Mountain Sram 22','205-177',NULL,5,1,10300,0,0,0,0),(206,177,2838,' Zobop  Mountain Sram 26','206-177',NULL,5,1,10400,0,0,0,0),(207,177,2839,' Zobop  Mountain Sram 28','207-177',NULL,5,1,10500,0,0,0,0),(208,177,2840,' Zobop  Mountain Sram 29','208-177',NULL,5,1,10600,0,0,0,0),(209,177,2841,'Intuition Lambda Shimano 22','209-177',NULL,5,1,10700,0,0,0,0),(210,177,2842,'Intuition Lambda Shimano 26','210-177',NULL,5,1,10800,0,0,0,0),(211,177,2843,'Intuition Lambda Shimano 28','211-177',NULL,5,1,10900,0,0,0,0),(212,177,2844,'Intuition Lambda Shimano 29','212-177',NULL,5,1,11000,0,0,0,0),(213,177,2845,'Intuition Lambda Sram 22','213-177',NULL,5,1,11100,0,0,0,0),(214,177,2846,'Intuition Lambda Sram 26','214-177',NULL,5,1,11200,0,0,0,0),(215,177,2847,'Intuition Lambda Sram 28','215-177',NULL,5,1,11300,0,0,0,0),(216,177,2848,'Intuition Lambda Sram 29','216-177',NULL,5,1,11400,0,0,0,0),(217,177,2849,'Suspension Shimano 22','217-177',NULL,5,1,11500,0,0,0,0),(218,177,2850,'Suspension Shimano 26','218-177',NULL,5,1,11600,0,0,0,0),(219,177,2851,'Suspension Shimano 28','219-177',NULL,5,1,11700,0,0,0,0),(220,177,2852,'Suspension Shimano 29','220-177',NULL,5,1,11800,0,0,0,0),(221,177,2853,'Suspension Sram 22','221-177',NULL,5,1,11900,0,0,0,0),(222,177,2854,'Suspension Sram 26','222-177',NULL,5,1,12000,0,0,0,0),(223,177,2855,'Suspension Sram 28','223-177',NULL,5,1,12100,0,0,0,0),(224,177,2856,'Suspension Sram 29','224-177',NULL,5,1,12200,0,0,0,0),(225,202,2857,'духовка газовая RGO-610BL','225-202',NULL,5,1,100,0,0,0,0),(226,202,2867,'духовка газовая RGO-610BL','226-202',NULL,5,1,200,0,0,0,0),(227,202,2871,'духовка газовая RGO-610BL','227-202',NULL,5,1,300,0,0,0,0),(228,202,2872,'духовка газовая RGO-610BL','228-202',NULL,5,1,400,0,0,0,0),(229,202,2873,'духовка газовая RGO-610BL','229-202',NULL,5,1,500,0,0,0,0),(230,202,2874,'духовка газовая RGO-610BL','230-202',NULL,5,1,600,0,0,0,0),(231,202,2875,'духовка газовая RGO-610BL','231-202',NULL,5,1,700,0,0,0,0),(232,202,2876,'духовка газовая RGO-610BL','232-202',NULL,5,1,800,0,0,0,0),(233,202,2877,'духовка газовая RGO-610BL','233-202',NULL,5,1,900,0,0,0,0),(234,202,2878,'духовка газовая RGO-610BL','234-202',NULL,5,1,1000,0,0,0,0),(235,202,2879,'духовка газовая RGO-610BL','235-202',NULL,5,1,1100,0,0,0,0),(236,202,2880,'духовка газовая RGO-610BL','236-202',NULL,5,1,1200,0,0,0,0),(237,202,2881,'духовка газовая RGO-610BL','237-202',NULL,5,1,1300,0,0,0,0),(238,202,2882,'духовка газовая RGO-610BL','238-202',NULL,5,1,1400,0,0,0,0),(239,202,2883,'духовка газовая RGO-610BL','239-202',NULL,5,1,1500,0,0,0,0),(240,202,2884,'духовка газовая RGO-610BL','240-202',NULL,5,1,1600,0,0,0,0),(241,202,2885,'Электрический духовой шкаф Hansa BOEW68077','241-202',NULL,5,1,1700,0,0,0,0),(243,202,2887,'Электрический духовой шкаф Hansa BOEW68077','243-202',NULL,5,1,1800,0,0,0,0),(244,202,2888,'Электрический духовой шкаф Hansa BOEW68077','244-202',NULL,5,1,1900,0,0,0,0),(245,202,2889,'Электрический духовой шкаф Hansa BOEW68077','245-202',NULL,5,1,2000,0,0,0,0),(246,202,2890,'Электрический духовой шкаф Hansa BOEW68077','246-202',NULL,5,1,2100,0,0,0,0),(247,202,2891,'Электрический духовой шкаф Hansa BOEW68077','247-202',NULL,5,1,2200,0,0,0,0),(248,202,2892,'Электрический духовой шкаф Hansa BOEW68077','248-202',NULL,5,1,2300,0,0,0,0),(249,202,2893,'Электрический духовой шкаф Hansa BOEW68077','249-202',NULL,5,1,2400,0,0,0,0),(250,202,2894,'Электрический духовой шкаф Hansa BOEW68077','250-202',NULL,5,1,2500,0,0,0,0),(251,202,2895,'Электрический духовой шкаф Hansa BOEW68077','251-202',NULL,5,1,2600,0,0,0,0),(252,202,2896,'Электрический духовой шкаф Hansa BOEW68077','252-202',NULL,5,1,2700,0,0,0,0),(253,202,2897,'Электрический духовой шкаф Hansa BOEW68077','253-202',NULL,5,1,2800,0,0,0,0),(254,202,2898,'Электрический духовой шкаф Hansa BOEW68077','254-202',NULL,5,1,2900,0,0,0,0),(255,202,2899,'Электрический духовой шкаф Hansa BOEW68077','255-202',NULL,5,1,3000,0,0,0,0),(256,202,2900,'Электрический духовой шкаф Hansa BOEW68077','256-202',NULL,5,1,3100,0,0,0,0),(257,202,2901,'Электрический духовой шкаф Hansa BOEW68077','257-202',NULL,5,1,3200,0,0,0,0),(258,202,2902,'Электрический духовой шкаф Hansa BOES68077','258-202',NULL,5,1,3300,0,0,0,0),(259,202,2903,'Электрический духовой шкаф Hansa BOES68077','259-202',NULL,5,1,3400,0,0,0,0),(260,202,2904,'Электрический духовой шкаф Hansa BOES68077','260-202',NULL,5,1,3500,0,0,0,0),(261,202,2905,'Электрический духовой шкаф Hansa BOES68077','261-202',NULL,5,1,3600,0,0,0,0),(262,202,2906,'Электрический духовой шкаф Hansa BOES68077','262-202',NULL,5,1,3700,0,0,0,0),(263,202,2908,'Электрический духовой шкаф Hansa BOES68077','263-202',NULL,5,1,3800,0,0,0,0),(264,202,2907,'Электрический духовой шкаф Hansa BOES68077','264-202',NULL,5,1,3800,0,0,0,0),(265,202,2909,'Электрический духовой шкаф Hansa BOES68077','265-202',NULL,5,1,3900,0,0,0,0),(266,202,2910,'Электрический духовой шкаф Hansa BOES68077','266-202',NULL,5,1,4000,0,0,0,0),(267,202,2911,'Электрический духовой шкаф Hansa BOES68077','267-202',NULL,5,1,4100,0,0,0,0),(268,202,2912,'Электрический духовой шкаф Hansa BOES68077','268-202',NULL,5,1,4200,0,0,0,0),(269,202,2913,'Электрический духовой шкаф Hansa BOES68077','269-202',NULL,5,1,4300,0,0,0,0),(270,202,2914,'Электрический духовой шкаф Hansa BOES68077','270-202',NULL,5,1,4400,0,0,0,0),(271,202,2915,'Электрический духовой шкаф Hansa BOES68077','271-202',NULL,5,1,4500,0,0,0,0),(272,202,2917,'Электрический духовой шкаф Hansa BOES68077','272-202',NULL,5,1,4600,0,0,0,0),(273,202,2916,'Электрический духовой шкаф Hansa BOES68077','273-202',NULL,5,1,4600,0,0,0,0),(274,202,2918,'Электрический духовой шкаф Hansa BOES68077','274-202',NULL,5,1,4700,0,0,0,0),(275,202,2920,'Электрический духовой шкаф Hansa BOES68077','275-202',NULL,5,1,4800,0,0,0,0),(276,202,2919,'Электрический духовой шкаф Hansa BOES68077','276-202',NULL,5,1,4800,0,0,0,0),(277,202,2921,'Электрический духовой шкаф Hansa BOES68077','277-202',NULL,5,1,4900,0,0,0,0),(283,202,2927,'Электрический духовой шкаф Hansa BOES68077','283-202',NULL,5,1,5400,0,0,0,0),(286,202,2930,'Электрический духовой шкаф Hansa BOES68077','286-202',NULL,5,1,5700,0,0,0,0),(287,202,2931,'Электрический духовой шкаф Hansa BOES68077','287-202',NULL,5,1,5800,0,0,0,0),(305,202,2949,'Электрический духовой шкаф Bosch Serie | 6 HBA23B351R','305-202',NULL,5,1,5900,0,0,0,0),(306,202,2950,'Электрический духовой шкаф Bosch Serie | 6 HBA23B351R','306-202',NULL,5,1,6000,0,0,0,0),(307,202,2951,'Электрический духовой шкаф Bosch Serie | 6 HBA23B351R','307-202',NULL,5,1,6100,0,0,0,0),(308,202,2952,'Электрический духовой шкаф Bosch Serie | 6 HBA23B351R','308-202',NULL,5,1,6200,0,0,0,0),(309,202,2953,'Электрический духовой шкаф Bosch Serie | 6 HBA23B351R','309-202',NULL,5,1,6300,0,0,0,0),(310,202,2954,'Электрический духовой шкаф Bosch Serie | 6 HBA23B351R','310-202',NULL,5,1,6400,0,0,0,0),(311,202,2955,'Электрический духовой шкаф Bosch Serie | 6 HBA23B351R','311-202',NULL,5,1,6500,0,0,0,0),(312,202,2956,'Электрический духовой шкаф Bosch Serie | 6 HBA23B351R','312-202',NULL,5,1,6600,0,0,0,0),(313,202,2957,'Электрический духовой шкаф Bosch Serie | 6 HBA23B351R','313-202',NULL,5,1,6700,0,0,0,0),(314,202,2958,'Электрический духовой шкаф Bosch Serie | 6 HBA23B351R','314-202',NULL,5,1,6800,0,0,0,0),(315,202,2959,'Электрический духовой шкаф Bosch Serie | 6 HBA23B351R','315-202',NULL,5,1,6900,0,0,0,0),(316,202,2960,'Электрический духовой шкаф Bosch Serie | 6 HBA23B351R','316-202',NULL,5,1,7000,0,0,0,0),(317,202,2961,'Электрический духовой шкаф Bosch Serie | 6 HBA23B351R','317-202',NULL,5,1,7100,0,0,0,0),(318,202,2962,'Электрический духовой шкаф Bosch Serie | 6 HBA23B351R','318-202',NULL,5,1,7200,0,0,0,0),(319,202,2963,'Электрический духовой шкаф Bosch Serie | 6 HBA23B351R','319-202',NULL,5,1,7300,0,0,0,0),(320,202,2964,'Электрический духовой шкаф Bosch Serie | 6 HBA23B351R','320-202',NULL,5,1,7300,0,0,0,0),(321,202,2965,'Электрический духовой шкаф Bosch Serie | 6 HBA23B351R','321-202',NULL,5,1,7400,0,0,0,0),(323,202,2967,'Электрический духовой шкаф Bosch Serie | 6 HBA23B351R','323-202',NULL,5,1,7500,0,0,0,0),(326,202,2970,'Электрический духовой шкаф Samsung NV70K2340RS','326-202',NULL,5,1,7600,0,0,0,0),(327,202,2971,'Электрический духовой шкаф Samsung NV70K2340RS','327-202',NULL,5,1,7700,0,0,0,0),(328,202,2972,'Электрический духовой шкаф Samsung NV70K2340RS','328-202',NULL,5,1,7800,0,0,0,0),(329,202,2973,'Электрический духовой шкаф Samsung NV70K2340RS','329-202',NULL,5,1,7900,0,0,0,0),(330,202,2974,'Электрический духовой шкаф Samsung NV70K2340RS','330-202',NULL,5,1,8000,0,0,0,0),(331,202,2975,'Электрический духовой шкаф Samsung NV70K2340RS','331-202',NULL,5,1,8100,0,0,0,0),(332,202,2976,'Электрический духовой шкаф Samsung NV70K2340RS','332-202',NULL,5,1,8200,0,0,0,0),(333,202,2977,'Электрический духовой шкаф Samsung NV70K2340RS','333-202',NULL,5,1,8300,0,0,0,0),(334,202,2978,'Электрический духовой шкаф Samsung NV70K2340RS','334-202',NULL,5,1,8400,0,0,0,0),(335,202,2979,'Электрический духовой шкаф Samsung NV70K2340RS','335-202',NULL,5,1,8500,0,0,0,0),(336,202,2980,'Электрический духовой шкаф Samsung NV70K2340RS','336-202',NULL,5,1,8600,0,0,0,0),(337,202,2981,'Электрический духовой шкаф Samsung NV70K2340RS','337-202',NULL,5,1,8700,0,0,0,0),(338,202,2982,'Электрический духовой шкаф Samsung NV70K2340RS','338-202',NULL,5,1,8800,0,0,0,0),(339,202,2983,'Электрический духовой шкаф Samsung NV70K2340RS','339-202',NULL,5,1,8900,0,0,0,0),(340,202,2984,'Электрический духовой шкаф Samsung NV70K2340RS','340-202',NULL,5,1,9000,0,0,0,0),(341,202,2985,'Электрический духовой шкаф Samsung NV70K2340RS','341-202',NULL,5,1,9100,0,0,0,0),(342,202,2986,'Встраиваемый электрический духовой шкаф Asko OP 8478 G','342-202',NULL,5,1,9200,0,0,0,0),(343,202,2987,'Встраиваемый электрический духовой шкаф Asko OP 8478 G','343-202',NULL,5,1,9300,0,0,0,0),(344,202,2988,'Встраиваемый электрический духовой шкаф Asko OP 8478 G','344-202',NULL,5,1,9400,0,0,0,0),(345,202,2989,'Встраиваемый электрический духовой шкаф Asko OP 8478 G','345-202',NULL,5,1,9500,0,0,0,0),(346,202,2990,'Встраиваемый электрический духовой шкаф Asko OP 8478 G','346-202',NULL,5,1,9600,0,0,0,0),(347,202,2991,'Встраиваемый электрический духовой шкаф Asko OP 8478 G','347-202',NULL,5,1,9700,0,0,0,0),(348,202,2992,'Встраиваемый электрический духовой шкаф Asko OP 8478 G','348-202',NULL,5,1,9800,0,0,0,0),(349,202,2993,'Встраиваемый электрический духовой шкаф Asko OP 8478 G','349-202',NULL,5,1,9900,0,0,0,0),(350,202,2994,'Встраиваемый электрический духовой шкаф Asko OP 8478 G','350-202',NULL,5,1,10000,0,0,0,0),(351,202,2995,'Встраиваемый электрический духовой шкаф Asko OP 8478 G','351-202',NULL,5,1,10100,0,0,0,0),(352,202,2997,'Встраиваемый электрический духовой шкаф Asko OP 8478 G','352-202',NULL,5,1,10200,0,0,0,0),(353,202,2996,'Встраиваемый электрический духовой шкаф Asko OP 8478 G','353-202',NULL,5,1,10200,0,0,0,0),(354,202,2998,'Встраиваемый электрический духовой шкаф Asko OP 8478 G','354-202',NULL,5,1,10300,0,0,0,0),(355,202,2999,'Встраиваемый электрический духовой шкаф Asko OP 8478 G','355-202',NULL,5,1,10400,0,0,0,0),(356,202,3000,'Встраиваемый электрический духовой шкаф Asko OP 8478 G','356-202',NULL,5,1,10500,0,0,0,0),(357,202,3001,'Встраиваемый электрический духовой шкаф Asko OP 8478 G','357-202',NULL,5,1,10600,0,0,0,0),(358,202,3002,'Встраиваемый электрический духовой шкаф Asko OP 8478 G','358-202',NULL,5,1,10700,0,0,0,0),(359,202,3003,'Встраиваемый электрический духовой шкаф Asko OP 8478 G','359-202',NULL,5,1,10800,0,0,0,0),(363,202,3007,'Встраиваемый электрический духовой шкаф Darina 1V8 BDE 111707 Bg','363-202',NULL,5,1,10900,0,0,0,0),(364,202,3008,'Встраиваемый электрический духовой шкаф Darina 1V8 BDE 111707 Bg','364-202',NULL,5,1,11000,0,0,0,0),(365,202,3009,'Встраиваемый электрический духовой шкаф Darina 1V8 BDE 111707 Bg','365-202',NULL,5,1,11100,0,0,0,0),(366,202,3010,'Встраиваемый электрический духовой шкаф Darina 1V8 BDE 111707 Bg','366-202',NULL,5,1,11200,0,0,0,0),(367,202,3011,'Встраиваемый электрический духовой шкаф Darina 1V8 BDE 111707 Bg','367-202',NULL,5,1,11300,0,0,0,0),(368,202,3012,'Встраиваемый электрический духовой шкаф Darina 1V8 BDE 111707 Bg','368-202',NULL,5,1,11400,0,0,0,0),(369,202,3013,'Встраиваемый электрический духовой шкаф Darina 1V8 BDE 111707 Bg','369-202',NULL,5,1,11500,0,0,0,0),(370,202,3014,'Встраиваемый электрический духовой шкаф Darina 1V8 BDE 111707 Bg','370-202',NULL,5,1,11600,0,0,0,0),(371,202,3015,'Встраиваемый электрический духовой шкаф Darina 1V8 BDE 111707 Bg','371-202',NULL,5,1,11700,0,0,0,0),(372,202,3016,'Встраиваемый электрический духовой шкаф Darina 1V8 BDE 111707 Bg','372-202',NULL,5,1,11800,0,0,0,0),(373,202,3017,'Встраиваемый электрический духовой шкаф Darina 1V8 BDE 111707 Bg','373-202',NULL,5,1,11900,0,0,0,0),(374,202,3018,'Встраиваемый электрический духовой шкаф Darina 1V8 BDE 111707 Bg','374-202',NULL,5,1,12000,0,0,0,0),(375,202,3019,'Встраиваемый электрический духовой шкаф Darina 1V8 BDE 111707 Bg','375-202',NULL,5,1,12100,0,0,0,0),(376,202,3021,'Встраиваемый электрический духовой шкаф Darina 1V8 BDE 111707 Bg','376-202',NULL,5,1,12200,0,0,0,0),(377,202,3020,'Встраиваемый электрический духовой шкаф Darina 1V8 BDE 111707 Bg','377-202',NULL,5,1,12200,0,0,0,0),(378,202,3022,'Встраиваемый электрический духовой шкаф Darina 1V8 BDE 111707 Bg','378-202',NULL,5,1,12300,0,0,0,0),(379,202,3023,'Встраиваемый электрический духовой шкаф Darina 1V8 BDE 111707 Bg','379-202',NULL,5,1,12400,0,0,0,0),(380,202,3024,'Встраиваемый электрический духовой шкаф Hotpoint-Ariston FI7 861 SH IC HA','380-202',NULL,5,1,12500,0,0,0,0),(381,202,3025,'Встраиваемый электрический духовой шкаф Hotpoint-Ariston FI7 861 SH IC HA','381-202',NULL,5,1,12600,0,0,0,0),(382,202,3026,'Встраиваемый электрический духовой шкаф Hotpoint-Ariston FI7 861 SH IC HA','382-202',NULL,5,1,12700,0,0,0,0),(383,202,3027,'Встраиваемый электрический духовой шкаф Hotpoint-Ariston FI7 861 SH IC HA','383-202',NULL,5,1,12800,0,0,0,0),(384,202,3028,'Встраиваемый электрический духовой шкаф Hotpoint-Ariston FI7 861 SH IC HA','384-202',NULL,5,1,12900,0,0,0,0),(385,202,3029,'Встраиваемый электрический духовой шкаф Hotpoint-Ariston FI7 861 SH IC HA','385-202',NULL,5,1,13000,0,0,0,0),(386,202,3030,'Встраиваемый электрический духовой шкаф Hotpoint-Ariston FI7 861 SH IC HA','386-202',NULL,5,1,13100,0,0,0,0),(387,202,3031,'Встраиваемый электрический духовой шкаф Hotpoint-Ariston FI7 861 SH IC HA','387-202',NULL,5,1,13200,0,0,0,0),(388,202,3032,'Встраиваемый электрический духовой шкаф Hotpoint-Ariston FI7 861 SH IC HA','388-202',NULL,5,1,13300,0,0,0,0),(389,202,3033,'Встраиваемый электрический духовой шкаф Hotpoint-Ariston FI7 861 SH IC HA','389-202',NULL,5,1,13400,0,0,0,0),(390,202,3034,'Встраиваемый электрический духовой шкаф Hotpoint-Ariston FI7 861 SH IC HA','390-202',NULL,5,1,13500,0,0,0,0),(391,202,3035,'Встраиваемый электрический духовой шкаф Hotpoint-Ariston FI7 861 SH IC HA','391-202',NULL,5,1,13600,0,0,0,0),(392,202,3036,'Встраиваемый электрический духовой шкаф Hotpoint-Ariston FI7 861 SH IC HA','392-202',NULL,5,1,13700,0,0,0,0),(393,202,3037,'Встраиваемый электрический духовой шкаф Hotpoint-Ariston FI7 861 SH IC HA','393-202',NULL,5,1,13800,0,0,0,0),(394,202,3038,'Встраиваемый электрический духовой шкаф Hotpoint-Ariston FI7 861 SH IC HA','394-202',NULL,5,1,13900,0,0,0,0),(395,202,3039,'Встраиваемый электрический духовой шкаф Hotpoint-Ariston FI7 861 SH IC HA','395-202',NULL,5,1,14000,0,0,0,0),(396,180,3040,'Наполнитель древесный Vitaline','396-180',NULL,5,1,100,0,0,0,0),(397,180,3043,'Наполнитель древесный Vitaline','397-180',NULL,5,1,200,0,0,0,0),(398,180,3045,'Наполнитель древесный Барсик','398-180',NULL,5,1,300,0,0,0,0),(399,180,3046,'Наполнитель древесный Барсик','399-180',NULL,5,1,400,0,0,0,0),(400,180,3047,'Наполнитель впитывающий N1 NATUReL','400-180',NULL,5,1,500,0,0,0,0),(401,180,3049,'Наполнитель впитывающий N1 NATUReL','401-180',NULL,5,1,600,0,0,0,0),(402,180,3052,'Наполнитель впитывающий Fresh Step','402-180',NULL,5,1,700,0,0,0,0),(403,180,3053,'Наполнитель впитывающий Fresh Step','403-180',NULL,5,1,800,0,0,0,0);
/*!40000 ALTER TABLE `cms3_offer_list` ENABLE KEYS */;
UNLOCK TABLES;

--
-- Table structure for table `cms3_offer_price_list`
--

DROP TABLE IF EXISTS `cms3_offer_price_list`;
/*!40101 SET @saved_cs_client     = @@character_set_client */;
/*!50503 SET character_set_client = utf8mb4 */;
CREATE TABLE `cms3_offer_price_list` (
  `id` int unsigned NOT NULL AUTO_INCREMENT,
  `value` double unsigned NOT NULL,
  `offer_id` int unsigned NOT NULL,
  `currency_id` int unsigned NOT NULL,
  `type_id` int unsigned NOT NULL,
  `is_main` tinyint(1) DEFAULT '0',
  PRIMARY KEY (`id`),
  KEY `offer price to offer` (`offer_id`),
  KEY `offer price to currency` (`currency_id`),
  KEY `offer price to type` (`type_id`),
  CONSTRAINT `offer price to currency` FOREIGN KEY (`currency_id`) REFERENCES `cms3_objects` (`id`) ON DELETE CASCADE ON UPDATE CASCADE,
  CONSTRAINT `offer price to offer` FOREIGN KEY (`offer_id`) REFERENCES `cms3_offer_list` (`id`) ON DELETE CASCADE ON UPDATE CASCADE,
  CONSTRAINT `offer price to type` FOREIGN KEY (`type_id`) REFERENCES `cms3_offer_price_type_list` (`id`) ON DELETE CASCADE ON UPDATE CASCADE
) ENGINE=InnoDB AUTO_INCREMENT=406 DEFAULT CHARSET=utf8mb3;
/*!40101 SET character_set_client = @saved_cs_client */;

--
-- Dumping data for table `cms3_offer_price_list`
--

LOCK TABLES `cms3_offer_price_list` WRITE;
/*!40000 ALTER TABLE `cms3_offer_price_list` DISABLE KEYS */;
INSERT INTO `cms3_offer_price_list` VALUES (1,4501,1,16,1,1),(2,4505,2,16,1,1),(3,4509,3,16,1,1),(4,4502,4,16,1,1),(5,4503,5,16,1,1),(6,4504,6,16,1,1),(7,4506,7,16,1,1),(8,4507,8,16,1,1),(9,4508,9,16,1,1),(10,4510,10,16,1,1),(11,4511,11,16,1,1),(12,4512,12,16,1,1),(13,5499,13,16,1,1),(14,5450,14,16,1,1),(15,5451,15,16,1,1),(16,5452,16,16,1,1),(17,5453,17,16,1,1),(18,5454,18,16,1,1),(19,5455,19,16,1,1),(20,5450,20,16,1,1),(21,2350,21,16,1,1),(22,2350,22,16,1,1),(23,2350,23,16,1,1),(24,2350,24,16,1,1),(25,2350,25,16,1,1),(26,2350,26,16,1,1),(27,2350,27,16,1,1),(28,2350,28,16,1,1),(29,3450,29,16,1,1),(30,3451,30,16,1,1),(31,3452,31,16,1,1),(32,3453,32,16,1,1),(33,3454,33,16,1,1),(34,3455,34,16,1,1),(35,3450,35,16,1,1),(36,3450,36,16,1,1),(37,6590,37,16,1,1),(38,6590,38,16,1,1),(39,6590,39,16,1,1),(40,6590,40,16,1,1),(41,6590,41,16,1,1),(42,6590,42,16,1,1),(43,6590,43,16,1,1),(44,6590,44,16,1,1),(45,8950,45,16,1,1),(46,8951,46,16,1,1),(47,8952,47,16,1,1),(48,8953,48,16,1,1),(49,8954,49,16,1,1),(50,8955,50,16,1,1),(51,8956,51,16,1,1),(52,8957,52,16,1,1),(53,8950,53,16,1,1),(54,8950,54,16,1,1),(55,8950,55,16,1,1),(56,8950,56,16,1,1),(57,8950,57,16,1,1),(58,8950,58,16,1,1),(59,8950,59,16,1,1),(60,8950,60,16,1,1),(61,6790,61,16,1,1),(62,6790,62,16,1,1),(63,6790,63,16,1,1),(64,6790,64,16,1,1),(65,6790,65,16,1,1),(66,6790,66,16,1,1),(67,6790,67,16,1,1),(68,6790,68,16,1,1),(69,2350,69,16,1,1),(70,2351,70,16,1,1),(71,2352,71,16,1,1),(72,2353,72,16,1,1),(73,2354,73,16,1,1),(74,2355,74,16,1,1),(75,2356,75,16,1,1),(76,2357,76,16,1,1),(77,4590,77,16,1,1),(78,4590,78,16,1,1),(79,4590,79,16,1,1),(80,4590,80,16,1,1),(81,4590,81,16,1,1),(82,4590,82,16,1,1),(83,4590,83,16,1,1),(84,4590,84,16,1,1),(85,5690,85,16,1,1),(86,5691,86,16,1,1),(87,5692,87,16,1,1),(88,5693,88,16,1,1),(89,5690,89,16,1,1),(90,5691,90,16,1,1),(91,5692,91,16,1,1),(92,5693,92,16,1,1),(93,3443,93,16,1,1),(94,3444,94,16,1,1),(95,3445,95,16,1,1),(96,3446,96,16,1,1),(97,3443,97,16,1,1),(98,3443,98,16,1,1),(99,3443,99,16,1,1),(100,3443,100,16,1,1),(101,22900,101,16,1,1),(102,23900,102,16,1,1),(103,24900,103,16,1,1),(104,25900,104,16,1,1),(105,32900,105,16,1,1),(106,33900,106,16,1,1),(107,34900,107,16,1,1),(108,35900,108,16,1,1),(109,14990,109,16,1,1),(110,15990,110,16,1,1),(111,16990,111,16,1,1),(112,17990,112,16,1,1),(113,14990,113,16,1,1),(114,0,113,16,1,1),(115,15990,116,16,1,1),(116,16990,117,16,1,1),(117,0,117,16,1,1),(118,17990,119,16,1,1),(119,0,119,16,1,1),(122,39990,121,16,1,1),(123,40000,122,16,1,1),(124,41000,123,16,1,1),(125,42000,124,16,1,1),(126,40000,125,16,1,1),(127,42000,126,16,1,1),(128,44000,127,16,1,1),(129,46000,128,16,1,1),(130,18990,129,16,1,1),(131,19000,130,16,1,1),(132,20990,131,16,1,1),(133,21990,132,16,1,1),(134,20990,133,16,1,1),(135,21990,134,16,1,1),(136,22990,135,16,1,1),(137,23990,136,16,1,1),(138,13990,137,16,1,1),(139,14990,138,16,1,1),(140,15990,139,16,1,1),(141,16990,140,16,1,1),(142,14990,141,16,1,1),(143,15990,142,16,1,1),(144,16990,143,16,1,1),(145,17990,144,16,1,1),(146,32900,145,16,1,1),(147,33900,146,16,1,1),(148,34900,147,16,1,1),(149,35900,148,16,1,1),(150,32900,149,16,1,1),(151,33900,150,16,1,1),(152,34900,151,16,1,1),(153,35900,152,16,1,1),(154,69900,153,16,1,1),(155,70900,154,16,1,1),(156,71900,155,16,1,1),(157,72900,156,16,1,1),(158,70900,157,16,1,1),(159,71900,158,16,1,1),(160,73900,159,16,1,1),(161,74900,160,16,1,1),(162,17990,161,16,1,1),(163,18990,162,16,1,1),(164,19990,163,16,1,1),(165,20990,164,16,1,1),(166,19900,165,16,1,1),(167,20900,166,16,1,1),(168,21900,167,16,1,1),(169,22900,168,16,1,1),(170,79990,169,16,1,1),(171,80990,170,16,1,1),(172,81990,171,16,1,1),(173,82990,172,16,1,1),(174,80990,173,16,1,1),(175,81990,174,16,1,1),(176,82990,175,16,1,1),(177,83990,176,16,1,1),(178,38900,177,16,1,1),(179,39900,178,16,1,1),(180,40900,179,16,1,1),(181,41900,180,16,1,1),(182,40900,181,16,1,1),(183,42900,182,16,1,1),(184,43900,183,16,1,1),(185,45900,184,16,1,1),(186,32900,185,16,1,1),(187,33900,186,16,1,1),(188,34900,187,16,1,1),(189,35900,188,16,1,1),(190,40900,189,16,1,1),(191,41900,190,16,1,1),(192,42900,191,16,1,1),(193,43900,192,16,1,1),(194,19990,193,16,1,1),(195,20990,194,16,1,1),(196,21990,195,16,1,1),(197,22990,196,16,1,1),(198,20900,197,16,1,1),(199,21900,198,16,1,1),(200,22900,199,16,1,1),(201,23900,200,16,1,1),(202,49900,201,16,1,1),(203,50900,202,16,1,1),(204,51900,203,16,1,1),(205,52900,204,16,1,1),(206,50900,205,16,1,1),(207,60900,206,16,1,1),(208,70900,207,16,1,1),(209,80900,208,16,1,1),(210,24900,209,16,1,1),(211,25900,210,16,1,1),(212,26900,211,16,1,1),(213,27900,212,16,1,1),(214,25900,213,16,1,1),(215,28900,214,16,1,1),(216,30900,215,16,1,1),(217,30900,216,16,1,1),(218,56900,217,16,1,1),(219,57900,218,16,1,1),(220,58900,219,16,1,1),(221,59900,220,16,1,1),(222,57900,221,16,1,1),(223,58900,222,16,1,1),(224,59900,223,16,1,1),(225,60900,224,16,1,1),(226,18990,225,16,1,1),(227,19500,226,16,1,1),(228,20500,227,16,1,1),(229,21500,228,16,1,1),(230,22500,229,16,1,1),(231,23500,230,16,1,1),(232,24500,231,16,1,1),(233,24500,232,16,1,1),(234,23500,233,16,1,1),(235,24500,234,16,1,1),(236,21500,235,16,1,1),(237,22000,236,16,1,1),(238,23000,237,16,1,1),(239,23000,238,16,1,1),(240,23500,239,16,1,1),(241,23500,240,16,1,1),(242,16900,241,16,1,1),(244,16900,243,16,1,1),(245,17000,244,16,1,1),(246,17500,245,16,1,1),(247,18000,246,16,1,1),(248,18500,247,16,1,1),(249,19000,248,16,1,1),(250,19500,249,16,1,1),(251,20000,250,16,1,1),(252,20500,251,16,1,1),(253,21000,252,16,1,1),(254,21500,253,16,1,1),(255,22000,254,16,1,1),(256,22500,255,16,1,1),(257,23000,256,16,1,1),(258,23500,257,16,1,1),(259,12900,258,16,1,1),(260,13500,259,16,1,1),(261,13500,260,16,1,1),(262,14000,261,16,1,1),(263,14500,262,16,1,1),(264,15000,264,16,1,1),(265,15500,263,16,1,1),(266,16000,265,16,1,1),(267,16500,266,16,1,1),(268,17000,267,16,1,1),(269,17500,268,16,1,1),(270,18000,269,16,1,1),(271,18500,270,16,1,1),(272,19000,271,16,1,1),(273,19500,274,16,1,1),(274,0,273,16,1,1),(275,0,272,16,1,1),(276,0,276,16,1,1),(277,20000,275,16,1,1),(278,0,277,16,1,1),(284,0,283,16,1,1),(287,0,286,16,1,1),(288,0,287,16,1,1),(306,25900,305,16,1,1),(307,26000,306,16,1,1),(308,26500,307,16,1,1),(309,27000,308,16,1,1),(310,27500,309,16,1,1),(311,28000,310,16,1,1),(312,28500,311,16,1,1),(313,29000,312,16,1,1),(314,29500,313,16,1,1),(315,30000,314,16,1,1),(316,30500,315,16,1,1),(317,31000,316,16,1,1),(318,31500,317,16,1,1),(319,32000,318,16,1,1),(320,25900,320,16,1,1),(321,32500,319,16,1,1),(322,33000,321,16,1,1),(324,25900,323,16,1,1),(327,27900,326,16,1,1),(328,27900,327,16,1,1),(329,28500,328,16,1,1),(330,29000,329,16,1,1),(331,29000,330,16,1,1),(332,29500,331,16,1,1),(333,30000,332,16,1,1),(334,30500,333,16,1,1),(335,31000,334,16,1,1),(336,31500,335,16,1,1),(337,32000,336,16,1,1),(338,32500,337,16,1,1),(339,27900,338,16,1,1),(340,27900,339,16,1,1),(341,27900,340,16,1,1),(342,27900,341,16,1,1),(343,145500,342,16,1,1),(344,150000,343,16,1,1),(345,155000,344,16,1,1),(346,160000,345,16,1,1),(347,165000,346,16,1,1),(348,170000,347,16,1,1),(349,175000,348,16,1,1),(350,180000,349,16,1,1),(351,145500,349,16,1,1),(352,185000,350,16,1,1),(353,190000,351,16,1,1),(354,145500,352,16,1,1),(355,145500,353,16,1,1),(356,195000,354,16,1,1),(357,200000,355,16,1,1),(358,250000,356,16,1,1),(359,300000,357,16,1,1),(360,350000,358,16,1,1),(361,400000,359,16,1,1),(365,15900,363,16,1,1),(366,16000,364,16,1,1),(367,16500,365,16,1,1),(368,17000,366,16,1,1),(369,17500,367,16,1,1),(370,18000,368,16,1,1),(371,18500,369,16,1,1),(372,19000,370,16,1,1),(373,19500,371,16,1,1),(374,20500,373,16,1,1),(375,20000,372,16,1,1),(376,21000,374,16,1,1),(377,21500,375,16,1,1),(378,15900,377,16,1,1),(379,22000,376,16,1,1),(380,22500,378,16,1,1),(381,23000,379,16,1,1),(382,60999,380,16,1,1),(383,70000,381,16,1,1),(384,70500,382,16,1,1),(385,80000,383,16,1,1),(386,80500,384,16,1,1),(387,90000,385,16,1,1),(388,90500,386,16,1,1),(389,100000,387,16,1,1),(390,100500,388,16,1,1),(391,110000,389,16,1,1),(392,115000,390,16,1,1),(393,120000,391,16,1,1),(394,125000,392,16,1,1),(395,130000,393,16,1,1),(396,135000,394,16,1,1),(397,140000,395,16,1,1),(398,154,396,16,1,1),(399,500,397,16,1,1),(400,119,398,16,1,1),(401,300,399,16,1,1),(402,480,400,16,1,1),(403,800,401,16,1,1),(404,1790,402,16,1,1),(405,2500,403,16,1,1);
/*!40000 ALTER TABLE `cms3_offer_price_list` ENABLE KEYS */;
UNLOCK TABLES;

--
-- Table structure for table `cms3_offer_price_type_list`
--

DROP TABLE IF EXISTS `cms3_offer_price_type_list`;
/*!40101 SET @saved_cs_client     = @@character_set_client */;
/*!50503 SET character_set_client = utf8mb4 */;
CREATE TABLE `cms3_offer_price_type_list` (
  `id` int unsigned NOT NULL AUTO_INCREMENT,
  `name` varchar(255) NOT NULL,
  `title` varchar(255) NOT NULL,
  `is_default` tinyint(1) DEFAULT '0',
  PRIMARY KEY (`id`),
  UNIQUE KEY `name` (`name`)
) ENGINE=InnoDB AUTO_INCREMENT=2 DEFAULT CHARSET=utf8mb3;
/*!40101 SET character_set_client = @saved_cs_client */;

--
-- Dumping data for table `cms3_offer_price_type_list`
--

LOCK TABLES `cms3_offer_price_type_list` WRITE;
/*!40000 ALTER TABLE `cms3_offer_price_type_list` DISABLE KEYS */;
INSERT INTO `cms3_offer_price_type_list` VALUES (1,'default','Основная',1);
/*!40000 ALTER TABLE `cms3_offer_price_type_list` ENABLE KEYS */;
UNLOCK TABLES;

--
-- Table structure for table `cms3_permissions`
--

DROP TABLE IF EXISTS `cms3_permissions`;
/*!40101 SET @saved_cs_client     = @@character_set_client */;
/*!50503 SET character_set_client = utf8mb4 */;
CREATE TABLE `cms3_permissions` (
  `level` tinyint DEFAULT NULL,
  `owner_id` int unsigned DEFAULT NULL,
  `rel_id` int unsigned DEFAULT NULL,
  KEY `owner reference_FK` (`owner_id`),
  KEY `rel reference_FK` (`rel_id`),
  KEY `level` (`level`),
  CONSTRAINT `FK_owner reference` FOREIGN KEY (`owner_id`) REFERENCES `cms3_objects` (`id`) ON DELETE CASCADE ON UPDATE CASCADE,
  CONSTRAINT `FK_rel reference` FOREIGN KEY (`rel_id`) REFERENCES `cms3_hierarchy` (`id`) ON DELETE CASCADE ON UPDATE CASCADE
) ENGINE=InnoDB DEFAULT CHARSET=utf8mb3;
/*!40101 SET character_set_client = @saved_cs_client */;

--
-- Dumping data for table `cms3_permissions`
--

LOCK TABLES `cms3_permissions` WRITE;
/*!40000 ALTER TABLE `cms3_permissions` DISABLE KEYS */;
INSERT INTO `cms3_permissions` VALUES (1,46,5),(1,46,131),(1,46,132),(1,46,3),(1,46,6),(1,46,7),(1,46,9),(1,46,10),(1,46,12),(1,46,150),(1,46,149),(1,46,16),(1,46,15),(1,46,14),(1,46,154),(1,46,11),(1,46,248),(1,46,603),(1,46,17),(1,46,155),(1,46,156),(1,46,157),(1,46,158),(1,46,13),(1,46,151),(1,46,152),(1,46,153),(1,46,4),(1,46,261),(1,46,262),(1,46,264),(1,46,268),(1,46,273),(1,46,279),(1,46,280),(1,46,281),(1,46,282),(1,46,283),(1,46,284),(1,46,285),(1,46,287),(1,46,289),(1,46,292),(1,46,293),(1,46,310),(1,46,312),(1,46,321),(1,46,322),(1,46,326),(1,46,333),(1,46,334),(1,46,342),(1,46,343),(1,46,344),(1,46,365),(1,46,386),(1,46,387),(1,46,388),(1,46,389),(1,46,391),(1,46,392),(1,46,461),(1,46,480),(1,46,490),(1,46,497),(1,46,506),(1,46,515),(1,46,564),(1,46,573),(1,46,582),(1,46,591),(1,46,309),(1,46,314),(1,46,327),(1,46,328),(1,46,329),(1,46,330),(1,46,331),(1,46,332),(1,46,335),(1,46,336),(1,46,337),(1,46,338),(1,46,339),(1,46,340),(1,46,345),(1,46,348),(1,46,349),(1,46,350),(1,46,351),(1,46,352),(1,46,353),(1,46,354),(1,46,355),(1,46,356),(1,46,357),(1,46,358),(1,46,359),(1,46,360),(1,46,361),(1,46,362),(1,46,363),(1,46,364),(1,46,366),(1,46,367),(1,46,368),(1,46,369),(1,46,370),(1,46,371),(1,46,372),(1,46,373),(1,46,374),(1,46,375),(1,46,376),(1,46,377),(1,46,378),(1,46,379),(1,46,380),(1,46,381),(1,46,382),(1,46,383),(1,46,384),(1,46,385),(1,46,394),(1,46,395),(1,46,396),(1,46,397),(1,46,398),(1,46,399),(1,46,400),(1,46,401),(1,46,402),(1,46,403),(1,46,404),(1,46,405),(1,46,406),(1,46,407),(1,46,408),(1,46,409),(1,46,410),(1,46,411),(1,46,412),(1,46,413),(1,46,414),(1,46,415),(1,46,416),(1,46,417),(1,46,419),(1,46,420),(1,46,421),(1,46,423),(1,46,424),(1,46,425),(1,46,427),(1,46,428),(1,46,429),(1,46,430),(1,46,431),(1,46,432),(1,46,433),(1,46,434),(1,46,435),(1,46,436),(1,46,437),(1,46,438),(1,46,439),(1,46,440),(1,46,442),(1,46,443),(1,46,444),(1,46,445),(1,46,446),(1,46,447),(1,46,448),(1,46,449),(1,46,450),(1,46,451),(1,46,452),(1,46,453),(1,46,454),(1,46,455),(1,46,456),(1,46,457),(1,46,458),(1,46,459),(1,46,460),(1,46,462),(1,46,463),(1,46,465),(1,46,466),(1,46,467),(1,46,468),(1,46,469),(1,46,470),(1,46,471),(1,46,472),(1,46,473),(1,46,474),(1,46,475),(1,46,481),(1,46,482),(1,46,483),(1,46,484),(1,46,485),(1,46,486),(1,46,488),(1,46,489),(1,46,492),(1,46,493),(1,46,494),(1,46,495),(1,46,496),(1,46,498),(1,46,499),(1,46,500),(1,46,501),(1,46,502),(1,46,503),(1,46,504),(1,46,505),(1,46,507),(1,46,508),(1,46,509),(1,46,510),(1,46,511),(1,46,512),(1,46,513),(1,46,514),(1,46,516),(1,46,517),(1,46,518),(1,46,519),(1,46,520),(1,46,521),(1,46,522),(1,46,523),(1,46,524),(1,46,525),(1,46,526),(1,46,527),(1,46,528),(1,46,529),(1,46,530),(1,46,531),(1,46,532),(1,46,533),(1,46,534),(1,46,535),(1,46,536),(1,46,537),(1,46,538),(1,46,539),(1,46,540),(1,46,541),(1,46,542),(1,46,543),(1,46,544),(1,46,545),(1,46,546),(1,46,547),(1,46,548),(1,46,549),(1,46,550),(1,46,551),(1,46,552),(1,46,553),(1,46,554),(1,46,555),(1,46,556),(1,46,557),(1,46,558),(1,46,559),(1,46,560),(1,46,561),(1,46,562),(1,46,563),(1,46,565),(1,46,566),(1,46,567),(1,46,568),(1,46,569),(1,46,570),(1,46,571),(1,46,572),(1,46,574),(1,46,575),(1,46,576),(1,46,577),(1,46,578),(1,46,579),(1,46,580),(1,46,581),(1,46,583),(1,46,584),(1,46,585),(1,46,586),(1,46,587),(1,46,588),(1,46,589),(1,46,590),(1,46,592),(1,46,593),(1,46,594),(1,46,595),(1,46,596),(1,46,597),(1,46,598),(1,46,599),(1,46,600),(1,46,601),(1,46,602),(1,46,235);
/*!40000 ALTER TABLE `cms3_permissions` ENABLE KEYS */;
UNLOCK TABLES;

--
-- Table structure for table `cms3_push_message_list`
--

DROP TABLE IF EXISTS `cms3_push_message_list`;
/*!40101 SET @saved_cs_client     = @@character_set_client */;
/*!50503 SET character_set_client = utf8mb4 */;
CREATE TABLE `cms3_push_message_list` (
  `id` int unsigned NOT NULL AUTO_INCREMENT,
  `title` varchar(255) NOT NULL,
  `body` varchar(255) NOT NULL,
  `icon` varchar(255) NOT NULL,
  `click_action` varchar(255) NOT NULL,
  `create_time` int unsigned NOT NULL,
  `is_send` tinyint(1) DEFAULT '0',
  `publish_time` int unsigned DEFAULT NULL,
  `expiration_time` int unsigned DEFAULT NULL,
  `send_time` int unsigned DEFAULT NULL,
  `domain_id` int unsigned NOT NULL,
  `lang_id` int unsigned NOT NULL,
  `topic_id` int unsigned NOT NULL,
  PRIMARY KEY (`id`),
  KEY `cms3_push_message_list domain_id` (`domain_id`),
  KEY `cms3_push_message_list lang_id` (`lang_id`),
  KEY `cms3_push_message_list topic_id` (`topic_id`),
  CONSTRAINT `cms3_push_message_list domain_id` FOREIGN KEY (`domain_id`) REFERENCES `cms3_domains` (`id`) ON DELETE CASCADE ON UPDATE CASCADE,
  CONSTRAINT `cms3_push_message_list lang_id` FOREIGN KEY (`lang_id`) REFERENCES `cms3_langs` (`id`) ON DELETE CASCADE ON UPDATE CASCADE,
  CONSTRAINT `cms3_push_message_list topic_id` FOREIGN KEY (`topic_id`) REFERENCES `cms3_push_topic_list` (`id`) ON DELETE CASCADE ON UPDATE CASCADE
) ENGINE=InnoDB DEFAULT CHARSET=utf8mb3;
/*!40101 SET character_set_client = @saved_cs_client */;

--
-- Dumping data for table `cms3_push_message_list`
--

LOCK TABLES `cms3_push_message_list` WRITE;
/*!40000 ALTER TABLE `cms3_push_message_list` DISABLE KEYS */;
/*!40000 ALTER TABLE `cms3_push_message_list` ENABLE KEYS */;
UNLOCK TABLES;

--
-- Table structure for table `cms3_push_subscriber_list`
--

DROP TABLE IF EXISTS `cms3_push_subscriber_list`;
/*!40101 SET @saved_cs_client     = @@character_set_client */;
/*!50503 SET character_set_client = utf8mb4 */;
CREATE TABLE `cms3_push_subscriber_list` (
  `id` int unsigned NOT NULL AUTO_INCREMENT,
  `token` varchar(255) NOT NULL,
  `create_time` int unsigned NOT NULL,
  `user_id` int unsigned NOT NULL,
  `domain_id` int unsigned DEFAULT NULL,
  `lang_id` int unsigned DEFAULT NULL,
  `topic_id` int unsigned NOT NULL,
  PRIMARY KEY (`id`),
  UNIQUE KEY `token` (`token`),
  KEY `cms3_push_subscriber_list user_id` (`user_id`),
  KEY `cms3_push_subscriber_list domain_id` (`domain_id`),
  KEY `cms3_push_subscriber_list lang_id` (`lang_id`),
  KEY `cms3_push_subscriber_list topic_id` (`topic_id`),
  CONSTRAINT `cms3_push_subscriber_list domain_id` FOREIGN KEY (`domain_id`) REFERENCES `cms3_domains` (`id`) ON DELETE CASCADE ON UPDATE CASCADE,
  CONSTRAINT `cms3_push_subscriber_list lang_id` FOREIGN KEY (`lang_id`) REFERENCES `cms3_langs` (`id`) ON DELETE CASCADE ON UPDATE CASCADE,
  CONSTRAINT `cms3_push_subscriber_list topic_id` FOREIGN KEY (`topic_id`) REFERENCES `cms3_push_topic_list` (`id`) ON DELETE CASCADE ON UPDATE CASCADE,
  CONSTRAINT `cms3_push_subscriber_list user_id` FOREIGN KEY (`user_id`) REFERENCES `cms3_objects` (`id`) ON DELETE CASCADE ON UPDATE CASCADE
) ENGINE=InnoDB DEFAULT CHARSET=utf8mb3;
/*!40101 SET character_set_client = @saved_cs_client */;

--
-- Dumping data for table `cms3_push_subscriber_list`
--

LOCK TABLES `cms3_push_subscriber_list` WRITE;
/*!40000 ALTER TABLE `cms3_push_subscriber_list` DISABLE KEYS */;
/*!40000 ALTER TABLE `cms3_push_subscriber_list` ENABLE KEYS */;
UNLOCK TABLES;

--
-- Table structure for table `cms3_push_topic_list`
--

DROP TABLE IF EXISTS `cms3_push_topic_list`;
/*!40101 SET @saved_cs_client     = @@character_set_client */;
/*!50503 SET character_set_client = utf8mb4 */;
CREATE TABLE `cms3_push_topic_list` (
  `id` int unsigned NOT NULL AUTO_INCREMENT,
  `name` varchar(255) NOT NULL,
  `title` varchar(255) NOT NULL,
  `is_locked` tinyint(1) DEFAULT '0',
  `create_time` int unsigned NOT NULL,
  `domain_id` int unsigned NOT NULL,
  `lang_id` int unsigned NOT NULL,
  PRIMARY KEY (`id`),
  UNIQUE KEY `name` (`name`),
  KEY `cms3_push_topic_list domain_id` (`domain_id`),
  KEY `cms3_push_topic_list lang_id` (`lang_id`),
  CONSTRAINT `cms3_push_topic_list domain_id` FOREIGN KEY (`domain_id`) REFERENCES `cms3_domains` (`id`) ON DELETE CASCADE ON UPDATE CASCADE,
  CONSTRAINT `cms3_push_topic_list lang_id` FOREIGN KEY (`lang_id`) REFERENCES `cms3_langs` (`id`) ON DELETE CASCADE ON UPDATE CASCADE
) ENGINE=InnoDB AUTO_INCREMENT=2 DEFAULT CHARSET=utf8mb3;
/*!40101 SET character_set_client = @saved_cs_client */;

--
-- Dumping data for table `cms3_push_topic_list`
--

LOCK TABLES `cms3_push_topic_list` WRITE;
/*!40000 ALTER TABLE `cms3_push_topic_list` DISABLE KEYS */;
INSERT INTO `cms3_push_topic_list` VALUES (1,'default','По-умолчанию',1,1600349734,1,1);
/*!40000 ALTER TABLE `cms3_push_topic_list` ENABLE KEYS */;
UNLOCK TABLES;

--
-- Table structure for table `cms3_redirects`
--

DROP TABLE IF EXISTS `cms3_redirects`;
/*!40101 SET @saved_cs_client     = @@character_set_client */;
/*!50503 SET character_set_client = utf8mb4 */;
CREATE TABLE `cms3_redirects` (
  `id` int NOT NULL AUTO_INCREMENT,
  `source` text NOT NULL,
  `target` text NOT NULL,
  `status` int unsigned DEFAULT '301',
  `made_by_user` tinyint unsigned NOT NULL DEFAULT '0',
  `date` date DEFAULT NULL,
  PRIMARY KEY (`id`),
  KEY `source` (`source`(255))
) ENGINE=InnoDB DEFAULT CHARSET=utf8mb3;
/*!40101 SET character_set_client = @saved_cs_client */;

--
-- Dumping data for table `cms3_redirects`
--

LOCK TABLES `cms3_redirects` WRITE;
/*!40000 ALTER TABLE `cms3_redirects` DISABLE KEYS */;
/*!40000 ALTER TABLE `cms3_redirects` ENABLE KEYS */;
UNLOCK TABLES;

--
-- Table structure for table `cms3_response_error_entry_list`
--

DROP TABLE IF EXISTS `cms3_response_error_entry_list`;
/*!40101 SET @saved_cs_client     = @@character_set_client */;
/*!50503 SET character_set_client = utf8mb4 */;
CREATE TABLE `cms3_response_error_entry_list` (
  `id` int unsigned NOT NULL AUTO_INCREMENT,
  `url` text NOT NULL,
  `code` int unsigned NOT NULL,
  `hits_count` int unsigned DEFAULT '0',
  `domain_id` int unsigned NOT NULL,
  `update_time` int unsigned NOT NULL,
  PRIMARY KEY (`id`),
  KEY `cms3_response_error_entry_list order by hits count` (`hits_count`),
  KEY `cms3_response_error_entry_list order by update time` (`update_time`),
  KEY `cms3_response_error_entry_list domain_id` (`domain_id`),
  CONSTRAINT `cms3_response_error_entry_list domain_id` FOREIGN KEY (`domain_id`) REFERENCES `cms3_domains` (`id`) ON DELETE CASCADE ON UPDATE CASCADE
) ENGINE=InnoDB AUTO_INCREMENT=12 DEFAULT CHARSET=utf8mb3;
/*!40101 SET character_set_client = @saved_cs_client */;

--
-- Dumping data for table `cms3_response_error_entry_list`
--

LOCK TABLES `cms3_response_error_entry_list` WRITE;
/*!40000 ALTER TABLE `cms3_response_error_entry_list` DISABLE KEYS */;
INSERT INTO `cms3_response_error_entry_list` VALUES (1,'/compiled/demomarket.lib.min.css',404,3,1,1580910661),(2,'/compiled/demomarket.min.css',404,3,1,1580910661),(3,'/compiled/demomarket.lib-min.js',404,2,1,1580910662),(4,'/compiled/demomarket-min.js',404,2,1,1580910663),(5,'/img/close_form.png',404,3,1,1580910663),(6,'/img/icon_search.png',404,2,1,1580910661),(7,'/img/comment.png',404,3,1,1580910663),(8,'/img/social-fb.png',404,3,1,1580910663),(9,'/img/social-tw.png',404,3,1,1580910663),(10,'/img/social-vk.png',404,3,1,1580910663),(11,'/img/social-in.png',404,3,1,1580910663);
/*!40000 ALTER TABLE `cms3_response_error_entry_list` ENABLE KEYS */;
UNLOCK TABLES;

--
-- Table structure for table `cms3_search`
--

DROP TABLE IF EXISTS `cms3_search`;
/*!40101 SET @saved_cs_client     = @@character_set_client */;
/*!50503 SET character_set_client = utf8mb4 */;
CREATE TABLE `cms3_search` (
  `rel_id` int unsigned NOT NULL,
  `indextime` int DEFAULT NULL,
  `lang_id` int DEFAULT NULL,
  `domain_id` int DEFAULT NULL,
  `type_id` int DEFAULT NULL,
  PRIMARY KEY (`rel_id`),
  KEY `lang_id + domain_id + type_id_FK` (`lang_id`,`domain_id`,`type_id`),
  KEY `domain_id` (`domain_id`,`type_id`),
  KEY `indextime` (`indextime`),
  KEY `type_id` (`type_id`)
) ENGINE=InnoDB DEFAULT CHARSET=utf8mb3;
/*!40101 SET character_set_client = @saved_cs_client */;

--
-- Dumping data for table `cms3_search`
--

LOCK TABLES `cms3_search` WRITE;
/*!40000 ALTER TABLE `cms3_search` DISABLE KEYS */;
INSERT INTO `cms3_search` VALUES (3,1678971920,1,1,25),(4,1678971920,1,1,50),(5,1678971920,1,1,1),(6,1678971920,1,1,25),(7,1678971920,1,1,25),(9,1678971920,1,1,25),(11,1678971920,1,1,36),(12,1678971920,1,1,27),(13,1678971920,1,1,43),(14,1678971920,1,1,33),(15,1678971920,1,1,32),(16,1678971920,1,1,31),(17,1678971920,1,1,41),(131,1678971920,1,1,24),(132,1678971920,1,1,24),(149,1678971920,1,1,30),(150,1678971920,1,1,29),(151,1678971920,1,1,44),(152,1678971920,1,1,45),(153,1678971920,1,1,45),(154,1678971920,1,1,33),(155,1678971920,1,1,42),(156,1678971920,1,1,42),(157,1678971920,1,1,42),(158,1678971920,1,1,42),(235,1678971920,1,1,65),(248,1678971920,1,1,37),(261,1678971920,1,1,50),(262,1678971920,1,1,50),(264,1678971920,1,1,50),(268,1678971920,1,1,50),(273,1678971920,1,1,50),(279,1678971920,1,1,50),(280,1678971920,1,1,50),(281,1678971920,1,1,50),(282,1678971920,1,1,50),(283,1678971920,1,1,50),(284,1678971920,1,1,50),(285,1678971920,1,1,50),(287,1678971920,1,1,50),(289,1678971920,1,1,50),(292,1678971920,1,1,50),(293,1678971920,1,1,50),(309,1678971920,1,1,52),(310,1678971920,1,1,50),(312,1678971920,1,1,50),(314,1678971920,1,1,52),(321,1678971920,1,1,50),(322,1678971920,1,1,50),(326,1678971920,1,1,50),(327,1678971920,1,1,52),(328,1678971920,1,1,52),(329,1678971920,1,1,52),(330,1678971920,1,1,52),(331,1678971920,1,1,52),(332,1678971920,1,1,52),(333,1678971920,1,1,50),(334,1678971920,1,1,50),(335,1678971920,1,1,52),(336,1678971920,1,1,52),(337,1678971920,1,1,52),(338,1678971920,1,1,52),(339,1678971920,1,1,52),(340,1678971920,1,1,52),(342,1678971920,1,1,50),(343,1678971920,1,1,50),(344,1678971920,1,1,50),(345,1678971920,1,1,52),(348,1678971920,1,1,52),(349,1678971920,1,1,52),(350,1678971920,1,1,52),(351,1678971920,1,1,52),(352,1678971920,1,1,52),(353,1678971920,1,1,52),(354,1678971920,1,1,52),(355,1678971920,1,1,52),(356,1678971920,1,1,52),(357,1678971920,1,1,52),(358,1678971920,1,1,52),(359,1678971920,1,1,52),(360,1678971920,1,1,52),(361,1678971920,1,1,52),(362,1678971920,1,1,52),(363,1678971920,1,1,52),(364,1678971920,1,1,52),(365,1678971921,1,1,50),(366,1678971921,1,1,52),(367,1678971921,1,1,52),(368,1678971921,1,1,52),(369,1678971921,1,1,52),(370,1678971921,1,1,52),(371,1678971921,1,1,52),(372,1678971921,1,1,52),(373,1678971921,1,1,52),(374,1678971921,1,1,52),(375,1678971921,1,1,52),(376,1678971921,1,1,52),(377,1678971921,1,1,52),(378,1678971921,1,1,52),(379,1678971921,1,1,52),(380,1678971921,1,1,52),(381,1678971921,1,1,52),(382,1678971921,1,1,52),(383,1678971921,1,1,52),(384,1678971921,1,1,52),(385,1678971921,1,1,52),(386,1678971921,1,1,50),(387,1678971921,1,1,50),(388,1678971921,1,1,50),(389,1678971921,1,1,50),(391,1678971921,1,1,50),(392,1678971921,1,1,50),(394,1678971921,1,1,52),(395,1678971921,1,1,52),(396,1678971921,1,1,52),(397,1678971921,1,1,52),(398,1678971921,1,1,52),(399,1678971921,1,1,52),(400,1678971921,1,1,52),(401,1678971921,1,1,52),(402,1678971921,1,1,52),(403,1678971921,1,1,52),(404,1678971921,1,1,52),(405,1678971921,1,1,52),(406,1678971921,1,1,52),(407,1678971921,1,1,52),(408,1678971921,1,1,52),(409,1678971921,1,1,52),(410,1678971921,1,1,52),(411,1678971921,1,1,52),(412,1678971921,1,1,52),(413,1678971921,1,1,52),(414,1678971921,1,1,52),(415,1678971921,1,1,52),(416,1678971921,1,1,52),(417,1678971921,1,1,52),(419,1678971921,1,1,52),(420,1678971921,1,1,52),(421,1678971921,1,1,52),(423,1678971921,1,1,52),(424,1678971921,1,1,52),(425,1678971921,1,1,52),(427,1678971921,1,1,52),(428,1678971921,1,1,52),(429,1678971921,1,1,52),(430,1678971921,1,1,52),(431,1678971921,1,1,52),(432,1678971921,1,1,52),(433,1678971921,1,1,52),(434,1678971921,1,1,52),(435,1678971921,1,1,52),(436,1678971921,1,1,52),(437,1678971921,1,1,52),(438,1678971921,1,1,52),(439,1678971921,1,1,52),(440,1678971921,1,1,52),(442,1678971921,1,1,52),(443,1678971921,1,1,52),(444,1678971921,1,1,52),(445,1678971921,1,1,52),(446,1678971921,1,1,52),(447,1678971921,1,1,52),(448,1678971921,1,1,52),(449,1678971921,1,1,52),(450,1678971921,1,1,52),(451,1678971921,1,1,52),(452,1678971921,1,1,52),(453,1678971921,1,1,52),(454,1678971921,1,1,52),(455,1678971921,1,1,52),(456,1678971921,1,1,52),(457,1678971921,1,1,52),(458,1678971921,1,1,52),(459,1678971921,1,1,52),(460,1678971921,1,1,52),(461,1678971921,1,1,50),(462,1678971922,1,1,52),(463,1678971922,1,1,52),(465,1678971922,1,1,52),(466,1678971922,1,1,52),(467,1678971922,1,1,52),(468,1678971922,1,1,52),(469,1678971922,1,1,52),(470,1678971922,1,1,52),(471,1678971922,1,1,52),(472,1678971922,1,1,52),(473,1678971922,1,1,52),(474,1678971922,1,1,52),(475,1678971922,1,1,52),(480,1678971922,1,1,50),(481,1678971922,1,1,52),(482,1678971922,1,1,52),(483,1678971922,1,1,52),(484,1678971922,1,1,52),(485,1678971922,1,1,52),(486,1678971922,1,1,52),(488,1678971922,1,1,52),(489,1678971922,1,1,52),(490,1678971922,1,1,50),(492,1678971922,1,1,52),(493,1678971922,1,1,52),(494,1678971922,1,1,52),(495,1678971922,1,1,52),(496,1678971922,1,1,52),(497,1678971922,1,1,50),(498,1678971922,1,1,52),(499,1678971922,1,1,52),(500,1678971922,1,1,52),(501,1678971922,1,1,52),(502,1678971922,1,1,52),(503,1678971922,1,1,52),(504,1678971922,1,1,52),(505,1678971922,1,1,52),(506,1678971922,1,1,50),(507,1678971922,1,1,52),(508,1678971922,1,1,52),(509,1678971922,1,1,52),(510,1678971922,1,1,52),(511,1678971922,1,1,52),(512,1678971922,1,1,52),(513,1678971922,1,1,52),(514,1678971922,1,1,52),(515,1678971922,1,1,50),(516,1678971922,1,1,52),(517,1678971922,1,1,52),(518,1678971922,1,1,52),(519,1678971922,1,1,52),(520,1678971922,1,1,52),(521,1678971922,1,1,52),(522,1678971922,1,1,52),(523,1678971922,1,1,52),(524,1678971922,1,1,52),(525,1678971922,1,1,52),(526,1678971922,1,1,52),(527,1678971922,1,1,52),(528,1678971922,1,1,52),(529,1678971922,1,1,52),(530,1678971922,1,1,52),(531,1678971922,1,1,52),(532,1678971922,1,1,52),(533,1678971922,1,1,52),(534,1678971922,1,1,52),(535,1678971922,1,1,52),(536,1678971922,1,1,52),(537,1678971922,1,1,52),(538,1678971922,1,1,52),(539,1678971922,1,1,52),(540,1678971922,1,1,52),(541,1678971922,1,1,52),(542,1678971922,1,1,52),(543,1678971922,1,1,52),(544,1678971922,1,1,52),(545,1678971922,1,1,52),(546,1678971922,1,1,52),(547,1678971923,1,1,52),(548,1678971923,1,1,52),(549,1678971923,1,1,52),(550,1678971923,1,1,52),(551,1678971923,1,1,52),(552,1678971923,1,1,52),(553,1678971923,1,1,52),(554,1678971923,1,1,52),(555,1678971923,1,1,52),(556,1678971923,1,1,52),(557,1678971923,1,1,52),(558,1678971923,1,1,52),(559,1678971923,1,1,52),(560,1678971923,1,1,52),(561,1678971923,1,1,52),(562,1678971923,1,1,52),(563,1678971923,1,1,52),(564,1678971923,1,1,50),(565,1678971923,1,1,52),(566,1678971923,1,1,52),(567,1678971923,1,1,52),(568,1678971923,1,1,52),(569,1678971923,1,1,52),(570,1678971923,1,1,52),(571,1678971923,1,1,52),(572,1678971923,1,1,52),(573,1678971923,1,1,50),(574,1678971923,1,1,52),(575,1678971923,1,1,52),(576,1678971923,1,1,52),(577,1678971923,1,1,52),(578,1678971923,1,1,52),(579,1678971923,1,1,52),(580,1678971923,1,1,52),(581,1678971923,1,1,52),(582,1678971923,1,1,50),(583,1678971923,1,1,52),(584,1678971923,1,1,52),(585,1678971923,1,1,52),(586,1678971923,1,1,52),(587,1678971923,1,1,52),(588,1678971923,1,1,52),(589,1678971923,1,1,52),(590,1678971923,1,1,52),(591,1678971923,1,1,50),(592,1678971923,1,1,52),(593,1678971923,1,1,52),(594,1678971923,1,1,52),(595,1678971923,1,1,52),(596,1678971923,1,1,52),(597,1678971923,1,1,52),(598,1678971923,1,1,52),(599,1678971923,1,1,52),(600,1678971923,1,1,52),(601,1678971923,1,1,52),(602,1678971923,1,1,52),(603,1678971923,1,1,37);
/*!40000 ALTER TABLE `cms3_search` ENABLE KEYS */;
UNLOCK TABLES;

--
-- Table structure for table `cms3_search_index`
--

DROP TABLE IF EXISTS `cms3_search_index`;
/*!40101 SET @saved_cs_client     = @@character_set_client */;
/*!50503 SET character_set_client = utf8mb4 */;
CREATE TABLE `cms3_search_index` (
  `rel_id` int unsigned DEFAULT NULL,
  `weight` int DEFAULT NULL,
  `word_id` int unsigned DEFAULT NULL,
  `tf` float DEFAULT NULL,
  KEY `pages to index_FK` (`rel_id`),
  KEY `word index_FK` (`word_id`),
  KEY `weight` (`weight`),
  KEY `tf` (`tf`)
) ENGINE=InnoDB DEFAULT CHARSET=utf8mb3;
/*!40101 SET character_set_client = @saved_cs_client */;

--
-- Dumping data for table `cms3_search_index`
--

LOCK TABLES `cms3_search_index` WRITE;
/*!40000 ALTER TABLE `cms3_search_index` DISABLE KEYS */;
INSERT INTO `cms3_search_index` VALUES (3,10,1,0.666667),(3,5,2,0.333333),(4,10,3,0.5),(4,10,4,0.5),(5,10,5,1),(6,11,6,0.177419),(6,11,7,0.177419),(6,1,8,0.016129),(6,1,9,0.016129),(6,1,10,0.016129),(6,1,11,0.016129),(6,1,12,0.016129),(6,1,13,0.016129),(6,1,14,0.016129),(6,1,15,0.016129),(6,1,16,0.016129),(6,1,17,0.016129),(6,1,18,0.016129),(6,1,19,0.016129),(6,1,20,0.016129),(6,1,21,0.016129),(6,1,22,0.016129),(7,10,23,0.277778),(7,1,8,0.0277778),(7,1,9,0.0277778),(7,1,24,0.0277778),(7,1,10,0.0277778),(7,1,25,0.0277778),(7,1,12,0.0277778),(7,1,13,0.0277778),(7,1,26,0.0277778),(7,1,14,0.0277778),(7,1,15,0.0277778),(7,1,27,0.0277778),(7,1,18,0.0277778),(7,1,28,0.0277778),(7,1,29,0.0277778),(7,1,30,0.0277778),(7,1,31,0.0277778),(9,11,32,0.22449),(9,1,33,0.0204082),(9,1,34,0.0204082),(9,1,35,0.0204082),(9,1,36,0.0204082),(9,1,37,0.0204082),(9,1,12,0.0204082),(9,1,13,0.0204082),(9,1,14,0.0204082),(9,1,15,0.0204082),(9,1,16,0.0204082),(9,1,38,0.0204082),(9,1,39,0.0204082),(9,1,40,0.0204082),(9,1,41,0.0204082),(9,1,42,0.0204082),(9,1,43,0.0204082),(11,11,44,0.139241),(11,10,45,0.126582),(11,11,46,0.139241),(11,1,47,0.0126582),(11,1,48,0.0126582),(11,1,49,0.0126582),(11,1,50,0.0126582),(11,1,51,0.0126582),(11,1,52,0.0126582),(11,1,53,0.0126582),(11,1,41,0.0126582),(11,1,54,0.0126582),(11,1,55,0.0126582),(11,1,56,0.0126582),(11,1,57,0.0126582),(12,10,58,0.333333),(12,10,59,0.333333),(12,10,60,0.333333),(13,5,61,0.0724638),(13,5,62,0.0724638),(13,5,60,0.0724638),(13,5,63,0.0724638),(13,10,64,0.144928),(13,10,65,0.144928),(13,1,66,0.0144928),(13,1,67,0.0144928),(13,1,68,0.0144928),(13,1,69,0.0144928),(13,1,70,0.0144928),(13,1,71,0.0144928),(13,1,72,0.0144928),(13,1,73,0.0144928),(13,1,74,0.0144928),(14,15,75,0.365854),(14,15,76,0.365854),(14,1,77,0.0243902),(14,1,78,0.0243902),(14,1,79,0.0243902),(14,1,80,0.0243902),(14,1,81,0.0243902),(14,1,82,0.0243902),(15,15,83,0.166667),(15,15,84,0.166667),(15,15,77,0.166667),(15,15,85,0.166667),(16,15,86,0.365854),(16,16,87,0.390244),(16,1,88,0.0243902),(16,1,89,0.0243902),(16,1,90,0.0243902),(16,1,91,0.0243902),(16,1,92,0.0243902),(16,1,93,0.0243902),(16,1,94,0.0243902),(17,15,95,0.5),(17,15,96,0.5),(131,10,97,0.238095),(131,10,98,0.238095),(131,2,99,0.047619),(131,2,45,0.047619),(131,2,100,0.047619),(131,2,101,0.047619),(131,2,102,0.047619),(131,2,103,0.047619),(132,11,104,0.183333),(132,10,105,0.166667),(132,11,106,0.183333),(132,1,107,0.0166667),(132,1,108,0.0166667),(132,2,109,0.0333333),(132,1,110,0.0166667),(132,1,111,0.0166667),(132,1,112,0.0166667),(132,1,113,0.0166667),(132,1,114,0.0166667),(132,1,115,0.0166667),(132,1,17,0.0166667),(132,1,116,0.0166667),(132,1,117,0.0166667),(132,1,118,0.0166667),(132,1,119,0.0166667),(132,1,120,0.0166667),(132,1,5,0.0166667),(132,1,121,0.0166667),(132,1,122,0.0166667),(132,1,123,0.0166667),(149,11,124,0.0873016),(149,10,125,0.0793651),(149,1,126,0.00793651),(149,1,127,0.00793651),(149,1,128,0.00793651),(149,2,129,0.015873),(149,1,130,0.00793651),(149,1,131,0.00793651),(149,1,132,0.00793651),(149,1,133,0.00793651),(149,1,134,0.00793651),(149,1,135,0.00793651),(149,1,136,0.00793651),(149,1,137,0.00793651),(149,1,138,0.00793651),(149,1,139,0.00793651),(149,1,140,0.00793651),(149,1,141,0.00793651),(149,1,142,0.00793651),(149,1,143,0.00793651),(149,1,144,0.00793651),(149,2,145,0.015873),(149,1,146,0.00793651),(149,1,147,0.00793651),(149,1,148,0.00793651),(149,1,149,0.00793651),(149,1,150,0.00793651),(149,1,151,0.00793651),(149,1,152,0.00793651),(149,1,153,0.00793651),(149,1,154,0.00793651),(149,1,155,0.00793651),(149,1,156,0.00793651),(149,1,157,0.00793651),(149,1,158,0.00793651),(149,2,122,0.015873),(149,1,66,0.00793651),(149,1,41,0.00793651),(149,1,159,0.00793651),(149,1,160,0.00793651),(149,1,161,0.00793651),(149,1,162,0.00793651),(149,1,163,0.00793651),(149,1,164,0.00793651),(149,1,165,0.00793651),(149,1,166,0.00793651),(149,1,167,0.00793651),(149,1,168,0.00793651),(149,1,169,0.00793651),(149,2,170,0.015873),(149,2,171,0.015873),(149,1,172,0.00793651),(149,1,173,0.00793651),(149,1,174,0.00793651),(149,1,175,0.00793651),(149,1,176,0.00793651),(149,1,177,0.00793651),(149,1,178,0.00793651),(149,1,179,0.00793651),(149,1,180,0.00793651),(149,1,181,0.00793651),(149,1,182,0.00793651),(149,1,183,0.00793651),(150,1,184,0.0555556),(150,1,185,0.0555556),(150,1,186,0.0555556),(150,1,187,0.0555556),(150,1,188,0.0555556),(150,1,189,0.0555556),(150,1,190,0.0555556),(150,1,191,0.0555556),(150,1,192,0.0555556),(150,1,193,0.0555556),(150,5,194,0.277778),(151,15,195,0.189873),(151,15,196,0.189873),(151,1,66,0.0126582),(151,1,197,0.0126582),(151,1,198,0.0126582),(151,2,199,0.0253165),(151,1,200,0.0126582),(151,1,201,0.0126582),(151,1,202,0.0126582),(151,1,203,0.0126582),(151,1,204,0.0126582),(152,16,66,0.216216),(152,16,205,0.216216),(152,16,206,0.216216),(152,1,207,0.0135135),(152,1,208,0.0135135),(152,1,209,0.0135135),(152,1,210,0.0135135),(152,1,211,0.0135135),(152,1,212,0.0135135),(152,1,213,0.0135135),(152,1,214,0.0135135),(153,16,213,0.188235),(153,16,215,0.188235),(153,16,216,0.188235),(153,1,217,0.0117647),(153,1,218,0.0117647),(153,1,66,0.0117647),(153,1,219,0.0117647),(153,1,41,0.0117647),(154,16,83,0.148148),(154,15,84,0.138889),(154,15,77,0.138889),(154,15,85,0.138889),(154,1,220,0.00925926),(154,1,221,0.00925926),(154,1,222,0.00925926),(154,1,28,0.00925926),(154,1,223,0.00925926),(154,1,224,0.00925926),(154,1,225,0.00925926),(154,1,226,0.00925926),(154,1,227,0.00925926),(154,1,228,0.00925926),(154,1,229,0.00925926),(154,1,230,0.00925926),(154,1,231,0.00925926),(154,1,232,0.00925926),(154,1,233,0.00925926),(155,16,234,0.410256),(155,16,235,0.410256),(155,1,28,0.025641),(155,1,236,0.025641),(155,1,237,0.025641),(155,1,238,0.025641),(156,11,239,0.6875),(156,1,28,0.0625),(156,1,240,0.0625),(156,1,241,0.0625),(157,11,235,0.289474),(157,11,28,0.289474),(157,11,242,0.289474),(157,1,243,0.0263158),(157,1,244,0.0263158),(157,1,245,0.0263158),(158,11,235,0.423077),(158,11,246,0.423077),(158,1,28,0.0384615),(158,1,247,0.0384615),(235,5,248,0.25),(235,5,249,0.25),(235,5,250,0.25),(248,15,251,0.454545),(248,15,252,0.454545),(261,10,253,0.333333),(261,10,254,0.333333),(262,10,255,0.333333),(262,10,256,0.333333),(264,10,257,0.5),(264,10,255,0.5),(268,10,258,0.5),(268,10,255,0.5),(273,10,259,1),(279,10,260,1),(280,10,28,0.5),(280,10,261,0.5),(281,10,28,0.5),(281,10,262,0.5),(282,10,28,0.5),(282,10,263,0.5),(283,10,264,1),(284,10,265,0.5),(284,10,266,0.5),(285,10,267,0.5),(285,10,266,0.5),(287,10,268,1),(289,10,266,0.333333),(289,10,269,0.333333),(292,10,270,0.5),(292,10,271,0.5),(293,10,272,0.333333),(293,10,273,0.333333),(309,21,274,0.2),(309,21,275,0.2),(309,21,276,0.2),(309,21,277,0.2),(309,21,278,0.2),(310,10,279,0.5),(310,10,280,0.5),(312,10,281,0.5),(312,10,280,0.5),(314,10,282,0.25),(314,10,283,0.25),(314,10,278,0.25),(321,10,284,0.5),(322,10,285,1),(326,10,286,0.5),(327,21,287,0.182609),(327,21,288,0.182609),(327,21,289,0.182609),(327,21,277,0.182609),(327,21,278,0.182609),(327,10,274,0.0869565),(328,21,290,0.142857),(328,21,291,0.142857),(328,21,292,0.142857),(328,21,277,0.142857),(328,21,278,0.142857),(329,21,293,0.166667),(329,21,294,0.166667),(329,21,295,0.166667),(329,21,296,0.166667),(329,21,297,0.166667),(329,21,278,0.166667),(330,21,298,0.2),(330,21,299,0.2),(330,21,292,0.2),(330,21,277,0.2),(330,21,278,0.2),(331,21,300,0.25),(331,21,301,0.25),(331,21,277,0.25),(331,21,278,0.25),(332,21,302,0.25),(332,21,303,0.25),(332,21,304,0.25),(332,21,278,0.25),(333,10,305,0.5),(333,10,306,0.5),(334,10,307,1),(335,10,308,0.2),(335,10,309,0.2),(335,10,310,0.2),(335,10,311,0.2),(336,21,275,0.25),(336,21,312,0.25),(336,21,313,0.25),(336,21,278,0.25),(337,21,300,0.25),(337,21,314,0.25),(337,21,313,0.25),(337,21,278,0.25),(338,10,315,0.2),(338,10,316,0.2),(338,10,317,0.2),(338,10,318,0.2),(338,10,319,0.2),(339,10,315,0.25),(339,10,317,0.25),(339,10,318,0.25),(339,10,320,0.25),(340,10,315,0.2),(340,10,321,0.2),(340,10,322,0.2),(340,10,323,0.2),(342,21,324,1),(343,21,325,0.5),(343,21,324,0.5),(344,21,326,0.5),(344,21,324,0.5),(345,21,327,0.333333),(345,21,328,0.333333),(345,21,329,0.333333),(348,21,330,0.25),(348,21,331,0.25),(348,21,332,0.25),(348,21,333,0.25),(349,21,334,0.333333),(349,21,335,0.333333),(349,21,336,0.333333),(350,11,337,0.148649),(350,11,338,0.148649),(350,11,339,0.148649),(350,11,340,0.148649),(350,10,341,0.135135),(351,21,342,0.333333),(351,21,343,0.333333),(351,21,344,0.333333),(352,11,345,0.207547),(352,11,346,0.207547),(352,11,347,0.207547),(352,10,348,0.188679),(353,21,349,0.2),(353,21,350,0.2),(353,21,351,0.2),(353,21,352,0.2),(353,21,338,0.2),(354,21,353,0.333333),(354,21,354,0.333333),(354,21,355,0.333333),(355,21,356,0.333333),(355,21,357,0.333333),(355,21,358,0.333333),(356,21,359,0.25),(356,21,360,0.25),(356,21,361,0.25),(356,21,362,0.25),(357,21,327,0.333333),(357,21,363,0.333333),(357,21,364,0.333333),(358,12,365,0.226415),(358,10,366,0.188679),(358,11,367,0.207547),(358,1,368,0.0188679),(358,1,369,0.0188679),(358,1,184,0.0188679),(358,1,370,0.0188679),(358,1,28,0.0188679),(358,1,371,0.0188679),(358,1,372,0.0188679),(358,1,373,0.0188679),(358,1,374,0.0188679),(358,1,375,0.0188679),(358,1,376,0.0188679),(358,1,377,0.0188679),(359,11,365,0.211538),(359,11,366,0.211538),(359,10,378,0.192308),(359,1,379,0.0192308),(359,1,380,0.0192308),(359,1,381,0.0192308),(359,1,382,0.0192308),(359,1,383,0.0192308),(359,1,384,0.0192308),(359,1,385,0.0192308),(359,1,386,0.0192308),(359,1,387,0.0192308),(359,1,388,0.0192308),(359,1,389,0.0192308),(359,1,390,0.0192308),(359,1,220,0.0192308),(359,1,391,0.0192308),(360,11,365,0.177419),(360,10,392,0.16129),(360,11,393,0.177419),(360,1,394,0.016129),(360,1,395,0.016129),(360,1,396,0.016129),(360,1,397,0.016129),(360,1,398,0.016129),(360,1,28,0.016129),(360,1,399,0.016129),(360,1,400,0.016129),(360,1,401,0.016129),(360,1,402,0.016129),(360,1,403,0.016129),(361,11,365,0.174603),(361,11,392,0.174603),(361,11,404,0.174603),(361,11,405,0.174603),(361,1,28,0.015873),(361,1,406,0.015873),(361,1,407,0.015873),(361,1,408,0.015873),(361,1,409,0.015873),(361,1,410,0.015873),(361,1,411,0.015873),(361,1,412,0.015873),(361,1,413,0.015873),(361,1,414,0.015873),(361,1,415,0.015873),(361,1,416,0.015873),(362,10,417,0.142857),(362,10,418,0.142857),(362,10,278,0.142857),(362,10,419,0.142857),(362,10,420,0.142857),(362,1,206,0.0142857),(362,1,421,0.0142857),(362,1,422,0.0142857),(362,1,423,0.0142857),(362,1,424,0.0142857),(362,1,77,0.0142857),(362,1,425,0.0142857),(362,1,426,0.0142857),(362,1,427,0.0142857),(362,1,428,0.0142857),(362,1,429,0.0142857),(362,1,430,0.0142857),(362,1,431,0.0142857),(363,10,432,0.25),(363,10,433,0.25),(363,10,434,0.25),(363,10,435,0.25),(364,10,417,0.166667),(364,10,418,0.166667),(364,10,436,0.166667),(364,10,437,0.166667),(364,10,438,0.166667),(364,10,439,0.166667),(365,10,440,0.5),(365,10,441,0.5),(366,10,442,0.25),(366,10,443,0.25),(366,10,444,0.25),(366,10,445,0.25),(367,10,442,0.2),(367,10,443,0.2),(367,10,308,0.2),(367,10,309,0.2),(367,10,446,0.2),(368,10,442,0.166667),(368,10,443,0.166667),(368,10,447,0.166667),(368,10,448,0.166667),(368,10,449,0.166667),(368,10,450,0.166667),(369,10,442,0.25),(369,10,443,0.25),(369,10,451,0.25),(369,10,452,0.25),(370,10,442,0.166667),(370,10,443,0.166667),(370,10,447,0.166667),(370,10,448,0.166667),(370,10,453,0.166667),(371,10,454,0.1),(371,10,455,0.1),(371,10,456,0.1),(371,10,457,0.1),(371,10,458,0.1),(371,10,459,0.1),(371,10,460,0.1),(371,10,461,0.1),(371,10,462,0.1),(371,10,463,0.1),(372,10,464,0.111111),(372,10,465,0.111111),(372,10,466,0.111111),(372,10,456,0.111111),(372,10,467,0.111111),(372,10,468,0.111111),(372,10,469,0.111111),(373,10,454,0.166667),(373,10,455,0.166667),(373,10,470,0.166667),(373,10,471,0.166667),(373,10,472,0.166667),(374,10,454,0.0869565),(374,10,473,0.0869565),(374,10,474,0.0869565),(374,10,475,0.0869565),(374,10,461,0.0869565),(374,10,476,0.0869565),(374,10,477,0.0869565),(374,10,478,0.0869565),(374,10,479,0.0869565),(374,5,480,0.0434783),(375,10,454,0.1),(375,10,481,0.1),(375,10,482,0.1),(375,10,483,0.1),(375,10,467,0.1),(375,10,484,0.1),(375,10,485,0.1),(375,10,486,0.1),(376,10,464,0.111111),(376,10,487,0.111111),(376,10,470,0.111111),(376,10,471,0.111111),(376,10,488,0.111111),(376,10,489,0.111111),(377,10,464,0.2),(377,10,487,0.2),(377,10,490,0.2),(378,10,464,0.0714286),(378,10,487,0.0714286),(378,10,456,0.0714286),(378,10,457,0.0714286),(378,10,458,0.0714286),(378,10,491,0.0714286),(378,10,459,0.0714286),(378,10,460,0.0714286),(378,10,461,0.0714286),(378,10,476,0.0714286),(378,10,492,0.0714286),(379,10,464,0.2),(379,10,493,0.2),(379,10,494,0.2),(380,10,464,0.105263),(380,10,493,0.105263),(380,10,495,0.105263),(380,10,496,0.105263),(380,10,497,0.105263),(380,10,477,0.105263),(380,5,480,0.0526316),(381,10,384,0.0769231),(381,10,28,0.0769231),(381,10,262,0.0769231),(381,10,498,0.0769231),(381,10,499,0.0769231),(381,10,500,0.0769231),(381,10,501,0.0769231),(381,10,502,0.0769231),(381,10,503,0.0769231),(382,10,384,0.111111),(382,10,504,0.111111),(382,10,505,0.111111),(382,10,506,0.111111),(382,10,507,0.111111),(382,10,377,0.111111),(382,10,508,0.111111),(383,10,384,0.0833333),(383,10,28,0.0833333),(383,10,262,0.0833333),(383,10,498,0.0833333),(383,10,509,0.0833333),(383,10,510,0.0833333),(383,10,501,0.0833333),(383,10,511,0.0833333),(384,10,269,0.1),(384,10,28,0.1),(384,10,512,0.1),(384,10,513,0.1),(384,10,514,0.1),(384,10,515,0.1),(384,10,516,0.1),(384,10,517,0.1),(385,10,454,0.111111),(385,10,28,0.111111),(385,10,518,0.111111),(385,10,513,0.111111),(385,10,519,0.111111),(385,10,520,0.111111),(385,10,521,0.111111),(386,10,522,0.5),(386,10,280,0.5),(387,10,523,1),(388,10,524,1),(389,10,525,1),(391,10,526,1),(392,10,527,1),(394,10,528,0.333333),(394,10,283,0.333333),(395,11,293,0.0948276),(395,21,294,0.181034),(395,11,295,0.0948276),(395,11,296,0.0948276),(395,21,297,0.181034),(395,11,278,0.0948276),(396,11,290,0.113402),(396,21,291,0.216495),(396,11,292,0.113402),(396,11,277,0.113402),(396,11,278,0.113402),(397,11,300,0.171875),(397,21,301,0.328125),(397,11,277,0.171875),(397,21,278,0.328125),(398,10,283,0.25),(398,10,278,0.25),(399,11,287,0.129412),(399,21,288,0.247059),(399,11,289,0.129412),(399,21,277,0.247059),(399,21,278,0.247059),(400,11,293,0.114583),(400,11,294,0.114583),(400,11,295,0.114583),(400,21,296,0.21875),(400,21,297,0.21875),(400,21,278,0.21875),(401,21,298,0.221053),(401,11,299,0.115789),(401,21,292,0.221053),(401,21,277,0.221053),(401,11,278,0.115789),(402,11,302,0.171875),(402,11,303,0.171875),(402,21,304,0.328125),(402,11,278,0.171875),(402,10,529,0.15625),(403,11,275,0.171875),(403,11,312,0.171875),(403,11,313,0.171875),(403,11,278,0.171875),(403,10,530,0.15625),(403,10,531,0.15625),(404,11,300,0.148649),(404,11,314,0.148649),(404,21,313,0.283784),(404,21,278,0.283784),(404,10,532,0.135135),(405,11,302,0.171875),(405,11,303,0.171875),(405,11,304,0.171875),(405,11,278,0.171875),(405,10,533,0.15625),(405,10,534,0.15625),(406,11,275,0.171875),(406,11,312,0.171875),(406,11,313,0.171875),(406,11,278,0.171875),(406,10,535,0.15625),(407,11,275,0.171875),(407,11,312,0.171875),(407,11,313,0.171875),(407,11,278,0.171875),(407,10,536,0.15625),(407,10,537,0.15625),(408,21,302,0.328125),(408,11,303,0.171875),(408,11,304,0.171875),(408,11,278,0.171875),(408,10,538,0.15625),(409,11,275,0.148649),(409,11,312,0.148649),(409,11,313,0.148649),(409,11,278,0.148649),(409,10,539,0.135135),(410,11,327,0.207547),(410,21,328,0.396226),(410,11,329,0.207547),(410,10,540,0.188679),(411,11,327,0.207547),(411,21,328,0.396226),(411,11,329,0.207547),(412,11,330,0.171875),(412,11,331,0.171875),(412,11,332,0.171875),(412,11,333,0.171875),(412,10,541,0.15625),(412,10,542,0.15625),(413,11,334,0.207547),(413,11,335,0.207547),(413,11,336,0.207547),(413,10,543,0.188679),(414,21,337,0.25),(414,21,338,0.25),(414,21,339,0.25),(414,21,340,0.25),(415,11,342,0.207547),(415,11,343,0.207547),(415,11,344,0.207547),(415,10,544,0.188679),(415,10,545,0.188679),(416,21,345,0.333333),(416,21,346,0.333333),(416,21,347,0.333333),(417,11,327,0.174603),(417,11,328,0.174603),(417,11,329,0.174603),(419,11,330,0.171875),(419,11,331,0.171875),(419,11,332,0.171875),(419,11,333,0.171875),(419,10,546,0.15625),(419,10,547,0.15625),(420,11,334,0.207547),(420,11,335,0.207547),(420,11,336,0.207547),(420,10,548,0.188679),(421,11,327,0.207547),(421,21,328,0.396226),(421,11,329,0.207547),(423,21,334,0.333333),(423,21,335,0.333333),(423,21,336,0.333333),(424,21,549,0.2),(424,21,526,0.2),(424,21,550,0.2),(425,21,551,1),(427,21,552,0.333333),(427,21,553,0.333333),(427,21,332,0.333333),(428,10,525,0.166667),(428,10,554,0.166667),(428,10,555,0.166667),(428,10,556,0.166667),(429,21,557,0.677419),(429,10,558,0.322581),(430,10,525,0.333333),(430,10,559,0.333333),(430,10,560,0.333333),(431,21,561,0.2),(431,21,562,0.2),(431,21,563,0.2),(431,21,564,0.2),(432,10,525,0.25),(432,10,559,0.25),(432,10,560,0.25),(432,10,565,0.25),(433,21,566,0.235955),(433,21,567,0.235955),(433,21,568,0.235955),(433,5,480,0.0561798),(434,10,525,0.25),(434,10,569,0.25),(434,10,570,0.25),(434,10,571,0.25),(435,10,525,0.166667),(435,10,572,0.166667),(435,10,573,0.166667),(435,10,574,0.166667),(436,10,575,0.222222),(436,10,576,0.222222),(436,10,577,0.222222),(436,5,480,0.111111),(437,10,525,0.25),(437,10,578,0.25),(437,10,570,0.25),(437,10,571,0.25),(438,10,525,0.25),(438,10,578,0.25),(438,10,570,0.25),(438,10,579,0.25),(439,10,580,0.5),(439,10,581,0.5),(440,10,582,0.333333),(440,10,583,0.333333),(440,10,584,0.333333),(442,10,585,0.5),(442,10,586,0.5),(443,18,587,0.391304),(443,18,588,0.391304),(443,10,589,0.217391),(444,10,525,0.166667),(444,10,590,0.166667),(444,10,591,0.166667),(444,10,592,0.166667),(445,10,593,0.153846),(445,10,594,0.153846),(445,10,595,0.153846),(445,10,596,0.153846),(445,10,597,0.153846),(445,5,480,0.0769231),(446,10,525,0.2),(446,10,590,0.2),(446,10,598,0.2),(447,10,599,0.5),(447,10,600,0.5),(448,10,525,0.333333),(448,10,578,0.333333),(448,10,338,0.333333),(449,10,525,0.333333),(449,10,601,0.333333),(449,10,602,0.333333),(450,10,603,0.5),(450,10,604,0.5),(451,10,605,0.2),(451,10,606,0.2),(451,10,607,0.2),(451,10,608,0.2),(452,10,525,0.25),(452,10,601,0.25),(452,10,602,0.25),(452,10,609,0.25),(453,10,610,0.333333),(453,10,611,0.333333),(453,10,612,0.333333),(454,10,613,0.333333),(454,10,611,0.333333),(454,10,612,0.333333),(455,10,614,1),(456,10,615,0.166667),(456,10,616,0.166667),(456,10,617,0.166667),(456,10,618,0.166667),(456,10,619,0.166667),(456,10,612,0.166667),(457,10,620,0.166667),(457,10,621,0.166667),(457,10,622,0.166667),(457,10,618,0.166667),(457,10,623,0.166667),(457,10,608,0.166667),(458,10,624,1),(459,10,625,0.25),(459,10,626,0.25),(459,10,627,0.25),(459,10,608,0.25),(460,10,625,0.2),(460,10,626,0.2),(460,10,628,0.2),(460,10,629,0.2),(460,10,608,0.2),(461,10,630,0.5),(461,10,631,0.5),(462,21,632,0.2),(462,21,633,0.2),(462,21,338,0.2),(462,21,634,0.2),(462,21,635,0.2),(463,21,630,0.125),(463,21,631,0.125),(463,21,632,0.125),(463,21,338,0.125),(463,21,634,0.125),(463,21,636,0.125),(465,16,632,0.111111),(465,16,637,0.111111),(465,16,638,0.111111),(465,16,630,0.111111),(465,16,631,0.111111),(465,16,639,0.111111),(465,16,633,0.111111),(465,16,634,0.111111),(466,10,640,0.111111),(466,10,641,0.111111),(466,10,642,0.111111),(466,10,643,0.111111),(466,10,644,0.111111),(466,10,645,0.111111),(466,10,646,0.111111),(466,10,647,0.111111),(466,10,648,0.111111),(467,10,649,0.0909091),(467,10,28,0.0909091),(467,10,650,0.0909091),(467,10,651,0.0909091),(467,10,652,0.0909091),(467,10,653,0.0909091),(467,10,654,0.0909091),(467,10,645,0.0909091),(467,10,655,0.0909091),(468,10,656,0.0909091),(468,10,631,0.0909091),(468,10,28,0.0909091),(468,10,650,0.0909091),(468,10,642,0.0909091),(468,10,657,0.0909091),(468,10,658,0.0909091),(468,10,659,0.0909091),(468,10,660,0.0909091),(469,21,630,0.0833333),(469,21,631,0.0833333),(469,42,661,0.166667),(469,21,662,0.0833333),(469,21,663,0.0833333),(469,21,664,0.0833333),(469,21,634,0.0833333),(469,21,665,0.0833333),(470,10,656,0.142857),(470,10,631,0.142857),(470,10,666,0.142857),(470,10,667,0.142857),(470,10,668,0.142857),(470,10,661,0.142857),(471,10,669,0.166667),(471,10,631,0.166667),(471,10,28,0.166667),(471,10,650,0.166667),(471,10,670,0.166667),(471,10,671,0.166667),(472,10,630,0.111111),(472,10,631,0.111111),(472,10,672,0.111111),(472,10,673,0.111111),(472,10,633,0.111111),(472,10,438,0.111111),(472,10,674,0.111111),(473,21,631,0.0833333),(473,21,28,0.0833333),(473,21,650,0.0833333),(473,21,675,0.0833333),(473,21,676,0.0833333),(473,21,633,0.0833333),(473,21,677,0.0833333),(473,21,678,0.0833333),(473,21,679,0.0833333),(473,21,680,0.0833333),(474,21,630,0.125),(474,21,631,0.125),(474,21,338,0.125),(474,21,634,0.125),(474,21,681,0.125),(474,21,632,0.125),(475,11,682,0.169231),(475,1,683,0.0153846),(475,1,684,0.0153846),(475,1,685,0.0153846),(475,1,686,0.0153846),(475,1,687,0.0153846),(475,1,688,0.0153846),(475,1,689,0.0153846),(475,1,690,0.0153846),(475,2,631,0.0307692),(475,1,691,0.0153846),(475,1,692,0.0153846),(475,1,693,0.0153846),(475,1,694,0.0153846),(475,1,695,0.0153846),(475,1,696,0.0153846),(475,1,697,0.0153846),(475,1,698,0.0153846),(475,1,699,0.0153846),(475,2,700,0.0307692),(475,1,162,0.0153846),(475,1,701,0.0153846),(475,1,702,0.0153846),(475,1,703,0.0153846),(475,1,704,0.0153846),(475,1,705,0.0153846),(475,1,706,0.0153846),(475,1,707,0.0153846),(475,1,708,0.0153846),(475,1,709,0.0153846),(475,1,710,0.0153846),(475,1,711,0.0153846),(475,1,712,0.0153846),(475,1,713,0.0153846),(475,1,714,0.0153846),(475,1,715,0.0153846),(480,21,716,1),(481,21,717,0.2),(481,21,718,0.2),(481,21,719,0.2),(481,21,720,0.2),(482,21,721,0.333333),(482,21,722,0.333333),(482,21,723,0.333333),(483,21,721,0.25),(483,21,724,0.25),(483,21,725,0.25),(484,21,504,0.25),(484,21,726,0.25),(484,21,727,0.25),(485,21,728,0.5),(485,21,729,0.5),(486,21,454,0.125),(486,21,28,0.125),(486,21,518,0.125),(486,21,513,0.125),(486,21,730,0.125),(486,21,521,0.125),(488,22,731,0.121547),(488,22,732,0.121547),(488,22,733,0.121547),(488,22,461,0.121547),(488,22,734,0.121547),(488,1,735,0.00552486),(488,2,28,0.0110497),(488,2,263,0.0110497),(488,2,736,0.0110497),(488,1,737,0.00552486),(488,1,738,0.00552486),(488,1,739,0.00552486),(488,1,740,0.00552486),(488,1,741,0.00552486),(488,1,69,0.00552486),(488,1,742,0.00552486),(488,1,743,0.00552486),(488,1,744,0.00552486),(488,1,745,0.00552486),(488,1,746,0.00552486),(488,2,747,0.0110497),(488,1,748,0.00552486),(488,1,749,0.00552486),(488,2,750,0.0110497),(488,1,751,0.00552486),(488,1,752,0.00552486),(488,1,753,0.00552486),(488,1,754,0.00552486),(488,1,755,0.00552486),(488,1,756,0.00552486),(488,2,757,0.0110497),(488,1,758,0.00552486),(488,1,759,0.00552486),(488,1,760,0.00552486),(488,1,761,0.00552486),(488,1,41,0.00552486),(488,1,762,0.00552486),(488,1,763,0.00552486),(488,1,764,0.00552486),(488,1,765,0.00552486),(488,1,766,0.00552486),(488,1,767,0.00552486),(489,21,731,0.0843373),(489,22,768,0.0883534),(489,24,735,0.0963855),(489,24,28,0.0963855),(489,24,263,0.0963855),(489,22,769,0.0883534),(489,22,519,0.0883534),(489,1,770,0.00401606),(489,1,706,0.00401606),(489,1,771,0.00401606),(489,1,772,0.00401606),(489,1,184,0.00401606),(489,1,773,0.00401606),(489,1,685,0.00401606),(489,1,774,0.00401606),(489,1,775,0.00401606),(489,1,776,0.00401606),(489,1,777,0.00401606),(489,1,778,0.00401606),(489,1,779,0.00401606),(489,1,780,0.00401606),(489,1,781,0.00401606),(489,1,782,0.00401606),(489,1,783,0.00401606),(489,1,784,0.00401606),(489,1,785,0.00401606),(489,1,786,0.00401606),(489,1,787,0.00401606),(489,1,788,0.00401606),(489,1,747,0.00401606),(489,1,750,0.00401606),(489,1,756,0.00401606),(489,1,789,0.00401606),(489,2,790,0.00803213),(489,1,757,0.00401606),(489,1,153,0.00401606),(489,1,154,0.00401606),(489,1,791,0.00401606),(489,1,792,0.00401606),(489,1,793,0.00401606),(489,1,794,0.00401606),(489,1,795,0.00401606),(489,1,796,0.00401606),(489,1,797,0.00401606),(489,1,798,0.00401606),(490,21,799,0.5),(490,21,800,0.5),(492,21,801,0.333333),(492,21,802,0.333333),(492,21,803,0.333333),(493,21,804,0.2),(493,21,805,0.2),(493,21,806,0.2),(493,21,807,0.2),(493,21,808,0.2),(494,21,804,0.2),(494,21,805,0.2),(494,21,806,0.2),(494,21,807,0.2),(494,21,809,0.2),(495,21,804,0.125),(495,21,805,0.125),(495,21,806,0.125),(495,21,810,0.125),(495,21,811,0.125),(495,21,812,0.125),(496,21,804,0.2),(496,21,805,0.2),(496,21,806,0.2),(496,21,813,0.2),(496,21,814,0.2),(497,21,815,0.5),(497,21,816,0.5),(498,21,817,0.5),(499,21,818,0.25),(499,21,819,0.25),(499,21,810,0.25),(499,21,820,0.25),(500,21,821,0.25),(500,21,822,0.25),(500,21,823,0.25),(501,21,818,0.25),(501,21,819,0.25),(501,21,810,0.25),(501,21,824,0.25),(502,21,818,0.25),(502,21,819,0.25),(502,21,813,0.25),(502,21,825,0.25),(503,21,818,0.166667),(503,21,819,0.166667),(503,21,826,0.166667),(503,21,827,0.166667),(503,21,828,0.166667),(503,21,829,0.166667),(504,21,818,0.25),(504,21,819,0.25),(504,21,830,0.25),(504,21,831,0.25),(505,21,818,0.25),(505,21,819,0.25),(505,21,832,0.25),(505,21,833,0.25),(506,21,834,1),(507,21,835,0.111111),(507,21,836,0.111111),(507,21,28,0.111111),(507,21,837,0.111111),(507,21,838,0.111111),(507,21,839,0.111111),(507,21,840,0.111111),(507,21,841,0.111111),(508,21,842,0.25),(508,21,835,0.25),(508,21,843,0.25),(508,21,844,0.25),(509,21,835,0.2),(509,21,845,0.2),(509,21,846,0.2),(509,21,847,0.2),(509,21,848,0.2),(510,21,835,0.333333),(510,21,849,0.333333),(510,21,850,0.333333),(511,21,835,0.333333),(511,21,810,0.333333),(511,21,851,0.333333),(512,21,835,0.333333),(512,21,852,0.333333),(513,21,835,0.166667),(513,21,853,0.166667),(513,21,854,0.166667),(513,21,855,0.166667),(513,21,856,0.166667),(514,21,835,0.142857),(514,21,813,0.142857),(514,21,857,0.142857),(514,21,858,0.142857),(514,21,859,0.142857),(515,21,860,1),(516,21,861,0.2),(516,21,821,0.2),(516,21,862,0.2),(517,21,861,0.333333),(517,21,813,0.333333),(517,21,863,0.333333),(518,21,861,0.333333),(518,21,826,0.333333),(518,21,864,0.333333),(519,21,861,0.25),(519,21,865,0.25),(519,21,866,0.25),(520,21,861,0.333333),(520,21,867,0.333333),(521,21,861,0.333333),(521,21,868,0.333333),(521,21,869,0.333333),(522,21,861,0.25),(522,21,810,0.25),(522,21,870,0.25),(522,21,871,0.25),(523,21,861,0.2),(523,21,872,0.2),(523,21,873,0.2),(523,21,874,0.2),(523,21,875,0.2),(524,21,625,0.142857),(524,21,876,0.142857),(524,21,877,0.142857),(524,21,878,0.142857),(524,21,608,0.142857),(524,21,879,0.142857),(524,21,880,0.142857),(525,21,625,0.166667),(525,21,876,0.166667),(525,21,877,0.166667),(525,21,878,0.166667),(525,21,881,0.166667),(525,21,882,0.166667),(526,21,625,0.142857),(526,21,883,0.142857),(526,21,28,0.142857),(526,21,884,0.142857),(526,21,876,0.142857),(526,21,885,0.142857),(526,21,886,0.142857),(527,21,625,0.142857),(527,21,883,0.142857),(527,21,28,0.142857),(527,21,887,0.142857),(527,21,876,0.142857),(527,21,888,0.142857),(527,21,880,0.142857),(528,21,889,0.142857),(528,21,876,0.142857),(528,21,890,0.142857),(528,21,878,0.142857),(528,21,891,0.142857),(528,21,892,0.142857),(528,21,893,0.142857),(529,21,889,0.111111),(529,21,894,0.111111),(529,21,876,0.111111),(529,21,895,0.111111),(529,21,891,0.111111),(529,21,896,0.111111),(529,21,897,0.111111),(529,21,893,0.111111),(530,21,889,0.111111),(530,21,894,0.111111),(530,21,876,0.111111),(530,21,895,0.111111),(530,21,891,0.111111),(530,21,896,0.111111),(530,21,897,0.111111),(530,21,898,0.111111),(531,21,889,0.142857),(531,21,894,0.142857),(531,21,876,0.142857),(531,21,895,0.142857),(531,21,891,0.142857),(531,21,899,0.142857),(531,21,893,0.142857),(532,21,625,0.166667),(532,21,28,0.166667),(532,21,900,0.166667),(532,21,880,0.166667),(532,21,886,0.166667),(532,21,901,0.166667),(533,21,625,0.142857),(533,21,902,0.142857),(533,21,903,0.142857),(533,21,608,0.142857),(533,21,904,0.142857),(533,21,905,0.142857),(534,21,625,0.166667),(534,21,876,0.166667),(534,21,906,0.166667),(534,21,608,0.166667),(534,21,907,0.166667),(534,21,908,0.166667),(535,21,909,0.2),(535,21,28,0.2),(535,21,884,0.2),(535,21,886,0.2),(535,21,901,0.2),(536,21,625,0.333333),(536,21,910,0.333333),(536,21,911,0.333333),(537,21,526,0.333333),(537,21,912,0.333333),(537,21,911,0.333333),(538,21,913,0.333333),(538,21,914,0.333333),(538,21,911,0.333333),(539,21,915,0.25),(539,21,916,0.25),(539,21,917,0.25),(539,21,918,0.25),(540,21,919,0.111111),(540,21,28,0.111111),(540,21,884,0.111111),(540,21,920,0.111111),(540,21,921,0.111111),(540,21,922,0.111111),(540,21,923,0.111111),(540,21,924,0.111111),(541,21,925,0.25),(541,21,876,0.25),(541,21,926,0.25),(541,21,927,0.25),(542,21,928,0.2),(542,21,902,0.2),(542,21,929,0.2),(542,21,930,0.2),(542,21,923,0.2),(543,21,919,0.25),(543,21,902,0.25),(543,21,931,0.25),(543,21,927,0.25),(544,21,919,0.25),(544,21,902,0.25),(544,21,931,0.25),(544,21,932,0.25),(545,21,919,0.142857),(545,21,902,0.142857),(545,21,929,0.142857),(545,21,933,0.142857),(545,21,934,0.142857),(545,21,935,0.142857),(546,21,936,0.2),(546,21,902,0.2),(546,21,937,0.2),(546,21,938,0.2),(546,21,939,0.2),(547,21,928,0.333333),(547,21,940,0.333333),(547,21,941,0.333333),(548,21,942,0.333333),(548,21,943,0.333333),(548,21,944,0.333333),(549,21,942,0.333333),(549,21,945,0.333333),(549,21,946,0.333333),(550,21,942,0.333333),(550,21,947,0.333333),(550,21,583,0.333333),(551,21,942,0.5),(551,21,948,0.5),(552,21,942,0.5),(552,21,949,0.5),(553,21,942,0.5),(553,21,950,0.5),(554,21,942,0.333333),(554,21,951,0.333333),(554,21,952,0.333333),(555,21,942,0.5),(555,21,953,0.5),(556,21,954,0.333333),(556,21,955,0.333333),(556,21,956,0.333333),(557,21,954,0.5),(557,21,957,0.5),(558,21,954,0.25),(558,21,958,0.25),(558,21,959,0.25),(558,21,960,0.25),(559,21,954,0.25),(559,21,961,0.25),(559,21,962,0.25),(560,21,954,0.5),(560,21,963,0.5),(561,21,954,0.5),(561,21,964,0.5),(562,21,954,0.333333),(562,21,571,0.333333),(562,21,965,0.333333),(563,21,954,0.333333),(563,21,966,0.333333),(563,21,967,0.333333),(564,21,968,1),(565,21,969,0.2),(565,21,970,0.2),(565,21,971,0.2),(565,21,972,0.2),(566,21,973,0.125),(566,21,974,0.125),(566,21,482,0.125),(566,21,975,0.125),(566,21,970,0.125),(566,21,28,0.125),(566,21,976,0.125),(566,21,977,0.125),(567,21,978,0.111111),(567,21,979,0.111111),(567,21,980,0.111111),(567,21,981,0.111111),(567,21,982,0.111111),(567,21,970,0.111111),(567,21,28,0.111111),(567,21,983,0.111111),(567,21,984,0.111111),(568,21,985,0.0909091),(568,21,986,0.0909091),(568,21,987,0.0909091),(568,21,975,0.0909091),(568,21,988,0.0909091),(568,21,970,0.0909091),(568,21,28,0.0909091),(568,21,989,0.0909091),(568,21,983,0.0909091),(568,21,990,0.0909091),(569,21,991,0.0666667),(569,21,992,0.0666667),(569,21,993,0.0666667),(569,21,994,0.0666667),(569,21,995,0.0666667),(569,21,970,0.0666667),(569,21,28,0.0666667),(569,21,996,0.0666667),(569,21,983,0.0666667),(569,21,997,0.0666667),(569,21,998,0.0666667),(569,21,999,0.0666667),(569,21,984,0.0666667),(570,21,1000,0.1),(570,21,1001,0.1),(570,21,975,0.1),(570,21,1002,0.1),(570,21,970,0.1),(570,21,28,0.1),(570,21,1003,0.1),(570,21,983,0.1),(570,21,990,0.1),(571,21,1004,0.0625),(571,21,1005,0.0625),(571,21,970,0.0625),(571,21,28,0.0625),(571,21,1006,0.0625),(571,21,983,0.0625),(571,21,1007,0.0625),(571,21,1008,0.0625),(571,21,1009,0.0625),(571,21,1010,0.0625),(571,21,1011,0.0625),(572,21,1012,0.0909091),(572,21,1013,0.0909091),(572,21,1014,0.0909091),(572,21,28,0.0909091),(572,21,983,0.0909091),(572,21,1015,0.0909091),(572,21,1016,0.0909091),(572,21,1017,0.0909091),(572,21,975,0.0909091),(572,21,990,0.0909091),(573,21,1018,0.333333),(573,21,28,0.333333),(573,21,983,0.333333),(574,21,1019,0.0714286),(574,21,1020,0.0714286),(574,21,642,0.0714286),(574,21,482,0.0714286),(574,21,1021,0.0714286),(574,21,1022,0.0714286),(574,21,1023,0.0714286),(574,21,976,0.0714286),(574,21,1024,0.0714286),(575,21,978,0.1),(575,21,1025,0.1),(575,21,1026,0.1),(575,21,1027,0.1),(575,21,502,0.1),(576,21,1019,0.111111),(576,21,1020,0.111111),(576,21,642,0.111111),(576,21,1028,0.111111),(576,21,1029,0.111111),(576,21,1030,0.111111),(576,21,1031,0.111111),(576,21,1032,0.111111),(577,21,1012,0.0833333),(577,21,1033,0.0833333),(577,21,1034,0.0833333),(577,21,1035,0.0833333),(577,21,1036,0.0833333),(577,21,1037,0.0833333),(577,21,1038,0.0833333),(577,21,1039,0.0833333),(577,21,1040,0.0833333),(577,21,1041,0.0833333),(578,21,295,0.0833333),(578,42,642,0.166667),(578,21,1042,0.0833333),(578,21,1043,0.0833333),(578,21,1044,0.0833333),(578,21,1045,0.0833333),(578,21,1046,0.0833333),(578,21,914,0.0833333),(578,21,1047,0.0833333),(579,21,978,0.0833333),(579,21,1025,0.0833333),(579,21,1026,0.0833333),(579,21,1048,0.0833333),(579,21,1030,0.0833333),(579,21,1049,0.0833333),(579,21,1050,0.0833333),(580,21,1012,0.0833333),(580,21,1033,0.0833333),(580,21,1034,0.0833333),(580,21,1051,0.0833333),(580,21,1052,0.0833333),(580,21,1037,0.0833333),(580,21,1038,0.0833333),(580,21,1039,0.0833333),(580,21,1053,0.0833333),(580,21,1041,0.0833333),(581,21,978,0.1),(581,21,1025,0.1),(581,21,1026,0.1),(581,21,1027,0.1),(581,21,502,0.1),(582,21,272,1),(583,21,1054,0.125),(583,21,1055,0.125),(583,21,939,0.125),(583,21,1056,0.125),(583,21,1057,0.125),(583,21,1058,0.125),(583,21,1059,0.125),(584,21,1060,0.125),(584,21,1061,0.125),(584,21,1062,0.125),(584,21,1063,0.125),(584,21,1064,0.125),(584,21,1058,0.125),(584,21,1065,0.125),(585,21,1066,0.125),(585,21,1067,0.125),(585,21,1068,0.125),(585,21,1069,0.125),(585,21,1070,0.125),(585,21,1058,0.125),(585,21,1065,0.125),(586,21,1071,0.2),(586,21,1072,0.2),(586,21,1058,0.2),(586,21,1059,0.2),(587,21,1073,0.142857),(587,21,1074,0.142857),(587,21,1075,0.142857),(587,21,1076,0.142857),(587,21,1058,0.142857),(587,21,1065,0.142857),(588,21,1077,0.2),(588,21,1078,0.2),(588,21,1058,0.2),(588,21,1059,0.2),(589,21,1066,0.142857),(589,21,1067,0.142857),(589,21,1079,0.142857),(589,21,1080,0.142857),(589,21,1058,0.142857),(589,21,1065,0.142857),(590,21,1081,0.142857),(590,21,1082,0.142857),(590,21,1083,0.142857),(590,21,1084,0.142857),(590,21,1058,0.142857),(590,21,1065,0.142857),(591,10,1085,1),(592,21,1086,0.166667),(592,21,1087,0.166667),(592,21,659,0.166667),(592,21,1088,0.166667),(592,21,1089,0.166667),(593,21,1086,0.125),(593,21,1090,0.125),(593,21,1091,0.125),(593,21,1092,0.125),(593,21,1093,0.125),(593,21,1094,0.125),(594,21,1086,0.25),(594,21,1095,0.25),(594,21,1096,0.25),(594,21,1088,0.25),(595,21,1086,0.111111),(595,21,1095,0.111111),(595,21,296,0.111111),(595,21,1097,0.111111),(595,21,1098,0.111111),(595,21,1099,0.111111),(595,21,1100,0.111111),(596,21,1086,0.2),(596,21,1101,0.2),(596,21,1102,0.2),(596,21,893,0.2),(597,21,1086,0.2),(597,21,1103,0.2),(597,21,1104,0.2),(597,21,1088,0.2),(597,21,1089,0.2),(598,21,1086,0.0909091),(598,21,1105,0.0909091),(598,21,1106,0.0909091),(598,21,1107,0.0909091),(598,21,1108,0.0909091),(598,21,1092,0.0909091),(598,21,1109,0.0909091),(598,21,1110,0.0909091),(598,21,1094,0.0909091),(599,21,1111,0.142857),(599,21,1086,0.142857),(599,21,1112,0.142857),(599,21,659,0.142857),(599,21,1113,0.142857),(599,21,1114,0.142857),(599,21,898,0.142857),(600,21,1115,0.125),(600,21,804,0.125),(600,21,805,0.125),(600,21,806,0.125),(600,21,1116,0.125),(600,21,1117,0.125),(601,21,1115,0.111111),(601,21,804,0.111111),(601,21,805,0.111111),(601,21,806,0.111111),(601,21,1118,0.111111),(601,21,1119,0.111111),(601,21,1120,0.111111),(601,21,1121,0.111111),(602,21,1115,0.1),(602,21,804,0.1),(602,21,805,0.1),(602,21,806,0.1),(602,21,1122,0.1),(602,21,1123,0.1),(602,21,1124,0.1),(603,15,1125,1);
/*!40000 ALTER TABLE `cms3_search_index` ENABLE KEYS */;
UNLOCK TABLES;

--
-- Table structure for table `cms3_search_index_words`
--

DROP TABLE IF EXISTS `cms3_search_index_words`;
/*!40101 SET @saved_cs_client     = @@character_set_client */;
/*!50503 SET character_set_client = utf8mb4 */;
CREATE TABLE `cms3_search_index_words` (
  `id` int unsigned NOT NULL AUTO_INCREMENT,
  `word` varchar(64) DEFAULT NULL,
  PRIMARY KEY (`id`),
  KEY `word` (`word`)
) ENGINE=InnoDB AUTO_INCREMENT=1126 DEFAULT CHARSET=utf8mb3;
/*!40101 SET character_set_client = @saved_cs_client */;

--
-- Dumping data for table `cms3_search_index_words`
--

LOCK TABLES `cms3_search_index_words` WRITE;
/*!40000 ALTER TABLE `cms3_search_index_words` DISABLE KEYS */;
INSERT INTO `cms3_search_index_words` VALUES (875,'001'),(665,'008'),(333,'1-1844d'),(972,'1000'),(1032,'100мл'),(655,'108'),(1047,'10мл'),(179,'11...14,5'),(1121,'111707'),(635,'119'),(681,'123'),(1024,'125мл'),(636,'130'),(1110,'14236'),(172,'176'),(668,'180'),(1119,'1v8'),(321,'2-х'),(545,'2000'),(547,'2007'),(977,'200мл'),(1093,'2017'),(922,'21-26'),(1068,'212'),(1092,'230'),(173,'243'),(990,'250'),(984,'250мл'),(450,'300'),(874,'3316-22'),(336,'3403.193.24.15.25'),(1011,'350мл'),(862,'4160'),(125,'432-д'),(720,'45х28х42.5'),(500,'48x35x6'),(542,'4rd'),(510,'50x38x29'),(828,'51031'),(823,'51051'),(340,'515.nx.0170.lr'),(679,'535'),(617,'550'),(622,'630'),(646,'633'),(1029,'7.3'),(897,'74-98'),(434,'750ml'),(1117,'8478'),(1124,'861'),(1041,'8мл'),(993,'absolut'),(1064,'absolute'),(856,'active'),(469,'adult'),(1012,'alfaparf'),(847,'allergy'),(480,'amp'),(1075,'angel'),(1054,'antonio'),(300,'apollo'),(734,'apples'),(288,'ar1'),(551,'arizona1'),(351,'army'),(627,'arris'),(726,'arte'),(1036,'ash'),(1116,'asko'),(960,'assn'),(354,'astron'),(593,'atributika'),(419,'attitude'),(363,'baby-g'),(652,'balm'),(556,'banani'),(1055,'banderas'),(624,'baon'),(1019,'barex'),(615,'barlow'),(944,'bay'),(433,'bbb'),(1120,'bde'),(826,'beko'),(632,'bell'),(563,'benetton'),(585,'berkytt'),(364,'bga-130-1b'),(851,'bgl32500'),(1106,'big'),(278,'bike'),(733,'biscottelli'),(1070,'black'),(597,'blackhawks'),(939,'blue'),(239,'bnc-коннектор'),(282,'boardman'),(809,'boes68077'),(808,'boew68077'),(532,'bord'),(810,'bosch'),(933,'boulder'),(495,'brit'),(555,'bruno'),(598,'brutal'),(552,'burton'),(358,'c6504.3'),(446,'camper'),(356,'candino'),(471,'canin'),(496,'care'),(1009,'caring'),(930,'carlisle'),(1066,'carolina'),(275,'carrera'),(467,'cat'),(950,'catbalou'),(357,'ceramic'),(596,'chicago'),(476,'chicken'),(964,'choupette'),(468,'chow'),(352,'chrono'),(338,'classic'),(606,'classics'),(987,'cleansing'),(513,'cliffi'),(594,'club'),(931,'coldwell'),(642,'color'),(562,'colors'),(672,'colour'),(317,'columbus'),(283,'comp'),(840,'compact'),(435,'comptank'),(343,'core'),(1042,'corrector'),(980,'couture'),(1114,'cruz'),(873,'ctp'),(533,'cw-512'),(986,'daily'),(1078,'dance'),(1118,'darina'),(1000,'davines'),(846,'dc37'),(985,'dermalogica'),(1016,'design'),(1021,'developer'),(602,'devin'),(311,'dome'),(611,'down'),(1043,'drops'),(463,'dry'),(952,'dutch'),(554,'dylan'),(845,'dyson'),(540,'e-600'),(817,'e10b8nd'),(604,'ea002emuee64'),(603,'ea7'),(1058,'eau'),(328,'edifice'),(673,'elixir'),(961,'eliz'),(302,'elswick'),(955,'envy'),(334,'epos'),(329,'eqb-600d-1a2'),(833,'es-fb5102ar'),(546,'esans'),(543,'ession'),(978,'estel'),(896,'ester'),(822,'ewsc'),(674,'factor'),(314,'fade'),(854,'fc8588'),(460,'feline'),(885,'fern'),(728,'ferplast'),(1123,'fi7'),(475,'fiesta'),(663,'finish'),(732,'fiory'),(246,'firewire'),(472,'fit'),(479,'flavor'),(895,'fleece'),(591,'for'),(953,'forward'),(439,'fp30'),(486,'free'),(404,'fresh'),(295,'full'),(339,'fusion'),(867,'ga-e429sqrz'),(948,'garcia'),(1080,'girl'),(304,'girls'),(1051,'golden'),(1079,'good'),(868,'gorenje'),(420,'gp23'),(485,'grain'),(962,'grand'),(535,'grant'),(938,'graphite'),(492,'gravy'),(451,'greenell'),(973,'greymy'),(1060,'gucci'),(963,'guess'),(1061,'guilty'),(807,'hansa'),(565,'hard'),(303,'harmony'),(979,'haute'),(812,'hba23b351r'),(1067,'herrera'),(600,'highland'),(865,'hitachi'),(1063,'homme'),(623,'hooded'),(1122,'hotpoint-ariston'),(337,'hublot'),(1105,'hudora'),(637,'hypoallergenic'),(821,'indesit'),(653,'infaillible'),(488,'instinctive'),(721,'inter-zoo'),(718,'interzoo'),(298,'intuition'),(46,'ipad'),(346,'ironman'),(560,'island'),(588,'italia'),(577,'ja391emuix49'),(575,'jack'),(608,'jacket'),(330,'jacques'),(888,'janne'),(583,'jeans'),(612,'jkt'),(1020,'joc'),(601,'john'),(576,'jones'),(1004,'kapous'),(664,'kate'),(578,'kekker'),(871,'kgn39lq3ar'),(313,'kids'),(843,'kitfort'),(360,'kors'),(924,'kuoma'),(1072,'l\'homme'),(640,'l\'oreal'),(956,'lab'),(1071,'lacoste'),(621,'lake'),(478,'lamb'),(299,'lambda'),(323,'larsen'),(902,'lassie'),(929,'lassietec'),(662,'lasting'),(290,'laura'),(331,'lemans'),(541,'lemon'),(872,'liebherr'),(1010,'line'),(548,'lion'),(994,'lipidium'),(633,'lipstick'),(691,'lipstick-легко'),(1015,'lisse'),(310,'lite'),(332,'london'),(607,'long'),(926,'lotte'),(538,'love'),(719,'luna'),(676,'lustrous'),(1102,'lux'),(1026,'luxe'),(981,'luxury'),(682,'luxvisage'),(991,'l’oreal'),(84,'m-150'),(1052,'mahogany'),(1017,'maintenance'),(724,'margot'),(937,'marle'),(1081,'masaki'),(1083,'matsu'),(1082,'matsushima'),(644,'matteaddiction'),(438,'max'),(658,'maybelline'),(901,'mayoral'),(474,'meat'),(613,'memurutind'),(592,'men'),(553,'menswear'),(359,'michael'),(1095,'micro'),(849,'midea'),(1033,'milano'),(670,'millebaci'),(287,'mizani'),(362,'mk3493'),(666,'moisture'),(341,'montana'),(536,'moon\'s'),(969,'moroccanoil'),(628,'mount'),(297,'mountain'),(586,'mp002xm0w5kq'),(1074,'mugler'),(848,'musclehead'),(1076,'muse'),(393,'naturel'),(740,'ndash'),(659,'new'),(595,'nhl'),(671,'nouba'),(1001,'nounou'),(447,'nova'),(869,'nrk6192mch'),(529,'nur'),(491,'nutrisavour'),(814,'nv70k2340rs'),(528,'oldman'),(568,'on013emukb08'),(566,'only'),(957,'oodji'),(891,'overall'),(511,'p130'),(503,'p159-02'),(301,'paradox'),(1065,'parfum'),(641,'paris'),(616,'pass'),(335,'passion'),(940,'patrol'),(879,'pentti'),(855,'performer'),(590,'peter'),(853,'philips'),(589,'pi022emnyw60'),(587,'piazza'),(444,'picrest'),(1034,'pigments'),(946,'pink'),(87,'pioneer'),(531,'pla'),(458,'plan'),(309,'planet'),(1057,'play'),(959,'polo'),(327,'posio'),(1062,'pour'),(639,'powder'),(841,'power'),(457,'pro'),(974,'professiona'),(992,'professionnel'),(437,'profil'),(1007,'profound'),(473,'pronature'),(101,'ps6750'),(242,'psp'),(829,'ptma'),(892,'puhuri'),(456,'purina'),(920,'putkivarsi'),(949,'quiksilver'),(619,'quilted'),(866,'r-sg37bpu'),(462,'rabbit'),(678,'raisin'),(1091,'raptor'),(1101,'razor'),(863,'rb37j5000ww'),(864,'rcnk400e20zgr'),(484,'recipe'),(605,'reebok'),(876,'reima'),(877,'reimatec'),(890,'reimatec®'),(729,'rekord'),(667,'renew'),(982,'repair'),(680,'revlon'),(803,'rgo-610bl'),(559,'rhode'),(643,'riche'),(661,'rimmel'),(772,'rio'),(558,'ro044emwjx83'),(277,'road'),(1104,'rock'),(557,'roosevelt'),(470,'royal'),(677,'rum'),(361,'runway'),(965,'s.oliver'),(508,'s3240'),(727,'s5570'),(1097,'sa0065'),(1084,'sakura'),(477,'salmon'),(813,'samsung'),(610,'sauda'),(504,'savic'),(857,'sc5241'),(494,'schesir'),(943,'scorpion'),(318,'sea'),(1056,'seduction'),(353,'seiko'),(657,'sensational'),(481,'sensitivity'),(811,'serie'),(651,'sexy'),(1077,'shakira'),(975,'shampoo'),(832,'sharp'),(319,'shel'),(320,'shell'),(482,'shine'),(571,'slim'),(903,'softshell'),(722,'sonia'),(567,'sons'),(100,'sony'),(1096,'speed'),(614,'springfield'),(344,'ss020692000'),(355,'sse021j1'),(312,'star'),(539,'stars'),(405,'step'),(459,'sterilised'),(609,'strong'),(1005,'studio'),(490,'stuzzycat'),(1108,'style'),(675,'super'),(296,'suspension'),(342,'suunto'),(579,'swag'),(350,'swiss'),(620,'sylvan'),(881,'taag'),(629,'tabor™'),(899,'tahti'),(967,'tailor'),(838,'tefal'),(1073,'thierry'),(945,'think'),(348,'timeman'),(345,'timex'),(1059,'toilette'),(966,'tom'),(452,'tory'),(448,'tour'),(584,'tr016emuwe49'),(308,'trek'),(599,'trespass'),(1090,'trolo'),(291,'trott'),(483,'trout+salmon'),(582,'trussardi'),(497,'tuna'),(618,'turbodown™'),(839,'tw3786ra'),(347,'tw5k95700'),(958,'u.s'),(1113,'ultra'),(13,'umi.cms'),(564,'un012emvww05'),(561,'united'),(544,'utr'),(498,'v.i.pet'),(852,'vc73203uhao'),(858,'vcc5241s3k'),(850,'vcs35b15k-b'),(349,'victorinox'),(1035,'violet'),(1069,'vip'),(276,'virtuoso'),(911,'vitacci'),(870,'vitafresh'),(367,'vitaline'),(947,'voi'),(951,'von'),(293,'voodoo'),(907,'vuoksi'),(530,'water'),(537,'way'),(1103,'weelz'),(1107,'wheel'),(1109,'white'),(581,'wi013emwfg03'),(906,'windfleece'),(580,'windsor'),(878,'winter'),(461,'with'),(827,'wkb'),(820,'wlg20165oe'),(824,'wln2426eoe'),(292,'women\'s'),(289,'womens'),(825,'ww70j52e04w'),(859,'xev'),(1112,'xootr'),(1087,'yedoo'),(660,'york'),(534,'yuppi'),(830,'zanussi'),(436,'zefal'),(294,'zobop'),(831,'zwy61025ri'),(997,'абсолют'),(183,'автомобиле'),(256,'аксессуары'),(408,'активированным'),(226,'акустику'),(91,'акустических'),(121,'акции'),(98,'акция'),(423,'алюминиевого'),(1099,'амортизатора'),(410,'антибактериальными'),(764,'антиоксиданты'),(247,'аппаратуры'),(737,'аппетитные'),(745,'ароматными'),(378,'барсик'),(647,'бархатный'),(648,'бежевый'),(1094,'белый'),(746,'бисквитами'),(738,'бисквитные'),(735,'бисквиты'),(976,'блеска'),(1030,'блондин'),(928,'ботинки'),(194,'браво'),(1100,'бронза'),(783,'будут'),(270,'бытовая'),(62,'бытовой'),(449,'валдай'),(19,'вариантах'),(753,'вашего'),(120,'вашей'),(182,'вашем'),(712,'вашему'),(29,'ваших'),(743,'вашу'),(259,'велоаксессуары'),(274,'велосипед'),(418,'велосипедный'),(255,'велосипеды'),(842,'вертикальный'),(522,'верхняя'),(88,'весь'),(909,'ветровка'),(257,'взрослые'),(778,'видов'),(210,'винтиков'),(702,'витамины'),(773,'вкусная'),(267,'влажные'),(149,'волн'),(403,'волокон'),(983,'волос'),(64,'вопросы'),(995,'восстанавливающий'),(1006,'восстановления'),(230,'вписаться'),(392,'впитывающий'),(72,'время'),(777,'всех'),(1115,'встраиваемый'),(749,'входят'),(83,'выбрал'),(73,'вызов'),(215,'выключать'),(374,'высококачественной'),(802,'газовая'),(1,'главная'),(699,'гладкой'),(52,'года'),(886,'голубая'),(1111,'городской'),(233,'гостиной'),(44,'готовы'),(368,'гранулированная'),(379,'гранулированный'),(650,'губ'),(630,'губная'),(696,'губы'),(413,'даже'),(150,'данная'),(135,'дать'),(1098,'два'),(884,'девочки'),(771,'декоративных'),(81,'делать'),(697,'делая'),(10,'демонстрационного'),(35,'демонстрационный'),(202,'держать'),(690,'держится'),(281,'детская'),(258,'детские'),(156,'дециметрового'),(525,'джинсы'),(164,'диагонали'),(157,'диапазона'),(148,'диапазоне'),(28,'для'),(106,'дней'),(774,'добавка'),(33,'добро'),(190,'доводилось'),(915,'дождевик'),(54,'дожидаясь'),(221,'долгих'),(689,'долго'),(228,'должна'),(69,'домашних'),(63,'дому'),(770,'дополнительное'),(175,'дорогих'),(6,'доставка'),(20,'доставки'),(42,'достоинства'),(375,'древесины'),(366,'древесный'),(78,'думаете'),(801,'духовка'),(805,'духовой'),(799,'духовые'),(767,'европы'),(41,'его'),(795,'ежевика'),(988,'ежедневный'),(55,'естественного'),(193,'ещё'),(326,'женские'),(710,'женственность'),(399,'животных'),(174,'забудьте'),(251,'заказать'),(416,'запахи'),(248,'запись'),(921,'звезды'),(252,'звонок'),(116,'здесь'),(989,'здоровья'),(882,'зеленая'),(1089,'зеленый'),(797,'земляника'),(516,'зернами'),(285,'зимняя'),(750,'злаки'),(782,'злаков'),(1053,'золотисто-махагоновый'),(1031,'золотистый'),(260,'зоотовары'),(244,'игровой'),(422,'изготовлен'),(373,'изготовленный'),(431,'изделия'),(139,'изделиям'),(130,'изображения'),(122,'или'),(162,'имеет'),(224,'именно'),(760,'ингредиенты'),(152,'индексом'),(1050,'интенсивный'),(37,'интернет-магазин'),(11,'интернет-магазина'),(231,'интерьер'),(18,'информацию'),(391,'использования'),(177,'источника'),(96,'кабелей'),(237,'кабельной'),(66,'как'),(212,'какие'),(199,'какой'),(146,'канале'),(155,'каналов'),(512,'канареек'),(1046,'каплях'),(574,'карманами'),(3,'каталог'),(1013,'кератиновый'),(161,'кинескоп'),(684,'классическая'),(717,'клетка'),(716,'клетки'),(707,'кожи'),(698,'кожу'),(889,'комбинезон'),(411,'компонентами'),(493,'консервов'),(1125,'контакты'),(836,'контейнером'),(910,'коричневая'),(502,'коричневый'),(454,'корм'),(266,'корма'),(466,'кормов'),(206,'корпус'),(1044,'корректор'),(273,'косметика'),(49,'которое'),(703,'которые'),(188,'который'),(748,'которых'),(406,'кошачьего'),(371,'кошачьих'),(261,'кошек'),(385,'кошки'),(1018,'красители'),(1025,'краска-уход'),(914,'красный'),(917,'красный-желтый'),(1028,'крем-краска'),(693,'кремовая'),(453,'крым'),(844,'кт-506'),(45,'купить'),(625,'куртка'),(941,'кэмэл'),(269,'лакомства'),(731,'лакомство'),(388,'легко'),(769,'лесными'),(284,'летняя'),(932,'лиловые'),(787,'линьки'),(999,'липидиум'),(186,'лучших'),(145,'любом'),(115,'магазина'),(32,'магазине'),(796,'малина'),(501,'малый'),(887,'мальчика'),(900,'мальчиков'),(819,'машина'),(816,'машины'),(791,'мед'),(517,'медом'),(506,'мелких'),(322,'местная'),(147,'метровом'),(441,'мешки'),(443,'мешок'),(1039,'мини-упаковке'),(189,'мне'),(76,'мнениями'),(137,'многим'),(151,'модель'),(89,'модельный'),(134,'может'),(109,'можете'),(166,'можно'),(758,'молоко'),(279,'мужская'),(325,'мужские'),(549,'мужское'),(912,'мультиколор'),(397,'мягкая'),(427,'надежность'),(159,'называли'),(50,'называют'),(692,'наносится'),(264,'наполнители'),(365,'наполнитель'),(180,'например'),(171,'напряжением'),(417,'насос'),(421,'насоса'),(8,'находитесь'),(196,'начать'),(114,'нашего'),(232,'нашей'),(700,'нежной'),(415,'неприятные'),(113,'новинки'),(51,'новинкой'),(59,'новинок'),(5,'новости'),(213,'нужно'),(695,'обволакивает'),(704,'обеспечивают'),(187,'обзоров'),(58,'обзоры'),(713,'образу'),(94,'обсуждаем'),(286,'обувь'),(280,'одежда'),(185,'один'),(765,'одобрены'),(1022,'оксигент'),(227,'она'),(250,'онлайн-запись'),(683,'описание'),(119,'описания'),(40,'описать'),(7,'оплата'),(22,'оплаты'),(234,'оптоволоконный'),(935,'оранжевым'),(229,'органично'),(521,'орехами'),(775,'основному'),(784,'особенно'),(515,'отборными'),(203,'отвёртку'),(65,'ответы'),(214,'откручивать'),(67,'отремонтировать'),(645,'оттенок'),(715,'очарование'),(389,'очистить'),(401,'очищенных'),(56,'падения'),(315,'палатка'),(307,'палатки'),(514,'палочки'),(526,'пальто'),(31,'партнеров'),(272,'парфюмерия'),(487,'паучей'),(217,'перед'),(169,'переменного'),(126,'переносной'),(786,'период'),(1040,'перламутрово-пепельный'),(111,'персональную'),(739,'печенья'),(1038,'пигмент'),(706,'питание'),(685,'питательная'),(1002,'питательный'),(754,'питомца'),(192,'пишите'),(752,'пищеварению'),(550,'пластроном,черное.арт'),(12,'платформе'),(913,'плащ'),(204,'плоскогубцы'),(996,'поврежденных'),(93,'подбираем'),(390,'поддон'),(75,'поделитесь'),(243,'подключения'),(167,'подключить'),(117,'подробный'),(398,'подстилка'),(709,'подчеркивает'),(34,'пожаловать'),(387,'позволяющим'),(573,'покроя'),(30,'покупателей'),(785,'полезны'),(925,'полуботинки'),(654,'полупрозрачный'),(110,'получить'),(631,'помада'),(649,'помада-бальзам'),(687,'помады'),(751,'помогающие'),(24,'помощи'),(23,'помощь'),(211,'понимаю'),(518,'попугаев'),(742,'порадуйте'),(377,'пород'),(220,'после'),(178,'постоянного'),(201,'правильно'),(43,'преимущества'),(741,'прекрасное'),(216,'прибор'),(779,'приготовленные'),(711,'придает'),(249,'прием'),(128,'приёмник'),(141,'принимать'),(53,'приобрести'),(245,'приставки'),(197,'приступить'),(142,'программы'),(790,'продукты'),(762,'производные'),(181,'прямо'),(572,'прямого'),(263,'птиц'),(744,'птичку'),(638,'пудровая'),(883,'пуховая'),(527,'пуховики'),(394,'пуховый'),(835,'пылесос'),(834,'пылесосы'),(837,'пыли'),(723,'р-025'),(725,'р-048'),(198,'работе'),(219,'разбирать'),(9,'разделе'),(163,'размер'),(26,'разместите'),(17,'разместить'),(788,'размножения'),(222,'размышлений'),(209,'разных'),(235,'разъем'),(160,'раньше'),(38,'рассказать'),(688,'растекается'),(776,'рациону'),(47,'революционное'),(61,'ремонт'),(998,'репэр'),(768,'рио'),(908,'розовая'),(923,'розовые'),(905,'розовым'),(954,'рубашка'),(524,'рубашки'),(200,'руке'),(316,'рыболовная'),(90,'ряд'),(36,'сайт'),(25,'сайта'),(1086,'самокат'),(1085,'самокаты'),(414,'самые'),(936,'сандалии'),(919,'сапоги'),(757,'сахар'),(1027,'светло-русый'),(1048,'светлый'),(916,'светлячок'),(39,'своём'),(132,'своим'),(223,'себя'),(108,'семи'),(105,'семь'),(1008,'серии'),(898,'серый'),(168,'сети'),(241,'сигнала'),(927,'синие'),(893,'синий'),(880,'синяя'),(92,'систем'),(238,'системе'),(85,'скажете'),(112,'скидку'),(80,'сложно'),(430,'службы'),(16,'сможете'),(306,'снаряжение'),(102,'сниженной'),(205,'снять'),(445,'со2'),(262,'собак'),(714,'соблазнительное'),(123,'события'),(766,'советом'),(138,'современным'),(755,'содержат'),(763,'содержащиеся'),(747,'состав'),(701,'составе'),(400,'состоящая'),(489,'соусе'),(383,'сохраняющим'),(440,'спальные'),(442,'спальный'),(74,'специалистов'),(97,'спешите'),(424,'сплава'),(253,'спорт'),(21,'способах'),(140,'способен'),(27,'справочную'),(507,'средних'),(708,'средство'),(382,'средством'),(429,'срок'),(176,'стабилизаторах'),(509,'стенкой'),(818,'стиральная'),(815,'стиральные'),(499,'столбиком'),(208,'столько'),(2,'страница'),(15,'странице'),(569,'стретч'),(265,'сухие'),(465,'сухих'),(455,'сухой'),(792,'сушеные'),(425,'существенно'),(207,'там'),(118,'текст'),(694,'текстура'),(144,'телевидения'),(240,'телевизионного'),(127,'телевизионный'),(165,'телевизор'),(218,'тем'),(271,'техника'),(60,'техники'),(68,'технику'),(107,'течение'),(4,'товаров'),(170,'тока'),(942,'толстовка'),(523,'толстовки'),(104,'только'),(153,'том'),(634,'тон'),(71,'тратя'),(384,'туалет'),(407,'туалета'),(372,'туалетов'),(268,'туалеты'),(254,'туризм'),(305,'туристическое'),(428,'увеличивает'),(705,'увлажнение'),(656,'увлажняющая'),(971,'увлажняющий'),(409,'углём'),(426,'улучшает'),(396,'ультра'),(1037,'ультраконцентрированный'),(395,'уникальная'),(464,'упаковка'),(1003,'уплотнения'),(70,'условиях'),(99,'успейте'),(236,'установки'),(669,'устойчивая'),(412,'устраняет'),(48,'устройство'),(626,'утепленная'),(86,'фан-клуб'),(570,'фасона'),(1049,'фиолетовый'),(894,'флисовый'),(432,'фляга'),(686,'формула'),(136,'фору'),(95,'фотогалерея'),(369,'фракция'),(730,'фруктами'),(520,'фрутти'),(133,'характеристикам'),(376,'хвойных'),(798,'хлебопекарные'),(861,'холодильник'),(860,'холодильники'),(131,'ц-432'),(1045,'цвета'),(129,'цветного'),(402,'целлюлозных'),(780,'цельных'),(57,'цен'),(103,'цене'),(324,'часы'),(195,'чего'),(904,'черная'),(794,'черника'),(143,'чёрно-белого'),(934,'черные'),(1088,'черный'),(154,'числе'),(386,'чистоте'),(191,'читать'),(77,'что'),(918,'чудо-чадо'),(968,'шампуни'),(970,'шампунь'),(1014,'шампунь-гладкость'),(806,'шкаф'),(800,'шкафы'),(505,'щенков'),(381,'экономичным'),(158,'экран'),(804,'электрический'),(124,'электроника'),(82,'электропроводку'),(184,'это'),(14,'этой'),(79,'этом'),(225,'эту'),(370,'эффективный'),(1023,'эффектом'),(759,'яблоки'),(736,'яблоком'),(380,'является'),(519,'ягодами'),(793,'ягоды'),(781,'яиц'),(789,'яичные'),(756,'яйца'),(761,'яйцо');
/*!40000 ALTER TABLE `cms3_search_index_words` ENABLE KEYS */;
UNLOCK TABLES;

--
-- Table structure for table `cms3_sliders`
--

DROP TABLE IF EXISTS `cms3_sliders`;
/*!40101 SET @saved_cs_client     = @@character_set_client */;
/*!50503 SET character_set_client = utf8mb4 */;
CREATE TABLE `cms3_sliders` (
  `id` int unsigned NOT NULL AUTO_INCREMENT,
  `name` varchar(255) NOT NULL,
  `domain_id` int unsigned NOT NULL,
  `language_id` int unsigned NOT NULL,
  `sliding_speed` int unsigned DEFAULT NULL,
  `sliding_delay` int unsigned DEFAULT NULL,
  `sliding_loop_enable` tinyint(1) DEFAULT '0',
  `sliding_auto_play_enable` tinyint(1) DEFAULT '0',
  `sliders_random_order_enable` tinyint(1) DEFAULT '0',
  `slides_count` int unsigned DEFAULT '0',
  `custom_id` varchar(255) DEFAULT NULL,
  PRIMARY KEY (`id`),
  KEY `id from domains` (`domain_id`),
  KEY `id from languages` (`language_id`),
  CONSTRAINT `id from domains` FOREIGN KEY (`domain_id`) REFERENCES `cms3_domains` (`id`) ON DELETE CASCADE ON UPDATE CASCADE,
  CONSTRAINT `id from languages` FOREIGN KEY (`language_id`) REFERENCES `cms3_langs` (`id`) ON DELETE CASCADE ON UPDATE CASCADE
) ENGINE=InnoDB AUTO_INCREMENT=2 DEFAULT CHARSET=utf8mb3;
/*!40101 SET character_set_client = @saved_cs_client */;

--
-- Dumping data for table `cms3_sliders`
--

LOCK TABLES `cms3_sliders` WRITE;
/*!40000 ALTER TABLE `cms3_sliders` DISABLE KEYS */;
INSERT INTO `cms3_sliders` VALUES (1,'Слайдер на главной',1,1,1,1,0,0,0,10,'main');
/*!40000 ALTER TABLE `cms3_sliders` ENABLE KEYS */;
UNLOCK TABLES;

--
-- Table structure for table `cms3_slides`
--

DROP TABLE IF EXISTS `cms3_slides`;
/*!40101 SET @saved_cs_client     = @@character_set_client */;
/*!50503 SET character_set_client = utf8mb4 */;
CREATE TABLE `cms3_slides` (
  `id` int unsigned NOT NULL AUTO_INCREMENT,
  `name` varchar(255) NOT NULL,
  `slider_id` int unsigned NOT NULL,
  `is_active` tinyint(1) DEFAULT '0',
  `title` varchar(1024) DEFAULT NULL,
  `image` varchar(255) DEFAULT NULL,
  `text` mediumtext,
  `link` varchar(1024) DEFAULT NULL,
  `open_in_new_tab` tinyint(1) DEFAULT '1',
  `order` int unsigned DEFAULT '0',
  PRIMARY KEY (`id`),
  KEY `slider_id and is_active with order` (`slider_id`,`is_active`,`order`),
  CONSTRAINT `id from sliders` FOREIGN KEY (`slider_id`) REFERENCES `cms3_sliders` (`id`) ON DELETE CASCADE ON UPDATE CASCADE
) ENGINE=InnoDB AUTO_INCREMENT=3 DEFAULT CHARSET=utf8mb3;
/*!40101 SET character_set_client = @saved_cs_client */;

--
-- Dumping data for table `cms3_slides`
--

LOCK TABLES `cms3_slides` WRITE;
/*!40000 ALTER TABLE `cms3_slides` DISABLE KEYS */;
INSERT INTO `cms3_slides` VALUES (1,'Первый',1,1,'','/images/cms/data/slides/main_cover.jpg','<h3 class=\"white_text up\">Прекрасный</h3>\r\n<h2 class=\"white_text up\">Звук</h2>\r\n<h3 class=\"white_text up\">В этом плеере</h3>\r\n<hr />','/shop/chasy/zhenskie-chasy/victorinox-swiss-army-chrono-classic',1,100),(2,'Второй',1,1,'','/images/cms/data/slides/main_cover_2.jpg','<h3 class=\"white_text up\">Прекрасный</h3>\r\n<h2 class=\"white_text up\">Звук</h2>\r\n<h3 class=\"white_text up\">В этом магнитофоне</h3>\r\n<hr />','/shop/parfyumeriya-i-kosmetika/gubnaya-pomada/gubnaya-pomada-bell-classic-ton-130',1,200);
/*!40000 ALTER TABLE `cms3_slides` ENABLE KEYS */;
UNLOCK TABLES;

--
-- Table structure for table `cms3_stock_balance_list`
--

DROP TABLE IF EXISTS `cms3_stock_balance_list`;
/*!40101 SET @saved_cs_client     = @@character_set_client */;
/*!50503 SET character_set_client = utf8mb4 */;
CREATE TABLE `cms3_stock_balance_list` (
  `id` int unsigned NOT NULL AUTO_INCREMENT,
  `offer_id` int unsigned NOT NULL,
  `stock_id` int unsigned NOT NULL,
  `value` bigint unsigned DEFAULT '0',
  PRIMARY KEY (`id`),
  KEY `stock balance to offer` (`offer_id`),
  KEY `stock balance to stock` (`stock_id`),
  CONSTRAINT `stock balance to offer` FOREIGN KEY (`offer_id`) REFERENCES `cms3_offer_list` (`id`) ON DELETE CASCADE ON UPDATE CASCADE,
  CONSTRAINT `stock balance to stock` FOREIGN KEY (`stock_id`) REFERENCES `cms3_objects` (`id`) ON DELETE CASCADE ON UPDATE CASCADE
) ENGINE=InnoDB AUTO_INCREMENT=1621 DEFAULT CHARSET=utf8mb3;
/*!40101 SET character_set_client = @saved_cs_client */;

--
-- Dumping data for table `cms3_stock_balance_list`
--

LOCK TABLES `cms3_stock_balance_list` WRITE;
/*!40000 ALTER TABLE `cms3_stock_balance_list` DISABLE KEYS */;
INSERT INTO `cms3_stock_balance_list` VALUES (1,1,153,10),(2,1,347,0),(3,1,421,0),(4,1,437,0),(5,2,153,10),(6,2,347,0),(7,2,421,0),(8,2,437,0),(9,3,153,10),(10,3,347,0),(11,3,421,0),(12,3,437,0),(13,4,153,10),(14,4,347,0),(15,4,421,0),(16,4,437,0),(17,5,153,10),(18,5,347,0),(19,5,421,0),(20,5,437,0),(21,6,153,10),(22,6,347,0),(23,6,421,0),(24,6,437,0),(25,7,153,10),(26,7,347,0),(27,7,421,0),(28,7,437,0),(29,8,153,10),(30,8,347,0),(31,8,421,0),(32,8,437,0),(33,9,153,10),(34,9,347,0),(35,9,421,0),(36,9,437,0),(37,10,153,10),(38,10,347,0),(39,10,421,0),(40,10,437,0),(41,11,153,10),(42,11,347,0),(43,11,421,0),(44,11,437,0),(45,12,153,10),(46,12,347,0),(47,12,421,0),(48,12,437,0),(49,13,153,0),(50,13,347,0),(51,13,421,0),(52,13,437,0),(53,14,153,0),(54,14,347,0),(55,14,421,0),(56,14,437,0),(57,15,153,0),(58,15,347,0),(59,15,421,0),(60,15,437,0),(61,16,153,0),(62,16,347,0),(63,16,421,0),(64,16,437,0),(65,17,153,0),(66,17,347,0),(67,17,421,0),(68,17,437,0),(69,18,153,0),(70,18,347,0),(71,18,421,0),(72,18,437,0),(73,19,153,0),(74,19,347,0),(75,19,421,0),(76,19,437,0),(77,20,153,0),(78,20,347,0),(79,20,421,0),(80,20,437,0),(81,21,153,0),(82,21,347,0),(83,21,421,0),(84,21,437,0),(85,22,153,0),(86,22,347,0),(87,22,421,0),(88,22,437,0),(89,23,153,0),(90,23,347,0),(91,23,421,0),(92,23,437,0),(93,24,153,0),(94,24,347,0),(95,24,421,0),(96,24,437,0),(97,25,153,0),(98,25,347,0),(99,25,421,0),(100,25,437,0),(101,26,153,0),(102,26,347,0),(103,26,421,0),(104,26,437,0),(105,27,153,0),(106,27,347,0),(107,27,421,0),(108,27,437,0),(109,28,153,0),(110,28,347,0),(111,28,421,0),(112,28,437,0),(113,29,153,0),(114,29,347,0),(115,29,421,0),(116,29,437,0),(117,30,153,0),(118,30,347,0),(119,30,421,0),(120,30,437,0),(121,31,153,0),(122,31,347,0),(123,31,421,0),(124,31,437,0),(125,32,153,0),(126,32,347,0),(127,32,421,0),(128,32,437,0),(129,33,153,0),(130,33,347,0),(131,33,421,0),(132,33,437,0),(133,34,153,0),(134,34,347,0),(135,34,421,0),(136,34,437,0),(137,35,153,0),(138,35,347,0),(139,35,421,0),(140,35,437,0),(141,36,153,0),(142,36,347,0),(143,36,421,0),(144,36,437,0),(145,37,153,0),(146,37,347,0),(147,37,421,0),(148,37,437,0),(149,38,153,0),(150,38,347,0),(151,38,421,0),(152,38,437,0),(153,39,153,0),(154,39,347,0),(155,39,421,0),(156,39,437,0),(157,40,153,0),(158,40,347,0),(159,40,421,0),(160,40,437,0),(161,41,153,0),(162,41,347,0),(163,41,421,0),(164,41,437,0),(165,42,153,0),(166,42,347,0),(167,42,421,0),(168,42,437,0),(169,43,153,0),(170,43,347,0),(171,43,421,0),(172,43,437,0),(173,44,153,0),(174,44,347,0),(175,44,421,0),(176,44,437,0),(177,45,153,0),(178,45,347,0),(179,45,421,0),(180,45,437,0),(181,46,153,0),(182,46,347,0),(183,46,421,0),(184,46,437,0),(185,47,153,0),(186,47,347,0),(187,47,421,0),(188,47,437,0),(189,48,153,0),(190,48,347,0),(191,48,421,0),(192,48,437,0),(193,49,153,0),(194,49,347,0),(195,49,421,0),(196,49,437,0),(197,50,153,0),(198,50,347,0),(199,50,421,0),(200,50,437,0),(201,51,153,0),(202,51,347,0),(203,51,421,0),(204,51,437,0),(205,52,153,0),(206,52,347,0),(207,52,421,0),(208,52,437,0),(209,53,153,0),(210,53,347,0),(211,53,421,0),(212,53,437,0),(213,54,153,0),(214,54,347,0),(215,54,421,0),(216,54,437,0),(217,55,153,0),(218,55,347,0),(219,55,421,0),(220,55,437,0),(221,56,153,0),(222,56,347,0),(223,56,421,0),(224,56,437,0),(225,57,153,0),(226,57,347,0),(227,57,421,0),(228,57,437,0),(229,58,153,0),(230,58,347,0),(231,58,421,0),(232,58,437,0),(233,59,153,0),(234,59,347,0),(235,59,421,0),(236,59,437,0),(237,60,153,0),(238,60,347,0),(239,60,421,0),(240,60,437,0),(241,61,153,0),(242,61,347,0),(243,61,421,0),(244,61,437,0),(245,62,153,0),(246,62,347,0),(247,62,421,0),(248,62,437,0),(249,63,153,0),(250,63,347,0),(251,63,421,0),(252,63,437,0),(253,64,153,0),(254,64,347,0),(255,64,421,0),(256,64,437,0),(257,65,153,0),(258,65,347,0),(259,65,421,0),(260,65,437,0),(261,66,153,0),(262,66,347,0),(263,66,421,0),(264,66,437,0),(265,67,153,0),(266,67,347,0),(267,67,421,0),(268,67,437,0),(269,68,153,0),(270,68,347,0),(271,68,421,0),(272,68,437,0),(273,69,153,0),(274,69,347,0),(275,69,421,0),(276,69,437,0),(277,70,153,0),(278,70,347,0),(279,70,421,0),(280,70,437,0),(281,71,153,0),(282,71,347,0),(283,71,421,0),(284,71,437,0),(285,72,153,0),(286,72,347,0),(287,72,421,0),(288,72,437,0),(289,73,153,0),(290,73,347,0),(291,73,421,0),(292,73,437,0),(293,74,153,0),(294,74,347,0),(295,74,421,0),(296,74,437,0),(297,75,153,0),(298,75,347,0),(299,75,421,0),(300,75,437,0),(301,76,153,0),(302,76,347,0),(303,76,421,0),(304,76,437,0),(305,77,153,0),(306,77,347,0),(307,77,421,0),(308,77,437,0),(309,78,153,0),(310,78,347,0),(311,78,421,0),(312,78,437,0),(313,79,153,0),(314,79,347,0),(315,79,421,0),(316,79,437,0),(317,80,153,0),(318,80,347,0),(319,80,421,0),(320,80,437,0),(321,81,153,0),(322,81,347,0),(323,81,421,0),(324,81,437,0),(325,82,153,0),(326,82,347,0),(327,82,421,0),(328,82,437,0),(329,83,153,0),(330,83,347,0),(331,83,421,0),(332,83,437,0),(333,84,153,0),(334,84,347,0),(335,84,421,0),(336,84,437,0),(337,85,153,0),(338,85,347,0),(339,85,421,0),(340,85,437,0),(341,86,153,0),(342,86,347,0),(343,86,421,0),(344,86,437,0),(345,87,153,0),(346,87,347,0),(347,87,421,0),(348,87,437,0),(349,88,153,0),(350,88,347,0),(351,88,421,0),(352,88,437,0),(353,89,153,0),(354,89,347,0),(355,89,421,0),(356,89,437,0),(357,90,153,0),(358,90,347,0),(359,90,421,0),(360,90,437,0),(361,91,153,0),(362,91,347,0),(363,91,421,0),(364,91,437,0),(365,92,153,0),(366,92,347,0),(367,92,421,0),(368,92,437,0),(369,93,153,0),(370,93,347,0),(371,93,421,0),(372,93,437,0),(373,94,153,0),(374,94,347,0),(375,94,421,0),(376,94,437,0),(377,95,153,0),(378,95,347,0),(379,95,421,0),(380,95,437,0),(381,96,153,0),(382,96,347,0),(383,96,421,0),(384,96,437,0),(385,97,153,0),(386,97,347,0),(387,97,421,0),(388,97,437,0),(389,98,153,0),(390,98,347,0),(391,98,421,0),(392,98,437,0),(393,99,153,0),(394,99,347,0),(395,99,421,0),(396,99,437,0),(397,100,153,0),(398,100,347,0),(399,100,421,0),(400,100,437,0),(401,101,153,0),(402,101,347,0),(403,101,421,0),(404,101,437,0),(405,102,153,0),(406,102,347,0),(407,102,421,0),(408,102,437,0),(409,103,153,0),(410,103,347,0),(411,103,421,0),(412,103,437,0),(413,104,153,0),(414,104,347,0),(415,104,421,0),(416,104,437,0),(417,105,153,0),(418,105,347,0),(419,105,421,0),(420,105,437,0),(421,106,153,0),(422,106,347,0),(423,106,421,0),(424,106,437,0),(425,107,153,0),(426,107,347,0),(427,107,421,0),(428,107,437,0),(429,108,153,0),(430,108,347,0),(431,108,421,0),(432,108,437,0),(433,109,153,0),(434,109,347,0),(435,109,421,0),(436,109,437,0),(437,110,153,0),(438,110,347,0),(439,110,421,0),(440,110,437,0),(441,111,153,0),(442,111,347,0),(443,111,421,0),(444,111,437,0),(445,112,153,0),(446,112,347,0),(447,112,421,0),(448,112,437,0),(449,113,153,0),(450,113,347,0),(451,113,421,0),(452,113,437,0),(453,113,153,0),(454,113,347,0),(455,113,421,0),(456,113,437,0),(457,116,153,0),(458,116,347,0),(459,116,421,0),(460,116,437,0),(461,117,153,0),(462,117,153,0),(463,117,347,0),(464,117,347,0),(465,117,421,0),(466,117,421,0),(467,117,437,0),(468,117,437,0),(469,119,153,0),(470,119,153,0),(471,119,347,0),(472,119,347,0),(473,119,421,0),(474,119,421,0),(475,119,437,0),(476,119,437,0),(485,121,153,0),(486,121,347,0),(487,121,421,0),(488,121,437,0),(489,122,153,0),(490,122,347,0),(491,122,421,0),(492,122,437,0),(493,123,153,0),(494,123,347,0),(495,123,421,0),(496,123,437,0),(497,124,153,0),(498,124,347,0),(499,124,421,0),(500,124,437,0),(501,125,153,0),(502,125,347,0),(503,125,421,0),(504,125,437,0),(505,126,153,0),(506,126,347,0),(507,126,421,0),(508,126,437,0),(509,127,153,0),(510,127,347,0),(511,127,421,0),(512,127,437,0),(513,128,153,0),(514,128,347,0),(515,128,421,0),(516,128,437,0),(517,129,153,0),(518,129,347,0),(519,129,421,0),(520,129,437,0),(521,130,153,0),(522,130,347,0),(523,130,421,0),(524,130,437,0),(525,131,153,0),(526,131,347,0),(527,131,421,0),(528,131,437,0),(529,132,153,0),(530,132,347,0),(531,132,421,0),(532,132,437,0),(533,133,153,0),(534,133,347,0),(535,133,421,0),(536,133,437,0),(537,134,153,0),(538,134,347,0),(539,134,421,0),(540,134,437,0),(541,135,153,0),(542,135,347,0),(543,135,421,0),(544,135,437,0),(545,136,153,0),(546,136,347,0),(547,136,421,0),(548,136,437,0),(549,137,153,0),(550,137,347,0),(551,137,421,0),(552,137,437,0),(553,138,153,0),(554,138,347,0),(555,138,421,0),(556,138,437,0),(557,139,153,0),(558,139,347,0),(559,139,421,0),(560,139,437,0),(561,140,153,0),(562,140,347,0),(563,140,421,0),(564,140,437,0),(565,141,153,0),(566,141,347,0),(567,141,421,0),(568,141,437,0),(569,142,153,0),(570,142,347,0),(571,142,421,0),(572,142,437,0),(573,143,153,0),(574,143,347,0),(575,143,421,0),(576,143,437,0),(577,144,153,0),(578,144,347,0),(579,144,421,0),(580,144,437,0),(581,145,153,0),(582,145,347,0),(583,145,421,0),(584,145,437,0),(585,146,153,0),(586,146,347,0),(587,146,421,0),(588,146,437,0),(589,147,153,0),(590,147,347,0),(591,147,421,0),(592,147,437,0),(593,148,153,0),(594,148,347,0),(595,148,421,0),(596,148,437,0),(597,149,153,0),(598,149,347,0),(599,149,421,0),(600,149,437,0),(601,150,153,0),(602,150,347,0),(603,150,421,0),(604,150,437,0),(605,151,153,0),(606,151,347,0),(607,151,421,0),(608,151,437,0),(609,152,153,0),(610,152,347,0),(611,152,421,0),(612,152,437,0),(613,153,153,0),(614,153,347,0),(615,153,421,0),(616,153,437,0),(617,154,153,0),(618,154,347,0),(619,154,421,0),(620,154,437,0),(621,155,153,0),(622,155,347,0),(623,155,421,0),(624,155,437,0),(625,156,153,0),(626,156,347,0),(627,156,421,0),(628,156,437,0),(629,157,153,0),(630,157,347,0),(631,157,421,0),(632,157,437,0),(633,158,153,0),(634,158,347,0),(635,158,421,0),(636,158,437,0),(637,159,153,0),(638,159,347,0),(639,159,421,0),(640,159,437,0),(641,160,153,0),(642,160,347,0),(643,160,421,0),(644,160,437,0),(645,161,153,0),(646,161,347,0),(647,161,421,0),(648,161,437,0),(649,162,153,0),(650,162,347,0),(651,162,421,0),(652,162,437,0),(653,163,153,0),(654,163,347,0),(655,163,421,0),(656,163,437,0),(657,164,153,0),(658,164,347,0),(659,164,421,0),(660,164,437,0),(661,165,153,0),(662,165,347,0),(663,165,421,0),(664,165,437,0),(665,166,153,0),(666,166,347,0),(667,166,421,0),(668,166,437,0),(669,167,153,0),(670,167,347,0),(671,167,421,0),(672,167,437,0),(673,168,153,0),(674,168,347,0),(675,168,421,0),(676,168,437,0),(677,169,153,0),(678,169,347,0),(679,169,421,0),(680,169,437,0),(681,170,153,0),(682,170,347,0),(683,170,421,0),(684,170,437,0),(685,171,153,0),(686,171,347,0),(687,171,421,0),(688,171,437,0),(689,172,153,0),(690,172,347,0),(691,172,421,0),(692,172,437,0),(693,173,153,0),(694,173,347,0),(695,173,421,0),(696,173,437,0),(697,174,153,0),(698,174,347,0),(699,174,421,0),(700,174,437,0),(701,175,153,0),(702,175,347,0),(703,175,421,0),(704,175,437,0),(705,176,153,0),(706,176,347,0),(707,176,421,0),(708,176,437,0),(709,177,153,0),(710,177,347,0),(711,177,421,0),(712,177,437,0),(713,178,153,0),(714,178,347,0),(715,178,421,0),(716,178,437,0),(717,179,153,0),(718,179,347,0),(719,179,421,0),(720,179,437,0),(721,180,153,0),(722,180,347,0),(723,180,421,0),(724,180,437,0),(725,181,153,0),(726,181,347,0),(727,181,421,0),(728,181,437,0),(729,182,153,0),(730,182,347,0),(731,182,421,0),(732,182,437,0),(733,183,153,0),(734,183,347,0),(735,183,421,0),(736,183,437,0),(737,184,153,0),(738,184,347,0),(739,184,421,0),(740,184,437,0),(741,185,153,0),(742,185,347,0),(743,185,421,0),(744,185,437,0),(745,186,153,0),(746,186,347,0),(747,186,421,0),(748,186,437,0),(749,187,153,0),(750,187,347,0),(751,187,421,0),(752,187,437,0),(753,188,153,0),(754,188,347,0),(755,188,421,0),(756,188,437,0),(757,189,153,0),(758,189,347,0),(759,189,421,0),(760,189,437,0),(761,190,153,0),(762,190,347,0),(763,190,421,0),(764,190,437,0),(765,191,153,0),(766,191,347,0),(767,191,421,0),(768,191,437,0),(769,192,153,0),(770,192,347,0),(771,192,421,0),(772,192,437,0),(773,193,153,0),(774,193,347,0),(775,193,421,0),(776,193,437,0),(777,194,153,0),(778,194,347,0),(779,194,421,0),(780,194,437,0),(781,195,153,0),(782,195,347,0),(783,195,421,0),(784,195,437,0),(785,196,153,0),(786,196,347,0),(787,196,421,0),(788,196,437,0),(789,197,153,0),(790,197,347,0),(791,197,421,0),(792,197,437,0),(793,198,153,0),(794,198,347,0),(795,198,421,0),(796,198,437,0),(797,199,153,0),(798,199,347,0),(799,199,421,0),(800,199,437,0),(801,200,153,0),(802,200,347,0),(803,200,421,0),(804,200,437,0),(805,201,153,0),(806,201,347,0),(807,201,421,0),(808,201,437,0),(809,202,153,0),(810,202,347,0),(811,202,421,0),(812,202,437,0),(813,203,153,0),(814,203,347,0),(815,203,421,0),(816,203,437,0),(817,204,153,0),(818,204,347,0),(819,204,421,0),(820,204,437,0),(821,205,153,0),(822,205,347,0),(823,205,421,0),(824,205,437,0),(825,206,153,0),(826,206,347,0),(827,206,421,0),(828,206,437,0),(829,207,153,0),(830,207,347,0),(831,207,421,0),(832,207,437,0),(833,208,153,0),(834,208,347,0),(835,208,421,0),(836,208,437,0),(837,209,153,0),(838,209,347,0),(839,209,421,0),(840,209,437,0),(841,210,153,0),(842,210,347,0),(843,210,421,0),(844,210,437,0),(845,211,153,0),(846,211,347,0),(847,211,421,0),(848,211,437,0),(849,212,153,0),(850,212,347,0),(851,212,421,0),(852,212,437,0),(853,213,153,0),(854,213,347,0),(855,213,421,0),(856,213,437,0),(857,214,153,0),(858,214,347,0),(859,214,421,0),(860,214,437,0),(861,215,153,0),(862,215,347,0),(863,215,421,0),(864,215,437,0),(865,216,153,0),(866,216,347,0),(867,216,421,0),(868,216,437,0),(869,217,153,0),(870,217,347,0),(871,217,421,0),(872,217,437,0),(873,218,153,0),(874,218,347,0),(875,218,421,0),(876,218,437,0),(877,219,153,0),(878,219,347,0),(879,219,421,0),(880,219,437,0),(881,220,153,0),(882,220,347,0),(883,220,421,0),(884,220,437,0),(885,221,153,0),(886,221,347,0),(887,221,421,0),(888,221,437,0),(889,222,153,0),(890,222,347,0),(891,222,421,0),(892,222,437,0),(893,223,153,0),(894,223,347,0),(895,223,421,0),(896,223,437,0),(897,224,153,0),(898,224,347,0),(899,224,421,0),(900,224,437,0),(901,225,153,0),(902,225,347,0),(903,225,421,0),(904,225,437,0),(905,226,153,0),(906,226,347,0),(907,226,421,0),(908,226,437,0),(909,227,153,0),(910,227,347,0),(911,227,421,0),(912,227,437,0),(913,228,153,0),(914,228,347,0),(915,228,421,0),(916,228,437,0),(917,229,153,0),(918,229,347,0),(919,229,421,0),(920,229,437,0),(921,230,153,0),(922,230,347,0),(923,230,421,0),(924,230,437,0),(925,231,153,0),(926,231,347,0),(927,231,421,0),(928,231,437,0),(929,232,153,0),(930,232,347,0),(931,232,421,0),(932,232,437,0),(933,233,153,0),(934,233,347,0),(935,233,421,0),(936,233,437,0),(937,234,153,0),(938,234,347,0),(939,234,421,0),(940,234,437,0),(941,235,153,0),(942,235,347,0),(943,235,421,0),(944,235,437,0),(945,236,153,0),(946,236,347,0),(947,236,421,0),(948,236,437,0),(949,237,153,0),(950,237,347,0),(951,237,421,0),(952,237,437,0),(953,238,153,0),(954,238,347,0),(955,238,421,0),(956,238,437,0),(957,239,153,0),(958,239,347,0),(959,239,421,0),(960,239,437,0),(961,240,153,0),(962,240,347,0),(963,240,421,0),(964,240,437,0),(965,241,153,0),(966,241,347,0),(967,241,421,0),(968,241,437,0),(973,243,153,0),(974,243,347,0),(975,243,421,0),(976,243,437,0),(977,244,153,0),(978,244,347,0),(979,244,421,0),(980,244,437,0),(981,245,153,0),(982,245,347,0),(983,245,421,0),(984,245,437,0),(985,246,153,0),(986,246,347,0),(987,246,421,0),(988,246,437,0),(989,247,153,0),(990,247,347,0),(991,247,421,0),(992,247,437,0),(993,248,153,0),(994,248,347,0),(995,248,421,0),(996,248,437,0),(997,249,153,0),(998,249,347,0),(999,249,421,0),(1000,249,437,0),(1001,250,153,0),(1002,250,347,0),(1003,250,421,0),(1004,250,437,0),(1005,251,153,0),(1006,251,347,0),(1007,251,421,0),(1008,251,437,0),(1009,252,153,0),(1010,252,347,0),(1011,252,421,0),(1012,252,437,0),(1013,253,153,0),(1014,253,347,0),(1015,253,421,0),(1016,253,437,0),(1017,254,153,0),(1018,254,347,0),(1019,254,421,0),(1020,254,437,0),(1021,255,153,0),(1022,255,347,0),(1023,255,421,0),(1024,255,437,0),(1025,256,153,0),(1026,256,347,0),(1027,256,421,0),(1028,256,437,0),(1029,257,153,0),(1030,257,347,0),(1031,257,421,0),(1032,257,437,0),(1033,258,153,0),(1034,258,347,0),(1035,258,421,0),(1036,258,437,0),(1037,259,153,0),(1038,259,347,0),(1039,259,421,0),(1040,259,437,0),(1041,260,153,0),(1042,260,347,0),(1043,260,421,0),(1044,261,153,0),(1045,260,437,0),(1046,261,347,0),(1047,261,421,0),(1048,261,437,0),(1049,261,347,0),(1050,262,153,0),(1051,262,347,0),(1052,262,421,0),(1053,262,437,0),(1054,264,153,0),(1055,263,153,0),(1056,264,347,0),(1057,263,347,0),(1058,264,421,0),(1059,263,421,0),(1060,263,437,0),(1061,264,437,0),(1062,263,153,0),(1063,265,153,0),(1064,265,347,0),(1065,265,421,0),(1066,265,437,0),(1067,266,153,0),(1068,266,347,0),(1069,266,421,0),(1070,266,437,0),(1071,267,153,0),(1072,267,347,0),(1073,267,421,0),(1074,267,437,0),(1075,268,153,0),(1076,268,347,0),(1077,268,421,0),(1078,268,437,0),(1079,269,153,0),(1080,269,347,0),(1081,269,421,0),(1082,269,437,0),(1083,270,153,0),(1084,270,347,0),(1085,270,421,0),(1086,270,437,0),(1087,271,153,0),(1088,271,347,0),(1089,271,421,0),(1090,271,437,0),(1091,272,153,0),(1092,273,153,0),(1093,274,153,0),(1094,272,347,0),(1095,273,347,0),(1096,274,347,0),(1097,273,421,0),(1098,272,421,0),(1099,274,421,0),(1100,273,437,0),(1101,272,437,0),(1102,274,437,0),(1103,276,153,0),(1104,275,153,0),(1105,276,347,0),(1106,275,347,0),(1107,276,421,0),(1108,275,421,0),(1109,276,437,0),(1110,275,437,0),(1111,277,153,0),(1113,277,347,0),(1115,277,421,0),(1117,277,437,0),(1131,283,153,0),(1133,283,347,0),(1136,283,421,0),(1138,283,437,0),(1143,286,153,0),(1146,286,347,0),(1148,286,421,0),(1150,286,437,0),(1151,287,153,0),(1153,287,347,0),(1155,287,421,0),(1157,287,437,0),(1223,305,153,0),(1224,305,347,0),(1225,305,421,0),(1226,305,437,0),(1227,306,153,0),(1228,306,347,0),(1229,306,421,0),(1230,306,437,0),(1231,307,153,0),(1232,307,347,0),(1233,307,421,0),(1234,307,437,0),(1235,308,153,0),(1236,308,347,0),(1237,308,421,0),(1238,308,437,0),(1239,309,153,0),(1240,309,347,0),(1241,309,421,0),(1242,309,437,0),(1243,310,153,0),(1244,310,347,0),(1245,310,421,0),(1246,310,437,0),(1247,311,153,0),(1248,311,347,0),(1249,311,421,0),(1250,311,437,0),(1251,312,153,0),(1252,312,347,0),(1253,312,421,0),(1254,312,437,0),(1255,313,153,0),(1256,313,347,0),(1257,313,421,0),(1258,313,437,0),(1259,314,153,0),(1260,314,347,0),(1261,314,421,0),(1262,314,437,0),(1263,315,153,0),(1264,315,347,0),(1265,315,421,0),(1266,315,437,0),(1267,316,153,0),(1268,316,347,0),(1269,316,421,0),(1270,316,437,0),(1271,317,153,0),(1272,317,347,0),(1273,317,421,0),(1274,317,437,0),(1275,318,153,0),(1276,318,347,0),(1277,318,421,0),(1278,318,437,0),(1279,320,153,0),(1280,319,153,0),(1281,320,347,0),(1282,319,347,0),(1283,320,421,0),(1284,319,421,0),(1285,320,437,0),(1286,319,437,0),(1287,321,153,0),(1288,321,347,0),(1289,321,421,0),(1290,321,437,0),(1292,323,153,0),(1293,323,347,0),(1295,323,421,0),(1298,323,437,0),(1307,326,153,0),(1308,326,347,0),(1309,326,421,0),(1310,326,437,0),(1311,327,153,0),(1312,327,347,0),(1313,327,421,0),(1314,327,437,0),(1315,328,153,0),(1316,328,347,0),(1317,328,421,0),(1318,328,437,0),(1319,329,153,0),(1320,329,347,0),(1321,329,421,0),(1322,329,437,0),(1323,330,153,0),(1324,330,347,0),(1325,330,421,0),(1326,330,437,0),(1327,331,153,0),(1328,331,347,0),(1329,331,421,0),(1330,331,437,0),(1331,332,153,0),(1332,332,347,0),(1333,332,421,0),(1334,332,437,0),(1335,333,153,0),(1336,333,347,0),(1337,333,421,0),(1338,333,437,0),(1339,334,153,0),(1340,334,347,0),(1341,334,421,0),(1342,334,437,0),(1343,335,153,0),(1344,335,347,0),(1345,335,421,0),(1346,335,437,0),(1347,336,153,0),(1348,336,347,0),(1349,336,421,0),(1350,336,437,0),(1351,337,153,0),(1352,337,347,0),(1353,337,421,0),(1354,337,437,0),(1355,338,153,0),(1356,338,347,0),(1357,338,421,0),(1358,338,437,0),(1359,339,153,0),(1360,339,347,0),(1361,339,421,0),(1362,339,437,0),(1363,340,153,0),(1364,340,347,0),(1365,340,421,0),(1366,340,437,0),(1367,341,153,0),(1368,341,347,0),(1369,341,421,0),(1370,341,437,0),(1371,342,153,0),(1372,342,347,0),(1373,342,421,0),(1374,342,437,0),(1375,343,153,0),(1376,343,347,0),(1377,343,421,0),(1378,343,437,0),(1379,344,153,0),(1380,344,347,0),(1381,344,421,0),(1382,344,437,0),(1383,345,153,0),(1384,345,347,0),(1385,345,421,0),(1386,345,437,0),(1387,346,153,0),(1388,346,347,0),(1389,346,421,0),(1390,346,437,0),(1391,347,153,0),(1392,347,347,0),(1393,347,421,0),(1394,347,437,0),(1395,348,153,0),(1396,348,347,0),(1397,348,421,0),(1398,348,437,0),(1399,349,153,0),(1400,349,347,0),(1401,349,421,0),(1402,349,437,0),(1403,350,153,0),(1404,350,347,0),(1405,350,421,0),(1406,350,437,0),(1407,351,153,0),(1408,351,347,0),(1409,351,421,0),(1410,351,437,0),(1411,352,153,0),(1412,353,153,0),(1413,354,153,0),(1414,352,347,0),(1415,353,347,0),(1416,354,347,0),(1417,352,421,0),(1418,353,421,0),(1419,354,421,0),(1420,353,437,0),(1421,352,437,0),(1422,354,437,0),(1423,354,153,0),(1424,354,153,0),(1425,355,153,0),(1426,355,347,0),(1427,355,421,0),(1428,355,437,0),(1429,356,153,0),(1430,356,347,0),(1431,356,421,0),(1432,356,437,0),(1433,357,153,0),(1434,357,347,0),(1435,357,421,0),(1436,357,437,0),(1437,358,153,0),(1438,358,347,0),(1439,358,421,0),(1440,358,437,0),(1441,359,153,0),(1442,359,347,0),(1443,359,421,0),(1444,359,437,0),(1457,363,153,0),(1458,363,347,0),(1459,363,421,0),(1460,363,437,0),(1461,364,153,0),(1462,364,347,0),(1463,364,421,0),(1464,364,437,0),(1465,365,153,0),(1466,365,347,0),(1467,365,421,0),(1468,365,437,0),(1469,366,153,0),(1470,366,347,0),(1471,366,421,0),(1472,366,437,0),(1473,367,153,0),(1474,367,347,0),(1475,367,421,0),(1476,367,437,0),(1477,368,153,0),(1478,368,347,0),(1479,368,421,0),(1480,368,437,0),(1481,369,153,0),(1482,369,347,0),(1483,369,421,0),(1484,369,437,0),(1485,370,153,0),(1486,370,347,0),(1487,370,421,0),(1488,370,437,0),(1489,371,153,0),(1490,371,347,0),(1491,371,421,0),(1492,371,437,0),(1493,373,153,0),(1494,373,347,0),(1495,373,421,0),(1496,373,437,0),(1497,372,153,0),(1498,372,347,0),(1499,372,421,0),(1500,372,437,0),(1501,374,153,0),(1502,374,347,0),(1503,375,153,0),(1504,374,421,0),(1505,374,437,0),(1506,375,347,0),(1507,375,421,0),(1508,375,437,0),(1509,376,153,0),(1510,377,153,0),(1511,376,347,0),(1512,377,347,0),(1513,376,421,0),(1514,377,421,0),(1515,376,437,0),(1516,377,437,0),(1517,378,153,0),(1518,378,347,0),(1519,378,421,0),(1520,378,437,0),(1521,379,153,0),(1522,379,347,0),(1523,379,421,0),(1524,379,437,0),(1525,380,153,0),(1526,380,347,0),(1527,380,421,0),(1528,380,437,0),(1529,381,153,0),(1530,381,347,0),(1531,381,421,0),(1532,381,437,0),(1533,382,153,0),(1534,382,347,0),(1535,382,421,0),(1536,382,437,0),(1537,383,153,0),(1538,383,347,0),(1539,383,421,0),(1540,383,437,0),(1541,384,153,0),(1542,384,347,0),(1543,384,421,0),(1544,384,437,0),(1545,385,153,0),(1546,385,347,0),(1547,385,421,0),(1548,385,437,0),(1549,386,153,0),(1550,386,347,0),(1551,386,421,0),(1552,386,437,0),(1553,387,153,0),(1554,387,347,0),(1555,387,421,0),(1556,387,437,0),(1557,388,153,0),(1558,388,347,0),(1559,388,421,0),(1560,388,437,0),(1561,389,153,0),(1562,389,347,0),(1563,389,421,0),(1564,389,437,0),(1565,390,153,0),(1566,390,347,0),(1567,390,421,0),(1568,390,437,0),(1569,391,153,0),(1570,391,347,0),(1571,391,421,0),(1572,391,437,0),(1573,392,153,0),(1574,392,347,0),(1575,392,421,0),(1576,392,437,0),(1577,393,153,0),(1578,393,347,0),(1579,393,421,0),(1580,393,437,0),(1581,394,153,0),(1582,394,347,0),(1583,394,421,0),(1584,394,437,0),(1585,395,153,0),(1586,395,347,0),(1587,395,421,0),(1588,395,437,0),(1589,396,153,0),(1590,396,347,0),(1591,396,421,0),(1592,396,437,0),(1593,397,153,0),(1594,397,347,0),(1595,397,421,0),(1596,397,437,0),(1597,398,153,0),(1598,398,347,0),(1599,398,421,0),(1600,398,437,0),(1601,399,153,0),(1602,399,347,0),(1603,399,421,0),(1604,399,437,0),(1605,400,153,0),(1606,400,347,0),(1607,400,421,0),(1608,400,437,0),(1609,401,153,0),(1610,401,347,0),(1611,401,421,0),(1612,401,437,0),(1613,402,153,0),(1614,402,347,0),(1615,402,421,0),(1616,402,437,0),(1617,403,153,0),(1618,403,347,0),(1619,403,421,0),(1620,403,437,0);
/*!40000 ALTER TABLE `cms3_stock_balance_list` ENABLE KEYS */;
UNLOCK TABLES;

--
-- Table structure for table `cms3_templates`
--

DROP TABLE IF EXISTS `cms3_templates`;
/*!40101 SET @saved_cs_client     = @@character_set_client */;
/*!50503 SET character_set_client = utf8mb4 */;
CREATE TABLE `cms3_templates` (
  `id` int unsigned NOT NULL AUTO_INCREMENT,
  `name` varchar(128) DEFAULT NULL,
  `filename` varchar(64) DEFAULT NULL,
  `type` varchar(64) DEFAULT NULL,
  `domain_id` int unsigned DEFAULT NULL,
  `lang_id` int unsigned DEFAULT NULL,
  `title` varchar(128) DEFAULT NULL,
  `is_default` tinyint(1) DEFAULT NULL,
  PRIMARY KEY (`id`),
  KEY `Template - Lang_FK` (`lang_id`),
  KEY `Templates - domains_FK` (`domain_id`),
  KEY `is_default` (`is_default`),
  KEY `filename` (`filename`),
  KEY `title` (`title`)
) ENGINE=InnoDB AUTO_INCREMENT=4 DEFAULT CHARSET=utf8mb3;
/*!40101 SET character_set_client = @saved_cs_client */;

--
-- Dumping data for table `cms3_templates`
--

LOCK TABLES `cms3_templates` WRITE;
/*!40000 ALTER TABLE `cms3_templates` DISABLE KEYS */;
INSERT INTO `cms3_templates` VALUES (2,'demomarket','common.phtml','php',1,1,'Основной',1),(3,'demomarket','common.phtml','php',1,2,'Default',1);
/*!40000 ALTER TABLE `cms3_templates` ENABLE KEYS */;
UNLOCK TABLES;

--
-- Table structure for table `cms_backup`
--

DROP TABLE IF EXISTS `cms_backup`;
/*!40101 SET @saved_cs_client     = @@character_set_client */;
/*!50503 SET character_set_client = utf8mb4 */;
CREATE TABLE `cms_backup` (
  `id` int unsigned NOT NULL AUTO_INCREMENT,
  `ctime` int DEFAULT NULL,
  `changed_module` varchar(128) DEFAULT NULL,
  `changed_method` varchar(128) DEFAULT NULL,
  `param` text,
  `param0` mediumtext,
  `user_id` int DEFAULT NULL,
  `is_active` int DEFAULT '0',
  PRIMARY KEY (`id`)
) ENGINE=InnoDB DEFAULT CHARSET=utf8mb3;
/*!40101 SET character_set_client = @saved_cs_client */;

--
-- Dumping data for table `cms_backup`
--

LOCK TABLES `cms_backup` WRITE;
/*!40000 ALTER TABLE `cms_backup` DISABLE KEYS */;
/*!40000 ALTER TABLE `cms_backup` ENABLE KEYS */;
UNLOCK TABLES;

--
-- Table structure for table `cms_permissions`
--

DROP TABLE IF EXISTS `cms_permissions`;
/*!40101 SET @saved_cs_client     = @@character_set_client */;
/*!50503 SET character_set_client = utf8mb4 */;
CREATE TABLE `cms_permissions` (
  `module` varchar(64) DEFAULT NULL,
  `method` varchar(64) DEFAULT NULL,
  `owner_id` int unsigned DEFAULT NULL,
  `allow` tinyint DEFAULT '1',
  KEY `module` (`module`),
  KEY `method` (`method`),
  KEY `owner_id` (`owner_id`),
  KEY `allow` (`allow`),
  CONSTRAINT `FK_PermissionOwnerId_To_ObjectId` FOREIGN KEY (`owner_id`) REFERENCES `cms3_objects` (`id`) ON DELETE CASCADE ON UPDATE CASCADE
) ENGINE=InnoDB DEFAULT CHARSET=utf8mb3;
/*!40101 SET character_set_client = @saved_cs_client */;

--
-- Dumping data for table `cms_permissions`
--

LOCK TABLES `cms_permissions` WRITE;
/*!40000 ALTER TABLE `cms_permissions` DISABLE KEYS */;
INSERT INTO `cms_permissions` VALUES ('content',NULL,24,1),('domain','2',24,1),('content','sitetree',24,1),('users',NULL,24,1),('users','settings',24,1),('users','users_list',24,1),('users','profile',24,1),('backup',NULL,24,1),('data',NULL,24,1),('data','guides',24,1),('data','trash',24,1),('data','types',24,1),('catalog',NULL,24,1),('catalog','tree',24,1),('news',NULL,24,1),('news','lists',24,1),('vote',NULL,24,1),('vote','add_poll',24,1),('vote','edit_poll',24,1),('vote','del_poll',24,1),('search',NULL,24,1),('search','index',24,1),('forum',NULL,24,1),('forum','last_messages',24,1),('banners',NULL,24,1),('banners','banners_list',24,1),('dispatches',NULL,24,1),('dispatches','dispatches_list',24,1),('comments',NULL,24,1),('comments','view_comments',24,1),('webforms',NULL,24,1),('webforms','addresses',24,1),('stat',NULL,24,1),('stat','json_get_referer_pages',24,1),('stat','total',24,1),('autoupdate',NULL,24,1),('faq',NULL,24,1),('faq','projects_list',24,1),('photoalbum',NULL,24,1),('photoalbum','albums_list',24,1),('filemanager',NULL,24,1),('filemanager','directory_list',24,1),('geoip',NULL,24,1),('geoip','config',24,1),('seo',NULL,24,1),('seo','seo',24,1),('umiSliders','manage',24,1),('users','settings',35,1),('blogs20','add',35,1),('eshop','personal',35,1),('dispatches',NULL,1622,1),('emarket',NULL,1622,1),('banners',NULL,1622,1),('users',NULL,1622,1),('tickets',NULL,1622,1),('dispatches','dispatches_list',1622,1),('emarket','control',1622,1),('emarket','order_editing',1622,1),('emarket','mobile_application_get_data',1622,1),('banners','banners_list',1622,1),('users','settings',1622,1),('users','users_list',1622,1),('users','profile',1622,1),('tickets','tickets',1622,1),('data','new',1624,1),('data','1623',1623,1),('data','new',1625,1),('data','new',2193,1),('data','new',2194,1),('data','new',2195,1),('data','new',2196,1),('data','new',2197,1),('data','new',2198,1),('domain','1',46,1),('menu','view',46,1),('news','view',46,1),('content','content',46,1),('blogs20','common',46,1),('forum','view',46,1),('comments','insert',46,1),('vote','poll',46,1),('vote','post',46,1),('webforms','add',46,1),('webforms','messages',46,1),('photoalbum','albums',46,1),('faq','projects',46,1),('faq','post_question',46,1),('dispatches','subscribe',46,1),('catalog','view',46,1),('emarket','purchasing',46,1),('emarket','personal',46,1),('emarket','compare',46,1),('banners','insert',46,1),('users','registrate',46,1),('stat','tagsCloud',46,1),('seo','guest',46,1),('exchange','auto',46,1),('exchange','get_export',46,1),('social_networks','view',46,1),('config','cron_http_execute',46,1),('data','46',46,1),('data','main',46,1),('search','search',46,1),('filemanager','list_files',46,1),('filemanager','download',46,1),('umiSettings','read',46,1),('umiSliders','view',46,1),('appointment','enroll',46,1),('umiTemplates','client',46,1);
/*!40000 ALTER TABLE `cms_permissions` ENABLE KEYS */;
UNLOCK TABLES;

--
-- Table structure for table `cms_reg`
--

DROP TABLE IF EXISTS `cms_reg`;
/*!40101 SET @saved_cs_client     = @@character_set_client */;
/*!50503 SET character_set_client = utf8mb4 */;
CREATE TABLE `cms_reg` (
  `id` int NOT NULL AUTO_INCREMENT,
  `var` varchar(48) NOT NULL,
  `val` varchar(255) DEFAULT NULL,
  `rel` int NOT NULL DEFAULT '0',
  PRIMARY KEY (`id`),
  KEY `var` (`var`),
  KEY `rel` (`rel`,`var`)
) ENGINE=InnoDB AUTO_INCREMENT=459 DEFAULT CHARSET=utf8mb3;
/*!40101 SET character_set_client = @saved_cs_client */;

--
-- Dumping data for table `cms_reg`
--

LOCK TABLES `cms_reg` WRITE;
/*!40000 ALTER TABLE `cms_reg` DISABLE KEYS */;
INSERT INTO `cms_reg` VALUES (1,'modules','',0),(2,'settings','',0),(3,'default_module_admin','events',2),(4,'default_module','content',2),(5,'site_name','umicms.demo site',2),(6,'title_prefix','',2),(7,'1','',6),(8,'1','UMI.CMS - ',7),(9,'2','',7),(10,'domain','',2),(11,'admin_email','demo@umi-cms.ru',2),(12,'error_email','',2),(13,'memcached','',2),(14,'is_enabled','0',13),(15,'host','localhost',13),(16,'port','11211',13),(17,'rec_deep','0',2),(18,'email_from','demo@umi-cms.ru',2),(19,'fio_from','Тестовый отправитель',2),(20,'meta_keywords','',2),(21,'1','',20),(22,'1','umi CMS демо DEMO сайт система управление',21),(23,'2','',21),(24,'meta_description','',2),(25,'1','',24),(26,'1','',25),(27,'2','',25),(28,'disable_url_autocorrection','0',2),(29,'disable_captcha','0',2),(30,'system_edition','commerce',2),(31,'show_macros_onerror','1',2),(32,'max_img_filesize','2',2),(33,'lock_duration','3600',2),(34,'expiration_control','0',2),(35,'keycode','909AAF566D7-D887CB4CFA0-BF683953464',2),(36,'allow_alt_name_with_module_collision','0',2),(37,'allow_redirects_watch','1',2),(38,'lock_pages','0',2),(39,'last_mess_time','1607071368',2),(40,'next_clean_time','1501860491',2),(41,'next_optimise_time','',2),(42,'elements_count_per_page','15',2),(43,'captcha-remember','1',2),(44,'umiMessages','',0),(45,'lastConnectTime','1678705811',44),(46,'lastMessageId','0',44),(47,'events','events',1),(48,'name','events',47),(49,'title','Events',47),(50,'description','Events',47),(51,'filename','modules/events/class.php',47),(52,'config','1',47),(53,'ico','ico_events',47),(54,'default_method','getUserSettings',47),(55,'default_method_admin','last',47),(56,'max-days-storing-events','30',47),(57,'collect-events','0',47),(58,'menu','menu',1),(59,'name','menu',58),(60,'filename','modules/menu/class.php',58),(61,'config','0',58),(62,'ico','ico_menu',58),(63,'default_method','show',58),(64,'default_method_admin','lists',58),(65,'per_page','10',58),(66,'news','news',1),(67,'name','news',66),(68,'filename','modules/news/class.php',66),(69,'config','1',66),(70,'default_method','archive',66),(71,'default_method_admin','lists',66),(72,'per_page','10',66),(73,'content','content',1),(74,'name','content',73),(75,'filename','modules/content/class.php',73),(76,'config','1',73),(77,'default_method','content',73),(78,'default_method_admin','sitetree',73),(79,'blogs20','blogs20',1),(80,'verison','2.0.0.0',79),(81,'name','blogs20',79),(82,'filename','modules/blogs20/class.php',79),(83,'config','1',79),(84,'ico','ico_blogs20',79),(85,'default_method','blogsList',79),(86,'default_method_admin','posts',79),(87,'paging','',79),(88,'blogs','10',87),(89,'posts','10',87),(90,'comments','50',87),(91,'blogs_per_user','5',79),(92,'allow_guest_comments','0',79),(93,'notifications','',79),(94,'on_comment_add','1',93),(95,'forum','forum',1),(96,'name','forum',95),(97,'filename','modules/forum/class.php',95),(98,'config','1',95),(99,'default_method','show',95),(100,'default_method_admin','confs_list',95),(101,'need_moder','1',95),(102,'allow_guest','0',95),(103,'per_page','25',95),(104,'sort_by_last_message','0',95),(105,'dispatch_id','26073',95),(106,'comments','comments',1),(107,'name','comments',106),(108,'title','Комментарии',106),(109,'filename','modules/comments/class.php',106),(110,'config','1',106),(111,'default_method','void_func',106),(112,'default_method_admin','view_comments',106),(113,'per_page','10',106),(114,'moderated','1',106),(115,'guest_posting','0',106),(116,'allow_guest','0',106),(117,'default_comments','1',106),(118,'vkontakte','0',106),(119,'vk_per_page','0',106),(120,'vk_width','0',106),(121,'vk_api','',106),(122,'vk_extend','0',106),(123,'facebook','0',106),(124,'fb_per_page','0',106),(125,'fb_width','0',106),(126,'fb_colorscheme','light',106),(127,'vote','vote',1),(128,'name','vote',127),(129,'filename','modules/vote/class.php',127),(130,'config','1',127),(131,'default_method','insertlast',127),(132,'default_method_admin','lists',127),(133,'webforms','webforms',1),(134,'name','webforms',133),(135,'filename','webforms/class.php',133),(136,'config','0',133),(137,'default_method','insert',133),(138,'default_method_admin','addresses',133),(139,'imported','1',133),(140,'photoalbum','photoalbum',1),(141,'name','photoalbum',140),(142,'filename','modules/photoalbum/class.php',140),(143,'config','1',140),(144,'default_method','albums',140),(145,'default_method_admin','lists',140),(146,'per_page','10',140),(147,'faq','faq',1),(148,'name','faq',147),(149,'filename','modules/faq/class.php',147),(150,'config','1',147),(151,'default_method','project',147),(152,'default_method_admin','projects_list',147),(153,'per_page','10',147),(154,'disable_new_question_notification','0',147),(155,'dispatches','dispatches',1),(156,'name','dispatches',155),(157,'filename','dispatches/class.php',155),(158,'config','1',155),(159,'default_method','subscribe',155),(160,'default_method_admin','lists',155),(161,'catalog','catalog',1),(162,'name','catalog',161),(163,'title','Каталог',161),(164,'filename','modules/catalog/class.php',161),(165,'config','1',161),(166,'default_method','category',161),(167,'default_method_admin','tree',161),(168,'per_page','25',161),(169,'emarket','emarket',1),(170,'version','2.8.0.5',169),(171,'version_line','pro',169),(172,'name','emarket',169),(173,'title','Интернет-магазин',169),(174,'filename','modules/emarket/class.php',169),(175,'config','1',169),(176,'ico','ico_eshop',169),(177,'default_method_admin','orders',169),(178,'enable-discounts','1',169),(179,'enable-currency','1',169),(180,'enable-stores','1',169),(181,'enable-payment','1',169),(182,'enable-delivery','1',169),(183,'social_vkontakte_merchant_id','',169),(184,'social_vkontakte_key','',169),(185,'social_vkontakte_wishlist','1',169),(186,'social_vkontakte_order','1',169),(187,'social_vkontakte_testmode','1',169),(188,'delivery-with-address','0',169),(189,'default-store-city','Санкт-Петербург',169),(190,'default-store-contact-email','hariton.moiseevich@umisoft.ru',169),(191,'default-store-contact-full-name','Харитон Моисеевич',169),(192,'default-store-contact-phone','88123090315',169),(193,'default-store-country-code','RU',169),(194,'default-store-house-number','25ж',169),(195,'default-store-region','Санкт-Петербург',169),(196,'default-store-street','Красного курсанта',169),(197,'order-defaultHeight','60',169),(198,'order-defaultLength','40',169),(199,'order-defaultWidth','40',169),(200,'order-defaultWeight','1000',169),(201,'banners','banners',1),(202,'name','banners',201),(203,'filename','banners/class.php',201),(204,'config','1',201),(205,'default_method','insert_banner',201),(206,'default_method_admin','lists',201),(207,'users','users',1),(208,'name','users',207),(209,'filename','modules/users/class.php',207),(210,'config','1',207),(211,'default_method','auth',207),(212,'default_method_admin','users_list_all',207),(213,'def_group','35',207),(214,'pages_permissions_changing_enabled_on_add','1',207),(215,'pages_permissions_changing_enabled_on_edit','1',207),(216,'stat','stat',1),(217,'name','stat',216),(218,'filename','modules/stat/class.php',216),(219,'config','1',216),(220,'default_method','sess_refresh',216),(221,'default_method_admin','yandexMetric',216),(222,'collect','0',216),(223,'delete_after','30',216),(224,'items_per_page','100',216),(225,'seo','seo',1),(226,'name','seo',225),(227,'filename','modules/seo/class.php',225),(228,'config','1',225),(229,'default_method','getRelCanonical',225),(230,'default_method_admin','sitemap',225),(231,'megaindex-login','megaindex@umisoft.ru',225),(232,'megaindex-password','et676e5rj',225),(233,'exchange','exchange',1),(234,'name','exchange',233),(235,'filename','modules/exchange/class.php',233),(236,'config','1',233),(237,'ico','exchange',233),(238,'default_method','import',233),(239,'default_method_admin','import',233),(240,'social_networks','social_networks',1),(241,'version','1',240),(242,'name','social_networks',240),(243,'title','Интеграция с социальными сетями',240),(244,'filename','modules/social_networks/class.php',240),(245,'config','0',240),(246,'ico','ico_social_networks',240),(247,'default_method','vkontakte',240),(248,'default_method_admin','vkontakte',240),(249,'tickets','tickets',1),(250,'name','tickets',249),(251,'filename','modules/tickets/class.php',249),(252,'config','0',249),(253,'ico','ico_tickets',249),(254,'default_method','',249),(255,'default_method_admin','tickets',249),(256,'config','config',1),(257,'name','config',256),(258,'filename','modules/config/class.php',256),(259,'config','0',256),(260,'default_method','test',256),(261,'default_method_admin','main',256),(262,'data','data',1),(263,'name','data',262),(264,'filename','modules/data/class.php',262),(265,'config','1',262),(266,'default_method','test',262),(267,'default_method_admin','types',262),(268,'autoupdate','autoupdate',1),(269,'name','autoupdate',268),(270,'filename','modules/autoupdate/class.php',268),(271,'config','1',268),(272,'default_method','updateall',268),(273,'default_method_admin','versions',268),(274,'system_version','20',268),(275,'system_edition','commerce',268),(276,'last_updated','1546015339',268),(277,'system_build','92176',268),(278,'backup','backup',1),(279,'name','backup',278),(280,'title','Backups',278),(281,'filename','modules/backup/class.php',278),(282,'config','1',278),(283,'default_method','temp_method',278),(284,'default_method_admin','snapshots',278),(285,'max_timelimit','30',278),(286,'max_save_actions','50',278),(287,'enabled','1',278),(288,'search','search',1),(289,'name','search',288),(290,'filename','modules/search/class.php',288),(291,'default_method','search_do',288),(292,'default_method_admin','index_control',288),(293,'per_page','10',288),(294,'one_iteration_index','5',288),(295,'config','1',288),(296,'filemanager','filemanager',1),(297,'name','filemanager',296),(298,'description','Управление файловой системой.',296),(299,'filename','modules/filemanager/class.php',296),(300,'config','0',296),(301,'default_method','list_files',296),(302,'default_method_admin','shared_files',296),(303,'umiSettings','umiSettings',1),(304,'default_method','empty',303),(305,'default_method_admin','read',303),(306,'umiSliders','umiSliders',1),(307,'config','1',306),(308,'name','umiSliders',306),(309,'default_method','empty',306),(310,'default_method_admin','getSliders',306),(311,'default_sliding_speed','1',306),(312,'default_sliding_delay','1',306),(313,'default_sliding_slides_count','10',306),(314,'appointment','appointment',1),(315,'config','1',314),(316,'name','appointment',314),(317,'work-time-0','',314),(318,'work-time-1','',314),(319,'work-time-2','',314),(320,'work-time-3','',314),(321,'work-time-4','',314),(322,'work-time-5','',314),(323,'work-time-6','',314),(324,'default_method','page',314),(325,'default_method_admin','orders',314),(326,'umiRedirects','umiRedirects',1),(327,'config','1',326),(328,'name','umiRedirects',326),(329,'default_method','empty',326),(330,'default_method_admin','lists',326),(331,'umiNotifications','umiNotifications',1),(332,'default_method','empty',331),(333,'default_method_admin','notifications',331),(334,'config','0',331),(335,'new-record-admin-notify','1',314),(336,'new-record-user-notify','1',314),(337,'record-status-changed-user-notify','1',314),(338,'work-time-0-from','08:00',314),(339,'work-time-0-to','20:00',314),(340,'work-time-1-from','08:00',314),(341,'work-time-1-to','20:00',314),(342,'work-time-2-from','08:00',314),(343,'work-time-2-to','20:00',314),(344,'work-time-3-from','08:00',314),(345,'work-time-3-to','20:00',314),(346,'work-time-4-from','08:00',314),(347,'work-time-4-to','20:00',314),(348,'check_csrf_on_user_update','1',207),(349,'require_current_password','1',207),(350,'guest_id','46',207),(351,'order-item-weightField','0',169),(352,'order-item-widthField','0',169),(353,'order-item-heightField','0',169),(354,'order-item-lengthField','0',169),(355,'order-item-weight','1000',169),(356,'order-item-width','40',169),(357,'order-item-height','60',169),(358,'order-item-length','40',169),(359,'default-store-apartment','',169),(360,'umiLinksChecker','',2),(361,'emarket','',0),(362,'lastOrderNumber','24',361),(363,'purchasing-one-step','0',169),(364,'use-umiNotifications','1',95),(365,'use-umiNotifications','1',2),(366,'autocreate_path','',79),(367,'moderate_comments','1',79),(368,'use-umiNotifications','1',79),(369,'is_private','0',127),(370,'is_graded','1',127),(371,'use-umiNotifications','1',155),(372,'confirm_user_answer','1',147),(373,'use-umiNotifications','1',147),(374,'from-email','',169),(375,'1','',374),(376,'from-name','',169),(377,'1','',376),(378,'manager-email','',169),(379,'1','',378),(380,'no-order-status-notification','0',169),(381,'no-payment-status-notification','0',169),(382,'no-delivery-status-notification','0',169),(383,'use-umiNotifications','1',169),(384,'without_act','0',207),(385,'use-umiNotifications','1',207),(386,'days-before-notification','0',201),(387,'clicks-before-notification','0',201),(388,'not-use-referer-tags','0',201),(389,'use-umiNotifications','1',201),(390,'last-check-date','',201),(391,'default_module_admin_changed','1',2),(392,'default-store-index','197110',169),(398,'trash','trash',1),(399,'config','0',398),(400,'default_method','empty',398),(401,'default_method_admin','trash',398),(402,'previous_edition','commerce',268),(403,'use_cml_trade_offers','1',233),(409,'umiStub','umiStub',1),(410,'name','umiStub',409),(411,'config','0',409),(412,'default_method','empty',409),(413,'default_method_admin','stub',409),(414,'previous_edition','commerce',2),(415,'system_version','23',2),(416,'system_build','92176',2),(417,'last_updated','1678971718',2),(424,'api-key','',423),(425,'seo','',2),(426,'allow-empty-description','1',425),(427,'allow-empty-h1','1',425),(428,'allow-empty-keywords','0',425),(429,'allow-empty-title','1',425),(430,'umiTemplates','umiTemplates',1),(431,'name','umiTemplates',430),(432,'config','0',430),(433,'default_method','empty',430),(434,'default_method_admin','getTemplateList',430),(435,'umiMarket','umiMarket',1),(436,'config','0',435),(437,'name','umiMarket',435),(438,'default_method','empty',435),(439,'default_method_admin','catalog',435),(446,'api-key','',445),(452,'extensions','',0),(453,'drop-customer-after-order-execute','0',169),(454,'merge-guest-orders-for-admins','0',169),(455,'update-order-item-price-in-basket','0',169),(456,'put-any-type-pages-into-basket','0',169),(457,'is-discount-without-rules-works-for-all-goods','0',169);
/*!40000 ALTER TABLE `cms_reg` ENABLE KEYS */;
UNLOCK TABLES;

--
-- Table structure for table `cms_sitemap`
--

DROP TABLE IF EXISTS `cms_sitemap`;
/*!40101 SET @saved_cs_client     = @@character_set_client */;
/*!50503 SET character_set_client = utf8mb4 */;
CREATE TABLE `cms_sitemap` (
  `id` int NOT NULL,
  `domain_id` int unsigned NOT NULL,
  `link` varchar(1024) NOT NULL,
  `sort` tinyint NOT NULL,
  `priority` double NOT NULL DEFAULT '0',
  `dt` datetime NOT NULL,
  `level` int unsigned NOT NULL,
  `lang_id` int unsigned NOT NULL,
  `change_frequency` enum('always','hourly','daily','weekly','monthly','yearly','never','') DEFAULT NULL,
  PRIMARY KEY (`id`),
  KEY `__sort` (`sort`),
  KEY `__domain_id` (`domain_id`),
  KEY `__domain_id__sort` (`domain_id`,`sort`),
  KEY `__domain_id__level` (`domain_id`,`level`),
  KEY `lang_id from cms3_langs` (`lang_id`),
  CONSTRAINT `domain_id from cms3_domains` FOREIGN KEY (`domain_id`) REFERENCES `cms3_domains` (`id`) ON DELETE CASCADE,
  CONSTRAINT `lang_id from cms3_langs` FOREIGN KEY (`lang_id`) REFERENCES `cms3_langs` (`id`) ON DELETE CASCADE
) ENGINE=InnoDB DEFAULT CHARSET=utf8mb3;
/*!40101 SET character_set_client = @saved_cs_client */;

--
-- Dumping data for table `cms_sitemap`
--

LOCK TABLES `cms_sitemap` WRITE;
/*!40000 ALTER TABLE `cms_sitemap` DISABLE KEYS */;
INSERT INTO `cms_sitemap` VALUES (3,1,'http://dev.aposio.ru:18880/',4,1,'2019-02-01 12:16:18',0,1,'weekly'),(4,1,'http://dev.aposio.ru:18880/shop/',8,1,'2023-03-16 16:05:14',1,1,'weekly'),(5,1,'http://dev.aposio.ru:18880/news1/',1,1,'2018-12-14 16:52:53',1,1,'weekly'),(6,1,'http://dev.aposio.ru:18880/delivery_and_payment/',0,1,'2017-06-27 13:50:54',1,1,'weekly'),(7,1,'http://dev.aposio.ru:18880/help/',15,1,'2017-06-27 13:50:54',1,1,'weekly'),(9,1,'http://dev.aposio.ru:18880/about/',7,1,'2017-06-27 13:50:05',1,1,'weekly'),(11,1,'http://dev.aposio.ru:18880/gotovy_li_vy_kupit_ipad/',12,1,'2017-06-27 13:50:54',1,1,'weekly'),(12,1,'http://dev.aposio.ru:18880/obzory_novinok_tehniki/',3,1,'2017-06-27 13:50:54',1,1,'weekly'),(13,1,'http://dev.aposio.ru:18880/remont_bytovoj_tehniki_na_domu/',1,1,'2017-06-27 13:50:54',1,1,'weekly'),(14,1,'http://dev.aposio.ru:18880/pioneer_club/ya_vybral_m-150_chto_skazhete/podelites_mneniyami/',10,0.3,'2018-01-12 16:08:38',3,1,'weekly'),(15,1,'http://dev.aposio.ru:18880/pioneer_club/ya_vybral_m-150_chto_skazhete/',5,0.5,'2019-03-14 17:24:30',2,1,'weekly'),(16,1,'http://dev.aposio.ru:18880/pioneer_club/',5,1,'2018-01-12 16:10:58',1,1,'weekly'),(17,1,'http://dev.aposio.ru:18880/kabeli_i_razemy/',6,1,'2017-06-27 13:50:54',1,1,'weekly'),(131,1,'http://dev.aposio.ru:18880/news1/speshite_akciya/',10,0.5,'2017-08-02 16:55:23',2,1,'weekly'),(132,1,'http://dev.aposio.ru:18880/news1/ne_speshite_ona_zakonchilas/',15,0.5,'2017-08-02 16:54:55',2,1,'weekly'),(149,1,'http://dev.aposio.ru:18880/obzory_novinok_tehniki/elektronika_432d/',16,0.5,'2017-06-27 13:50:15',2,1,'weekly'),(150,1,'http://dev.aposio.ru:18880/obzory_novinok_tehniki/elektronika_432d/bravo/',11,0.3,'2017-06-27 13:50:15',3,1,'weekly'),(151,1,'http://dev.aposio.ru:18880/remont_bytovoj_tehniki_na_domu/s_chego_nachat/',1,0.5,'2017-06-27 13:50:15',2,1,'weekly'),(152,1,'http://dev.aposio.ru:18880/remont_bytovoj_tehniki_na_domu/s_chego_nachat/kak_snyat_korpus/',12,0.3,'2017-06-27 13:50:15',3,1,'weekly'),(153,1,'http://dev.aposio.ru:18880/remont_bytovoj_tehniki_na_domu/s_chego_nachat/nuzhno_li_vyklyuchat_pribor/',4,0.3,'2017-06-27 13:50:15',3,1,'weekly'),(154,1,'http://dev.aposio.ru:18880/pioneer_club/ya_vybral_m-150_chto_skazhete/ya_vybral_m-150_chto_skazhete/',6,0.3,'2018-01-12 16:10:58',3,1,'weekly'),(155,1,'http://dev.aposio.ru:18880/kabeli_i_razemy/optovolokonnyj_razem/',7,0.5,'2017-06-27 13:50:15',2,1,'weekly'),(156,1,'http://dev.aposio.ru:18880/kabeli_i_razemy/bnc_connector/',12,0.5,'2017-06-27 13:50:15',2,1,'weekly'),(157,1,'http://dev.aposio.ru:18880/kabeli_i_razemy/razem_dlya_psp/',10,0.5,'2017-06-27 13:50:15',2,1,'weekly'),(158,1,'http://dev.aposio.ru:18880/kabeli_i_razemy/razem_firewire/',15,0.5,'2017-06-27 13:50:15',2,1,'weekly'),(235,1,'http://dev.aposio.ru:18880/appointment1/',0,1,'2017-06-27 13:51:18',1,1,'weekly'),(248,1,'http://dev.aposio.ru:18880/zakazat-zvonok/',11,1,'2017-07-11 11:00:18',1,1,'weekly'),(261,1,'http://dev.aposio.ru:18880/shop/sport-i-turizm/',13,0.5,'2023-03-16 16:05:15',2,1,'weekly'),(262,1,'http://dev.aposio.ru:18880/shop/sport-i-turizm/velosipedy-i-aksessuary/',6,0.3,'2023-03-16 16:05:14',3,1,'weekly'),(264,1,'http://dev.aposio.ru:18880/shop/sport-i-turizm/velosipedy-i-aksessuary/vzroslye-velosipedy/',4,0.3,'2023-03-16 16:05:15',4,1,'weekly'),(268,1,'http://dev.aposio.ru:18880/shop/sport-i-turizm/velosipedy-i-aksessuary/detskie-velosipedy/',10,0.3,'2023-03-16 16:05:15',4,1,'weekly'),(273,1,'http://dev.aposio.ru:18880/shop/sport-i-turizm/velosipedy-i-aksessuary/veloacsessuary/',4,0.3,'2023-03-16 16:05:15',4,1,'weekly'),(279,1,'http://dev.aposio.ru:18880/shop/zootovary/',7,0.5,'2023-03-16 16:05:15',2,1,'weekly'),(280,1,'http://dev.aposio.ru:18880/shop/zootovary/dlya-koshek/',14,0.3,'2023-03-16 16:05:15',3,1,'weekly'),(281,1,'http://dev.aposio.ru:18880/shop/zootovary/dlya-sobak/',7,0.3,'2023-03-16 16:05:15',3,1,'weekly'),(282,1,'http://dev.aposio.ru:18880/shop/zootovary/dlya-ptic/',15,0.3,'2023-03-16 16:05:15',3,1,'weekly'),(283,1,'http://dev.aposio.ru:18880/shop/zootovary/dlya-koshek/napolniteli/',14,0.3,'2023-03-16 16:05:15',4,1,'weekly'),(284,1,'http://dev.aposio.ru:18880/shop/zootovary/dlya-koshek/suhie-korma/',3,0.3,'2023-03-16 16:05:15',4,1,'weekly'),(285,1,'http://dev.aposio.ru:18880/shop/zootovary/dlya-koshek/vlazhnye-korma/',3,0.3,'2023-03-16 16:05:15',4,1,'weekly'),(287,1,'http://dev.aposio.ru:18880/shop/zootovary/dlya-sobak/tualety/',8,0.3,'2023-03-16 16:05:15',4,1,'weekly'),(289,1,'http://dev.aposio.ru:18880/shop/zootovary/dlya-ptic/korma-i-lakomstva/',14,0.3,'2023-03-16 16:05:15',4,1,'weekly'),(292,1,'http://dev.aposio.ru:18880/shop/bytovaya-tehnika/',3,0.5,'2023-03-16 16:05:15',2,1,'weekly'),(293,1,'http://dev.aposio.ru:18880/shop/parfyumeriya-i-kosmetika/',13,0.5,'2023-03-16 16:05:15',2,1,'weekly'),(309,1,'http://dev.aposio.ru:18880/shop/sport-i-turizm/velosipedy-i-aksessuary/vzroslye-velosipedy/velosiped-carrera-virtuoso-road-bike/',6,0.2,'2018-12-27 15:20:33',5,1,'weekly'),(310,1,'http://dev.aposio.ru:18880/shop/muzhskaya_odezda/',12,0.5,'2023-03-16 16:05:15',2,1,'weekly'),(312,1,'http://dev.aposio.ru:18880/shop/detskaya_odezda/',10,0.5,'2023-03-16 16:05:15',2,1,'weekly'),(314,1,'http://dev.aposio.ru:18880/shop/sport-i-turizm/velosipedy-i-aksessuary/vzroslye-velosipedy/boardman-cx-comp-bike/',8,0.2,'2018-12-27 15:20:43',5,1,'weekly'),(321,1,'http://dev.aposio.ru:18880/shop/detskaya_odezda/letnyaya/',8,0.3,'2023-03-16 16:05:15',3,1,'weekly'),(322,1,'http://dev.aposio.ru:18880/shop/detskaya_odezda/zimnyaya/',13,0.3,'2023-03-16 16:05:15',3,1,'weekly'),(326,1,'http://dev.aposio.ru:18880/shop/detskaya_odezda/obuv/',1,0.3,'2023-03-16 16:05:15',3,1,'weekly'),(327,1,'http://dev.aposio.ru:18880/shop/sport-i-turizm/velosipedy-i-aksessuary/vzroslye-velosipedy/velosiped-mizani-ar1-womens-road-bike/',0,0.2,'2018-12-27 15:21:05',5,1,'weekly'),(328,1,'http://dev.aposio.ru:18880/shop/sport-i-turizm/velosipedy-i-aksessuary/vzroslye-velosipedy/laura-trott-rd-2-womens-road-bike/',13,0.2,'2018-12-27 15:21:17',5,1,'weekly'),(329,1,'http://dev.aposio.ru:18880/shop/sport-i-turizm/velosipedy-i-aksessuary/vzroslye-velosipedy/voodoo-zobop-full-suspension-mountain-bike/',16,0.2,'2018-12-27 15:21:27',5,1,'weekly'),(330,1,'http://dev.aposio.ru:18880/shop/sport-i-turizm/velosipedy-i-aksessuary/vzroslye-velosipedy/intuition-lambda-women-s-road-bike/',10,0.2,'2018-12-27 15:23:51',5,1,'weekly'),(331,1,'http://dev.aposio.ru:18880/shop/sport-i-turizm/velosipedy-i-aksessuary/vzroslye-velosipedy/apollo-paradox-road-bike/',5,0.2,'2018-12-27 15:23:00',5,1,'weekly'),(332,1,'http://dev.aposio.ru:18880/shop/sport-i-turizm/velosipedy-i-aksessuary/detskie-velosipedy/elswick-harmony-girls-bike/',15,0.2,'2017-12-17 17:14:11',5,1,'weekly'),(333,1,'http://dev.aposio.ru:18880/shop/sport-i-turizm/turisticheskoe-snaryazhenie/',8,0.3,'2023-03-16 16:05:15',3,1,'weekly'),(334,1,'http://dev.aposio.ru:18880/shop/sport-i-turizm/turisticheskoe-snaryazhenie/palatki/',9,0.3,'2023-03-16 16:05:15',4,1,'weekly'),(335,1,'http://dev.aposio.ru:18880/shop/sport-i-turizm/turisticheskoe-snaryazhenie/palatki/trek-planet-lite-dome-2/',9,0.2,'2017-12-17 08:19:23',5,1,'weekly'),(336,1,'http://dev.aposio.ru:18880/shop/sport-i-turizm/velosipedy-i-aksessuary/detskie-velosipedy/carrera-star-kids-bike/',14,0.2,'2017-12-17 17:14:02',5,1,'weekly'),(337,1,'http://dev.aposio.ru:18880/shop/sport-i-turizm/velosipedy-i-aksessuary/detskie-velosipedy/apollo-fade-kids-bike/',5,0.2,'2018-12-27 15:18:13',5,1,'weekly'),(338,1,'http://dev.aposio.ru:18880/shop/sport-i-turizm/turisticheskoe-snaryazhenie/palatki/palatka-rybolovnaya-columbus-sea-shel/',13,0.2,'2017-12-17 16:58:26',5,1,'weekly'),(339,1,'http://dev.aposio.ru:18880/shop/sport-i-turizm/turisticheskoe-snaryazhenie/palatki/palatka-columbus-sea-shell/',5,0.2,'2018-12-27 15:16:09',5,1,'weekly'),(340,1,'http://dev.aposio.ru:18880/shop/sport-i-turizm/turisticheskoe-snaryazhenie/palatki/palatka-2-h-mestnaya-larsen-a2/',5,0.2,'2017-12-17 16:58:20',5,1,'weekly'),(342,1,'http://dev.aposio.ru:18880/shop/chasy/',5,0.5,'2023-03-16 16:05:15',2,1,'weekly'),(343,1,'http://dev.aposio.ru:18880/shop/chasy/muzhskie-chasy/',11,0.3,'2023-03-16 16:05:15',3,1,'weekly'),(344,1,'http://dev.aposio.ru:18880/shop/chasy/zhenskie-chasy/',10,0.3,'2023-03-16 16:05:15',3,1,'weekly'),(345,1,'http://dev.aposio.ru:18880/shop/chasy/muzhskie-chasy/posio-edifice-eqb-600d-1a2/',13,0.3,'2017-12-17 19:37:53',4,1,'weekly'),(348,1,'http://dev.aposio.ru:18880/shop/chasy/muzhskie-chasy/jacques-lemans-london-1-1844d/',6,0.3,'2017-12-22 17:48:37',4,1,'weekly'),(349,1,'http://dev.aposio.ru:18880/shop/chasy/zhenskie-chasy/epos-passion-3403193241525/',16,0.3,'2017-12-17 17:20:52',4,1,'weekly'),(350,1,'http://dev.aposio.ru:18880/shop/chasy/muzhskie-chasy/hublot-classic-fusion-515nx0170lr/',10,0.3,'2018-12-27 15:15:40',4,1,'weekly'),(351,1,'http://dev.aposio.ru:18880/shop/chasy/muzhskie-chasy/suunto-core-ss020692000/',0,0.3,'2017-12-17 17:17:52',4,1,'weekly'),(352,1,'http://dev.aposio.ru:18880/shop/chasy/muzhskie-chasy/timex-ironman-tw5k95700/',2,0.3,'2017-12-17 17:16:17',4,1,'weekly'),(353,1,'http://dev.aposio.ru:18880/shop/chasy/zhenskie-chasy/victorinox-swiss-army-chrono-classic/',5,0.3,'2018-12-27 15:19:20',4,1,'weekly'),(354,1,'http://dev.aposio.ru:18880/shop/chasy/zhenskie-chasy/seiko-astron-sse021j1/',9,0.3,'2017-12-17 17:21:53',4,1,'weekly'),(355,1,'http://dev.aposio.ru:18880/shop/chasy/zhenskie-chasy/candino-ceramic-c65043/',6,0.3,'2017-12-17 17:19:59',4,1,'weekly'),(356,1,'http://dev.aposio.ru:18880/shop/chasy/zhenskie-chasy/michael-kors-runway-mk3493/',9,0.3,'2017-12-17 11:00:52',4,1,'weekly'),(357,1,'http://dev.aposio.ru:18880/shop/chasy/zhenskie-chasy/posio-baby-g-bga-130-1b/',13,0.3,'2017-12-17 11:03:33',4,1,'weekly'),(358,1,'http://dev.aposio.ru:18880/shop/zootovary/dlya-koshek/napolniteli/napolnitel-drevesnyj-vitaline/',6,0.2,'2018-12-27 15:02:22',5,1,'weekly'),(359,1,'http://dev.aposio.ru:18880/shop/zootovary/dlya-koshek/napolniteli/napolnitel-drevesnyj-barsik/',16,0.2,'2018-12-27 15:05:25',5,1,'weekly'),(360,1,'http://dev.aposio.ru:18880/shop/zootovary/dlya-koshek/napolniteli/napolnitel-vpityvayuwij-n1-naturel/',4,0.2,'2018-12-27 15:10:39',5,1,'weekly'),(361,1,'http://dev.aposio.ru:18880/shop/zootovary/dlya-koshek/napolniteli/napolnitel-vpityvayuwij-fresh-step/',14,0.2,'2018-12-27 15:14:08',5,1,'weekly'),(362,1,'http://dev.aposio.ru:18880/shop/sport-i-turizm/velosipedy-i-aksessuary/veloacsessuary/nasos-velosipednyj-bike-attitude-gp23/',0,0.2,'2017-12-17 13:57:42',5,1,'weekly'),(363,1,'http://dev.aposio.ru:18880/shop/sport-i-turizm/velosipedy-i-aksessuary/veloacsessuary/flyaga-bbb-750ml-comptank/',15,0.2,'2017-12-17 17:41:13',5,1,'weekly'),(364,1,'http://dev.aposio.ru:18880/shop/sport-i-turizm/velosipedy-i-aksessuary/veloacsessuary/nasos-velosipednyj-zefal-profil-max-fp30/',8,0.2,'2017-12-17 17:34:02',5,1,'weekly'),(365,1,'http://dev.aposio.ru:18880/shop/sport-i-turizm/turisticheskoe-snaryazhenie/spalnye-meshki/',8,0.3,'2023-03-16 16:05:15',4,1,'weekly'),(366,1,'http://dev.aposio.ru:18880/shop/sport-i-turizm/turisticheskoe-snaryazhenie/spalnye-meshki/spalnyj-meshok-picrest-so2/',16,0.2,'2017-12-17 17:36:10',5,1,'weekly'),(367,1,'http://dev.aposio.ru:18880/shop/sport-i-turizm/turisticheskoe-snaryazhenie/spalnye-meshki/spalnyj-meshok-trek-planet-camper/',16,0.2,'2017-12-22 17:48:38',5,1,'weekly'),(368,1,'http://dev.aposio.ru:18880/shop/sport-i-turizm/turisticheskoe-snaryazhenie/spalnye-meshki/spalnyj-meshok-nova-tour-valdaj-300/',0,0.2,'2017-12-17 17:41:29',5,1,'weekly'),(369,1,'http://dev.aposio.ru:18880/shop/sport-i-turizm/turisticheskoe-snaryazhenie/spalnye-meshki/spalnyj-meshok-greenell-tory/',13,0.2,'2017-12-17 17:38:52',5,1,'weekly'),(370,1,'http://dev.aposio.ru:18880/shop/sport-i-turizm/turisticheskoe-snaryazhenie/spalnye-meshki/spalnyj-meshok-nova-tour-krym-v2/',2,0.2,'2017-12-17 17:39:53',5,1,'weekly'),(371,1,'http://dev.aposio.ru:18880/shop/zootovary/dlya-koshek/suhie-korma/korm-suhoj-purina-pro-plan-sterilised-feline-with-rabbit-dry/',3,0.2,'2017-12-17 17:39:12',5,1,'weekly'),(372,1,'http://dev.aposio.ru:18880/shop/zootovary/dlya-koshek/suhie-korma/upakovka-suhih-kormov-8-sht-purina-cat-chow-adult/',14,0.2,'2017-12-17 17:38:27',5,1,'weekly'),(373,1,'http://dev.aposio.ru:18880/shop/zootovary/dlya-koshek/suhie-korma/korm-suhoj-royal-canin-fit-32/',13,0.2,'2017-12-17 17:42:16',5,1,'weekly'),(374,1,'http://dev.aposio.ru:18880/shop/zootovary/dlya-koshek/suhie-korma/korm-pronature-28-meat-fiesta-with-chicken-salmon-lamb-flavor/',14,0.2,'2017-12-17 17:35:42',5,1,'weekly'),(375,1,'http://dev.aposio.ru:18880/shop/zootovary/dlya-koshek/suhie-korma/korm-go-sensitivity-shine-troutsalmon-cat-recipe-grain-free/',0,0.2,'2017-12-17 17:42:56',5,1,'weekly'),(376,1,'http://dev.aposio.ru:18880/shop/zootovary/dlya-koshek/vlazhnye-korma/upakovka-pauchej-12-sht-royal-canin-instinctive-v-souse/',9,0.2,'2017-12-17 17:23:22',5,1,'weekly'),(377,1,'http://dev.aposio.ru:18880/shop/zootovary/dlya-koshek/vlazhnye-korma/upakovka-pauchej-24-sht-stuzzycat/',10,0.2,'2017-12-17 17:22:25',5,1,'weekly'),(378,1,'http://dev.aposio.ru:18880/shop/zootovary/dlya-koshek/vlazhnye-korma/upakovka-pauchej-24-sht-purina-pro-plan-nutrisavour-sterilised-feline-with-chicken-in-gravy/',11,0.2,'2017-12-17 17:19:13',5,1,'weekly'),(379,1,'http://dev.aposio.ru:18880/shop/zootovary/dlya-koshek/vlazhnye-korma/upakovka-konservov-14-sht-schesir/',4,0.2,'2017-12-17 17:22:58',5,1,'weekly'),(380,1,'http://dev.aposio.ru:18880/shop/zootovary/dlya-koshek/vlazhnye-korma/upakovka-konservov-48-sht-brit-care-tuna-salmon/',9,0.2,'2017-12-17 13:55:19',5,1,'weekly'),(381,1,'http://dev.aposio.ru:18880/shop/zootovary/dlya-sobak/tualety/tualet-dlya-sobak-vipet-so-stolbikom-48x35x6-sm-malyj-korichnevyj-p159-02/',6,0.2,'2017-12-17 17:48:53',5,1,'weekly'),(382,1,'http://dev.aposio.ru:18880/shop/zootovary/dlya-sobak/tualety/tualet-savic-dwenkov-melkih-i-srednih-porod-s3240/',14,0.2,'2017-12-17 17:49:24',5,1,'weekly'),(383,1,'http://dev.aposio.ru:18880/shop/zootovary/dlya-sobak/tualety/tualet-dlya-sobak-vipet-so-stenkoj-50x38x29-sm-malyj-p130/',6,0.2,'2017-12-17 17:47:55',5,1,'weekly'),(384,1,'http://dev.aposio.ru:18880/shop/zootovary/dlya-ptic/korma-i-lakomstva/lakomstva-dlya-kanareek-cliffi-palochki-s-otbornymi-zernami-i-medom/',14,0.2,'2017-12-17 18:59:09',5,1,'weekly'),(385,1,'http://dev.aposio.ru:18880/shop/zootovary/dlya-ptic/korma-i-lakomstva/korm-dlya-popugaev-cliffi-s-yagodami-frutti-i-orehami/',10,0.2,'2017-12-17 18:59:06',5,1,'weekly'),(386,1,'http://dev.aposio.ru:18880/shop/muzhskaya_odezda/verhnyaya-odezhda/',8,0.3,'2023-03-16 16:05:15',3,1,'weekly'),(387,1,'http://dev.aposio.ru:18880/shop/muzhskaya_odezda/tolstovki/',3,0.3,'2023-03-16 16:05:15',3,1,'weekly'),(388,1,'http://dev.aposio.ru:18880/shop/muzhskaya_odezda/rubashki/',6,0.3,'2023-03-16 16:05:15',3,1,'weekly'),(389,1,'http://dev.aposio.ru:18880/shop/muzhskaya_odezda/dzhinsy/',1,0.3,'2023-03-16 16:05:15',3,1,'weekly'),(391,1,'http://dev.aposio.ru:18880/shop/muzhskaya_odezda/verhnyaya-odezhda/palto/',9,0.3,'2023-03-16 16:05:15',4,1,'weekly'),(392,1,'http://dev.aposio.ru:18880/shop/muzhskaya_odezda/verhnyaya-odezhda/puhoviki/',4,0.3,'2023-03-16 16:05:15',4,1,'weekly'),(394,1,'http://dev.aposio.ru:18880/shop/sport-i-turizm/velosipedy-i-aksessuary/vzroslye-velosipedy/boardman-cx-comp-bike1/',8,0.2,'2018-12-27 15:23:11',5,1,'weekly'),(395,1,'http://dev.aposio.ru:18880/shop/sport-i-turizm/velosipedy-i-aksessuary/vzroslye-velosipedy/voodoo-zobop-full-suspension-mountain-bike1/',16,0.2,'2018-12-27 15:23:41',5,1,'weekly'),(396,1,'http://dev.aposio.ru:18880/shop/sport-i-turizm/velosipedy-i-aksessuary/vzroslye-velosipedy/laura-trott-rd-2-womens-road-bike1/',11,0.2,'2018-12-27 15:23:21',5,1,'weekly'),(397,1,'http://dev.aposio.ru:18880/shop/sport-i-turizm/velosipedy-i-aksessuary/vzroslye-velosipedy/apollo-paradox-road-bike1/',1,0.2,'2018-12-27 15:20:55',5,1,'weekly'),(398,1,'http://dev.aposio.ru:18880/shop/sport-i-turizm/velosipedy-i-aksessuary/vzroslye-velosipedy/boardman-cx-comp-bike2/',13,0.2,'2018-12-27 15:23:32',5,1,'weekly'),(399,1,'http://dev.aposio.ru:18880/shop/sport-i-turizm/velosipedy-i-aksessuary/vzroslye-velosipedy/velosiped-mizani-ar1-womens-road-bike1/',13,0.2,'2018-12-27 12:15:34',5,1,'weekly'),(400,1,'http://dev.aposio.ru:18880/shop/sport-i-turizm/velosipedy-i-aksessuary/vzroslye-velosipedy/voodoo-zobop-full-suspension-mountain-bike2/',7,0.2,'2018-12-27 15:24:03',5,1,'weekly'),(401,1,'http://dev.aposio.ru:18880/shop/sport-i-turizm/velosipedy-i-aksessuary/vzroslye-velosipedy/intuition-lambda-women-s-road-bike1/',2,0.2,'2018-12-27 15:20:25',5,1,'weekly'),(402,1,'http://dev.aposio.ru:18880/shop/sport-i-turizm/velosipedy-i-aksessuary/detskie-velosipedy/elswick-harmony-girls-bike1/',11,0.2,'2017-12-17 17:11:55',5,1,'weekly'),(403,1,'http://dev.aposio.ru:18880/shop/sport-i-turizm/velosipedy-i-aksessuary/detskie-velosipedy/carrera-star-kids-bike1/',12,0.2,'2017-12-17 17:40:42',5,1,'weekly'),(404,1,'http://dev.aposio.ru:18880/shop/sport-i-turizm/velosipedy-i-aksessuary/detskie-velosipedy/apollo-fade-kids-bike1/',15,0.2,'2017-12-17 17:14:08',5,1,'weekly'),(405,1,'http://dev.aposio.ru:18880/shop/sport-i-turizm/velosipedy-i-aksessuary/detskie-velosipedy/elswick-harmony-girls-bike2/',6,0.2,'2017-12-17 17:14:35',5,1,'weekly'),(406,1,'http://dev.aposio.ru:18880/shop/sport-i-turizm/velosipedy-i-aksessuary/detskie-velosipedy/carrera-star-kids-bike2/',5,0.2,'2017-12-17 17:34:22',5,1,'weekly'),(407,1,'http://dev.aposio.ru:18880/shop/sport-i-turizm/velosipedy-i-aksessuary/detskie-velosipedy/carrera-star-kids-bike3/',4,0.2,'2017-12-17 17:40:13',5,1,'weekly'),(408,1,'http://dev.aposio.ru:18880/shop/sport-i-turizm/velosipedy-i-aksessuary/detskie-velosipedy/elswick-harmony-girls-bike3/',8,0.2,'2017-12-17 17:08:22',5,1,'weekly'),(409,1,'http://dev.aposio.ru:18880/shop/sport-i-turizm/velosipedy-i-aksessuary/detskie-velosipedy/carrera-star-kids-bike4/',16,0.2,'2017-12-17 17:42:37',5,1,'weekly'),(410,1,'http://dev.aposio.ru:18880/shop/chasy/muzhskie-chasy/posio-edifice-eqb-600d-1a4/',10,0.3,'2017-12-17 16:57:11',4,1,'weekly'),(411,1,'http://dev.aposio.ru:18880/shop/chasy/muzhskie-chasy/posio-edifice-eqb-600d-1a5/',16,0.3,'2017-12-17 17:16:47',4,1,'weekly'),(412,1,'http://dev.aposio.ru:18880/shop/chasy/zhenskie-chasy/jacques-lemans-london-1-1844d1/',15,0.3,'2017-12-22 17:48:37',4,1,'weekly'),(413,1,'http://dev.aposio.ru:18880/shop/chasy/muzhskie-chasy/epos-passion-3403193241526/',0,0.3,'2017-12-17 17:18:33',4,1,'weekly'),(414,1,'http://dev.aposio.ru:18880/shop/chasy/muzhskie-chasy/hublot-classic-fusion-515nx0170lr1/',4,0.3,'2018-12-27 15:19:38',4,1,'weekly'),(415,1,'http://dev.aposio.ru:18880/shop/chasy/muzhskie-chasy/suunto-core-ss20692001/',0,0.3,'2017-12-17 17:16:32',4,1,'weekly'),(416,1,'http://dev.aposio.ru:18880/shop/chasy/muzhskie-chasy/timex-ironman-tw5k95701/',1,0.3,'2017-12-17 11:27:22',4,1,'weekly'),(417,1,'http://dev.aposio.ru:18880/shop/chasy/muzhskie-chasy/posio-edifice-eqb-600d-1a6/',12,0.3,'2017-12-17 16:57:22',4,1,'weekly'),(419,1,'http://dev.aposio.ru:18880/shop/chasy/muzhskie-chasy/jacques-lemans-london-1-1844d2/',7,0.3,'2017-12-22 17:48:37',4,1,'weekly'),(420,1,'http://dev.aposio.ru:18880/shop/chasy/muzhskie-chasy/epos-passion-3403193241527/',4,0.3,'2017-12-17 17:17:06',4,1,'weekly'),(421,1,'http://dev.aposio.ru:18880/shop/chasy/zhenskie-chasy/posio-edifice-eqb-600d-1a7/',13,0.3,'2017-12-17 11:03:42',4,1,'weekly'),(423,1,'http://dev.aposio.ru:18880/shop/chasy/muzhskie-chasy/epos-passion-3403193241528/',0,0.3,'2017-12-17 17:16:29',4,1,'weekly'),(424,1,'http://dev.aposio.ru:18880/shop/muzhskaya_odezda/verhnyaya-odezhda/palto/muzhskoe-palto-s-plastronomchernoeart-60/',8,0.2,'2017-12-17 18:17:01',5,1,'weekly'),(425,1,'http://dev.aposio.ru:18880/shop/muzhskaya_odezda/verhnyaya-odezhda/palto/arizona1/',8,0.2,'2017-12-17 18:17:26',5,1,'weekly'),(427,1,'http://dev.aposio.ru:18880/shop/muzhskaya_odezda/verhnyaya-odezhda/palto/burton-menswear-london/',10,0.2,'2017-12-17 18:16:02',5,1,'weekly'),(428,1,'http://dev.aposio.ru:18880/shop/muzhskaya_odezda/dzhinsy/dzhinsy-dylan-bruno-banani/',14,0.3,'2018-12-27 15:24:26',4,1,'weekly'),(429,1,'http://dev.aposio.ru:18880/shop/muzhskaya_odezda/verhnyaya-odezhda/palto/roosevelt-ro044emwjx83/',3,0.2,'2017-12-17 18:17:17',5,1,'weekly'),(430,1,'http://dev.aposio.ru:18880/shop/muzhskaya_odezda/dzhinsy/dzhinsy-rhode-island/',14,0.3,'2018-12-27 15:24:40',4,1,'weekly'),(431,1,'http://dev.aposio.ru:18880/shop/muzhskaya_odezda/verhnyaya-odezhda/palto/united-colors-of-benetton-un012emvww05/',2,0.2,'2017-12-17 18:15:44',5,1,'weekly'),(432,1,'http://dev.aposio.ru:18880/shop/muzhskaya_odezda/dzhinsy/dzhinsy-rhode-island-hard/',15,0.3,'2018-12-27 15:24:49',4,1,'weekly'),(433,1,'http://dev.aposio.ru:18880/shop/muzhskaya_odezda/verhnyaya-odezhda/palto/only-sons-on013emukb08/',2,0.2,'2018-12-27 15:18:34',5,1,'weekly'),(434,1,'http://dev.aposio.ru:18880/shop/muzhskaya_odezda/dzhinsy/dzhinsy-stretch-fasona-slim/',14,0.3,'2018-12-27 15:24:57',4,1,'weekly'),(435,1,'http://dev.aposio.ru:18880/shop/muzhskaya_odezda/dzhinsy/dzhinsy-pryamogo-pokroya-s-5-karmanami/',1,0.3,'2018-12-27 15:25:08',4,1,'weekly'),(436,1,'http://dev.aposio.ru:18880/shop/muzhskaya_odezda/verhnyaya-odezhda/palto/jack-jones-ja391emuix49/',10,0.2,'2017-12-17 18:17:29',5,1,'weekly'),(437,1,'http://dev.aposio.ru:18880/shop/muzhskaya_odezda/dzhinsy/dzhinsy-kekker-fasona-slim/',3,0.3,'2018-12-27 15:25:16',4,1,'weekly'),(438,1,'http://dev.aposio.ru:18880/shop/muzhskaya_odezda/dzhinsy/dzhinsy-kekker-fasona-slim1/',7,0.3,'2018-12-27 15:29:51',4,1,'weekly'),(439,1,'http://dev.aposio.ru:18880/shop/muzhskaya_odezda/verhnyaya-odezhda/palto/windsor-wi013emwfg03/',1,0.2,'2017-12-17 18:15:02',5,1,'weekly'),(440,1,'http://dev.aposio.ru:18880/shop/muzhskaya_odezda/verhnyaya-odezhda/palto/trussardi-jeans-tr016emuwe49/',16,0.2,'2017-12-17 05:17:11',5,1,'weekly'),(442,1,'http://dev.aposio.ru:18880/shop/muzhskaya_odezda/verhnyaya-odezhda/palto/berkytt-mp002xm0w5kq/',12,0.2,'2017-12-17 05:16:55',5,1,'weekly'),(443,1,'http://dev.aposio.ru:18880/shop/muzhskaya_odezda/verhnyaya-odezhda/palto/piazza-italia-pi022emnyw60/',0,0.2,'2017-12-17 18:13:53',5,1,'weekly'),(444,1,'http://dev.aposio.ru:18880/shop/muzhskaya_odezda/dzhinsy/dzhinsy-peter-for-men/',9,0.3,'2018-12-27 15:27:38',4,1,'weekly'),(445,1,'http://dev.aposio.ru:18880/shop/muzhskaya_odezda/verhnyaya-odezhda/puhoviki/atributika-club-nhl-chicago-blackhawks/',16,0.2,'2017-12-17 18:17:32',5,1,'weekly'),(446,1,'http://dev.aposio.ru:18880/shop/muzhskaya_odezda/dzhinsy/dzhinsy-peter-brutal/',14,0.3,'2018-12-27 15:28:22',4,1,'weekly'),(447,1,'http://dev.aposio.ru:18880/shop/muzhskaya_odezda/verhnyaya-odezhda/puhoviki/trespass-highland/',9,0.2,'2017-12-22 17:48:38',5,1,'weekly'),(448,1,'http://dev.aposio.ru:18880/shop/muzhskaya_odezda/dzhinsy/_/',11,0.3,'2018-12-27 15:29:07',4,1,'weekly'),(449,1,'http://dev.aposio.ru:18880/shop/muzhskaya_odezda/dzhinsy/dzhinsy-john-devin/',14,0.3,'2018-12-27 15:26:07',4,1,'weekly'),(450,1,'http://dev.aposio.ru:18880/shop/muzhskaya_odezda/verhnyaya-odezhda/puhoviki/ea7-ea002emuee64/',16,0.2,'2017-12-22 17:48:38',5,1,'weekly'),(451,1,'http://dev.aposio.ru:18880/shop/muzhskaya_odezda/verhnyaya-odezhda/puhoviki/reebok-classics-f-long-jacket/',14,0.2,'2018-12-27 15:17:52',5,1,'weekly'),(452,1,'http://dev.aposio.ru:18880/shop/muzhskaya_odezda/dzhinsy/dzhinsy-john-devin-strong/',0,0.3,'2018-12-27 15:26:18',4,1,'weekly'),(453,1,'http://dev.aposio.ru:18880/shop/muzhskaya_odezda/verhnyaya-odezhda/puhoviki/sauda-down-jkt/',14,0.2,'2018-12-27 15:17:05',5,1,'weekly'),(454,1,'http://dev.aposio.ru:18880/shop/muzhskaya_odezda/verhnyaya-odezhda/puhoviki/memurutind-down-jkt/',13,0.2,'2017-12-17 18:16:58',5,1,'weekly'),(455,1,'http://dev.aposio.ru:18880/shop/muzhskaya_odezda/verhnyaya-odezhda/puhoviki/springfield/',6,0.2,'2017-12-17 18:14:58',5,1,'weekly'),(456,1,'http://dev.aposio.ru:18880/shop/muzhskaya_odezda/verhnyaya-odezhda/puhoviki/barlow-pass-550-turbodown-quilted-jkt/',4,0.2,'2017-12-17 19:43:58',5,1,'weekly'),(457,1,'http://dev.aposio.ru:18880/shop/muzhskaya_odezda/verhnyaya-odezhda/puhoviki/sylvan-lake-630-turbodown-hooded-jacket/',6,0.2,'2017-12-17 18:15:09',5,1,'weekly'),(458,1,'http://dev.aposio.ru:18880/shop/muzhskaya_odezda/verhnyaya-odezhda/puhoviki/baon/',2,0.2,'2017-12-22 17:48:38',5,1,'weekly'),(459,1,'http://dev.aposio.ru:18880/shop/muzhskaya_odezda/verhnyaya-odezhda/puhoviki/kurtka-uteplennaya-arris-jacket/',11,0.2,'2017-12-17 18:17:07',5,1,'weekly'),(460,1,'http://dev.aposio.ru:18880/shop/muzhskaya_odezda/verhnyaya-odezhda/puhoviki/kurtka-uteplennaya-mount-tabor-jacket/',0,0.2,'2017-12-17 18:16:44',5,1,'weekly'),(461,1,'http://dev.aposio.ru:18880/shop/parfyumeriya-i-kosmetika/gubnaya-pomada/',13,0.3,'2023-03-16 16:05:14',3,1,'weekly'),(462,1,'http://dev.aposio.ru:18880/shop/parfyumeriya-i-kosmetika/gubnaya-pomada/bell-lipstick-classic-ton-119/',11,0.3,'2017-12-17 17:14:29',4,1,'weekly'),(463,1,'http://dev.aposio.ru:18880/shop/parfyumeriya-i-kosmetika/gubnaya-pomada/gubnaya-pomada-bell-classic-ton-130/',10,0.3,'2018-12-27 15:15:21',4,1,'weekly'),(465,1,'http://dev.aposio.ru:18880/shop/parfyumeriya-i-kosmetika/gubnaya-pomada/bell-hypoallergenic-pudrovaya-gubnaya-pomada-powder-lipstick-ton-6/',16,0.3,'2017-12-17 17:14:47',4,1,'weekly'),(466,1,'http://dev.aposio.ru:18880/shop/parfyumeriya-i-kosmetika/gubnaya-pomada/loreal-paris-color-riche-matteaddiction-ottenok-633-barhatnyj-bezhevyj/',11,0.3,'2017-12-22 17:48:37',4,1,'weekly'),(467,1,'http://dev.aposio.ru:18880/shop/parfyumeriya-i-kosmetika/gubnaya-pomada/pomada-balzam-dlya-gub-sexy-balm-infaillible-poluprozrachnyj-ottenok-108/',5,0.3,'2017-12-22 17:48:37',4,1,'weekly'),(468,1,'http://dev.aposio.ru:18880/shop/parfyumeriya-i-kosmetika/gubnaya-pomada/uvlazhnyayuwaya-pomada-dlya-gub-color-sensational-maybelline-new-york/',13,0.3,'2017-12-17 08:17:55',4,1,'weekly'),(469,1,'http://dev.aposio.ru:18880/shop/parfyumeriya-i-kosmetika/gubnaya-pomada/gubnaya-pomada-rimmel-lasting-finish-by-kate-ton-008-rimmel/',13,0.3,'2017-12-17 17:14:38',4,1,'weekly'),(470,1,'http://dev.aposio.ru:18880/shop/parfyumeriya-i-kosmetika/gubnaya-pomada/uvlazhnyayuwaya-pomada-moisture-renew-180-rimmel/',9,0.3,'2018-12-27 15:16:42',4,1,'weekly'),(471,1,'http://dev.aposio.ru:18880/shop/parfyumeriya-i-kosmetika/gubnaya-pomada/ustojchivaya-pomada-dlya-gub-millebaci-nouba/',12,0.3,'2017-12-22 17:48:37',4,1,'weekly'),(472,1,'http://dev.aposio.ru:18880/shop/parfyumeriya-i-kosmetika/gubnaya-pomada/gubnaya-pomada-colour-elixir-lipstick-max-factor/',9,0.3,'2017-12-17 17:13:33',4,1,'weekly'),(473,1,'http://dev.aposio.ru:18880/shop/parfyumeriya-i-kosmetika/gubnaya-pomada/pomada-dlya-gub-super-lustrous-lipstick-rum-raisin-535-revlon/',16,0.3,'2017-12-17 17:13:56',4,1,'weekly'),(474,1,'http://dev.aposio.ru:18880/shop/parfyumeriya-i-kosmetika/gubnaya-pomada/gubnaya-pomada-classic-ton-123-bell/',1,0.3,'2017-12-17 17:14:23',4,1,'weekly'),(475,1,'http://dev.aposio.ru:18880/shop/parfyumeriya-i-kosmetika/gubnaya-pomada/luxvisage/',7,0.3,'2017-12-17 17:13:59',4,1,'weekly'),(480,1,'http://dev.aposio.ru:18880/shop/zootovary/dlya-ptic/kletki/',11,0.3,'2023-03-16 16:05:15',4,1,'weekly'),(481,1,'http://dev.aposio.ru:18880/shop/zootovary/dlya-ptic/kletki/kletka-interzoo-luna-45h28h425-sm/',8,0.2,'2018-12-27 13:50:33',5,1,'weekly'),(482,1,'http://dev.aposio.ru:18880/shop/zootovary/dlya-ptic/kletki/inter-zoo-sonia-r-025/',11,0.2,'2017-12-17 17:24:47',5,1,'weekly'),(483,1,'http://dev.aposio.ru:18880/shop/zootovary/dlya-ptic/kletki/inter-zoo-margot-i-r-048/',7,0.2,'2017-12-17 17:24:06',5,1,'weekly'),(484,1,'http://dev.aposio.ru:18880/shop/zootovary/dlya-ptic/kletki/savic-arte-50-s5570/',8,0.2,'2017-12-17 17:24:27',5,1,'weekly'),(485,1,'http://dev.aposio.ru:18880/shop/zootovary/dlya-ptic/kletki/ferplast-rekord/',3,0.2,'2017-12-22 17:48:38',5,1,'weekly'),(486,1,'http://dev.aposio.ru:18880/shop/zootovary/dlya-ptic/korma-i-lakomstva/korm-dlya-popugaev-cliffi-s-fruktami-i-orehami/',12,0.2,'2017-12-17 18:59:12',5,1,'weekly'),(488,1,'http://dev.aposio.ru:18880/shop/zootovary/dlya-ptic/korma-i-lakomstva/lakomstvo-fiory-biscottelli-with-apples/',11,0.2,'2017-12-17 18:58:54',5,1,'weekly'),(489,1,'http://dev.aposio.ru:18880/shop/zootovary/dlya-ptic/korma-i-lakomstva/lakomstvo-rio-biskvity-dlya-ptic-s-lesnymi-yagodami/',12,0.2,'2017-12-17 18:59:18',5,1,'weekly'),(490,1,'http://dev.aposio.ru:18880/shop/bytovaya-tehnika/duhovye-shkafy/',5,0.3,'2023-03-16 16:05:14',3,1,'weekly'),(492,1,'http://dev.aposio.ru:18880/shop/bytovaya-tehnika/duhovye-shkafy/duhovka-gazovaya-rgo-610bl/',16,0.3,'2018-12-27 13:07:26',4,1,'weekly'),(493,1,'http://dev.aposio.ru:18880/shop/bytovaya-tehnika/duhovye-shkafy/elektricheskij-duhovoj-shkaf-hansa-boew68077/',1,0.3,'2018-12-27 13:58:33',4,1,'weekly'),(494,1,'http://dev.aposio.ru:18880/shop/bytovaya-tehnika/duhovye-shkafy/elektricheskij-duhovoj-shkaf-hansa-boes68077/',3,0.3,'2018-12-27 13:59:25',4,1,'weekly'),(495,1,'http://dev.aposio.ru:18880/shop/bytovaya-tehnika/duhovye-shkafy/elektricheskij-duhovoj-shkaf-bosch-serie-6-hba23b351r/',16,0.3,'2018-12-27 14:09:50',4,1,'weekly'),(496,1,'http://dev.aposio.ru:18880/shop/bytovaya-tehnika/duhovye-shkafy/elektricheskij-duhovoj-shkaf-samsung-nv70k2340rs/',1,0.3,'2018-12-27 14:16:29',4,1,'weekly'),(497,1,'http://dev.aposio.ru:18880/shop/bytovaya-tehnika/stiralnye-mashiny/',10,0.3,'2023-03-16 16:05:15',3,1,'weekly'),(498,1,'http://dev.aposio.ru:18880/shop/bytovaya-tehnika/stiralnye-mashiny/lg-e10b8nd/',1,0.3,'2017-12-17 17:30:44',4,1,'weekly'),(499,1,'http://dev.aposio.ru:18880/shop/bytovaya-tehnika/stiralnye-mashiny/stiralnaya-mashina-bosch-wlg20165oe/',8,0.3,'2017-12-17 05:18:02',4,1,'weekly'),(500,1,'http://dev.aposio.ru:18880/shop/bytovaya-tehnika/stiralnye-mashiny/indesit-ewsc-51051-b/',9,0.3,'2017-12-17 17:30:52',4,1,'weekly'),(501,1,'http://dev.aposio.ru:18880/shop/bytovaya-tehnika/stiralnye-mashiny/stiralnaya-mashina-bosch-wln2426eoe/',4,0.3,'2017-12-20 10:27:30',4,1,'weekly'),(502,1,'http://dev.aposio.ru:18880/shop/bytovaya-tehnika/stiralnye-mashiny/stiralnaya-mashina-samsung-ww70j52e04w/',13,0.3,'2017-12-20 10:39:11',4,1,'weekly'),(503,1,'http://dev.aposio.ru:18880/shop/bytovaya-tehnika/stiralnye-mashiny/stiralnaya-mashina-beko-wkb-51031-ptma/',15,0.3,'2017-12-20 10:45:41',4,1,'weekly'),(504,1,'http://dev.aposio.ru:18880/shop/bytovaya-tehnika/stiralnye-mashiny/stiralnaya-mashina-zanussi-zwy61025ri/',0,0.3,'2017-12-20 10:58:34',4,1,'weekly'),(505,1,'http://dev.aposio.ru:18880/shop/bytovaya-tehnika/stiralnye-mashiny/stiralnaya-mashina-sharp-es-fb5102ar/',13,0.3,'2017-12-20 10:56:06',4,1,'weekly'),(506,1,'http://dev.aposio.ru:18880/shop/bytovaya-tehnika/pylesosy/',4,0.3,'2023-03-16 16:05:15',3,1,'weekly'),(507,1,'http://dev.aposio.ru:18880/shop/bytovaya-tehnika/pylesosy/pylesos-s-kontejnerom-dlya-pyli-tefal-tw3786ra-compact-power/',0,0.3,'2017-12-20 11:12:45',4,1,'weekly'),(508,1,'http://dev.aposio.ru:18880/shop/bytovaya-tehnika/pylesosy/vertikalnyj-pylesos-kitfort-kt-506/',16,0.3,'2017-12-20 11:17:37',4,1,'weekly'),(509,1,'http://dev.aposio.ru:18880/shop/bytovaya-tehnika/pylesosy/pylesos-dyson-dc37-allergy-musclehead/',3,0.3,'2017-12-20 11:22:29',4,1,'weekly'),(510,1,'http://dev.aposio.ru:18880/shop/bytovaya-tehnika/pylesosy/pylesos-midea-vcs35b15k-b/',8,0.3,'2017-12-20 11:28:54',4,1,'weekly'),(511,1,'http://dev.aposio.ru:18880/shop/bytovaya-tehnika/pylesosy/pylesos-bosch-bgl32500/',14,0.3,'2017-12-20 11:34:29',4,1,'weekly'),(512,1,'http://dev.aposio.ru:18880/shop/bytovaya-tehnika/pylesosy/pylesos-lg-vc73203uhao/',9,0.3,'2017-12-20 11:39:08',4,1,'weekly'),(513,1,'http://dev.aposio.ru:18880/shop/bytovaya-tehnika/pylesosy/pylesos-philips-fc858801-performer-active/',1,0.3,'2017-12-20 11:43:23',4,1,'weekly'),(514,1,'http://dev.aposio.ru:18880/shop/bytovaya-tehnika/pylesosy/pylesos-samsung-sc5241-vcc5241s3kxev/',4,0.3,'2017-12-20 11:46:50',4,1,'weekly'),(515,1,'http://dev.aposio.ru:18880/shop/bytovaya-tehnika/holodilniki/',4,0.3,'2023-03-16 16:05:15',3,1,'weekly'),(516,1,'http://dev.aposio.ru:18880/shop/bytovaya-tehnika/holodilniki/holodilnik-indesit-df-4160-w/',14,0.3,'2017-12-20 12:12:08',4,1,'weekly'),(517,1,'http://dev.aposio.ru:18880/shop/bytovaya-tehnika/holodilniki/holodilnik-samsung-rb37j5000ww/',3,0.3,'2017-12-20 12:16:51',4,1,'weekly'),(518,1,'http://dev.aposio.ru:18880/shop/bytovaya-tehnika/holodilniki/holodilnik-beko-rcnk400e20zgr/',15,0.3,'2017-12-20 12:21:20',4,1,'weekly'),(519,1,'http://dev.aposio.ru:18880/shop/bytovaya-tehnika/holodilniki/holodilnik-hitachi-r-sg37bpu-gs/',9,0.3,'2017-12-20 12:26:31',4,1,'weekly'),(520,1,'http://dev.aposio.ru:18880/shop/bytovaya-tehnika/holodilniki/holodilnik-lg-ga-e429sqrz/',4,0.3,'2017-12-20 12:30:39',4,1,'weekly'),(521,1,'http://dev.aposio.ru:18880/shop/bytovaya-tehnika/holodilniki/holodilnik-gorenje-nrk6192mch/',10,0.3,'2017-12-20 12:36:22',4,1,'weekly'),(522,1,'http://dev.aposio.ru:18880/shop/bytovaya-tehnika/holodilniki/holodilnik-bosch-vitafresh-kgn39lq3ar/',6,0.3,'2017-12-20 12:41:00',4,1,'weekly'),(523,1,'http://dev.aposio.ru:18880/shop/bytovaya-tehnika/holodilniki/holodilnik-liebherr-ctp-3316-22-001/',3,0.3,'2017-12-20 12:45:51',4,1,'weekly'),(524,1,'http://dev.aposio.ru:18880/shop/detskaya_odezda/zimnyaya/kurtka-reima-reimatec-winter-jacket-pentti-sinyaya/',7,0.3,'2017-12-20 13:19:34',4,1,'weekly'),(525,1,'http://dev.aposio.ru:18880/shop/detskaya_odezda/zimnyaya/kurtka-reima-reimatec-winter-taag-zelenaya/',7,0.3,'2017-12-20 13:24:31',4,1,'weekly'),(526,1,'http://dev.aposio.ru:18880/shop/detskaya_odezda/zimnyaya/kurtka-puhovaya-dlya-devochki-reima-fern-golubaya/',15,0.3,'2017-12-20 13:28:55',4,1,'weekly'),(527,1,'http://dev.aposio.ru:18880/shop/detskaya_odezda/zimnyaya/kurtka-puhovaya-dlya-malchika-reima-janne-sinyaya/',15,0.3,'2017-12-20 13:33:25',4,1,'weekly'),(528,1,'http://dev.aposio.ru:18880/shop/detskaya_odezda/zimnyaya/kombinezon-reima-reimatec-winter-overall-puhuri-sinij/',7,0.3,'2017-12-20 13:37:53',4,1,'weekly'),(529,1,'http://dev.aposio.ru:18880/shop/detskaya_odezda/zimnyaya/kombinezon-flisovyj-reima-fleece-overall-ester-74-98-r-sinij/',9,0.3,'2017-12-20 13:42:32',4,1,'weekly'),(530,1,'http://dev.aposio.ru:18880/shop/detskaya_odezda/zimnyaya/kombinezon-flisovyj-reima-fleece-overall-ester-74-98-r-seryj/',6,0.3,'2017-12-20 13:48:01',4,1,'weekly'),(531,1,'http://dev.aposio.ru:18880/shop/detskaya_odezda/zimnyaya/kombinezon-flisovyj-reima-fleece-overall-tahti-sinij/',11,0.3,'2017-12-20 13:50:49',4,1,'weekly'),(532,1,'http://dev.aposio.ru:18880/shop/detskaya_odezda/letnyaya/kurtka-dlya-malchikov-sinyayagolubaya-mayoral/',10,0.3,'2017-12-20 13:59:39',4,1,'weekly'),(533,1,'http://dev.aposio.ru:18880/shop/detskaya_odezda/letnyaya/kurtka-lassie-softshell-jacket-chernaya-s-rozovym/',12,0.3,'2017-12-20 14:03:30',4,1,'weekly'),(534,1,'http://dev.aposio.ru:18880/shop/detskaya_odezda/letnyaya/kurtka-reima-windfleece-jacket-vuoksi-rozovaya/',6,0.3,'2017-12-20 14:07:01',4,1,'weekly'),(535,1,'http://dev.aposio.ru:18880/shop/detskaya_odezda/letnyaya/vetrovka-dlya-devochki-golubaya-mayoral/',3,0.3,'2017-12-20 14:11:00',4,1,'weekly'),(536,1,'http://dev.aposio.ru:18880/shop/detskaya_odezda/letnyaya/kurtka-korichnevaya-vitacci/',15,0.3,'2017-12-20 14:14:26',4,1,'weekly'),(537,1,'http://dev.aposio.ru:18880/shop/detskaya_odezda/letnyaya/palto-multikolor-vitacci/',2,0.3,'2017-12-20 14:16:45',4,1,'weekly'),(538,1,'http://dev.aposio.ru:18880/shop/detskaya_odezda/letnyaya/plaw-krasnyj-vitacci/',7,0.3,'2017-12-20 14:19:27',4,1,'weekly'),(539,1,'http://dev.aposio.ru:18880/shop/detskaya_odezda/letnyaya/dozhdevik-svetlyachok-krasnyj-zheltyj-chudo-chado/',1,0.3,'2017-12-20 14:22:32',4,1,'weekly'),(540,1,'http://dev.aposio.ru:18880/shop/detskaya_odezda/obuv/sapogi-dlya-devochki-putkivarsi-zvezdy-rr-21-26-rozovye-kuoma/',12,0.3,'2017-12-20 15:45:21',4,1,'weekly'),(541,1,'http://dev.aposio.ru:18880/shop/detskaya_odezda/obuv/polubotinki-reima-lotte-sinie/',2,0.3,'2017-12-20 15:49:00',4,1,'weekly'),(542,1,'http://dev.aposio.ru:18880/shop/detskaya_odezda/obuv/botinki-lassie-lassietec-carlisle-rozovye/',12,0.3,'2017-12-20 15:52:23',4,1,'weekly'),(543,1,'http://dev.aposio.ru:18880/shop/detskaya_odezda/obuv/sapogi-lassie-coldwell-sinie/',13,0.3,'2017-12-20 15:56:06',4,1,'weekly'),(544,1,'http://dev.aposio.ru:18880/shop/detskaya_odezda/obuv/sapogi-lassie-coldwell-lilovye/',5,0.3,'2017-12-20 15:59:51',4,1,'weekly'),(545,1,'http://dev.aposio.ru:18880/shop/detskaya_odezda/obuv/sapogi-lassie-lassietec-boulder-chernye-s-oranzhevym/',11,0.3,'2017-12-20 16:02:27',4,1,'weekly'),(546,1,'http://dev.aposio.ru:18880/shop/detskaya_odezda/obuv/sandalii-lassie-marle-graphite-blue/',5,0.3,'2017-12-20 16:06:02',4,1,'weekly'),(547,1,'http://dev.aposio.ru:18880/shop/detskaya_odezda/obuv/botinki-patrol-kemel/',3,0.3,'2017-12-20 16:09:10',4,1,'weekly'),(548,1,'http://dev.aposio.ru:18880/shop/muzhskaya_odezda/tolstovki/tolstovka-scorpion-bay/',4,0.3,'2017-12-20 16:51:05',4,1,'weekly'),(549,1,'http://dev.aposio.ru:18880/shop/muzhskaya_odezda/tolstovki/tolstovka-think-pink/',9,0.3,'2017-12-20 16:46:12',4,1,'weekly'),(550,1,'http://dev.aposio.ru:18880/shop/muzhskaya_odezda/tolstovki/tolstovka-voi-jeans/',16,0.3,'2017-12-20 16:54:58',4,1,'weekly'),(551,1,'http://dev.aposio.ru:18880/shop/muzhskaya_odezda/tolstovki/tolstovka-garcia/',11,0.3,'2017-12-20 17:00:53',4,1,'weekly'),(552,1,'http://dev.aposio.ru:18880/shop/muzhskaya_odezda/tolstovki/tolstovka-quiksilver/',9,0.3,'2017-12-20 17:03:36',4,1,'weekly'),(553,1,'http://dev.aposio.ru:18880/shop/muzhskaya_odezda/tolstovki/tolstovka-catbalou/',3,0.3,'2017-12-20 17:06:46',4,1,'weekly'),(554,1,'http://dev.aposio.ru:18880/shop/muzhskaya_odezda/tolstovki/tolstovka-von-dutch/',11,0.3,'2017-12-22 17:48:37',4,1,'weekly'),(555,1,'http://dev.aposio.ru:18880/shop/muzhskaya_odezda/tolstovki/tolstovka-forward/',7,0.3,'2017-12-20 17:16:29',4,1,'weekly'),(556,1,'http://dev.aposio.ru:18880/shop/muzhskaya_odezda/rubashki/rubashka-envy-lab/',9,0.3,'2017-12-20 17:23:41',4,1,'weekly'),(557,1,'http://dev.aposio.ru:18880/shop/muzhskaya_odezda/rubashki/rubashka-oodji/',13,0.3,'2017-12-20 17:26:24',4,1,'weekly'),(558,1,'http://dev.aposio.ru:18880/shop/muzhskaya_odezda/rubashki/rubashka-us-polo-assn/',14,0.3,'2017-12-20 17:28:54',4,1,'weekly'),(559,1,'http://dev.aposio.ru:18880/shop/muzhskaya_odezda/rubashki/rubashka-eliz-x-grand/',11,0.3,'2017-12-20 18:05:13',4,1,'weekly'),(560,1,'http://dev.aposio.ru:18880/shop/muzhskaya_odezda/rubashki/rubashka-guess/',12,0.3,'2017-12-20 17:32:44',4,1,'weekly'),(561,1,'http://dev.aposio.ru:18880/shop/muzhskaya_odezda/rubashki/rubashka-choupette/',6,0.3,'2017-12-20 17:34:24',4,1,'weekly'),(562,1,'http://dev.aposio.ru:18880/shop/muzhskaya_odezda/rubashki/rubashka-slim-soliver/',5,0.3,'2017-12-20 17:37:35',4,1,'weekly'),(563,1,'http://dev.aposio.ru:18880/shop/muzhskaya_odezda/rubashki/rubashka-tom-tailor/',9,0.3,'2017-12-20 17:40:16',4,1,'weekly'),(564,1,'http://dev.aposio.ru:18880/shop/parfyumeriya-i-kosmetika/shampuni/',14,0.3,'2023-03-16 16:05:15',3,1,'weekly'),(565,1,'http://dev.aposio.ru:18880/shop/parfyumeriya-i-kosmetika/shampuni/moroccanoil-shampun-uvlazhnyayuwij-1000-ml/',1,0.3,'2017-12-21 10:29:52',4,1,'weekly'),(566,1,'http://dev.aposio.ru:18880/shop/parfyumeriya-i-kosmetika/shampuni/greymy-professiona-shine-shampoo-shampun-dlya-bleska-200ml/',2,0.3,'2017-12-21 10:33:34',4,1,'weekly'),(567,1,'http://dev.aposio.ru:18880/shop/parfyumeriya-i-kosmetika/shampuni/estel-haute-couture-luxury-repair-shampun-dlya-volos-250ml/',16,0.3,'2017-12-22 17:48:37',4,1,'weekly'),(568,1,'http://dev.aposio.ru:18880/shop/parfyumeriya-i-kosmetika/shampuni/dermalogica-daily-cleansing-shampoo-ezhednevnyj-shampun-dlya-zdorovya-volos-250-ml/',14,0.3,'2017-12-21 10:39:25',4,1,'weekly'),(569,1,'http://dev.aposio.ru:18880/shop/parfyumeriya-i-kosmetika/shampuni/loreal-professionnel-absolut-lipidium-vosstanavlivayuwij-shampun-dlya-povrezhdennyh-volos-absolyut-reper-lipidium-250ml/',14,0.3,'2017-12-21 10:42:17',4,1,'weekly'),(570,1,'http://dev.aposio.ru:18880/shop/parfyumeriya-i-kosmetika/shampuni/davines-nounou-shampoo-pitatelnyj-shampun-dlya-uplotneniya-volos-250-ml/',7,0.3,'2017-12-22 17:48:37',4,1,'weekly'),(571,1,'http://dev.aposio.ru:18880/shop/parfyumeriya-i-kosmetika/shampuni/kapous-studio-shampun-dlya-vosstanovleniya-volos-profound-re-serii-caring-line-350ml/',6,0.3,'2017-12-21 10:47:57',4,1,'weekly'),(572,1,'http://dev.aposio.ru:18880/shop/parfyumeriya-i-kosmetika/shampuni/alfaparf-keratinovyj-shampun-gladkost-dlya-volos-lisse-design-maintenance-shampoo-250-ml/',12,0.3,'2017-12-21 10:50:27',4,1,'weekly'),(573,1,'http://dev.aposio.ru:18880/shop/parfyumeriya-i-kosmetika/krasiteli-dlya-volos/',6,0.3,'2023-03-16 16:05:15',3,1,'weekly'),(574,1,'http://dev.aposio.ru:18880/shop/parfyumeriya-i-kosmetika/krasiteli-dlya-volos/barex-joc-color-shine-developer-6-oksigent-s-effektom-bleska-6-125ml/',1,0.3,'2017-12-21 11:16:10',4,1,'weekly'),(575,1,'http://dev.aposio.ru:18880/shop/parfyumeriya-i-kosmetika/krasiteli-dlya-volos/estel-87-kraska-uhod-de-luxe-svetlo-rusyj-korichnevyj-60-ml/',2,0.3,'2017-12-21 11:16:22',4,1,'weekly'),(576,1,'http://dev.aposio.ru:18880/shop/parfyumeriya-i-kosmetika/krasiteli-dlya-volos/barex-joc-color-krem-kraska-73-blondin-zolotistyj-100ml/',12,0.3,'2017-12-21 11:16:35',4,1,'weekly'),(577,1,'http://dev.aposio.ru:18880/shop/parfyumeriya-i-kosmetika/krasiteli-dlya-volos/alfaparf-milano-pigments-violet-ash-ultrakoncentrirovannyj-pigment-v-mini-upakovke-perlamutrovo-pepelnyj-21-8ml/',4,0.3,'2017-12-21 11:16:45',4,1,'weekly'),(578,1,'http://dev.aposio.ru:18880/shop/parfyumeriya-i-kosmetika/krasiteli-dlya-volos/full-color-color-corrector-in-drops-korrektor-cveta-v-kaplyah-krasnyj-10ml/',14,0.3,'2017-12-21 11:16:56',4,1,'weekly'),(579,1,'http://dev.aposio.ru:18880/shop/parfyumeriya-i-kosmetika/krasiteli-dlya-volos/estel-1066-kraska-uhod-de-luxe-svetlyj-blondin-fioletovyj-intensivnyj-60-ml/',6,0.3,'2017-12-21 11:21:57',4,1,'weekly'),(580,1,'http://dev.aposio.ru:18880/shop/parfyumeriya-i-kosmetika/krasiteli-dlya-volos/alfaparf-milano-pigments-golden-mahogany-ultrakoncentrirovannyj-pigment-v-mini-upakovke-zolotisto-mahagonovyj-35-8ml/',0,0.3,'2017-12-21 11:24:56',4,1,'weekly'),(581,1,'http://dev.aposio.ru:18880/shop/parfyumeriya-i-kosmetika/krasiteli-dlya-volos/estel-87-kraska-uhod-de-luxe-svetlo-rusyj-korichnevyj-60-ml1/',12,0.3,'2017-12-21 11:27:58',4,1,'weekly'),(582,1,'http://dev.aposio.ru:18880/shop/parfyumeriya-i-kosmetika/parfyumeriya/',5,0.3,'2023-03-16 16:05:15',3,1,'weekly'),(583,1,'http://dev.aposio.ru:18880/shop/parfyumeriya-i-kosmetika/parfyumeriya/antonio-banderas-blue-seduction-play-eau-de-toilette/',5,0.3,'2017-12-21 11:44:25',4,1,'weekly'),(584,1,'http://dev.aposio.ru:18880/shop/parfyumeriya-i-kosmetika/parfyumeriya/gucci-guilty-pour-homme-absolute-eau-de-parfum/',12,0.3,'2017-12-21 11:49:31',4,1,'weekly'),(585,1,'http://dev.aposio.ru:18880/shop/parfyumeriya-i-kosmetika/parfyumeriya/carolina-herrera-212-vip-black-eau-de-parfum/',13,0.3,'2017-12-21 11:52:10',4,1,'weekly'),(586,1,'http://dev.aposio.ru:18880/shop/parfyumeriya-i-kosmetika/parfyumeriya/lacoste-lhomme-eau-de-toilette/',14,0.3,'2017-12-21 11:54:54',4,1,'weekly'),(587,1,'http://dev.aposio.ru:18880/shop/parfyumeriya-i-kosmetika/parfyumeriya/thierry-mugler-angel-muse-eau-de-parfum/',12,0.3,'2017-12-21 11:58:27',4,1,'weekly'),(588,1,'http://dev.aposio.ru:18880/shop/parfyumeriya-i-kosmetika/parfyumeriya/shakira-dance-eau-de-toilette/',15,0.3,'2017-12-21 12:00:42',4,1,'weekly'),(589,1,'http://dev.aposio.ru:18880/shop/parfyumeriya-i-kosmetika/parfyumeriya/carolina-herrera-good-girl-eau-de-parfum/',0,0.3,'2017-12-21 12:02:21',4,1,'weekly'),(590,1,'http://dev.aposio.ru:18880/shop/parfyumeriya-i-kosmetika/parfyumeriya/masaki-matsushima-matsu-sakura-eau-de-parfum/',3,0.3,'2017-12-21 12:06:01',4,1,'weekly'),(591,1,'http://dev.aposio.ru:18880/shop/sport-i-turizm/samokaty/',4,0.3,'2023-03-16 16:05:15',3,1,'weekly'),(592,1,'http://dev.aposio.ru:18880/shop/sport-i-turizm/samokaty/samokat-yedoo-ox-new-chernyjzelenyj/',16,0.3,'2017-12-21 12:47:26',4,1,'weekly'),(593,1,'http://dev.aposio.ru:18880/shop/sport-i-turizm/samokaty/samokat-trolo-raptor-230-2017-belyj/',1,0.3,'2017-12-21 12:52:27',4,1,'weekly'),(594,1,'http://dev.aposio.ru:18880/shop/sport-i-turizm/samokaty/samokat-micro-speed-chernyj/',2,0.3,'2017-12-21 12:56:21',4,1,'weekly'),(595,1,'http://dev.aposio.ru:18880/shop/sport-i-turizm/samokaty/samokat-micro-suspension-sa0065-dva-amortizatora-bronza/',9,0.3,'2017-12-21 13:00:18',4,1,'weekly'),(596,1,'http://dev.aposio.ru:18880/shop/sport-i-turizm/samokaty/samokat-razor-a5-lux-sinij/',8,0.3,'2017-12-21 13:04:59',4,1,'weekly'),(597,1,'http://dev.aposio.ru:18880/shop/sport-i-turizm/samokaty/samokat-weelz-rock-chernyjzelenyj/',5,0.3,'2017-12-21 13:10:17',4,1,'weekly'),(598,1,'http://dev.aposio.ru:18880/shop/sport-i-turizm/samokaty/samokat-hudora-big-wheel-style-230-white-14236-belyj/',4,0.3,'2017-12-21 13:13:29',4,1,'weekly'),(599,1,'http://dev.aposio.ru:18880/shop/sport-i-turizm/samokaty/gorodskoj-samokat-xootr-new-ultra-cruz-seryj/',3,0.3,'2017-12-21 13:16:20',4,1,'weekly'),(600,1,'http://dev.aposio.ru:18880/shop/bytovaya-tehnika/duhovye-shkafy/vstraivaemyj-elektricheskij-duhovoj-shkaf-asko-op-8478-g/',7,0.3,'2018-12-27 14:26:48',4,1,'weekly'),(601,1,'http://dev.aposio.ru:18880/shop/bytovaya-tehnika/duhovye-shkafy/vstraivaemyj-elektricheskij-duhovoj-shkaf-darina-1v8-bde-111707-bg/',3,0.3,'2018-12-27 14:40:31',4,1,'weekly'),(602,1,'http://dev.aposio.ru:18880/shop/bytovaya-tehnika/duhovye-shkafy/vstraivaemyj-elektricheskij-duhovoj-shkaf-hotpoint-ariston-fi7-861-sh-ic-ha/',6,0.3,'2018-12-27 14:49:16',4,1,'weekly'),(603,1,'http://dev.aposio.ru:18880/contacts/',13,1,'2017-12-26 10:25:46',1,1,'weekly');
/*!40000 ALTER TABLE `cms_sitemap` ENABLE KEYS */;
UNLOCK TABLES;

--
-- Table structure for table `cms_sitemap_images`
--

DROP TABLE IF EXISTS `cms_sitemap_images`;
/*!40101 SET @saved_cs_client     = @@character_set_client */;
/*!50503 SET character_set_client = utf8mb4 */;
CREATE TABLE `cms_sitemap_images` (
  `id` int NOT NULL AUTO_INCREMENT,
  `location_id` int NOT NULL,
  `domain_id` int unsigned NOT NULL,
  `link` varchar(1024) NOT NULL,
  `alt` varchar(255) DEFAULT NULL,
  `title` varchar(255) DEFAULT NULL,
  PRIMARY KEY (`id`),
  KEY `location_id from cms_sitemap` (`location_id`),
  KEY `domain_id from cms3_domains for sitemap image` (`domain_id`),
  CONSTRAINT `domain_id from cms3_domains for sitemap image` FOREIGN KEY (`domain_id`) REFERENCES `cms3_domains` (`id`) ON DELETE CASCADE,
  CONSTRAINT `location_id from cms_sitemap` FOREIGN KEY (`location_id`) REFERENCES `cms_sitemap` (`id`) ON DELETE CASCADE
) ENGINE=InnoDB DEFAULT CHARSET=utf8mb3;
/*!40101 SET character_set_client = @saved_cs_client */;

--
-- Dumping data for table `cms_sitemap_images`
--

LOCK TABLES `cms_sitemap_images` WRITE;
/*!40000 ALTER TABLE `cms_sitemap_images` DISABLE KEYS */;
/*!40000 ALTER TABLE `cms_sitemap_images` ENABLE KEYS */;
UNLOCK TABLES;

--
-- Table structure for table `cms_stat_dispatches`
--

DROP TABLE IF EXISTS `cms_stat_dispatches`;
/*!40101 SET @saved_cs_client     = @@character_set_client */;
/*!50503 SET character_set_client = utf8mb4 */;
CREATE TABLE `cms_stat_dispatches` (
  `hash` varchar(10) NOT NULL,
  `time` int NOT NULL
) ENGINE=InnoDB DEFAULT CHARSET=utf8mb3;
/*!40101 SET character_set_client = @saved_cs_client */;

--
-- Dumping data for table `cms_stat_dispatches`
--

LOCK TABLES `cms_stat_dispatches` WRITE;
/*!40000 ALTER TABLE `cms_stat_dispatches` DISABLE KEYS */;
INSERT INTO `cms_stat_dispatches` VALUES ('4ea50920b5',1568289556),('8a63c8dfdb',1568289683),('aa0479d053',1568289769),('0ddf805584',1568289773),('8ae1b9eb88',1568289841),('63a9da4057',1568289953),('145e41c7cd',1568289963),('674473613a',1568290020),('ae404ed34b',1568290117),('329f83993a',1568290157),('a9229c9bb0',1568290248),('0e7b4541c9',1568290273),('05653011ac',1568290331),('19303ef929',1568290363),('25e84b76ae',1568290447),('77c2be8d24',1568290475),('bed57f8061',1568290565),('2e3c3c8c31',1568290773),('8b5fdd03c0',1568290833),('ad6012b2de',1568290856),('9e3218dff7',1568290917),('66d36e2e8a',1568290940),('a56d596526',1568290947),('2b3516f234',1568291008),('5a65d270b9',1568291137),('44524701eb',1568291185),('dc1bbc5fc3',1568291297),('e182e28688',1568291367),('7ed136a2e5',1568291401),('80e10c0218',1568291418),('3bc1abb56c',1568291454),('323b697929',1568291506),('03418ac1fb',1568291547),('eee7a2a769',1568291649),('5c11b54bda',1568291711),('85866abdf3',1568291736),('6ad90b17ab',1568291784),('ff833c104f',1568291801),('47aab5bfaa',1568291823),('017aa6bc26',1568291835),('93b2c33b8d',1568291867),('b4c4272231',1568291933),('137303c4fe',1568292398),('6aef968edc',1568292599),('636e426f3d',1568292684),('d570842eb1',1568292707),('63b6d80efb',1568292719),('f8ee356c0a',1568292739),('1de119e875',1568293428),('6a1720e670',1568293447),('5127cb8bd0',1568293470),('dd5f9849ec',1568293565),('956a2e1c46',1568293647),('d215954ff9',1568293675),('19aaedd9b0',1568293691),('228993de48',1568293757),('1167f2e61a',1568293808),('87b2ba2858',1568293833),('10c226d422',1568293875),('c826d294d4',1568293899),('ff9dbde258',1568293906),('d57dfe5fd8',1574431723),('55b4e7366d',1574431730),('fsdfsdfsf2',1575021181),('fsdfsdfsf2',1575021182);
/*!40000 ALTER TABLE `cms_stat_dispatches` ENABLE KEYS */;
UNLOCK TABLES;

--
-- Table structure for table `cms_stat_domains`
--

DROP TABLE IF EXISTS `cms_stat_domains`;
/*!40101 SET @saved_cs_client     = @@character_set_client */;
/*!50503 SET character_set_client = utf8mb4 */;
CREATE TABLE `cms_stat_domains` (
  `id` int NOT NULL AUTO_INCREMENT,
  `entrytime` int DEFAULT NULL,
  `refer_domain` text,
  `sess_id` text,
  PRIMARY KEY (`id`),
  KEY `sess_id` (`sess_id`(4))
) ENGINE=MyISAM DEFAULT CHARSET=utf8mb3;
/*!40101 SET character_set_client = @saved_cs_client */;

--
-- Dumping data for table `cms_stat_domains`
--

LOCK TABLES `cms_stat_domains` WRITE;
/*!40000 ALTER TABLE `cms_stat_domains` DISABLE KEYS */;
/*!40000 ALTER TABLE `cms_stat_domains` ENABLE KEYS */;
UNLOCK TABLES;

--
-- Table structure for table `cms_stat_entry_points`
--

DROP TABLE IF EXISTS `cms_stat_entry_points`;
/*!40101 SET @saved_cs_client     = @@character_set_client */;
/*!50503 SET character_set_client = utf8mb4 */;
CREATE TABLE `cms_stat_entry_points` (
  `id` int unsigned NOT NULL AUTO_INCREMENT,
  `name` varchar(255) DEFAULT NULL,
  `description` text,
  `url` text,
  `host_id` int unsigned DEFAULT NULL,
  PRIMARY KEY (`id`),
  KEY `url` (`url`(1)),
  KEY `host_id` (`host_id`)
) ENGINE=MyISAM DEFAULT CHARSET=utf8mb3;
/*!40101 SET character_set_client = @saved_cs_client */;

--
-- Dumping data for table `cms_stat_entry_points`
--

LOCK TABLES `cms_stat_entry_points` WRITE;
/*!40000 ALTER TABLE `cms_stat_entry_points` DISABLE KEYS */;
/*!40000 ALTER TABLE `cms_stat_entry_points` ENABLE KEYS */;
UNLOCK TABLES;

--
-- Table structure for table `cms_stat_entry_points_events`
--

DROP TABLE IF EXISTS `cms_stat_entry_points_events`;
/*!40101 SET @saved_cs_client     = @@character_set_client */;
/*!50503 SET character_set_client = utf8mb4 */;
CREATE TABLE `cms_stat_entry_points_events` (
  `entry_point_id` int unsigned DEFAULT NULL,
  `event_id` int unsigned DEFAULT NULL,
  KEY `entry_point_id` (`entry_point_id`),
  KEY `event_id` (`event_id`)
) ENGINE=MyISAM DEFAULT CHARSET=utf8mb3;
/*!40101 SET character_set_client = @saved_cs_client */;

--
-- Dumping data for table `cms_stat_entry_points_events`
--

LOCK TABLES `cms_stat_entry_points_events` WRITE;
/*!40000 ALTER TABLE `cms_stat_entry_points_events` DISABLE KEYS */;
/*!40000 ALTER TABLE `cms_stat_entry_points_events` ENABLE KEYS */;
UNLOCK TABLES;

--
-- Table structure for table `cms_stat_events`
--

DROP TABLE IF EXISTS `cms_stat_events`;
/*!40101 SET @saved_cs_client     = @@character_set_client */;
/*!50503 SET character_set_client = utf8mb4 */;
CREATE TABLE `cms_stat_events` (
  `id` int unsigned NOT NULL AUTO_INCREMENT,
  `description` text,
  `name` varchar(255) DEFAULT NULL,
  `type` tinyint DEFAULT NULL,
  `profit` float(9,2) DEFAULT '0.00',
  `host_id` int unsigned DEFAULT NULL,
  PRIMARY KEY (`id`),
  KEY `name` (`name`,`type`),
  KEY `host_id` (`host_id`),
  KEY `type` (`type`)
) ENGINE=MyISAM DEFAULT CHARSET=utf8mb3;
/*!40101 SET character_set_client = @saved_cs_client */;

--
-- Dumping data for table `cms_stat_events`
--

LOCK TABLES `cms_stat_events` WRITE;
/*!40000 ALTER TABLE `cms_stat_events` DISABLE KEYS */;
/*!40000 ALTER TABLE `cms_stat_events` ENABLE KEYS */;
UNLOCK TABLES;

--
-- Table structure for table `cms_stat_events_collected`
--

DROP TABLE IF EXISTS `cms_stat_events_collected`;
/*!40101 SET @saved_cs_client     = @@character_set_client */;
/*!50503 SET character_set_client = utf8mb4 */;
CREATE TABLE `cms_stat_events_collected` (
  `event_id` int unsigned DEFAULT NULL,
  `hit_id` int unsigned DEFAULT NULL,
  KEY `event_id` (`event_id`,`hit_id`),
  KEY `hit_id` (`hit_id`)
) ENGINE=MyISAM DEFAULT CHARSET=utf8mb3;
/*!40101 SET character_set_client = @saved_cs_client */;

--
-- Dumping data for table `cms_stat_events_collected`
--

LOCK TABLES `cms_stat_events_collected` WRITE;
/*!40000 ALTER TABLE `cms_stat_events_collected` DISABLE KEYS */;
/*!40000 ALTER TABLE `cms_stat_events_collected` ENABLE KEYS */;
UNLOCK TABLES;

--
-- Table structure for table `cms_stat_events_rel`
--

DROP TABLE IF EXISTS `cms_stat_events_rel`;
/*!40101 SET @saved_cs_client     = @@character_set_client */;
/*!50503 SET character_set_client = utf8mb4 */;
CREATE TABLE `cms_stat_events_rel` (
  `metaevent_id` int unsigned DEFAULT NULL,
  `event_id` int unsigned DEFAULT NULL,
  UNIQUE KEY `metaevent_id` (`metaevent_id`,`event_id`),
  KEY `event_id` (`event_id`)
) ENGINE=MyISAM DEFAULT CHARSET=utf8mb3;
/*!40101 SET character_set_client = @saved_cs_client */;

--
-- Dumping data for table `cms_stat_events_rel`
--

LOCK TABLES `cms_stat_events_rel` WRITE;
/*!40000 ALTER TABLE `cms_stat_events_rel` DISABLE KEYS */;
/*!40000 ALTER TABLE `cms_stat_events_rel` ENABLE KEYS */;
UNLOCK TABLES;

--
-- Table structure for table `cms_stat_events_urls`
--

DROP TABLE IF EXISTS `cms_stat_events_urls`;
/*!40101 SET @saved_cs_client     = @@character_set_client */;
/*!50503 SET character_set_client = utf8mb4 */;
CREATE TABLE `cms_stat_events_urls` (
  `event_id` int unsigned DEFAULT NULL,
  `page_id` int unsigned DEFAULT NULL,
  UNIQUE KEY `event_id` (`event_id`,`page_id`),
  KEY `page_id` (`page_id`)
) ENGINE=MyISAM DEFAULT CHARSET=utf8mb3;
/*!40101 SET character_set_client = @saved_cs_client */;

--
-- Dumping data for table `cms_stat_events_urls`
--

LOCK TABLES `cms_stat_events_urls` WRITE;
/*!40000 ALTER TABLE `cms_stat_events_urls` DISABLE KEYS */;
/*!40000 ALTER TABLE `cms_stat_events_urls` ENABLE KEYS */;
UNLOCK TABLES;

--
-- Table structure for table `cms_stat_finders`
--

DROP TABLE IF EXISTS `cms_stat_finders`;
/*!40101 SET @saved_cs_client     = @@character_set_client */;
/*!50503 SET character_set_client = utf8mb4 */;
CREATE TABLE `cms_stat_finders` (
  `id` int NOT NULL AUTO_INCREMENT,
  `bot_name` text,
  `pattern` text,
  `alias` text,
  `domain` text,
  `utf` int DEFAULT NULL,
  PRIMARY KEY (`id`)
) ENGINE=MyISAM DEFAULT CHARSET=utf8mb3;
/*!40101 SET character_set_client = @saved_cs_client */;

--
-- Dumping data for table `cms_stat_finders`
--

LOCK TABLES `cms_stat_finders` WRITE;
/*!40000 ALTER TABLE `cms_stat_finders` DISABLE KEYS */;
/*!40000 ALTER TABLE `cms_stat_finders` ENABLE KEYS */;
UNLOCK TABLES;

--
-- Table structure for table `cms_stat_hits`
--

DROP TABLE IF EXISTS `cms_stat_hits`;
/*!40101 SET @saved_cs_client     = @@character_set_client */;
/*!50503 SET character_set_client = utf8mb4 */;
CREATE TABLE `cms_stat_hits` (
  `id` int unsigned NOT NULL AUTO_INCREMENT,
  `page_id` int unsigned DEFAULT NULL,
  `date` datetime DEFAULT NULL,
  `hour` tinyint DEFAULT NULL,
  `day_of_week` tinyint(1) DEFAULT NULL,
  `day` tinyint DEFAULT NULL,
  `month` tinyint DEFAULT NULL,
  `year` int unsigned DEFAULT NULL,
  `path_id` int unsigned DEFAULT NULL,
  `number_in_path` int unsigned DEFAULT NULL,
  `week` tinyint unsigned DEFAULT NULL,
  `prev_page_id` int unsigned DEFAULT NULL,
  PRIMARY KEY (`id`),
  KEY `day_of_week` (`day_of_week`),
  KEY `date` (`date`,`day_of_week`,`day`,`month`),
  KEY `day` (`day`,`month`,`date`,`day_of_week`),
  KEY `page_id` (`page_id`,`date`),
  KEY `date_level` (`date`,`number_in_path`),
  KEY `date_prev_page_level` (`date`,`prev_page_id`,`number_in_path`),
  KEY `path_id_level` (`path_id`,`number_in_path`,`prev_page_id`)
) ENGINE=MyISAM DEFAULT CHARSET=utf8mb3;
/*!40101 SET character_set_client = @saved_cs_client */;

--
-- Dumping data for table `cms_stat_hits`
--

LOCK TABLES `cms_stat_hits` WRITE;
/*!40000 ALTER TABLE `cms_stat_hits` DISABLE KEYS */;
/*!40000 ALTER TABLE `cms_stat_hits` ENABLE KEYS */;
UNLOCK TABLES;

--
-- Table structure for table `cms_stat_holidays`
--

DROP TABLE IF EXISTS `cms_stat_holidays`;
/*!40101 SET @saved_cs_client     = @@character_set_client */;
/*!50503 SET character_set_client = utf8mb4 */;
CREATE TABLE `cms_stat_holidays` (
  `id` int unsigned NOT NULL AUTO_INCREMENT,
  `name` char(255) DEFAULT NULL,
  `day` tinyint DEFAULT NULL,
  `month` tinyint DEFAULT NULL,
  PRIMARY KEY (`id`),
  KEY `day_month` (`day`,`month`,`id`)
) ENGINE=MyISAM DEFAULT CHARSET=utf8mb3;
/*!40101 SET character_set_client = @saved_cs_client */;

--
-- Dumping data for table `cms_stat_holidays`
--

LOCK TABLES `cms_stat_holidays` WRITE;
/*!40000 ALTER TABLE `cms_stat_holidays` DISABLE KEYS */;
/*!40000 ALTER TABLE `cms_stat_holidays` ENABLE KEYS */;
UNLOCK TABLES;

--
-- Table structure for table `cms_stat_pages`
--

DROP TABLE IF EXISTS `cms_stat_pages`;
/*!40101 SET @saved_cs_client     = @@character_set_client */;
/*!50503 SET character_set_client = utf8mb4 */;
CREATE TABLE `cms_stat_pages` (
  `id` int unsigned NOT NULL AUTO_INCREMENT,
  `uri` text,
  `host_id` int unsigned DEFAULT NULL,
  `section` varchar(255) DEFAULT NULL,
  PRIMARY KEY (`id`),
  KEY `section` (`section`),
  KEY `uri` (`uri`(4)),
  KEY `host_id` (`host_id`)
) ENGINE=MyISAM DEFAULT CHARSET=utf8mb3;
/*!40101 SET character_set_client = @saved_cs_client */;

--
-- Dumping data for table `cms_stat_pages`
--

LOCK TABLES `cms_stat_pages` WRITE;
/*!40000 ALTER TABLE `cms_stat_pages` DISABLE KEYS */;
/*!40000 ALTER TABLE `cms_stat_pages` ENABLE KEYS */;
UNLOCK TABLES;

--
-- Table structure for table `cms_stat_paths`
--

DROP TABLE IF EXISTS `cms_stat_paths`;
/*!40101 SET @saved_cs_client     = @@character_set_client */;
/*!50503 SET character_set_client = utf8mb4 */;
CREATE TABLE `cms_stat_paths` (
  `id` int unsigned NOT NULL AUTO_INCREMENT,
  `user_id` int unsigned DEFAULT NULL,
  `date` datetime DEFAULT NULL,
  `source_id` int unsigned DEFAULT NULL,
  `host_id` int unsigned DEFAULT NULL,
  PRIMARY KEY (`id`),
  KEY `source_id` (`source_id`),
  KEY `user_id` (`user_id`),
  KEY `id_host` (`id`,`host_id`),
  KEY `date_host_id` (`date`,`host_id`,`user_id`),
  KEY `host_id` (`host_id`)
) ENGINE=MyISAM DEFAULT CHARSET=utf8mb3;
/*!40101 SET character_set_client = @saved_cs_client */;

--
-- Dumping data for table `cms_stat_paths`
--

LOCK TABLES `cms_stat_paths` WRITE;
/*!40000 ALTER TABLE `cms_stat_paths` DISABLE KEYS */;
/*!40000 ALTER TABLE `cms_stat_paths` ENABLE KEYS */;
UNLOCK TABLES;

--
-- Table structure for table `cms_stat_phrases`
--

DROP TABLE IF EXISTS `cms_stat_phrases`;
/*!40101 SET @saved_cs_client     = @@character_set_client */;
/*!50503 SET character_set_client = utf8mb4 */;
CREATE TABLE `cms_stat_phrases` (
  `phrase` text,
  `domain` text,
  `finder_id` int DEFAULT NULL,
  `entrytime` int DEFAULT NULL
) ENGINE=MyISAM DEFAULT CHARSET=utf8mb3;
/*!40101 SET character_set_client = @saved_cs_client */;

--
-- Dumping data for table `cms_stat_phrases`
--

LOCK TABLES `cms_stat_phrases` WRITE;
/*!40000 ALTER TABLE `cms_stat_phrases` DISABLE KEYS */;
/*!40000 ALTER TABLE `cms_stat_phrases` ENABLE KEYS */;
UNLOCK TABLES;

--
-- Table structure for table `cms_stat_sites`
--

DROP TABLE IF EXISTS `cms_stat_sites`;
/*!40101 SET @saved_cs_client     = @@character_set_client */;
/*!50503 SET character_set_client = utf8mb4 */;
CREATE TABLE `cms_stat_sites` (
  `id` int NOT NULL AUTO_INCREMENT,
  `name` char(255) DEFAULT NULL,
  `group_id` int unsigned DEFAULT NULL,
  PRIMARY KEY (`id`),
  KEY `name` (`name`),
  KEY `group_id` (`group_id`)
) ENGINE=MyISAM DEFAULT CHARSET=utf8mb3;
/*!40101 SET character_set_client = @saved_cs_client */;

--
-- Dumping data for table `cms_stat_sites`
--

LOCK TABLES `cms_stat_sites` WRITE;
/*!40000 ALTER TABLE `cms_stat_sites` DISABLE KEYS */;
/*!40000 ALTER TABLE `cms_stat_sites` ENABLE KEYS */;
UNLOCK TABLES;

--
-- Table structure for table `cms_stat_sites_groups`
--

DROP TABLE IF EXISTS `cms_stat_sites_groups`;
/*!40101 SET @saved_cs_client     = @@character_set_client */;
/*!50503 SET character_set_client = utf8mb4 */;
CREATE TABLE `cms_stat_sites_groups` (
  `id` int unsigned NOT NULL AUTO_INCREMENT,
  `name` char(255) DEFAULT NULL,
  PRIMARY KEY (`id`)
) ENGINE=MyISAM DEFAULT CHARSET=utf8mb3;
/*!40101 SET character_set_client = @saved_cs_client */;

--
-- Dumping data for table `cms_stat_sites_groups`
--

LOCK TABLES `cms_stat_sites_groups` WRITE;
/*!40000 ALTER TABLE `cms_stat_sites_groups` DISABLE KEYS */;
/*!40000 ALTER TABLE `cms_stat_sites_groups` ENABLE KEYS */;
UNLOCK TABLES;

--
-- Table structure for table `cms_stat_sources`
--

DROP TABLE IF EXISTS `cms_stat_sources`;
/*!40101 SET @saved_cs_client     = @@character_set_client */;
/*!50503 SET character_set_client = utf8mb4 */;
CREATE TABLE `cms_stat_sources` (
  `id` int unsigned NOT NULL AUTO_INCREMENT,
  `src_type` tinyint unsigned DEFAULT NULL,
  `concrete_src_id` int unsigned DEFAULT NULL,
  PRIMARY KEY (`id`),
  KEY `src_type` (`src_type`,`concrete_src_id`,`id`)
) ENGINE=MyISAM DEFAULT CHARSET=utf8mb3;
/*!40101 SET character_set_client = @saved_cs_client */;

--
-- Dumping data for table `cms_stat_sources`
--

LOCK TABLES `cms_stat_sources` WRITE;
/*!40000 ALTER TABLE `cms_stat_sources` DISABLE KEYS */;
/*!40000 ALTER TABLE `cms_stat_sources` ENABLE KEYS */;
UNLOCK TABLES;

--
-- Table structure for table `cms_stat_sources_coupon`
--

DROP TABLE IF EXISTS `cms_stat_sources_coupon`;
/*!40101 SET @saved_cs_client     = @@character_set_client */;
/*!50503 SET character_set_client = utf8mb4 */;
CREATE TABLE `cms_stat_sources_coupon` (
  `id` int unsigned NOT NULL AUTO_INCREMENT,
  `number` varchar(255) DEFAULT NULL,
  `profit` float(9,2) DEFAULT NULL,
  `descript` text,
  PRIMARY KEY (`id`)
) ENGINE=MyISAM DEFAULT CHARSET=utf8mb3;
/*!40101 SET character_set_client = @saved_cs_client */;

--
-- Dumping data for table `cms_stat_sources_coupon`
--

LOCK TABLES `cms_stat_sources_coupon` WRITE;
/*!40000 ALTER TABLE `cms_stat_sources_coupon` DISABLE KEYS */;
/*!40000 ALTER TABLE `cms_stat_sources_coupon` ENABLE KEYS */;
UNLOCK TABLES;

--
-- Table structure for table `cms_stat_sources_coupon_events`
--

DROP TABLE IF EXISTS `cms_stat_sources_coupon_events`;
/*!40101 SET @saved_cs_client     = @@character_set_client */;
/*!50503 SET character_set_client = utf8mb4 */;
CREATE TABLE `cms_stat_sources_coupon_events` (
  `coupon_id` int unsigned DEFAULT NULL,
  `event_id` int unsigned DEFAULT NULL
) ENGINE=MyISAM DEFAULT CHARSET=utf8mb3;
/*!40101 SET character_set_client = @saved_cs_client */;

--
-- Dumping data for table `cms_stat_sources_coupon_events`
--

LOCK TABLES `cms_stat_sources_coupon_events` WRITE;
/*!40000 ALTER TABLE `cms_stat_sources_coupon_events` DISABLE KEYS */;
/*!40000 ALTER TABLE `cms_stat_sources_coupon_events` ENABLE KEYS */;
UNLOCK TABLES;

--
-- Table structure for table `cms_stat_sources_openstat`
--

DROP TABLE IF EXISTS `cms_stat_sources_openstat`;
/*!40101 SET @saved_cs_client     = @@character_set_client */;
/*!50503 SET character_set_client = utf8mb4 */;
CREATE TABLE `cms_stat_sources_openstat` (
  `id` int unsigned NOT NULL AUTO_INCREMENT,
  `service_id` int unsigned DEFAULT '0',
  `campaign_id` int unsigned DEFAULT '0',
  `ad_id` int unsigned DEFAULT NULL,
  `source_id` int unsigned DEFAULT NULL,
  `path_id` int unsigned DEFAULT NULL,
  PRIMARY KEY (`id`),
  KEY `source_id` (`source_id`)
) ENGINE=MyISAM DEFAULT CHARSET=cp1251;
/*!40101 SET character_set_client = @saved_cs_client */;

--
-- Dumping data for table `cms_stat_sources_openstat`
--

LOCK TABLES `cms_stat_sources_openstat` WRITE;
/*!40000 ALTER TABLE `cms_stat_sources_openstat` DISABLE KEYS */;
/*!40000 ALTER TABLE `cms_stat_sources_openstat` ENABLE KEYS */;
UNLOCK TABLES;

--
-- Table structure for table `cms_stat_sources_openstat_ad`
--

DROP TABLE IF EXISTS `cms_stat_sources_openstat_ad`;
/*!40101 SET @saved_cs_client     = @@character_set_client */;
/*!50503 SET character_set_client = utf8mb4 */;
CREATE TABLE `cms_stat_sources_openstat_ad` (
  `id` int unsigned NOT NULL AUTO_INCREMENT,
  `name` char(255) DEFAULT NULL,
  PRIMARY KEY (`id`)
) ENGINE=MyISAM DEFAULT CHARSET=cp1251;
/*!40101 SET character_set_client = @saved_cs_client */;

--
-- Dumping data for table `cms_stat_sources_openstat_ad`
--

LOCK TABLES `cms_stat_sources_openstat_ad` WRITE;
/*!40000 ALTER TABLE `cms_stat_sources_openstat_ad` DISABLE KEYS */;
/*!40000 ALTER TABLE `cms_stat_sources_openstat_ad` ENABLE KEYS */;
UNLOCK TABLES;

--
-- Table structure for table `cms_stat_sources_openstat_campaign`
--

DROP TABLE IF EXISTS `cms_stat_sources_openstat_campaign`;
/*!40101 SET @saved_cs_client     = @@character_set_client */;
/*!50503 SET character_set_client = utf8mb4 */;
CREATE TABLE `cms_stat_sources_openstat_campaign` (
  `id` int unsigned NOT NULL AUTO_INCREMENT,
  `name` char(255) DEFAULT NULL,
  PRIMARY KEY (`id`),
  KEY `name` (`name`)
) ENGINE=MyISAM DEFAULT CHARSET=cp1251;
/*!40101 SET character_set_client = @saved_cs_client */;

--
-- Dumping data for table `cms_stat_sources_openstat_campaign`
--

LOCK TABLES `cms_stat_sources_openstat_campaign` WRITE;
/*!40000 ALTER TABLE `cms_stat_sources_openstat_campaign` DISABLE KEYS */;
/*!40000 ALTER TABLE `cms_stat_sources_openstat_campaign` ENABLE KEYS */;
UNLOCK TABLES;

--
-- Table structure for table `cms_stat_sources_openstat_service`
--

DROP TABLE IF EXISTS `cms_stat_sources_openstat_service`;
/*!40101 SET @saved_cs_client     = @@character_set_client */;
/*!50503 SET character_set_client = utf8mb4 */;
CREATE TABLE `cms_stat_sources_openstat_service` (
  `id` int unsigned NOT NULL AUTO_INCREMENT,
  `name` char(255) DEFAULT NULL,
  PRIMARY KEY (`id`),
  KEY `name` (`name`)
) ENGINE=MyISAM DEFAULT CHARSET=cp1251;
/*!40101 SET character_set_client = @saved_cs_client */;

--
-- Dumping data for table `cms_stat_sources_openstat_service`
--

LOCK TABLES `cms_stat_sources_openstat_service` WRITE;
/*!40000 ALTER TABLE `cms_stat_sources_openstat_service` DISABLE KEYS */;
/*!40000 ALTER TABLE `cms_stat_sources_openstat_service` ENABLE KEYS */;
UNLOCK TABLES;

--
-- Table structure for table `cms_stat_sources_openstat_source`
--

DROP TABLE IF EXISTS `cms_stat_sources_openstat_source`;
/*!40101 SET @saved_cs_client     = @@character_set_client */;
/*!50503 SET character_set_client = utf8mb4 */;
CREATE TABLE `cms_stat_sources_openstat_source` (
  `id` int unsigned NOT NULL AUTO_INCREMENT,
  `name` char(255) DEFAULT NULL,
  PRIMARY KEY (`id`),
  KEY `name` (`name`)
) ENGINE=MyISAM DEFAULT CHARSET=cp1251;
/*!40101 SET character_set_client = @saved_cs_client */;

--
-- Dumping data for table `cms_stat_sources_openstat_source`
--

LOCK TABLES `cms_stat_sources_openstat_source` WRITE;
/*!40000 ALTER TABLE `cms_stat_sources_openstat_source` DISABLE KEYS */;
/*!40000 ALTER TABLE `cms_stat_sources_openstat_source` ENABLE KEYS */;
UNLOCK TABLES;

--
-- Table structure for table `cms_stat_sources_pr`
--

DROP TABLE IF EXISTS `cms_stat_sources_pr`;
/*!40101 SET @saved_cs_client     = @@character_set_client */;
/*!50503 SET character_set_client = utf8mb4 */;
CREATE TABLE `cms_stat_sources_pr` (
  `id` int unsigned NOT NULL AUTO_INCREMENT,
  `name` varchar(255) DEFAULT NULL,
  `description` text,
  PRIMARY KEY (`id`)
) ENGINE=MyISAM DEFAULT CHARSET=utf8mb3;
/*!40101 SET character_set_client = @saved_cs_client */;

--
-- Dumping data for table `cms_stat_sources_pr`
--

LOCK TABLES `cms_stat_sources_pr` WRITE;
/*!40000 ALTER TABLE `cms_stat_sources_pr` DISABLE KEYS */;
/*!40000 ALTER TABLE `cms_stat_sources_pr` ENABLE KEYS */;
UNLOCK TABLES;

--
-- Table structure for table `cms_stat_sources_pr_events`
--

DROP TABLE IF EXISTS `cms_stat_sources_pr_events`;
/*!40101 SET @saved_cs_client     = @@character_set_client */;
/*!50503 SET character_set_client = utf8mb4 */;
CREATE TABLE `cms_stat_sources_pr_events` (
  `pr_id` int unsigned DEFAULT NULL,
  `event_id` int unsigned DEFAULT NULL
) ENGINE=MyISAM DEFAULT CHARSET=utf8mb3;
/*!40101 SET character_set_client = @saved_cs_client */;

--
-- Dumping data for table `cms_stat_sources_pr_events`
--

LOCK TABLES `cms_stat_sources_pr_events` WRITE;
/*!40000 ALTER TABLE `cms_stat_sources_pr_events` DISABLE KEYS */;
/*!40000 ALTER TABLE `cms_stat_sources_pr_events` ENABLE KEYS */;
UNLOCK TABLES;

--
-- Table structure for table `cms_stat_sources_pr_sites`
--

DROP TABLE IF EXISTS `cms_stat_sources_pr_sites`;
/*!40101 SET @saved_cs_client     = @@character_set_client */;
/*!50503 SET character_set_client = utf8mb4 */;
CREATE TABLE `cms_stat_sources_pr_sites` (
  `id` int unsigned NOT NULL AUTO_INCREMENT,
  `pr_id` int unsigned DEFAULT NULL,
  `url` text,
  PRIMARY KEY (`id`)
) ENGINE=MyISAM DEFAULT CHARSET=utf8mb3;
/*!40101 SET character_set_client = @saved_cs_client */;

--
-- Dumping data for table `cms_stat_sources_pr_sites`
--

LOCK TABLES `cms_stat_sources_pr_sites` WRITE;
/*!40000 ALTER TABLE `cms_stat_sources_pr_sites` DISABLE KEYS */;
/*!40000 ALTER TABLE `cms_stat_sources_pr_sites` ENABLE KEYS */;
UNLOCK TABLES;

--
-- Table structure for table `cms_stat_sources_search`
--

DROP TABLE IF EXISTS `cms_stat_sources_search`;
/*!40101 SET @saved_cs_client     = @@character_set_client */;
/*!50503 SET character_set_client = utf8mb4 */;
CREATE TABLE `cms_stat_sources_search` (
  `id` int unsigned NOT NULL AUTO_INCREMENT,
  `engine_id` int unsigned DEFAULT NULL,
  `text_id` int DEFAULT NULL,
  PRIMARY KEY (`id`),
  KEY `engine_id` (`engine_id`)
) ENGINE=MyISAM DEFAULT CHARSET=utf8mb3;
/*!40101 SET character_set_client = @saved_cs_client */;

--
-- Dumping data for table `cms_stat_sources_search`
--

LOCK TABLES `cms_stat_sources_search` WRITE;
/*!40000 ALTER TABLE `cms_stat_sources_search` DISABLE KEYS */;
/*!40000 ALTER TABLE `cms_stat_sources_search` ENABLE KEYS */;
UNLOCK TABLES;

--
-- Table structure for table `cms_stat_sources_search_engines`
--

DROP TABLE IF EXISTS `cms_stat_sources_search_engines`;
/*!40101 SET @saved_cs_client     = @@character_set_client */;
/*!50503 SET character_set_client = utf8mb4 */;
CREATE TABLE `cms_stat_sources_search_engines` (
  `id` int unsigned NOT NULL AUTO_INCREMENT,
  `name` char(255) DEFAULT NULL,
  `url_mask` char(255) DEFAULT NULL,
  `varname` char(255) DEFAULT NULL,
  PRIMARY KEY (`id`)
) ENGINE=MyISAM DEFAULT CHARSET=utf8mb3;
/*!40101 SET character_set_client = @saved_cs_client */;

--
-- Dumping data for table `cms_stat_sources_search_engines`
--

LOCK TABLES `cms_stat_sources_search_engines` WRITE;
/*!40000 ALTER TABLE `cms_stat_sources_search_engines` DISABLE KEYS */;
/*!40000 ALTER TABLE `cms_stat_sources_search_engines` ENABLE KEYS */;
UNLOCK TABLES;

--
-- Table structure for table `cms_stat_sources_search_queries`
--

DROP TABLE IF EXISTS `cms_stat_sources_search_queries`;
/*!40101 SET @saved_cs_client     = @@character_set_client */;
/*!50503 SET character_set_client = utf8mb4 */;
CREATE TABLE `cms_stat_sources_search_queries` (
  `id` int unsigned NOT NULL AUTO_INCREMENT,
  `text` text,
  PRIMARY KEY (`id`)
) ENGINE=MyISAM DEFAULT CHARSET=utf8mb3;
/*!40101 SET character_set_client = @saved_cs_client */;

--
-- Dumping data for table `cms_stat_sources_search_queries`
--

LOCK TABLES `cms_stat_sources_search_queries` WRITE;
/*!40000 ALTER TABLE `cms_stat_sources_search_queries` DISABLE KEYS */;
/*!40000 ALTER TABLE `cms_stat_sources_search_queries` ENABLE KEYS */;
UNLOCK TABLES;

--
-- Table structure for table `cms_stat_sources_sites`
--

DROP TABLE IF EXISTS `cms_stat_sources_sites`;
/*!40101 SET @saved_cs_client     = @@character_set_client */;
/*!50503 SET character_set_client = utf8mb4 */;
CREATE TABLE `cms_stat_sources_sites` (
  `id` int unsigned NOT NULL AUTO_INCREMENT,
  `uri` text,
  `domain` int DEFAULT NULL,
  PRIMARY KEY (`id`),
  KEY `domain` (`domain`),
  KEY `uri` (`uri`(255)),
  KEY `id_domain` (`id`,`domain`)
) ENGINE=MyISAM DEFAULT CHARSET=utf8mb3;
/*!40101 SET character_set_client = @saved_cs_client */;

--
-- Dumping data for table `cms_stat_sources_sites`
--

LOCK TABLES `cms_stat_sources_sites` WRITE;
/*!40000 ALTER TABLE `cms_stat_sources_sites` DISABLE KEYS */;
/*!40000 ALTER TABLE `cms_stat_sources_sites` ENABLE KEYS */;
UNLOCK TABLES;

--
-- Table structure for table `cms_stat_sources_sites_domains`
--

DROP TABLE IF EXISTS `cms_stat_sources_sites_domains`;
/*!40101 SET @saved_cs_client     = @@character_set_client */;
/*!50503 SET character_set_client = utf8mb4 */;
CREATE TABLE `cms_stat_sources_sites_domains` (
  `id` int unsigned NOT NULL AUTO_INCREMENT,
  `name` char(255) DEFAULT NULL,
  PRIMARY KEY (`id`)
) ENGINE=MyISAM DEFAULT CHARSET=utf8mb3;
/*!40101 SET character_set_client = @saved_cs_client */;

--
-- Dumping data for table `cms_stat_sources_sites_domains`
--

LOCK TABLES `cms_stat_sources_sites_domains` WRITE;
/*!40000 ALTER TABLE `cms_stat_sources_sites_domains` DISABLE KEYS */;
/*!40000 ALTER TABLE `cms_stat_sources_sites_domains` ENABLE KEYS */;
UNLOCK TABLES;

--
-- Table structure for table `cms_stat_sources_ticket`
--

DROP TABLE IF EXISTS `cms_stat_sources_ticket`;
/*!40101 SET @saved_cs_client     = @@character_set_client */;
/*!50503 SET character_set_client = utf8mb4 */;
CREATE TABLE `cms_stat_sources_ticket` (
  `id` int unsigned NOT NULL AUTO_INCREMENT,
  `name` char(255) DEFAULT NULL,
  `url` char(255) DEFAULT NULL,
  PRIMARY KEY (`id`)
) ENGINE=MyISAM DEFAULT CHARSET=utf8mb3;
/*!40101 SET character_set_client = @saved_cs_client */;

--
-- Dumping data for table `cms_stat_sources_ticket`
--

LOCK TABLES `cms_stat_sources_ticket` WRITE;
/*!40000 ALTER TABLE `cms_stat_sources_ticket` DISABLE KEYS */;
/*!40000 ALTER TABLE `cms_stat_sources_ticket` ENABLE KEYS */;
UNLOCK TABLES;

--
-- Table structure for table `cms_stat_users`
--

DROP TABLE IF EXISTS `cms_stat_users`;
/*!40101 SET @saved_cs_client     = @@character_set_client */;
/*!50503 SET character_set_client = utf8mb4 */;
CREATE TABLE `cms_stat_users` (
  `id` int unsigned NOT NULL AUTO_INCREMENT,
  `session_id` varchar(32) DEFAULT NULL,
  `first_visit` datetime DEFAULT NULL,
  `login` varchar(255) DEFAULT NULL,
  `os_id` int unsigned DEFAULT NULL,
  `browser_id` int unsigned DEFAULT NULL,
  `ip` varchar(15) DEFAULT NULL,
  `location` text,
  `js_version` varchar(5) DEFAULT NULL,
  `host_id` int unsigned DEFAULT NULL,
  PRIMARY KEY (`id`),
  KEY `first_visit` (`first_visit`),
  KEY `session_id` (`session_id`),
  KEY `host_id` (`host_id`)
) ENGINE=MyISAM DEFAULT CHARSET=utf8mb3;
/*!40101 SET character_set_client = @saved_cs_client */;

--
-- Dumping data for table `cms_stat_users`
--

LOCK TABLES `cms_stat_users` WRITE;
/*!40000 ALTER TABLE `cms_stat_users` DISABLE KEYS */;
/*!40000 ALTER TABLE `cms_stat_users` ENABLE KEYS */;
UNLOCK TABLES;

--
-- Table structure for table `cms_stat_users_browsers`
--

DROP TABLE IF EXISTS `cms_stat_users_browsers`;
/*!40101 SET @saved_cs_client     = @@character_set_client */;
/*!50503 SET character_set_client = utf8mb4 */;
CREATE TABLE `cms_stat_users_browsers` (
  `id` int unsigned NOT NULL AUTO_INCREMENT,
  `name` char(255) DEFAULT NULL,
  PRIMARY KEY (`id`)
) ENGINE=MyISAM DEFAULT CHARSET=utf8mb3;
/*!40101 SET character_set_client = @saved_cs_client */;

--
-- Dumping data for table `cms_stat_users_browsers`
--

LOCK TABLES `cms_stat_users_browsers` WRITE;
/*!40000 ALTER TABLE `cms_stat_users_browsers` DISABLE KEYS */;
/*!40000 ALTER TABLE `cms_stat_users_browsers` ENABLE KEYS */;
UNLOCK TABLES;

--
-- Table structure for table `cms_stat_users_os`
--

DROP TABLE IF EXISTS `cms_stat_users_os`;
/*!40101 SET @saved_cs_client     = @@character_set_client */;
/*!50503 SET character_set_client = utf8mb4 */;
CREATE TABLE `cms_stat_users_os` (
  `id` int unsigned NOT NULL AUTO_INCREMENT,
  `name` char(255) DEFAULT NULL,
  PRIMARY KEY (`id`)
) ENGINE=MyISAM DEFAULT CHARSET=utf8mb3;
/*!40101 SET character_set_client = @saved_cs_client */;

--
-- Dumping data for table `cms_stat_users_os`
--

LOCK TABLES `cms_stat_users_os` WRITE;
/*!40000 ALTER TABLE `cms_stat_users_os` DISABLE KEYS */;
/*!40000 ALTER TABLE `cms_stat_users_os` ENABLE KEYS */;
UNLOCK TABLES;

--
-- Table structure for table `umi_event_feeds`
--

DROP TABLE IF EXISTS `umi_event_feeds`;
/*!40101 SET @saved_cs_client     = @@character_set_client */;
/*!50503 SET character_set_client = utf8mb4 */;
CREATE TABLE `umi_event_feeds` (
  `id` int unsigned NOT NULL AUTO_INCREMENT,
  `date` bigint DEFAULT NULL,
  `params` mediumtext,
  `type_id` varchar(255) NOT NULL,
  `element_id` int DEFAULT NULL,
  `object_id` int DEFAULT NULL,
  PRIMARY KEY (`id`)
) ENGINE=MyISAM DEFAULT CHARSET=utf8mb3;
/*!40101 SET character_set_client = @saved_cs_client */;

--
-- Dumping data for table `umi_event_feeds`
--

LOCK TABLES `umi_event_feeds` WRITE;
/*!40000 ALTER TABLE `umi_event_feeds` DISABLE KEYS */;
/*!40000 ALTER TABLE `umi_event_feeds` ENABLE KEYS */;
UNLOCK TABLES;

--
-- Table structure for table `umi_event_types`
--

DROP TABLE IF EXISTS `umi_event_types`;
/*!40101 SET @saved_cs_client     = @@character_set_client */;
/*!50503 SET character_set_client = utf8mb4 */;
CREATE TABLE `umi_event_types` (
  `id` varchar(255) NOT NULL,
  PRIMARY KEY (`id`)
) ENGINE=MyISAM DEFAULT CHARSET=utf8mb3;
/*!40101 SET character_set_client = @saved_cs_client */;

--
-- Dumping data for table `umi_event_types`
--

LOCK TABLES `umi_event_types` WRITE;
/*!40000 ALTER TABLE `umi_event_types` DISABLE KEYS */;
/*!40000 ALTER TABLE `umi_event_types` ENABLE KEYS */;
UNLOCK TABLES;

--
-- Table structure for table `umi_event_user_history`
--

DROP TABLE IF EXISTS `umi_event_user_history`;
/*!40101 SET @saved_cs_client     = @@character_set_client */;
/*!50503 SET character_set_client = utf8mb4 */;
CREATE TABLE `umi_event_user_history` (
  `user_id` int NOT NULL,
  `event_id` int NOT NULL,
  `read` tinyint(1) NOT NULL DEFAULT '1'
) ENGINE=MyISAM DEFAULT CHARSET=utf8mb3;
/*!40101 SET character_set_client = @saved_cs_client */;

--
-- Dumping data for table `umi_event_user_history`
--

LOCK TABLES `umi_event_user_history` WRITE;
/*!40000 ALTER TABLE `umi_event_user_history` DISABLE KEYS */;
/*!40000 ALTER TABLE `umi_event_user_history` ENABLE KEYS */;
UNLOCK TABLES;

--
-- Table structure for table `umi_event_users`
--

DROP TABLE IF EXISTS `umi_event_users`;
/*!40101 SET @saved_cs_client     = @@character_set_client */;
/*!50503 SET character_set_client = utf8mb4 */;
CREATE TABLE `umi_event_users` (
  `id` int unsigned NOT NULL,
  `last_check_in` bigint DEFAULT NULL,
  `settings` mediumtext,
  PRIMARY KEY (`id`)
) ENGINE=MyISAM DEFAULT CHARSET=utf8mb3;
/*!40101 SET character_set_client = @saved_cs_client */;

--
-- Dumping data for table `umi_event_users`
--

LOCK TABLES `umi_event_users` WRITE;
/*!40000 ALTER TABLE `umi_event_users` DISABLE KEYS */;
INSERT INTO `umi_event_users` VALUES (25,1556203578,'a:0:{}');
/*!40000 ALTER TABLE `umi_event_users` ENABLE KEYS */;
UNLOCK TABLES;
/*!40103 SET TIME_ZONE=@OLD_TIME_ZONE */;

/*!40101 SET SQL_MODE=@OLD_SQL_MODE */;
/*!40014 SET FOREIGN_KEY_CHECKS=@OLD_FOREIGN_KEY_CHECKS */;
/*!40014 SET UNIQUE_CHECKS=@OLD_UNIQUE_CHECKS */;
/*!40101 SET CHARACTER_SET_CLIENT=@OLD_CHARACTER_SET_CLIENT */;
/*!40101 SET CHARACTER_SET_RESULTS=@OLD_CHARACTER_SET_RESULTS */;
/*!40101 SET COLLATION_CONNECTION=@OLD_COLLATION_CONNECTION */;
/*!40111 SET SQL_NOTES=@OLD_SQL_NOTES */;

-- Dump completed on 2023-03-16 13:07:04
